Address	Size	Type	Name
0x00000000	0	4	nascarmain.cpp
0x800034a0	0	0	gcc2_compiled.
0x802972c0	1	1	_NM_bExitGame
0x802972c1	1	1	_NM_bGoToMemoryManager
0x802972c8	1	1	_bStartUtil
0x00000000	0	4	DBDump.cpp
0x800000f8	4	0	__OSBusClock
0x00000000	0	4	DBVerify.cpp
0x800000f8	4	0	__OSBusClock
0x00000000	0	4	dbgmessage.cpp
0x800000f8	4	0	__OSBusClock
0x00000000	0	4	screenshot.cpp
0x802972d0	4	1	_Screenshot_fTileWidth
0x802972d4	4	1	_Screenshot_fTileHeight
0x802972d8	4	1	_Screenshot_fTileIndexX
0x802972dc	4	1	_Screenshot_fTileIndexY
0x802972e0	4	1	_Screenshot_ScreenDumpNum
0x802972e4	4	1	_Screenshot_fFovY
0x802972e8	4	1	_Screenshot_fAspect
0x802972ec	4	1	_Screenshot_fNearPlane
0x802972f0	4	1	_Screenshot_fFarPlane
0x00000000	0	4	memdump.cpp
0x800035c4	0	0	gcc2_compiled.
0x800000f8	4	0	__OSBusClock
0x00000000	0	4	membudget.cpp
0x800035d0	0	0	gcc2_compiled.
0x8025b7ec	4	1	_MemBudgetDependencyList
0x80003674	84	2	__static_initialization_and_destruction_0
0x800036c8	44	2	_GLOBAL_.I.GSGetDependencyList__C10MemBudgetC
0x800036f4	44	2	_GLOBAL_.D.GSGetDependencyList__C10MemBudgetC
0x00000000	0	4	movie.cpp
0x80003720	0	0	gcc2_compiled.
0x802972f8	1	1	_Movie_CanAbort
0x80003720	604	2	_PollControllers__FUc
0x8000397c	80	2	_PollCallback__FUc
0x802c1358	4	0	_Movie_ResFile
0x00000000	0	4	PlayMovie.cpp
0x80003b14	0	0	gcc2_compiled.
0x800000f8	4	0	__OSBusClock
0x00000000	0	4	LLPlayMovie.cpp
0x80003b34	0	0	gcc2_compiled.
0x800000f8	4	0	__OSBusClock
0x00000000	0	4	PlaylistMgr.cpp
0x80003bd8	0	0	gcc2_compiled.
0x80297300	1	1	_PlaylistMgr_bInit
0x80297301	1	1	_PlaylistMgrFirstTime
0x80003bd8	64	2	_PlaylistMgrGetNumGameSpecSoundtracks__Fv
0x80003c18	108	2	_PlaylistMgrRandomizePlayOrder__Fv
0x802c135c	28	0	_PlaylistMgr_Def
0x80003c84	548	2	_PlaylistMgrDBRefresh__Fv
0x00000000	0	4	ParticleLimits.cpp
0x800046ac	0	0	gcc2_compiled.
0x80297310	4	1	PARTICLELIMIT_MAX_SYSTEMS_DESIRED
0x80297314	1	1	_ParticleLimits_bInit
0x80297318	12	1	_ParticleLimits_iAddPriorityVisibility
0x80297324	4	1	_ParticleLimits_iAddPrioritySmoke
0x80297328	4	1	_ParticleLimits_iAddPriorityPlayer
0x800046ac	184	2	_ParticleLimitsApplyLimits__Fv
0x802c1378	4	0	_ParticleLimits_pDef
0x80004764	284	2	_ParticleLimitsCompactList__Fv
0x80004880	140	2	_ParticleLimitsAssignPriorities__Fv
0x8000490c	96	2	_ParticleLimitsTypeIsSmokeStyle__Fi
0x00000000	0	4	ScoringTower.cpp
0x80004af8	0	0	gcc2_compiled.
0x80297330	4	1	_ScoringTower_pInfo
0x80297334	1	1	_ScoringTower_bUpdate
0x80004af8	248	2	_ScoringTowerSetupFromPtrack__Fv
0x80004bf0	108	2	_ScoringTowerSetupMiscData__Fv
0x80004c5c	276	2	_ScoringTowerSetupRenderObjects__Fv
0x80004d70	164	2	_ScoringTowerConvertStringToDigits__FPiPCc
0x80004e14	100	2	_ScoringTowerConvertIntToDigits__FPii
0x80004e78	456	2	_ScoringTowerUpdateTexLists__Fv
0x00000000	0	4	LLScoringTower.cpp
0x80005348	0	0	gcc2_compiled.
0x80297340	32	1	_LLScoringTower_BBox
0x80005348	248	2	_LLScoringTowerClipObjects__Fv
0x80005440	152	2	_LLScoringTowerSetBestClips__Fv
0x00000000	0	4	victorylanelight.cpp
0x80005728	0	0	gcc2_compiled.
0x80297360	4	1	VLLIGHT_CREATE_RAND_GRANULARITY
0x80297364	4	1	VLLIGHT_CREATE_RAND_CHANCE
0x80297368	4	1	VLCAMFLASH_AMBIENT_SCALE_ADJ
0x8029736c	1	1	_VLLight_bInit
0x8029736d	1	1	_VLLight_bUseRimLight
0x80297370	4	1	_VLLight_pDef
0x80297374	8	1	_VLLightCamFlash_iEffectDuration
0x8029737c	4	1	_VLLightCamFlash_fSecondFlashBeginTick
0x80297380	4	1	_VLLightCamFlash_fAmbientScaleStage
0x80297384	4	1	_VLLightCamFlash_fAmbientScaleMotObj
0x80297388	4	1	_VLLightCamFlash_fAmbientScaleCar
0x8029738c	4	1	_VLLightCamFlash_CarKeyScale
0x80005728	220	2	_VLLightCamFlashUpdateSingle__Fv
0x80005804	580	2	_VLLightCamFlashUpdateDouble__Fv
0x80005a48	120	2	_VLLightCamFlashPickFlashPoint__FP6Vec3_t
0x80005ac0	20	2	_VLLightCamFlashDestroyFlash__Fv
0x80005ad4	240	2	_VLLightCamFlashUpdateFlash__Fv
0x80005e40	188	2	_VLLight_RimLightProcess__Fv
0x80005bc4	172	2	_VLLightCamFlashCreateNewFlash__Fv
0x80005c70	108	2	_VLLightCamFlashShouldCreateNewFlash__Fv
0x80005cdc	72	2	_VLLightCamFlashProcessWhenActive__Fv
0x80005d24	84	2	_VLLightCamFlashProcessWhenPaused__Fv
0x80005d78	84	2	_VLLightCamFlashProcessWhenStopped__Fv
0x80005dcc	116	2	_GetCameraDirVec__FP6Vec3_tf
0x00000000	0	4	llvictorylanelight.cpp
0x800062f4	0	0	gcc2_compiled.
0x802973e0	4	1	LLVL_LIGHT_SCALE_AMBIENT
0x802973e4	4	1	LLVL_LIGHT_SCALE_KEY
0x802973e8	4	1	LLVL_LIGHT_SCALE_FILL
0x802973ec	4	1	LLVL_LIGHT_SCALE_FLASH
0x802973f0	4	1	LLVL_LIGHT_SCALE_FLASH_STAGE
0x802973f4	1	1	_LLVLLight_bInit
0x802973f8	4	1	_LLVLLight_pDef
0x80006388	212	2	_LLVLColorConvert__FP8_GXColorP6Vec4_tf
0x8025bb9c	40	1	_LLVLLight_DefaultParms
0x802c13fc	64	0	MotObjKeyLightObj
0x802c143c	64	0	MotObjFillLightObj
0x802c147c	64	0	MotObjFlashLightObj
0x802c137c	64	0	KeyLightObj
0x802c13bc	64	0	FlashLightObj
0x00000000	0	4	strtoul.cpp
0x8025bbc4	65	1	_CStdLib_strDigits
0x8025bc08	65	1	_CStdLib_iNumDigitsOfOverflow
0x00000000	0	4	BotC.cpp
0x00000000	0	4	ptrack.cpp
0x80006ab4	0	0	gcc2_compiled.
0x80297400	4	1	_PTrack_ResFile
0x80297404	4	1	_PTrack_ResIndex
0x80297408	4	1	_PTrack_RawData
0x80006ab4	32	2	_PtkInitSliceVis__Fv
0x80006ad4	32	2	_PtkShutdownSliceVis__Fv
0x80006b54	8	2	_PTrackIsValid__Fv
0x80006b5c	76	2	_PtkNormalDistance__FP6Vec4_tT0
0x80006ba8	56	2	_VertexMatch__FP6Vec2_tT0
0x802c14bc	4	0	_pAdjacencyInfo
0x80006be0	1632	2	_BuildAdjacentInfoForList__FiP19ptrack_groundpoly_tPUs
0x80007240	92	2	_BuildAdjacentInfo__FP14ptrack_slice_tPUs
0x8000729c	240	2	_DoEdgesCross2D__FP6Vec2_tN30
0x8000738c	268	2	_CalcPointDistToEdgeSeg__FP6Vec2_tN20
0x80007498	188	2	_AreEdgesClose__FP6Vec2_tN30f
0x80007554	1488	2	_WallIsCloseToTriangle__FP19ptrack_groundpoly_tP17ptrack_wallquad_t
0x80007b24	92	2	_PtkDecodeNearWall__FP14ptrack_slice_tUcP8PtkPolyTPUc
0x80007b80	68	2	_PtkEncodeNearWall__FP14ptrack_slice_t8PtkPolyTUc
0x80007bc4	632	2	_BuildAdjacentWallInfoForList__FP14ptrack_slice_tiP19ptrack_groundpoly_t
0x80007e3c	84	2	_BuildAdjacentWallInfo__FP14ptrack_slice_t
0x80007e90	2272	2	_SetOverlapFlagsAgainstList__FP19ptrack_groundpoly_tiT0Uc
0x80008770	168	2	_DetectOverlappedTriangles__FP14ptrack_slice_t
0x80008818	104	2	_CompareAltMethods__FP6Vec4_tP19ptrack_groundpoly_t
0x8000af6c	1516	2	_PtkSmoothedSurfaceLookup__FP6Vec4_tP19ptrack_groundpoly_tPfT0
0x80008880	780	2	_MarkDoNotSmoothTriangles__FP14ptrack_slice_t
0x80008b8c	264	2	_PTrackProcess__Fv
0x80008e58	88	2	_PtkGetWallQuad__FP14ptrack_slice_ti
0x8000d61c	112	2	_PtkFetchWallQuad__FP14ptrack_slice_ts8PtkSurfT
0x00000000	0	4	LLPtrack.cpp
0x8000d838	0	0	gcc2_compiled.
0x80297410	4	1	_pLLPtkVisInfo
0x80297414	4	1	_pLLPtkSliceBBox
0x802c14c0	4	0	_LLPtkVisZDist
0x802c14c4	4	0	_LLPtkVisPartZDistF
0x802c14c8	4	0	_LLPtkVisPartZDistB
0x00000000	0	4	ptrackdef.cpp
0x8000dd30	0	0	gcc2_compiled.
0x8000dd30	24	2	_PtkRelocate__FP8ptrack_tPv
0x8000dd48	248	2	_PTrackRelocateShadowChunk__FP8ptrack_t
0x800000f8	4	0	__OSBusClock
0x00000000	0	4	bodydamage.cpp
0x8000e8e0	0	0	gcc2_compiled.
0x80297418	1	1	_BD_bAllowSend
0x8000e8e0	152	2	_BDSetCarBlendFullRepair__FP5Car_t
0x8000ebb8	496	2	_BDStartRepairMorph__FP5Car_t
0x8000eda8	440	2	_BDEndRepairMorph__FP5Car_t
0x8000f0c8	2156	2	_BDSetZoneTargetDamage__FP5Car_tiP6Vec4_tfi
0x8000f934	176	2	_BDApplyIDPGrillDamage__FP5Car_tUc
0x8000f9e4	192	2	_BDApplyIDPDetachQuarterPanel__FP5Car_ti
0x8000faa4	212	2	_BDApplyIDPQuarterPanelDamage__FP5Car_ti
0x8000fed0	820	2	_BDApplyIDPDamage__FP5Car_ti
0x80010204	812	2	_BDHandleFrontEndDamage__FP5Car_ti
0x80010530	396	2	_BDHandleRearEndDamage__FP5Car_tii
0x800106bc	248	2	_BDHandleHeavyDamage__FP5Car_tiP6Vec4_t13DamageLevel_e
0x800107b4	160	2	_BDHandleTireMark__FP5Car_tP6Vec4_tUc
0x8025c1a0	640	1	_BodyDamage_TireEffects
0x80010854	460	2	_BDHandleScrape__FP5Car_tiP6Vec4_tfUiUi
0x80010a20	152	2	_BDHandleHIDPStateChanges__FP5Car_tP17CarAnimHIDPInfo_ti
0x00000000	0	4	collision.cpp
0x80012920	0	0	gcc2_compiled.
0x80297434	4	1	__debugTireHalfHeight
0x00000000	0	4	driver.cpp
0x80013620	0	0	gcc2_compiled.
0x802c14cc	16	0	_Driver_SelectionStates
0x800000f8	4	0	__OSBusClock
0x00000000	0	4	player.cpp
0x80013978	0	0	gcc2_compiled.
0x80297438	1	1	_Player_bInit
0x8029743c	4	1	_Player_uNumAssigned
0x80013978	100	2	_PlayerReset__Fi
0x802c14dc	128	0	_Player_aPlayerInfoMaps
0x800139dc	72	2	_PlayerResetAll__Fv
0x80013a24	4	2	_PlayerValidate__Fv
0x00000000	0	4	gamemanager.cpp
0x80013d80	0	0	gcc2_compiled.
0x80297440	1	1	_gmInit
0x80297441	1	1	_GameManager_bActiveSeriesSet
0x80297442	1	1	_GameManager_bAllStarRaceTypeSet
0x80297443	1	1	_GameManager_bRaceIdSet
0x80013d80	76	2	_GameManagerIsCarNumberAlreadySelected__Fi
0x80013dcc	48	2	_GameManagerResetResetDupeCarNumberTable__Fv
0x80013dfc	168	2	_GameManagerUpdateDupeCarNumberTableWithPlayerInfo__Fv
0x80013ea4	56	2	_GameManagerUpdateDupeCarNumberTable__Fi
0x80013edc	424	2	_GameManagerSelectDrivers__F15DriverCategoryEf
0x802c155c	104	0	_gmData
0x80015bd0	100	2	_GameManagerSelectAIDriver__Fi
0x80014084	352	2	_GameManagerSelectXDrivers__F15DriverCategoryEUc
0x800141e4	140	2	_GameManagerSelectBackupDriver__Fv
0x80014270	160	2	_GameManagerUnselectBackupDriver__Fv
0x80014310	108	2	_GameManagerGetPctChanceEliteDriverIsSelected__Fv
0x800143a8	96	2	_GameGetNumPlayersFromDB__FPi
0x80015b7c	84	2	_SelectPaceCar__Fv
0x80016064	336	2	_GameSelectAISkins__Fv
0x80015e3c	452	2	_GameManagerSelectAIDrivers__Fv
0x80016448	92	2	_GameManagerCacheDisplaySettings__Fv
0x800161b4	152	2	_GameDeselectAISkins__Fv
0x8025d938	32	1	GMGR_DrivingAssists
0x80015c34	248	2	_GameSQAIC_EnsureOpenSlotForPlayer__Fi
0x80015d2c	272	2	_GameSelectQualifiedAICars__Fv
0x00000000	0	4	NQuickLoad.cpp
0x800000f8	4	0	__OSBusClock
0x00000000	0	4	qualify.cpp
0x80016a40	0	0	gcc2_compiled.
0x80297460	1	1	_Qualify_iNumSelectedCars
0x80016a40	116	2	_QualifyAIGetRelativeQualifyPositionRating__Fi10TrackTypeEUc
0x80016ab4	156	2	_QualifyAIPatchAllStarWinstonQualifyResults__Fv
0x80016b50	252	2	_QualifyPlayerGetQualifyingTimeByPosition__F7SeriesEScPf
0x80016c4c	220	2	_QualifyPlayerGetMaxQualifyingTime__F7SeriesE
0x80016d28	332	2	_QualifyPlayerGenerateQualifyingTimeFromPosition__F7SeriesEi
0x80017120	1016	2	_QualifyAIGenerateQualifyResults__F7SeriesE
0x802c15c4	4	0	_Qualify_bPlayerActivelyQualified
0x802c15c8	4	0	_Qualify_uOnlinePlayerLapsCompleted
0x80017d68	360	2	_QualifyGenerateAllStarQualifyResults__Fv
0x00000000	0	4	resourceman.cpp
0x80017f54	0	0	gcc2_compiled.
0x802c15cc	20	0	_ResManFile
0x00000000	0	4	SharedMem.cpp
0x8001801c	0	0	gcc2_compiled.
0x802c15e0	20	0	_SharedMem_Buffers
0x800000f8	4	0	__OSBusClock
0x00000000	0	4	nascarmaininit.cpp
0x800182c4	0	0	gcc2_compiled.
0x802c15f4	8	0	_NascarMainInit_SysInitBlock
0x800000f8	4	0	__OSBusClock
0x00000000	0	4	mathbasic.cpp
0x800000f8	4	0	__OSBusClock
0x00000000	0	4	oscilloscope.cpp
0x80018488	0	0	gcc2_compiled.
0x800000f8	4	0	__OSBusClock
0x00000000	0	4	specsort.cpp
0x80018490	0	0	gcc2_compiled.
0x80018490	396	2	_SpecialQuickSort8__FPfUi
0x8001861c	680	2	_SpecialQuickSort16__FPfUi
0x00000000	0	4	random.cpp
0x800188f4	0	0	gcc2_compiled.
0x80297490	4	1	ThisRandomStream
0x800189f8	72	2	_GreatestCommonFactor__FUsUs
0x8025e3ec	84	1	_StatLookupTable
0x00000000	0	4	demotimer.cpp
0x80018bd0	0	0	gcc2_compiled.
0x80297494	4	1	_DemoTimer_uTimerStart
0x80297498	12	1	_DemoTimer_aTimeoutValues
0x00000000	0	4	gametime.cpp
0x802974a4	4	1	_TIME_fTimeScale
0x802974a8	4	1	_TIME_iDeficit
0x802c1604	4	0	_TIME_uLastTime
0x802c1608	1	0	_TIME_bPaused
0x802974ac	4	1	fFrameIntervalAvg.102
0x80018d24	144	2	_TIMEUpdateFPS__FUi
0x00000000	0	4	LLTime.cpp
0x80018eec	0	0	gcc2_compiled.
0x00000000	0	4	car.cpp
0x80018fb8	0	0	gcc2_compiled.
0x802974bc	24	1	_Car_fConstGrimeModifiers
0x8001a0bc	100	2	_CarClassifyPanelArea__Fi
0x802cbe90	360	0	_Car_GrimeDef
0x00000000	0	4	CarAnim.cpp
0x8001b5e8	0	0	gcc2_compiled.
0x802974d8	1	1	_CarAnim_bInit
0x802974dc	4	1	_CarAnim_iGlobalTime
0x802974e0	4	1	_CarAnim_iTimeMax
0x802974e4	1	1	_CarAnim_bBackupValid
0x8001b5e8	1200	2	_CarAnimRandomForceSim__FP6Vec3_tT0P17CarAnimHIDPInfo_tf
0x8001ba98	1232	2	_CarAnimChaoticMotionSim__FP6Vec3_tT0P17CarAnimHIDPInfo_tf
0x8001bf68	484	2	_CarAnimApplyHIDPGroundCollision__FP17CarAnimHIDPInfo_tP6Vec4_tT1P6Vec3_tf
0x8001c14c	400	2	_CarAnimUpdateHIDPGroundCollision__FP17CarAnimHIDPInfo_tP6Vec3_tf
0x8001c2dc	720	2	_CarAnimUpdatePhysics__FP17CarAnimHIDPInfo_t
0x8001c5ac	276	2	_CarAnimAddHIDP__FP5Car_tP15CarOffsetInfo_t
0x802cbff8	4504	0	_CarAnim_Def
0x8001c6c0	152	2	_CarAnimHasHIDP__FP5Car_ti
0x8001c758	268	2	_CarAnimGetGroup__FP5Car_tP6Vec3_tPi
0x8001c864	88	2	_CarAnimCarCanHaveHIDP__FP5Car_t
0x8001c8bc	160	2	_CarAnimTryActivateHIDP__FP5Car_tP15CarOffsetInfo_t
0x802cd190	4504	0	_CarAnim_BackupDef
0x00000000	0	4	LLCarAnim.cpp
0x8001d34c	0	0	gcc2_compiled.
0x8001d34c	68	2	_LLCarAnimDrawPart__FP5Car_tii
0x800000f8	4	0	__OSBusClock
0x00000000	0	4	CarOffset.cpp
0x8001d514	0	0	gcc2_compiled.
0x802974e8	3456	1	_CarOffset
0x00000000	0	4	carcreation.cpp
0x8001d5a4	0	0	gcc2_compiled.
0x80298268	1	1	_CarInit
0x8029826c	4	1	_NumCars
0x80298270	4	1	_CC_pCarSetup
0x80298274	4	1	_CC_pCarInfo
0x80298278	4	1	_CC_pCarInput
0x8029827c	4	1	_CC_pCarTrack
0x80298280	4	1	_CC_pCarPlayerInfo
0x80298284	4	1	_CC_pBodyDamage
0x80298288	4	1	_CC_pCarModMom
0x8029828c	4	1	_CC_pCarPhysBB
0x80298290	4	1	_CC_pCarParticle
0x80298294	4	1	_CC_pTrackShadow
0x80298298	4	1	_CC_pRaceLogic
0x8001d5c4	56	2	initPhysics__FP5Car_t
0x8001d5fc	180	2	_CarSetPaceCar__F11RSRaceTypeE
0x8001d6b0	132	2	getCarState__F11RSRaceTypeE
0x8001d734	36	2	swapPitInfo__FP5Car_tT0
0x8001d758	408	2	setPlayerCars__FP5Car_t
0x8001d8f0	968	2	_CarAlloc__Fi
0x8001dcb8	420	2	CarFree__Fi
0x8001fe1c	48	2	_CarInitFromDB__Fv
0x80020018	120	2	_CarSetStartingPosition__FP5Car_ti15PtkInitPosTypeE
0x8001e048	160	2	_CarVerifyOwnershipAndControllership__Fv
0x8001fe4c	460	2	_CarSetToStopToPitLine__FP5Car_t
0x80020518	156	2	_CarSnapToPitBypassLine__FP5Car_t
0x8001f578	192	2	_CarInitCarArray__Fv
0x8001f638	192	2	_CarInitCustomSponsorSpchID__FP5Car_ti
0x8001f6f8	756	2	_CarInitPlayerCars__Fv
0x8001f9ec	576	2	_CarInitAICars__Fv
0x8001fc2c	496	2	_CarInitPaceCar__Fv
0x800205b4	76	2	_CarCreationQueryDbForGearRatios__FP16DefaultCarSetupTi12VehicleTypeE
0x00000000	0	4	CarConfig.cpp
0x80020a9c	0	0	gcc2_compiled.
0x00000000	0	4	skidmarks.cpp
0x80020bec	0	0	gcc2_compiled.
0x802985e0	4	1	SKID_LENGTH_SQR_THRESHHOLD
0x802985e4	4	1	SKID_DIRECTION_THRESHHOLD
0x802985e8	4	1	_iNumChunks
0x802985ec	1	1	_bChunkListFull
0x802985ed	1	1	_bSetChunkListToFull
0x802985f0	4	1	_iNumSkiddingAICars
0x802985f4	1	1	_Skid_bIsDaytonaBeach
0x80020bec	128	2	_SkidCheckForDaytonaBeach__Fv
0x802d8570	20	0	_apsCurrentSkiddingAICars
0x80020e1c	2308	2	_SkidProcess__Fii
0x802d82b0	704	0	_apsLastSkidChunk
0x8002244c	96	2	_Map_PtkSurfT_to_ESurfTypeT__FUc
0x80021720	748	2	_SkidGetNewChunk__FP14ptrack_slice_t
0x80021a0c	440	2	_InsertChunkToRenderList__FiP15SkidPairChunk_t
0x802ce800	39600	0	_apsChunks
0x802985f8	4	1	pct1.489
0x802985fc	4	1	pct2.490
0x80021d04	156	2	_SkidSmooth__Fii
0x00000000	0	4	scuffs.cpp
0x800224ac	0	0	gcc2_compiled.
0x800224ac	868	2	_ScuffCarIsScuffing__FP6Vec3_tPfiPi
0x802d96e0	352	0	_apsLastScrapeChunkInfo
0x80022810	672	2	_GetNewPaintMark__FP5Car_t
0x80022ab0	1060	2	_ScuffAddPaintMark__FP6Vec3_tP5Car_tUcUcUc
0x80022ed4	736	2	_GetNewChunk__FP14ptrack_slice_t
0x800231b4	48	2	_ScuffIsDustySurface__F8PtkSurfT
0x800231e4	3824	2	_ScuffProcess__Fi
0x00000000	0	4	ai.cpp
0x8002431c	0	0	gcc2_compiled.
0x8002431c	176	2	_AIUpdateAimPoints__Fv
0x800243cc	172	2	_AIUpdateRacingSpeeds__FPP5Car_t
0x80024478	172	2	_AIUpdateTrackSectionInfo__Fv
0x80024524	92	2	_AIUpdatePrevState__Fv
0x80024580	252	2	_AIUpdateDrafting__Fv
0x8002467c	160	2	_AIUpdateActiveCarCount__Fv
0x80024968	164	2	_AIGetLeaderInfo__Fv
0x80024a0c	352	2	_AIHandleStuckCars__Fv
0x80024b6c	280	2	_AIHandleReturningCars__Fv
0x80024c84	648	2	_AIChooseCarsToUpdate__FPP5Car_tPA6_P5Car_t
0x80024fa4	164	2	_AIGenerateSoundEvents__Fv
0x80024f0c	152	2	_AIMoveCars__Fv
0x800000f8	4	0	__OSBusClock
0x00000000	0	4	aicar.cpp
0x80025048	0	0	gcc2_compiled.
0x80298610	20	1	_AICar_AllowedLateralShift
0x80298624	48	1	_AICar_aRevInfo
0x80025048	76	2	_AICarGetAllowedLateralShift__FPC5Car_t
0x8002587c	176	2	_AngVelFromAngDiff__Fiif
0x00000000	0	4	aieventobserver.cpp
0x800280f4	0	0	gcc2_compiled.
0x8025f990	4	1	_AIObs_aEventList
0x00000000	0	4	aicollision.cpp
0x8002827c	0	0	gcc2_compiled.
0x80298660	1	1	_AICL_bInit
0x80298664	4	1	_AICL_aColRecords
0x80298668	4	1	_AICL_pEventListHead
0x8029866c	4	1	_AICL_pEventListTail
0x80298670	24	1	_AICL_aColEvMap
0x8002827c	40	2	_AICLShouldInit__Fv
0x800282a4	188	2	_AICLIsAtLeastOnePlayer__FPC5Car_tT0PP5Car_tT2
0x80028360	56	2	_AICLInsertIntoProcessList__FP12AICLColRec_t
0x80028398	84	2	_AICLRemoveFromProcessList__FP12AICLColRec_tT0
0x800283ec	168	2	_AICLClassifyEvent__FP13AICLColData_tP14AICLColEvTypeE
0x80028494	44	2	_AICLIsNewAIEvent__FPC13AICLColData_t14AICLColEvTypeE
0x800284c0	172	2	_AICLShouldProcess__FPC5Car_tT0
0x8002856c	328	2	_AICLSetRecord__FP12AICLColRec_tP5Car_tf
0x00000000	0	4	ailine.cpp
0x80028c34	0	0	gcc2_compiled.
0x80298688	4	1	_AILine_uBezOptLookupCounter
0x80028c34	264	2	_AILineInitSwitchTable__Fv
0x80028d3c	200	2	_AILineFindCachedRecord__Fi10PtkAILineTUcPC6Vec4_t
0x802d9a04	4752	0	_AILine_aBezOpt
0x80028e04	100	2	_AILineFindLRUCachedRecord__Fi
0x80028e68	252	2	_AILineFindNearestIndices__FPC8LineId_tPC6Vec4_tPiT2
0x802d9a00	4	0	_AILine_uNumCars
0x802d99fc	4	0	_AILine_pLines
0x80029034	580	2	_AILineSwitchPossible__FPC8LineId_tT0P5Car_t
0x80029278	20	2	_AILineGetStallLineSetFromIndex__FUc
0x8002928c	64	2	_AILineGetBypassIndexForStallLine__FUcUc
0x800292cc	1244	2	_AILineGetNext__FPC8LineId_tT0ii
0x00000000	0	4	aistate.cpp
0x8002a728	0	0	gcc2_compiled.
0x8025fa18	64	1	statetransition.450
0x8025fa58	64	1	_RaceNormalStateExecute.454
0x8025fa98	64	1	_RaceWeekendStateExecute.455
0x00000000	0	4	aisprerace.cpp
0x8002adcc	0	0	gcc2_compiled.
0x800000f8	4	0	__OSBusClock
0x00000000	0	4	aisrace.cpp
0x8002af00	0	0	gcc2_compiled.
0x8025fb00	56	1	maneuverOrder.447
0x8002af00	600	2	_AISRaceSelectManeuver__FPP5Car_tPA6_P5Car_t
0x8025fb38	168	1	AI_ManeuverTable
0x00000000	0	4	aisplayer.cpp
0x8002b4b8	0	0	gcc2_compiled.
0x8002b4b8	172	2	_AISPlayerGetPitEntrySpeedComponents__FP5Car_tPfT1
0x8002b564	260	2	_AISPlayerModifySideEntryMomentum__FP5Car_t
0x802dac94	16	0	_AISPlayer_uNumPitEntries
0x8002b91c	776	2	_AISPlayerGetEntryType__FP5Car_t
0x00000000	0	4	aisplayerremote.cpp
0x8002c0d8	0	0	gcc2_compiled.
0x800000f8	4	0	__OSBusClock
0x00000000	0	4	aispitdrive.cpp
0x8002c118	0	0	gcc2_compiled.
0x80298698	16	1	_AISPitDrive_JackAssPlayerEngineDamageLevel
0x802986a8	8	1	_AISPitDrive_JackAssPlayerFuelTankDamageLevel
0x802986b0	4	1	_AISPitDrive_JackAssPlayerEnteredDamaged
0x8002d050	260	2	_AISPitDriveCarIsOnCorrectPitRoad__FPC5Car_t
0x8002c280	676	2	_AISPitDriveSelectInitialLine__FP5Car_t11AICarStateE
0x8002c524	344	2	_AISPitDriveSelectInitialFastToPitLine__FP5Car_t
0x8002c67c	236	2	_AISPitDriveSelectInitialPlayerPitBypassLineLine__FP5Car_t
0x8002c768	1220	2	_AISPitDriveSelectLine__FP5Car_t
0x8002cc2c	820	2	_AISPitDriveAICarShouldAbortPitStop__FP5Car_t
0x8002cf60	80	2	_AISPitDrivePlayerCanAbortPitStop__FP5Car_t
0x8002cfb0	160	2	_AISCheckForIllegalPitting__FP5Car_t11AICarStateE
0x8002d154	448	2	_AISPitDriveUpdatePitRefLine__FP5Car_t
0x8002d314	200	2	_AISPitDriveUpdatePitRefLineExtents__FP5Car_t
0x8002d3dc	76	2	_AISPitDriveUpdatePitRefLineSpeed__FP5Car_t
0x8002d428	84	2	_AISPitDrivingSpeedSelection__FP5Car_t
0x8002d47c	64	2	_AIPPitDrivingUpdateWasInPitsFlag__FP5Car_t
0x00000000	0	4	aispitwait.cpp
0x8002e30c	0	0	gcc2_compiled.
0x800000f8	4	0	__OSBusClock
0x00000000	0	4	aiscooldown.cpp
0x8002e83c	0	0	gcc2_compiled.
0x8002e8bc	220	2	_AISCoolDownDrasticRecoveryExecute__FP5Car_t
0x8002e998	236	2	_AISCoolDownSelectLine__FP5Car_t
0x8002ea84	336	2	_AISCoolDownGetOptimumSpeed__FPC5Car_t
0x8002ebd4	92	2	_AISCoolDownSelectSpeed__FP5Car_t
0x800000f8	4	0	__OSBusClock
0x00000000	0	4	aispostrace.cpp
0x8002f15c	0	0	gcc2_compiled.
0x8002f640	236	2	_postRaceSelectLine__FP5Car_t
0x8002f3b8	648	2	_postRaceSelectManeuver__FP5Car_t
0x800000f8	4	0	__OSBusClock
0x00000000	0	4	aispacecar.cpp
0x8002f72c	0	0	gcc2_compiled.
0x8002f72c	84	2	_AISPaceCarPacingSelectSpeed__FP5Car_t
0x8002f780	168	2	_AISPaceCarPacingSelectLine__FP5Car_t
0x800000f8	4	0	__OSBusClock
0x00000000	0	4	aispace.cpp
0x8002fb50	0	0	gcc2_compiled.
0x8002fb50	148	2	_AISPaceStatePreRaceGetCarPosition__FSc
0x8002fbe4	48	2	_AISPaceStatePreRaceIsInLongLine__FP5Car_t
0x8002fc14	216	2	_AISPaceStatePreRaceUpdatePartners__FSc
0x802daca4	704	0	_AISPaceInfo
0x8002fcec	32	2	_AISPaceStatePreRaceUpdateInstShortLine__FP5Car_t
0x8002fd0c	252	2	_AISPaceStatePreRaceUpdateInstLongLine__FP5Car_tSc
0x8002fe08	800	2	_AISPaceStateGenerateOffsets__FP5Car_t
0x80030128	316	2	_AISPaceStateCalcTargetInOut__FP5Car_t
0x80030264	268	2	_AISPaceStateSelectSpeedToKeepBehind__FP5Car_t
0x80030370	248	2	_AISPaceStateSelectSpeedToKeepBeside__FP5Car_t
0x800304b8	76	2	_AISPaceStateSelectLine__FP5Car_t
0x800000f8	4	0	__OSBusClock
0x00000000	0	4	aisqcpit.cpp
0x80030c28	0	0	gcc2_compiled.
0x800310f0	476	2	_AISQCPitSelectLine__FP5Car_t
0x80031554	24	2	_AISQCPitSelectTargetInOut__FP5Car_t
0x800312cc	648	2	_AISQCPitDrivingSpeedSelection__FP5Car_t
0x800000f8	4	0	__OSBusClock
0x00000000	0	4	aistutorial.cpp
0x8003156c	0	0	gcc2_compiled.
0x800000f8	4	0	__OSBusClock
0x00000000	0	4	aisremoteai.cpp
0x80031854	0	0	gcc2_compiled.
0x800000f8	4	0	__OSBusClock
0x00000000	0	4	aispregreenqualify.cpp
0x80031914	0	0	gcc2_compiled.
0x800000f8	4	0	__OSBusClock
0x00000000	0	4	aimaneuver.cpp
0x80031a28	0	0	gcc2_compiled.
0x802986b8	4	1	_AIM_fAvoidLookahead
0x80031a28	336	2	_AIMConstainSpeedUnderYellow__FP5Car_t
0x8025fff8	168	1	AI_ManeuverTable
0x00000000	0	4	aimrecover.cpp
0x80033cf4	0	0	gcc2_compiled.
0x8003408c	448	2	_AIMRecoverIsCarBlocking__FPC5Car_tP5Car_tP16AIMRecoverData_t
0x8003424c	508	2	_AIMRecoverIsCarBlockedByWall__FPC5Car_tP16AIMRecoverData_t
0x802986c0	4	1	gMinRecoverFDist
0x802986c4	4	1	gMinRecvoerSDist
0x80034448	796	2	_AIMRecoverShouldCarContinue__FPC5Car_tPC16AIMRecoverData_tP16AIMRecoverData_t
0x80034764	772	2	_AIMRecoverShouldStop__FP5Car_t
0x00000000	0	4	aimavoid.cpp
0x800350c0	0	0	gcc2_compiled.
0x800000f8	4	0	__OSBusClock
0x00000000	0	4	aimblock.cpp
0x80035334	0	0	gcc2_compiled.
0x80035334	224	2	_AIMBGetBaseChance__FPC5Car_tT0
0x80035414	304	2	_AIMBSelectLine__FP5Car_t
0x80035544	96	2	_AIMBCalcOptimumTargetInOut__FPC5Car_t
0x800355a4	904	2	_AIMBCalcLimitedTargetInOut__FPC5Car_t
0x8003592c	16	2	_AIMBRegainingControlRule__FPC5Car_t
0x8003593c	80	2	_AIMBStartRestartRule__FPC5Car_t
0x8003598c	24	2	_AIMBPassingRule__FPC5Car_t
0x800359a4	64	2	_AIMBTrackSectionRule__FPC5Car_t
0x800359e4	16	2	_AIMBPittingRule__FPC5Car_t
0x800359f4	24	2	_AIMBLineRule__FPC5Car_t
0x80035a0c	76	2	_AIMBSpeedRule__FPC5Car_t
0x80035a58	76	2	_AIMBWidthRule__FPC5Car_t
0x80035aa4	48	2	_AIMBYellowFlagRule__FPC5Car_t
0x80035ad4	172	2	_AIMBRespectRule__FPC5Car_tT0
0x80035b80	88	2	_AIMBFlankerRule__FPC5Car_tT0
0x80035bd8	348	2	_AIMBLateralDistanceRule__FPC5Car_tT0
0x80035d34	232	2	_AIMBTrafficBetweenRule__FPC5Car_tT0
0x80035e1c	164	2	_AIMBLocationRule__FPC5Car_tT0
0x80260188	36	1	_AIMB_aBasicRules
0x802601ac	20	1	_AIMB_aAdvancedRules
0x800000f8	4	0	__OSBusClock
0x00000000	0	4	aimquarterpanel.cpp
0x80036360	0	0	gcc2_compiled.
0x80036360	316	2	_AIMQPGetTarget__FPC5Car_t
0x8003649c	24	2	_AIMQPCountRule__FPC5Car_tT0
0x800364b4	16	2	_AIMQPRegainingControlRule__FPC5Car_tT0
0x800364c4	24	2	_AIMQPPassingRule__FPC5Car_tT0
0x800364dc	36	2	_AIMQPPittingRule__FPC5Car_tT0
0x80036500	24	2	_AIMQPLineRule__FPC5Car_tT0
0x80036518	76	2	_AIMQPSpeedRule__FPC5Car_tT0
0x80036564	112	2	_AIMQPTimeRule__FPC5Car_tT0
0x800365d4	244	2	_AIMQPRelativeDistanceRule__FPC5Car_tT0
0x800366c8	100	2	_AIMQPRelativeSpeedRule__FPC5Car_tT0
0x8003672c	132	2	_AIMQPAlignmentRule__FPC5Car_tT0
0x800367b0	84	2	_AIMQPLocationRule__FPC5Car_tT0
0x80036804	156	2	_AIMQPWallCollisionRule__FPC5Car_tT0
0x800368a0	68	2	_AIMQPCollisionImpulseRule__FPC5Car_tT0
0x800368e4	48	2	_AIMQPYellowFlagRule__FPC5Car_tT0
0x8026021c	56	1	_AIMQP_aRules
0x800000f8	4	0	__OSBusClock
0x00000000	0	4	aimrearend.cpp
0x80036b00	0	0	gcc2_compiled.
0x80036b00	136	2	_AIMREGetTarget__FPC5Car_t
0x80036b88	28	2	_AIMRECountRule__FPC5Car_tT0
0x80036ba4	52	2	_AIMRETrackSectionRule__FPC5Car_tT0
0x80036bd8	16	2	_AIMRERegainingControlRule__FPC5Car_tT0
0x80036be8	24	2	_AIMREPassingRule__FPC5Car_tT0
0x80036c00	36	2	_AIMREPittingRule__FPC5Car_tT0
0x80036c24	24	2	_AIMRELineRule__FPC5Car_tT0
0x80036c3c	76	2	_AIMRESpeedRule__FPC5Car_tT0
0x80036c88	112	2	_AIMRETimeRule__FPC5Car_tT0
0x80036cf8	228	2	_AIMRERelativeDistanceRule__FPC5Car_tT0
0x80036ddc	132	2	_AIMREAlignmentRule__FPC5Car_tT0
0x80036e60	84	2	_AIMRELocationRule__FPC5Car_tT0
0x80036eb4	156	2	_AIMREWallCollisionRule__FPC5Car_tT0
0x80036f50	68	2	_AIMRECollisionImpulseRule__FPC5Car_tT0
0x80036f94	48	2	_AIMREYellowFlagRule__FPC5Car_tT0
0x802602b8	56	1	_AIMRE_aRules
0x800000f8	4	0	__OSBusClock
0x00000000	0	4	aimsideswipe.cpp
0x800371f0	0	0	gcc2_compiled.
0x800371f0	244	2	_AIMSSGetTarget__FPC5Car_t
0x800372e4	28	2	_AIMSSCountRule__FPC5Car_tT0
0x80037300	16	2	_AIMSSRegainingControlRule__FPC5Car_tT0
0x80037310	24	2	_AIMSSPassingRule__FPC5Car_tT0
0x80037328	36	2	_AIMSSPittingRule__FPC5Car_tT0
0x8003734c	24	2	_AIMSSLineRule__FPC5Car_tT0
0x80037364	76	2	_AIMSSSpeedRule__FPC5Car_tT0
0x800373b0	112	2	_AIMSSTimeRule__FPC5Car_tT0
0x80037420	228	2	_AIMSSRelativeDistanceRule__FPC5Car_tT0
0x80037504	100	2	_AIMSSRelativeSpeedRule__FPC5Car_tT0
0x80037568	132	2	_AIMSSAlignmentRule__FPC5Car_tT0
0x800375ec	84	2	_AIMSSLocationRule__FPC5Car_tT0
0x80037640	156	2	_AIMSSWallCollisionRule__FPC5Car_tT0
0x800376dc	68	2	_AIMSSCollisionImpulseRule__FPC5Car_tT0
0x80037720	48	2	_AIMSSYellowFlagRule__FPC5Car_tT0
0x8026034c	56	1	_AIMSS_aRules
0x800000f8	4	0	__OSBusClock
0x00000000	0	4	aimmoveaside.cpp
0x8003793c	0	0	gcc2_compiled.
0x8003793c	116	2	_AIMMASelectOutsideLine__FP5Car_t
0x800379b0	372	2	_AIMMAShouldAllowPass__FP5Car_tT0
0x80037b24	16	2	_AIMMARegainingControlRule__FPC5Car_t
0x80037b34	24	2	_AIMMAPassingRule__FPC5Car_t
0x80037b4c	100	2	_AIMMAFlankerRule__FPC5Car_t
0x80037bb0	16	2	_AIMMAPittingRule__FPC5Car_t
0x80037bc0	24	2	_AIMMALineRule__FPC5Car_t
0x80037bd8	36	2	_AIMMAOnRoadRule__FPC5Car_t
0x80037bfc	48	2	_AIMMAYellowFlagRule__FPC5Car_t
0x802603a0	28	1	_AIMMA_aBasicRules
0x800000f8	4	0	__OSBusClock
0x00000000	0	4	aimpass.cpp
0x80037ed8	0	0	gcc2_compiled.
0x80037ed8	28	2	_AIMPRegainingControlRule__FPC5Car_tT0P12AIMPPermit_t
0x80037ef4	144	2	_AIMPStartRestartRule__FPC5Car_tT0P12AIMPPermit_t
0x80037f84	28	2	_AIMPPittingRule__FPC5Car_tT0P12AIMPPermit_t
0x80037fa0	172	2	_AIMPLocationRule__FPC5Car_tT0P12AIMPPermit_t
0x8003804c	116	2	_AIMPAntiScissoringRule__FPC5Car_tT0P12AIMPPermit_t
0x800380c0	168	2	_AIMPStartPassRule__FPC5Car_tT0P12AIMPPermit_t
0x80038168	172	2	_AIMPTargetToCurbDistanceRule__FPC5Car_tT0P12AIMPPermit_t
0x80038540	128	2	_AIMPGetDesiredCurbClearance__FPC5Car_t
0x80038214	168	2	_AIMPElbowRoomRule__FPC5Car_tT0P12AIMPPermit_t
0x800382bc	276	2	_AIMPFlankerSpeedRule__FPC5Car_tT0P12AIMPPermit_t
0x800383d0	64	2	_AIMPYellowFlagRule__FPC5Car_tT0P12AIMPPermit_t
0x80038410	304	2	_AIMPSetData__FP12AIManeuver_tP5Car_tPC5Car_tUi
0x800385c0	620	2	_AIMPIsValidTarget__FPC5Car_tT0UcPUc
0x8003882c	268	2	_AIMPGetTarget__FPC5Car_tP12AIMPPermit_t
0x80038938	84	2	_AIMPSelectLine__FP5Car_t
0x8003898c	268	2	_AIMPSelectLineToPassAI__FP5Car_t
0x80038a98	228	2	_AIMPSelectLineToPassPlayer__FP5Car_t
0x80038b7c	268	2	_AIMPSteering__FP5Car_t
0x80260434	40	1	_AIMP_aRules
0x800000f8	4	0	__OSBusClock
0x00000000	0	4	aimstopordie.cpp
0x80039000	0	0	gcc2_compiled.
0x800000f8	4	0	__OSBusClock
0x00000000	0	4	aimdrive.cpp
0x800394bc	0	0	gcc2_compiled.
0x800394bc	612	2	_AIMDriveSelectLine__FP5Car_t
0x80039720	68	2	_AIUpdateFlankerCount__FPC5Car_tP12AIManeuver_t
0x80039764	388	2	_AIMDriveCalcOptimumTargetInOut__FP5Car_t
0x800000f8	4	0	__OSBusClock
0x00000000	0	4	aimpit.cpp
0x80039e74	0	0	gcc2_compiled.
0x80039e74	2056	2	_AIMPitLaneIsClearForExit__FPC5Car_tPUcT1
0x8003a67c	300	2	_AIMPitMotionModelTransition__FP5Car_t
0x8003a7a8	344	2	_AIMPitSmokeEffects__FP5Car_t
0x8003a900	68	2	_AIMPitIsCarGoingWrongWay__FPC5Car_t
0x8003a944	72	2	_AIMPitIsCarGoingRightWay__FPC5Car_t
0x8003a98c	52	2	_AIMPitExecuteSplineMotion__FP5Car_t
0x8003b0a8	204	2	_AIMPitSpeedSelection__FP5Car_t
0x8003a9c0	264	2	_AIMPitExecuteTurnAround__FP5Car_t
0x8003aac8	464	2	_AIMPitEntrySpeedSelection__FP5Car_t
0x8003ac98	1040	2	_AIMPitExitSpeedSelection__FP5Car_t
0x8003b174	984	2	_AIMPitGetMaxSpeedToAvoidCarsAhead__FPC5Car_tPf
0x8003bef0	68	2	_AIMPitGetAvoidanceLookahead__Fv
0x8003b54c	1656	2	_AIMPitEntryShouldSlowDownForOtherCar__FPC5Car_tT0ff
0x8003bbc4	812	2	_AIMPitExitShouldSlowDownForOtherCar__FPC5Car_tT0ff
0x8003bf34	248	2	_AIMPitMaxSpeedToAvoidCar__FPC5Car_tT0ff
0x8003c02c	156	2	_AIMPitMinSafeFollowDist__Fv
0x800000f8	4	0	__OSBusClock
0x00000000	0	4	aimturnaround.cpp
0x8003c198	0	0	gcc2_compiled.
0x800000f8	4	0	__OSBusClock
0x00000000	0	4	aimscenario.cpp
0x8003c548	0	0	gcc2_compiled.
0x8003c548	12	2	_AIMScenarioTurn__FP5Car_tf
0x8003c554	8	2	_AIMScenarioAccelBrake__FP5Car_tf
0x8003c55c	32	2	_AIMScenarioTractionLoss__FP5Car_tf
0x8003c57c	16	2	_AIMScenarioTractionRestore__FP5Car_t
0x800000f8	4	0	__OSBusClock
0x00000000	0	4	aiobstacles.cpp
0x8003c790	0	0	gcc2_compiled.
0x00000000	0	4	aiconfig.cpp
0x8003d7e4	0	0	gcc2_compiled.
0x800000f8	4	0	__OSBusClock
0x00000000	0	4	aithing.cpp
0x8003de44	0	0	gcc2_compiled.
0x802daf64	4	0	_AITH_offset
0x802daf68	4	0	_AITH_period
0x800000f8	4	0	__OSBusClock
0x00000000	0	4	aioutput.cpp
0x8003e208	0	0	gcc2_compiled.
0x802986d0	4	1	_AIO_fMaxThrottle
0x8003e208	108	2	_AIOLastChanceSpeedModifiers__FP5Car_t
0x00000000	0	4	airespect.cpp
0x8003e9a4	0	0	gcc2_compiled.
0x802986d8	4	1	_AIRP_aRatings
0x802986dc	4	1	_AIRP_aPaybackTime
0x802986e0	1	1	_AIRP_bEnabled
0x802986e1	1	1	_AIRP_bInit
0x802986e4	4	1	_AIRP_iAllowFlags
0x802986e8	6	1	_AIRP_aRespectModifier
0x802986f0	16	1	_AIRP_aReasonStrings
0x8003e9a4	72	2	_AIRPApplyDrift__FUc
0x8003e9ec	216	2	_AIRPAllowed__Fv
0x80260ed8	16	1	_AIRP_aReasonFlags
0x8003eac4	96	2	_AIRPIsCarWrongWay__FPC5Car_t
0x8003eb24	100	2	_AIRPIsInPassingCondition__FPC5Car_t
0x8003eb88	804	2	_AIRPRefreshFromDB__Fv
0x80260ee8	3	1	_AIRP_aPaybackDrift
0x00000000	0	4	aitraffic.cpp
0x8003fa64	0	0	gcc2_compiled.
0x800000f8	4	0	__OSBusClock
0x00000000	0	4	aispeeds.cpp
0x8003fab8	0	0	gcc2_compiled.
0x80298700	4	1	_AISpeeds_ResFile
0x80298704	4	1	_AISpeeds_uResIndex
0x80298708	4	1	_AISpeeds_Hdr
0x8003fab8	32	2	_AISpeedsImportPointer__FPv
0x8003fad8	204	2	_AISpeedsInitPointers__Fv
0x8003fba4	212	2	_AISpeedsGetRecordedSpeed__F10PtkAILineTUiUif
0x8003fc78	144	2	_AISpeedsGetNodeSpeed__F10PtkAILineTUiUif
0x00000000	0	4	aispeedcomp.cpp
0x8003fec4	0	0	gcc2_compiled.
0x80298710	3	1	_AISC_aTargetPos
0x80298713	30	1	_AISC_aCareerTargetPos
0x80298731	1	1	_AISC_bEnabled
0x80298734	4	1	_AISC_fExpectedLapTime
0x80298738	1	1	_AISC_uTargetPos
0x8003fec4	112	2	_AISCEnabled__Fv
0x8003ff34	12	2	_AISCTargetPosition__Fv
0x8003ff40	264	2	_AISCShouldApply__FPC5Car_t
0x80040048	88	2	_AISCCalcInterval__Fv
0x800400a0	132	2	_AISCGetNumLapsLeft__Fv
0x00000000	0	4	aipitdecision.cpp
0x800403e4	0	0	gcc2_compiled.
0x800403e4	156	2	_AIPDPitForExcessiveDamage__FP5Car_t
0x80040480	84	2	_AIPDHasCarMadeRecentDecision__FP5Car_t
0x800404d4	40	2	_AIPDIsLastPitOfRace__FP5Car_t
0x80040e1c	304	2	_AIPDMinNumStopsRequiredIfCarPitsNow__FP5Car_t
0x800404fc	68	2	_AIPDLastChance__FP5Car_t
0x80040540	48	2	_AIPDMustPitBeforeEndOfRace__FP5Car_t
0x80040d00	284	2	_AIPDMinNumStopsRequired__FP5Car_t
0x80040570	68	2	_AIPDNormalPitRoll__FP5Car_t
0x800405b4	48	2	_AIPDIsShortPitAllowed__FP5Car_t
0x800405e4	148	2	_AIPDTwoTireRoll__FP5Car_t
0x802daf9c	4	0	_AIPD_fPitStrategyModifier
0x80040678	112	2	_AIPDGetPitStopType__FP5Car_t
0x80041638	200	2	_AIPDGetWearThresholds__FPfN30
0x800406e8	32	2	_AIPDSetPitDecisionType__FP5Car_tUc
0x802dafa0	4	0	_AIPD_fPerLapPracticeWear
0x80040724	552	2	_AIPDIsInPitWindow__FP5Car_tPUc
0x8004094c	120	2	_AIPDArePitsOpen__FP5Car_t
0x800409c4	204	2	_AIPDIsDecisionAllowed__FP5Car_t
0x80040a90	68	2	_AIPDShortPitRoll__FP5Car_t
0x80040ad4	240	2	_AIPDPitDecisionNormal__FP5Car_t
0x80040bc4	200	2	_AIPDPitDecisionShort__FP5Car_t
0x80040c8c	116	2	_AIPDPitDecisionCaution__FP5Car_t
0x80040f4c	660	2	_AIPDAllStarOverrideDecision__FP5Car_tPUc
0x800000f8	4	0	__OSBusClock
0x00000000	0	4	aierror.cpp
0x80041700	0	0	gcc2_compiled.
0x80298740	4	1	_AIE_uNumErrors
0x80298744	4	1	_AIE_aErrors
0x80298748	4	1	_AIE_aPerLapLimit
0x80041700	288	2	_AIEInitLottery__Fv
0x802db054	4	0	_AIE_uTotalNumTickets
0x802dafa4	176	0	_AIE_aNumLotteryTickets
0x80041820	96	2	_AIEPickFallGuy__Fv
0x80041880	220	2	_AIEInitStatus__Fv
0x802db058	352	0	_AIE_aStatus
0x8004195c	336	2	_AIEUpdateNextError__FPC5Car_t
0x80041aac	216	2	_AIECreateLimitTable__Fi
0x80041b84	56	2	_AIEDestroyLimitTable__Fv
0x80041bbc	48	2	_AIELimitNumErrorsPerLap__FP9AIError_t
0x80041bec	112	2	_AIEInitError__FP9AIError_t6ErrorE
0x80041c5c	272	2	_AIEInitBobble__FP9AIError_t
0x80041d6c	272	2	_AIEInitLossOfControl__FP9AIError_t
0x80041e7c	128	2	_AIECanActivateError__FPC5Car_t
0x80041efc	252	2	_AIEModifySteering__FP5Car_t
0x80041ff8	4	2	_AIEModifySpeed__FP5Car_t
0x80041ffc	208	2	_AIESetCameraToCar__FP5Car_t
0x802db1b8	4	0	_AIE_fLastDemoCamSwitch
0x00000000	0	4	aibreakdown.cpp
0x8004282c	0	0	gcc2_compiled.
0x80298750	4	1	_AIBD_uNumBreakdowns
0x80298754	4	1	_AIBD_aBreakdowns
0x8004282c	224	2	_AIBDInitLottery__Fv
0x802db26c	4	0	_AIBD_uTotalNumTickets
0x802db1bc	176	0	_AIBD_aNumLotteryTickets
0x8004290c	96	2	_AIBDPickFallGuy__Fv
0x8004296c	156	2	_AIBDPickLocation__FP13AIBreakdown_t
0x80042a08	144	2	_AIBDCanActivateBreakdown__FPC5Car_t
0x802db270	44	0	_AIBD_aStatus
0x00000000	0	4	track.cpp
0x80042da8	0	0	gcc2_compiled.
0x802db29c	80	0	_trackInfo
0x800000f8	4	0	__OSBusClock
0x00000000	0	4	line.cpp
0x80043270	0	0	gcc2_compiled.
0x800000f8	4	0	__OSBusClock
0x00000000	0	4	bezier.cpp
0x80043844	0	0	gcc2_compiled.
0x80043844	40	2	_BezDerivative__Fffff
0x8004386c	44	2	_BezDeltaX__FPC6Vec3_tf
0x80043898	44	2	_BezDeltaY__FPC6Vec3_tf
0x800438c4	44	2	_BezDeltaZ__FPC6Vec3_tf
0x800000f8	4	0	__OSBusClock
0x00000000	0	4	simpleobject.cpp
0x80043cf0	0	0	gcc2_compiled.
0x802987b8	1	1	_SimpleObj_bDraw
0x80043cf0	72	2	_SimpleObjGetBannerResIDOffset__FUi
0x80043dd4	188	2	_SimpleObjDoSplineMotion__FP11SimpleObj_tf
0x80043ef4	136	2	_SimpleObjSetOrientation__FP11SimpleObj_tP9Orient3_t
0x80043e90	100	2	_SimpleObjDoRotationMotion__FP11SimpleObj_tf
0x80043f7c	128	2	_SimpleObjGetInitialPositionLine__F10PtkAILineTi
0x800442f0	176	2	_SimpleObjLaunchObject__FP11SimpleObj_t15SimpleObjType_ti
0x800443a0	24	2	_SimpleObjLaunchBlimp__FP11SimpleObj_t
0x800443bc	4	2	_SimpleObjLaunchBannerPlane__FP11SimpleObj_t
0x800443b8	4	2	_SimpleObjUpdateBlimp__FP11SimpleObj_t
0x800443c0	4	2	_SimpleObjUpdateBannerPlane__FP11SimpleObj_t
0x00000000	0	4	llsimpleobj.cpp
0x8004485c	0	0	gcc2_compiled.
0x802987c0	32	1	_LLSimpleObj_BBox
0x8004485c	424	2	_LLSimpleObjClipSetupMatrices__Fv
0x802db5d0	440	0	_LLSimpleObj_RenderInfo
0x80044a04	456	2	_LLSimpleObjClipObjects__Fv
0x80044bcc	276	2	_LLSimpleObjSetBestClips__Fv
0x80044ce0	128	2	_LLSimpleObjRenderAttachedModel__FP11SimpleObj_ti
0x00000000	0	4	nsndmain.cpp
0x80045338	0	0	gcc2_compiled.
0x80045338	152	2	_NSndPatchBankAsyncCallback__FP13SndBankInfo_t
0x802db788	208	0	_soundInfo
0x8026192c	72	1	_NSndPatchHeaps
0x8026190c	32	1	_NSndAemsHeaps
0x802618d8	52	1	_NSndMaxVolumes
0x800000f8	4	0	__OSBusClock
0x00000000	0	4	nsndstream.cpp
0x800464cc	0	0	gcc2_compiled.
0x802987e8	4	1	NSND_STREAM_BIG_BUF_SIZE
0x802987ec	4	1	NSND_STREAM_SMALL_BUF_SIZE
0x802987f0	4	1	NSND_STREAM_MAX_REQUESTS
0x802987f4	4	1	NSND_STREAM_MAX_CHUNKS
0x800464cc	80	2	_NSndStreamGetPhysicalStream__F18NSndStreamLogicalE
0x802db858	32	0	_NSndStream_Info
0x00000000	0	4	nsndgame.cpp
0x80046fd0	0	0	gcc2_compiled.
0x802987f8	992	1	_nsndGameVolumes
0x802db878	5248	0	_nsndGame
0x800478c0	1120	2	_NSndGameUpdateFire__Ff
0x80047d20	484	2	_NSndGameUpdateCopter__Ff
0x80047f04	152	2	_NSndCalcAzimuth__FP6Vec3_tT0i
0x80047f9c	84	2	_NSndCarInfoCompare__FPCvT0
0x80047ff0	100	2	_NSndIsCarFocus__FP9CamMain_tP5Car_t
0x80048054	416	2	_NSndGameUpdateCameraInfo__Ff
0x800487cc	912	2	_NSndGameModifyAzimuthVolume__FP9CamMain_tPUsPif9NSndTypeE
0x800492bc	40	2	_NSndGameAsyncLoadComplete__Fv
0x00000000	0	4	nsndaiengine.cpp
0x800494a4	0	0	gcc2_compiled.
0x80298bd8	1	1	NSND_AIENGINE_ENABLED
0x80298bd9	1	1	NSND_AIPACK_ENABLED
0x80298bdc	4	1	DOPPLERDEV_RAMP
0x80298be0	4	1	RPM_RAMP
0x80298be4	4	1	DISTANCE_RAMP
0x80298be8	4	1	AZIMUTH_RAMP
0x80298bec	4	1	DEFAULT_CAR_RELATIVE_WEIGHT
0x80298bf0	4	1	DEFAULT_PACK_RELATIVE_WEIGHT
0x80298bf4	16	1	_NSndAI_aMaxEnginesNonInteractive
0x80298c04	16	1	_NSndAI_aMaxEnginesInteractive
0x80298c14	4	1	_NSndAITotalRampFrames
0x80298c18	4	1	_NSndAICarStereoSpread
0x80298c1c	4	1	_NSndAIMainViewportCamera
0x80298c20	4	1	_NSndAIuLastTickCount
0x800494a4	488	2	_NSndAIEngineUpdateNumCars__Fv
0x802dccf8	732	0	_nsndAIEngine
0x8004968c	532	2	_NSndAIEngineUpdatePackHandle__Fii
0x800498a0	876	2	_NSndAIEngineUpdateCarHandles__Fii
0x80261a58	32	1	_magicRPMAdjustment
0x80049c0c	292	2	_NSndAIPackSelectCars__FPP5Car_ti
0x80049d30	168	2	_NSndAICarCompare__FPCvT0
0x80049dd8	716	2	_NSndAICarSelectCars__FPP5Car_ti
0x8004a0a4	904	2	_NSndAIPackUpdate__Fv
0x8004a42c	2140	2	_NSndAICarUpdate__Fv
0x802dcfd4	12	0	_NSndAIMainViewportCameraPrevPos
0x00000000	0	4	nsndcollision.cpp
0x8004b19c	0	0	gcc2_compiled.
0x80298c28	1	1	NSND_COLLISION_ENABLED
0x80298c2c	1040	1	_NSndCrash_CarToCar
0x8029903c	1040	1	_NSndCrash_CarToSurface
0x8004b19c	128	2	_NSndCollisionCalcPriority__FP5Car_tf
0x8004b21c	84	2	_NSndCollisionScaleIntensity__Ff14NSndCrashTypeE18NSndCrashLocationE
0x80261ae4	20	1	_NSndCrash_MaxIntensities
0x8004b270	348	2	_NSndCollisionGetPitchVolume__FfPiT1
0x8004b3cc	136	2	_NSndCollisionGetLocation__FP6Vec4_t
0x8004b454	360	2	_NSndCollisionAdd__FP5Car_tT0P6Vec4_tf14NSndCrashTypeE
0x80261adc	5	1	NSND_CAR_CRASH_ENABLED
0x802dcfe0	2116	0	_nsndCrash
0x8004b5bc	440	2	_NSndCollisionChoosePatch__FP17NSndCrashPatchesTfP14NSndPatchBankEPi
0x8004b774	684	2	_NSndCollisionPlay__FP15NSndCrashQueueTP15NSndCrashVoiceT
0x8004ba20	244	2	_NSndCollisionUpdateSpeech__Fv
0x8004bb14	368	2	_NSndCollisionUpdateVoiceList__Fv
0x8004bc84	272	2	_NSndCollisionAddSelection__Ffi
0x00000000	0	4	nsnddamage.cpp
0x8004c014	0	0	gcc2_compiled.
0x8004c014	284	2	_NSndDamageSelectCars__FPP5Car_ti
0x802dd824	120	0	_NSndDamage
0x80261b20	1224	1	_NSndDamage_aCarParams
0x800000f8	4	0	__OSBusClock
0x00000000	0	4	nsnddebris.cpp
0x8004cb54	0	0	gcc2_compiled.
0x802dd89c	464	0	_nsndDebris
0x800000f8	4	0	__OSBusClock
0x00000000	0	4	nsndengine.cpp
0x8004d094	0	0	gcc2_compiled.
0x80299450	1	1	NSND_ENGINE_ENABLED
0x80299454	4	1	_DebugEngineInstance
0x80299458	4	1	_DebugEnginePage
0x8029945c	1	1	_SndEngineInit
0x8029945d	1	1	_NSndEngine_iVolumeEnable
0x802dda70	816	0	_Engine
0x8004d168	960	2	_NSndEngineInitCar__FP5Car_tP10SndEngineTi
0x8004db58	1892	2	_NSndUpdateEngine__FP10SndEngineT
0x80299460	4	1	tempRPM.1515
0x80299464	4	1	tempThrottle.1516
0x802dda6c	1	0	bHackShift.1517
0x00000000	0	4	nsndpit.cpp
0x8004e54c	0	0	gcc2_compiled.
0x802995f0	1	1	_NSndPit_bPaused
0x802995f1	1	1	_NSndPit_bInit
0x8004e54c	376	2	_PlayPitSound__Fii9NSndTypeEUsP6Vec3_t
0x8004e6c4	48	2	_NSndPitShouldInit__Fv
0x802de141	1	0	_iSoundsPlaying
0x802de140	1	0	_iCurSlot
0x802de0e8	88	0	_PitSlots
0x00000000	0	4	nsndtires.cpp
0x8004f53c	0	0	gcc2_compiled.
0x802995f8	1	1	NSND_TERRAIN_ENABLED
0x802995f9	1	1	NSND_BLOWN_TIRE_ENABLED
0x802995fa	1	1	NSND_SKIDS_ENABLED
0x802995fb	1	1	_SndTiresInit
0x802deb94	20	0	_NSndSkidHandles
0x802de144	2640	0	_Tires
0x8004f5e4	1344	2	NSndTiresInitCar__FP5Car_tP9SndTiresT
0x80050ea8	56	2	_NSndMarkAISkidAsUnused__FP9SndTiresT
0x80050ee0	212	2	_NSndSweepUnusedAISkids__Fv
0x8004fde4	3800	2	_NSndUpdateTires__FP9SndTiresT
0x80050cbc	248	2	_NSndUpdateNonPlayerTires__Fv
0x8004fd7c	104	2	_NSndPtrackToAemsTerrain__Fi
0x80051a34	232	2	_NSndIsAICarSkidding__FP5Car_t
0x80050db4	244	2	_NSndPrioritizeSkiddingCars__FPP9SndTiresTUs
0x80050fb4	792	2	_NSndPlayAISkiddingSound__FP9SndTiresT
0x80051934	256	2	_NSndCalculateSkidPriority__FP9SndTiresT
0x800512cc	184	2	_NSndGetSkidIntensity__FP5Car_t
0x00000000	0	4	nsndscrapes.cpp
0x80051b1c	0	0	gcc2_compiled.
0x80299600	1	1	NSND_CAR_CAR_DONUT_ENABLED
0x80299604	32	1	_NSndScrapes_Lookup
0x80299624	4	1	_NSndScrapes_iMinIntWhenSparking
0x80299628	1	1	_NSndScrapes_bAnyTireAnywhereSparking
0x80051b1c	1972	2	_NSndScrapesStartCarToSurface__F16NSndScrapeTypesEP5Car_tP6Vec3_tff
0x802deba8	148	0	_nsndScrapes
0x800522d0	452	2	_NSndScrapesContinueCarToSurface__F16NSndScrapeTypesEP5Car_tP6Vec3_tff
0x80052494	448	2	_NSndScrapesStopCarToSurface__F16NSndScrapeTypesEP5Car_t
0x80052654	52	2	_NSndScrapesCalcIntensity__FP5Car_ti
0x80052688	76	2	_NSndScrapesGoodSurfType__FP5Car_ti
0x800526d4	452	2	_NSndScrapesUpdateExistingBlownTireSnd__FP19NSndScrapeInstanceT
0x8029962c	4	1	loFactor.1530
0x80299630	4	1	hiFactor.1531
0x80053370	180	2	_GetIntensity__Fff
0x00000000	0	4	nsndwind.cpp
0x800537f8	0	0	gcc2_compiled.
0x80299638	1	1	NSND_WIND_ENABLED
0x80299639	1	1	_NSndWind_iVolumeEnable
0x802dec3c	24	0	_nsndWind
0x00000000	0	4	nsndeffects.cpp
0x80053d4c	0	0	gcc2_compiled.
0x80299640	1	1	NSND_FX_ENABLED
0x8029998c	1	1	_NSndFX_bPaused
0x80299990	4	1	_NSndFX_iSeriesThemeHandle
0x802def74	2	0	_iLastInstance
0x80054024	408	2	_PlayFXSound__Fii14NSndPatchBankEPC20NSndFXSoundInstanceT
0x80054820	60	2	_StreamFXSound__Fii
0x00000000	0	4	nsndfakedoppler.cpp
0x8005499c	0	0	gcc2_compiled.
0x8005499c	276	2	_NSndFDStartSound__FPC6Vec3_ti
0x802621a8	8	1	_NSndFD_PatchInfo
0x802def98	12	0	_NSndFD_Info
0x80054ab0	68	2	_NSndFDStopSound__FP16NSndFDInstance_t
0x80054b34	140	2	_NSndFDProcessActiveInstances__Fv
0x802def78	32	0	_NSndFD_aInstances
0x80054bc0	684	2	_NSndFDUpdateNewInstances__Fv
0x800000f8	4	0	__OSBusClock
0x00000000	0	4	PhysicalSoundStream.cpp
0x80055158	0	0	gcc2_compiled.
0x800000f8	4	0	__OSBusClock
0x00000000	0	4	CarEventSystem.cpp
0x800553f0	0	0	gcc2_compiled.
0x800553f0	340	2	__static_initialization_and_destruction_0
0x80055544	44	2	_GLOBAL_.I._4Csis.PauseEventId
0x00000000	0	4	music.cpp
0x80055570	0	0	gcc2_compiled.
0x80299a58	4	1	_Music_uStopNextSongOffset
0x80299a5c	1	1	_Music_bStartedNewSong
0x80055570	144	2	_MusicCopyCurrentSong__Fv
0x802df064	164	0	_Music_Info
0x80055600	88	2	_MusicGetAdjustedResID__Fi
0x80055658	12	2	_MusicCurrentSongIsGameSpecific__Fv
0x80055664	156	2	_MusicShouldBePlayingAtAll__Fv
0x80055700	600	2	_MusicShouldBePlayingRightNow__Fv
0x80055958	104	2	_MusicQueueFile__Fv
0x800559c0	76	2	_MusicQueueNextSong__FUi
0x80055a0c	84	2	_MusicQueuePrevSong__FUi
0x80055a60	80	2	_MusicGetMainMenuSongInd__Fv
0x00000000	0	4	voice.cpp
0x8005644c	0	0	gcc2_compiled.
0x80299a60	4	1	_NSpeechNumBanks
0x80299a64	1	1	_bOverridePlayFlags
0x80299a65	1	1	_bSpeechPaused
0x80299a68	4	1	_speechTick
0x80299a6c	4	1	_NSpeechVoiceFlags
0x80299a70	4	1	_NSpch_15Hz
0x80299a74	4	1	_NSpeech_pCautionCar
0x80299a78	36	1	_NSpeechInitParms
0x800568c8	244	2	_NSpeechSampleRequestCallback__FP26SPCHType_SampleRequestData
0x80299a9c	3936	1	_speechValid
0x8005644c	48	2	_NSpeechGetTrackBroadcastType__Fv
0x8005647c	20	2	_NSpeechGetTick__Fv
0x80056490	128	2	_NSpeechAbortMessage__FPCce
0x80056510	172	2	_NSpeechGetRaceNumFlag__Fv
0x800569bc	8	2	_NSpeechTestSentenceRuleCallback__FP9EventSpeciii
0x800569c4	4	2	_NSpeechSetSentenceRuleCallback__FP9EventSpeciii
0x802df13c	4	0	_NSpeech_ResFile
0x800567e0	136	2	_NSpeechLoadBanks__Fv
0x80056868	96	2	_NSpeechUnloadBanks__Fv
0x802df108	48	0	_NSpeechPlayerStatus
0x802df138	4	0	_NSpeechHdrFile
0x80059af8	872	2	_NSpeechActuallyPlayChangedRacePos__Fi
0x80056cd8	80	2	_NSpeechGetValidFlags__Fiiiiii
0x80056d28	84	2	_NSpeechGetMakeFlags__FP5Car_t
0x80056d7c	1092	2	_NSpeechCanPlay__F17SPCHType__EventIDSc
0x800571c0	816	2	_NSpeechPlay__F17SPCHType__EventIDiiiiiiiiii
0x80057abc	384	2	_NSpeechPlayPointsLeader__FP5Car_ti
0x00000000	0	4	llnsound.cpp
0x8005ba78	0	0	gcc2_compiled.
0x8029aa00	132	1	_LLNSndHeapInfo
0x802df140	3700	0	_LLNSndBankSwapBuffer
0x00000000	0	4	eventqueue.cpp
0x8005bb60	0	0	gcc2_compiled.
0x800000f8	4	0	__OSBusClock
0x00000000	0	4	EventListC.cpp
0x8005be28	0	0	gcc2_compiled.
0x00000000	0	4	EventQueueC.cpp
0x8005c180	0	0	gcc2_compiled.
0x00000000	0	4	eventtypes.cpp
0x00000000	0	4	eventpit.cpp
0x8005c6a0	0	0	gcc2_compiled.
0x800000f8	4	0	__OSBusClock
0x00000000	0	4	eventcollision.cpp
0x8005d244	0	0	gcc2_compiled.
0x8029aba0	4	1	_uiLastCrashEventTime
0x8005d244	240	2	_HandleGroundCollision__FP18RaceEventCollision
0x8005d334	828	2	_HandleWallCollision__FP18RaceEventCollision
0x8005d670	352	2	_HandleCarTireStamp__FP18RaceEventCollisionP6Vec4_tT1
0x8005d7d0	568	2	_HandleCarScrape__FP18RaceEventCollisionP6Vec4_tT1
0x8005da08	412	2	_HandleCarDamage__FP18RaceEventCollisionP6Vec4_tT1
0x8005dba4	796	2	_HandleCarCollision__FP18RaceEventCollision
0x00000000	0	4	eventdamage.cpp
0x8005df4c	0	0	gcc2_compiled.
0x8005df4c	100	2	_EventDamageGenerateBlownTireParticle__FP5Car_t11CphTireLocT
0x8005dfb0	304	2	handleTireDamage__Ff11CphTireLocT21SPCHType_carStatusLocP5Car_t
0x800000f8	4	0	__OSBusClock
0x00000000	0	4	EventGameManagement.cpp
0x8005e398	0	0	gcc2_compiled.
0x800000f8	4	0	__OSBusClock
0x00000000	0	4	eventracelogic.cpp
0x8005e39c	0	0	gcc2_compiled.
0x8005e39c	4	2	_ERLCheckCrashesAhead__FP5Car_ti
0x802dffb4	1	0	iPrevSoundFlag.498
0x802dffb8	4	0	eRLYellowFlags
0x802dffbc	128	0	eRLYellowFlag
0x8029aba8	1	1	bIntervalTime.502
0x00000000	0	4	eventspeech.cpp
0x8005f0cc	0	0	gcc2_compiled.
0x800000f8	4	0	__OSBusClock
0x00000000	0	4	eventscenario.cpp
0x8005f178	0	0	gcc2_compiled.
0x800000f8	4	0	__OSBusClock
0x00000000	0	4	QuickCautions.cpp
0x8005f17c	0	0	gcc2_compiled.
0x8029abb0	1	1	_QC_bTransitioningToRestart
0x8029abb1	1	1	_QC_bTransitionStarted
0x8029abb2	1	1	_QC_bTeleportationDone
0x8029abb3	1	1	_QC_bButtonThrough
0x8005f1cc	32	2	_QCLoadPitNowPopup__FSc
0x8005f1ec	112	2	_QCHandleLimitedRepairs__Fv
0x8005f25c	120	2	_QCTransitionToCooldown__Fi
0x802e003c	1020	0	_QC_Data
0x8005f2d4	232	2	_QCTransitionToPaceCar__Fi
0x8005f3bc	732	2	_QCSimulatePittingPostCooldown__Fv
0x8005f698	104	2	_QCGetCurrentLapPercents__FPf
0x8005f700	120	2	_QCToggleDamageAllowed__FUc
0x8005f778	596	2	_QCTransitionOutOfPaceCar__Fv
0x8005f9cc	88	2	_QCTransitionToWreckReplay__Fi
0x8005fa24	384	2	_QCCalculateAllStarDoubleFileRestartLines__Fv
0x8005fba4	504	2	_QCLineCompare__FPCvT0
0x8005fd9c	460	2	_QCLineLastLapsOfRaceCompare__FPCvT0
0x8005ff68	220	2	_QCRearrangeForPittingCompare__FPCvT0
0x80060044	372	2	_QCRearrangeForFinishCompare__FPCvT0
0x80060200	728	2	_QCCalculateRestartLines__Fv
0x800604d8	556	2	_QCTeleportCarsToInitPos__F15PtkInitPosTypeEUcT0
0x80060704	380	2	_QCCalculateLapsToSimBeforePitting__FPfN20
0x80060880	424	2	_QCCalculateLapsToSimAfterPitting__FfPfN21
0x80060a28	288	2	_QCCalculateLapsToSimForSimpleTransition__FfPfN21
0x80060b48	2292	2	_QCSimulateLaps__FPfN20Uc
0x8006143c	176	2	_QCEngineSmokeForPlayer__Fi
0x800614ec	840	2	_QCTransitionToPostPitPace__Fi
0x80063810	404	2	_QCEnforceGreenWhiteCheckeredRule__Fv
0x80061834	324	2	_QCLineForPittingCompare__FPCvT0
0x80061978	212	2	_QCCalculatePittingLines__Fv
0x80061a4c	356	2	_QCTeleportToPitting__Fv
0x80061bb0	196	2	_QCCheckForWantToPit__Fv
0x80061c74	380	2	_QCCheckForPitQuery__Fv
0x80061df0	356	2	_QCCheckForPitQueryEnd__Fv
0x80061f54	64	2	_QCPostPittingLineCompare__FPCvT0
0x80061f94	976	2	_QCSimulatePittingPostPitting__Fv
0x80062364	332	2	_QCPittingLogic__Fv
0x800624b0	196	2	_QCTeleportCarsToSavedLapPercents__FPf
0x80062574	188	2	_QCClearEffectsForPitting__Fv
0x80062630	824	2	_QCTransitionToPitting__Fi
0x800639a4	764	2	_QCRearrangeFieldBasedOnSnapshot__F15PtkInitPosTypeE
0x80062968	528	2	_QCRestartSnapCarsToFastLineHack__Fv
0x80062b78	320	2	_QCTeleportToRestart__Fv
0x80062cb8	284	2	_QCTransitionToRestart__Fi
0x80062dd4	16	2	_QCTransitionToOutOfFuel__Fi
0x80062de4	444	2	_QCTeleportToFinish__Fv
0x80062fa0	140	2	_QCFinishLogic__Fv
0x8006302c	676	2	_QCTransitionToFinish__Fi
0x800632d0	352	2	_QCTransitionToRace__Fi
0x80063430	4	2	_QCTransitionToPostRace__Fi
0x80063434	224	2	_QCPlayerControlTransferProcess__Fv
0x80063514	384	2	_QCQuickCautionShouldStart__Fv
0x00000000	0	4	racelogic.cpp
0x80064bcc	0	0	gcc2_compiled.
0x8029abb8	1	1	QuitTransition
0x8029abb9	1	1	QualTransition
0x8029abba	1	1	_bDisplayResults
0x8029abbb	1	1	_RL_bResultsScreenLoaded
0x8029abbc	4	1	_uInitActualTime
0x8029abc0	4	1	_eQUAL_WAVE_IN_STAGE_Stage
0x80064c8c	356	2	_RLSetPitExitTimes__Fv
0x80064df0	124	2	_RaceLogicShouldUsePlayerFinishCam__FP5Car_t
0x80064e6c	160	2	_RLSetCarFinishCamera__FP5Car_tUc
0x80064f0c	232	2	_RLProcessOrphan__FP5Car_t
0x802e0438	4	0	RLExitTime
0x802e043c	4	0	RLCelebrationDelayTime
0x802e0440	4	0	RLQualTime
0x802e0444	4	0	RLExpungeTime
0x802e0448	4	0	ShownQualTimeForPlayer
0x802e044c	4	0	ShownQualPosForPlayer
0x80067c2c	128	2	_RLGenerateFlagEvent__FP5Car_tiiUi
0x802e0450	40	0	_PracticeLapRecords
0x802e0478	4	0	_fQUAL_WAVE_IN_STAGE_StageTimer
0x800684d0	1548	2	_RLProcessLapLogic__FP5Car_tf
0x80067d70	64	2	_RLGenerateExpungedEvent__FP5Car_t15ExpungementType16ExpungementCauseUi
0x80067bdc	80	2	_RaceLogicStartExpungeTimer__Fv
0x80067cac	64	2	_RLGenerateCrossLineEvent__FP5Car_tiff
0x80067cec	64	2	_RLGenerateCrossTenthEvent__FP5Car_tiif
0x80066ef4	156	2	_CarPlaceCompare__FPCvT0
0x80066f90	164	2	_AllStarCompare__FPCvT0
0x80067d2c	68	2	_RLGenerateChangePlaceEvent__FP5Car_tiiif
0x80067378	672	2	_RLCheckWrongWay__FfP5Car_t
0x80067fc4	612	2	_RLProcessRaceLapLogic__FP5Car_tfi
0x80068228	432	2	_RLUpdatePracticeLapRecords__FP5Car_tf
0x800683d8	248	2	_RLProcessQualifyLapLogic__FP5Car_tfi
0x00000000	0	4	racemanager.cpp
0x80068d24	0	0	gcc2_compiled.
0x8029abc8	1	1	_bPauseRaceLogic
0x8029abcc	4	1	_RM_MemCardFrameCounter
0x8029abd0	4	1	_RM_uTicks
0x8029abd4	4	1	_RM_uProcessedTicks
0x8029abd8	4	1	_RM_iTickDeficit
0x8029abdc	1	1	_RM_bFirstLoop
0x8029abdd	1	1	_RM_bTimeCritical
0x8029abe0	16	1	_RM_aiDurations
0x8029abf0	4	1	_RM_uDurationCounter
0x8029abf4	4	1	_RM_iTicksPerLoop
0x8029abfc	4	1	iPausePlayer
0x80068d24	344	2	_RaceManagerUpdateAccomplishments__Fv
0x802e0480	20	0	strPauseHeader
0x80069064	420	2	RaceManagerPerTickLoop__Fv
0x80069208	280	2	RaceManagerPerFrameLoop__FUi
0x80069320	80	2	RaceManagerPerTickLoopVL__Fv
0x80069370	216	2	RaceManagerPerFrameLoopVL__FUi
0x00000000	0	4	racerecord.cpp
0x80069e6c	0	0	gcc2_compiled.
0x8029ac04	4	1	_RR_pEventObserver
0x80069e6c	100	2	RaceRecordPlayerNearFinish__FP5Car_t
0x8029ac08	2	1	prevEventType.453
0x80069ed0	1040	2	IsTriggerEvent__FP14_NascarEvent_t
0x8029ac0c	4	1	_iLastFlag
0x8006a2e0	328	2	IsRecordableEvent__FP14_NascarEvent_t
0x8006a428	628	2	RecordToTempQueue__FPUi
0x8006a69c	1248	2	HandleRecordContinue__FPUi
0x802e0494	1	0	_bIsCurChunkFull
0x8006b8c0	140	2	_RaceRecordIsChunkFull__Fv
0x8006b304	272	2	_RaceRecordAssignChunkPriority__FUs
0x8006afe0	676	2	_RaceRecordEvictOldChunk__Fv
0x8006ab7c	148	2	_RaceRecordGetFirstDamageIdx__Fv
0x8006ac10	236	2	HandleRecordStart__FPUi
0x8006b7f8	200	2	_RaceRecordGetWorldState__FP12CHUNK_HEADER
0x8006b414	548	2	_RaceRecordCopyBackChunk__FPUi
0x8006acfc	740	2	UpdateTempChunks__Fv
0x8006b284	128	2	_RaceRecordFindLowestPriorityReel__Fv
0x8006c1c8	696	2	_RaceRecordAssignEventPriority__FP14_NascarEvent_tP17EventPriorityInfo
0x8006b638	160	2	_RaceRecordCopyBackEvents__FUsUi
0x8006b6d8	200	2	_RaceRecordCopyEventToChunk__FUsP14_NascarEvent_t
0x8006b7a0	88	2	_RaceRecordGetOldestHeaderIndex__Fv
0x8006b94c	112	2	_RaceRecordResetForWreckReplay__FP14_NascarEvent_t
0x8029ac10	4	1	isFirst.523
0x8006bec4	192	2	_CanStartRecording__FP14_NascarEvent_t
0x00000000	0	4	racestate.cpp
0x8006c480	0	0	gcc2_compiled.
0x8029ac18	1	1	_rsInit
0x8006c480	192	2	_RSRaceTypeApproposRaceWeekendSession__F11RSRaceTypeE
0x8006c540	68	2	_RSSetQualifyingTimes__Fv
0x802e0498	28	0	_rsRaceState
0x00000000	0	4	blackflag.cpp
0x8006cd10	0	0	gcc2_compiled.
0x80263844	8	1	_BlackFlagDependencyList
0x8006d90c	84	2	__static_initialization_and_destruction_0
0x8006d960	44	2	_GLOBAL_.I._10BlackFlagC.s_pBlackFlagMon
0x8006d98c	44	2	_GLOBAL_.D._10BlackFlagC.s_pBlackFlagMon
0x00000000	0	4	Race_Simulator.cpp
0x8006d9b8	0	0	gcc2_compiled.
0x8029ac28	1	1	_RSIM_bSimulationStarted
0x8029ac2c	4	1	_RSIM_pQueue
0x8029ac30	1	1	_RSIM_bInclusivePreprocessing
0x8029ac31	1	1	_RSIM_bPastEventSimActive
0x802e0568	28	0	_RSIMRaceInfo
0x802e0584	3	0	_RSIMLapInfo
0x802e0588	344	0	_RSIMWreckInfo
0x802e0510	86	0	_RSIMCarPittingInfo
0x8006dd8c	60	2	_RSIM_QueueCreate__Fv
0x8006ddc8	56	2	_RSIM_QueueDestroy__Fv
0x802e06e0	12	0	_RSIM_CurAppt
0x8006de30	44	2	_RSIM_QueuePushAppt__FPC18SeasonAppointmentT
0x8006de5c	128	2	_RSIM_ApptIteratorCallback__FPC18SeasonAppointmentT
0x802e06ec	12	0	_RSIM_PreprocessAppt
0x8006dedc	2468	2	_RSIM_SimulateFullRace__Fv
0x8006e880	64	2	_RSIM_SimulateTestingSession__Fv
0x802e0508	8	0	_RSIM_PastEventSimCachedDate
0x8006f934	76	2	__static_initialization_and_destruction_0
0x8006f980	44	2	_GLOBAL_.I._RSIM_DumpLogInit__Fv
0x00000000	0	4	RaceWeekend.cpp
0x8006f9ac	0	0	gcc2_compiled.
0x8029ac38	4	1	_RWknd_fSessionExpireTime
0x8029ac3c	4	1	_RWknd_ePendingSession
0x8029ac40	1	1	_RWknd_bCanProcess
0x8029ac44	4	1	_RWknd_iCurrTickerSession
0x8029ac48	4	1	_RWknd_iIniSyQuiTimer
0x8029ac4c	4	1	_RWknd_iCurrSession
0x8006f9ac	8	2	_RaceWeekendNetworkBarrierCanContinue__Fv
0x8006f9b4	8	2	_RWknd_IsTransitionAllowed__F19RaceWeekendSessionE
0x8006f9bc	60	2	_RaceWeekendAdvanceSession__Fv
0x802e0700	224	0	_RWknd_aSessionList
0x8006f9f8	604	2	_RaceWeekendBuildSessionList__F12RaceSessionE
0x80070298	48	2	_RaceWeekendUiStateOnSessionChanged__Fv
0x80070234	100	2	_RaceWeekendUiStateProcess__Fv
0x8029ac50	4	1	_RW_RaceWeekendUiState
0x80070044	52	2	_RaceWeekendUiStateSyncInitialEntry__Fv
0x80070078	72	2	_RaceWeekendUiStateRequestRaceStart__Fv
0x800700c0	176	2	_RaceWeekendUiStateExit__Fv
0x80070170	60	2	_RaceWeekendUiStateStartRace__Fv
0x800701ac	56	2	_RaceWeekendUiStateSyncRaceStart__Fv
0x800701e4	16	2	_RaceWeekendUiStateStartWaitingForOnlineRace__Fv
0x800701f4	64	2	_RaceWeekendUiStateCheckForExit__Fv
0x802e06f8	4	0	fLastPlaceQualifyTime.558
0x802e06fc	4	0	_.tmp_0.559
0x00000000	0	4	StatMgr.cpp
0x80070794	0	0	gcc2_compiled.
0x8029ac58	1	1	_StatMgrInit
0x00000000	0	4	hlrmanager.cpp
0x800707f4	0	0	gcc2_compiled.
0x800000f8	4	0	__OSBusClock
0x00000000	0	4	marketingreplaydata.cpp
0x800709c4	0	0	gcc2_compiled.
0x800000f8	4	0	__OSBusClock
0x00000000	0	4	replaydata.cpp
0x00000000	0	4	racereplaydata.cpp
0x80070b04	0	0	gcc2_compiled.
0x800000f8	4	0	__OSBusClock
0x00000000	0	4	hlrreplay.cpp
0x80070cd4	0	0	gcc2_compiled.
0x8029ac70	4	1	_HlrDmgPtr
0x8029ac74	4	1	_HlrEndReplay
0x8029ac78	1	1	_iCurPlayback
0x8029ac7c	4	1	_uPrevTicks
0x8029ac80	4	1	_uPrevPausedTicks
0x8029ac84	1	1	_Hlr_bPauseReplay
0x8029ac88	4	1	_Hlr_PauseRedrawMode
0x8029ac8c	4	1	TICKS_TO_INCREMENT
0x8029ac90	4	1	NUM_FRAMES_TO_DECREMENT
0x8029ac94	4	1	_HlrReplay_fLastPercent
0x8029ac98	1	1	_Hlr_bCommentPlayed
0x8029ac99	1	1	_Hlr_bSignoffPlayed
0x8029ac9a	1	1	_bPlayHighlightSpeech
0x8029ac9b	1	1	_Hlr_bInitialized
0x8029aca0	4	1	_Hlr_pCarTireWear
0x8029aca4	4	1	_Hlr_pCarTireWearScalars
0x8029aca8	4	1	_Hlr_pCarDamage
0x8029acac	4	1	_Hlr_pCarBodyDamage
0x8029acb0	1	1	_Hlr_bStartedTransition
0x8029acb1	1	1	_Hlr_bProcessDemoCams
0x8029acb4	4	1	_Hlr_CarToLookAt
0x8029acb8	4	1	_Hlr_SwapSourceCar
0x8029acbc	1	1	_Hlr_InChaseCamMode
0x8029acbd	1	1	_Hlr_LockTVSet
0x8029acc0	4	1	_Marketing_FloatingCamMode
0x8029acc4	4	1	_CVT_CurrentCameraView
0x8029acc8	1	1	_Marketing_LockedToCars
0x8029acc9	1	1	_Marketing_CamPosEnabled
0x8029accc	4	1	_Marketing_fFineTuneMult
0x80070da4	48	2	_ParseEventString__FP14_NascarEvent_tPc
0x80070dd4	1260	2	_InitHLRChunks__Fv
0x800712c0	132	2	_InitWreckReplayReel__Fv
0x80071364	432	2	_SetHeaderText__F11HlrManagerE
0x802fae10	4	0	_HlrChunkCount
0x80071514	132	2	_IncrementChunkIndex__FPi
0x80071598	328	2	_GetChunkIndex__FiPi11HlrManagerE
0x802fae30	4	0	_uRaceTicks
0x800716e0	128	2	_HlrStartTransition__F11HlrManagerEii
0x80071760	76	2	_HlrIsTransitioning__Fv
0x800717ac	132	2	_HlrFinishedTransition__Fv
0x8007191c	1928	2	_SetWorldState__Fi
0x802fae14	4	0	_HlrNumCars
0x8029acd0	1	1	iCameraSet.780
0x800720a4	1076	2	_SetupChunk__FiUi11HlrManagerE
0x802fae20	4	0	_HlrPrevPkt
0x802fae24	4	0	_HlrNextPkt
0x802fae18	4	0	_HlrPrevTicks
0x802fae1c	4	0	_HlrNextTicks
0x802fae28	4	0	_HlrEventCurr
0x802fae2c	4	0	_HlrEventCount
0x800725e0	204	2	_SetCarPosition__FP5Car_tP13KeyFrameDataTT1f
0x800726ac	224	2	_SetCarAngle__FP5Car_tP13KeyFrameDataTT1f
0x8007278c	1044	2	_SetCarVelocity__FP5Car_tP13KeyFrameDataTT1f
0x80072ba0	304	2	_SetAdditionalCarInfo__FP5Car_t
0x802fae34	4	0	_iRaceTicksRemainder
0x800724d8	264	2	_SetRecordPointers__FUi
0x80072cd0	196	2	_UpdateReplayEvents__FUi
0x80072d94	956	2	_UpdateCarDamage__FUiPi
0x80073150	128	2	_UpdateReplayFPBBoxes__Fv
0x80075980	40	2	_HlrWreckReplaySave__Fv
0x80076374	260	2	_Marketing_FormatFrontEndText__FPc
0x802faa24	1	0	ReplaySpeed.817
0x802faa28	4	0	_.tmp_0.818
0x802faa2c	4	0	percent.819
0x8029acd4	4	1	_Hlr_fSlowMoLastPct
0x802faa30	1	0	ReplaySpeed.823
0x802faa34	4	0	_.tmp_1.824
0x802faa38	4	0	percent.825
0x800759a8	44	2	_HlrWreckReplayRestore__Fv
0x802faa3c	1	0	ReplaySpeed.832
0x802faa40	4	0	_.tmp_2.833
0x802faa44	4	0	percent.834
0x800759d4	300	2	_HlrWreckReplaySaveDamageInfo__Fv
0x80075b00	184	2	_HlrWreckReplaySaveTireInfo__Fv
0x80075bb8	568	2	_HlrWreckReplayRestoreDamageInfo__Fv
0x80075df0	180	2	_HlrWreckReplayRestoreTireInfo__Fv
0x80075ea4	108	2	_HlrWreckReplayRestoreTeleportedCars__Fv
0x00000000	0	4	replayqueue.cpp
0x80077204	0	0	gcc2_compiled.
0x8029acd8	4	1	_RQ_pReplayTempQueue
0x80077204	164	2	_RQEnqueueWrapped__FP14_NascarEvent_tUi
0x800772a8	164	2	_RQEnqueueUnwrapped__FP14_NascarEvent_tUi
0x00000000	0	4	Inputmgr.cpp
0x80077578	0	0	gcc2_compiled.
0x8029ace0	1	1	_bInputMgrLocked
0x8029ace1	1	1	_bInputMgrLockedDevRemoved
0x8029ace4	4	1	_bInputMgrDisconnectedController
0x8029ace8	1	1	_bInputMgrDisplayPopup
0x8029ace9	1	1	_bInputMgrProcessInputs
0x80077578	12	2	_InputMgrSetLockedDeviceRemoved__FUc
0x80077584	12	2	_InputMgrLockedDeviceRemoved__Fv
0x80077590	52	2	_InputMgrLockMultitap__FUc
0x802faea0	4	0	_InputMult
0x800775c4	44	2	_InputMgrUnlockAllMultitaps__Fv
0x800775f0	340	2	_InputMgrDeviceScanAll__Fv
0x800778c8	84	2	_InputMgrDeviceScanMultitap__Fv
0x80077744	388	2	_InputMgrDeviceScanLocked__Fv
0x8007791c	76	2	_InputMgrSetChannelContext__FP12ConElement_tUcPFUiUif_v
0x80077968	144	2	_InputMgrInputScanGetLockedInput__Fv
0x800779f8	128	2	_InputMgrInputScanGetAllInput__Fv
0x802fae3c	100	0	_InputInfo
0x802faea4	128	0	_sInputMgrDisconnectMessage
0x00000000	0	4	LLInputMgr.cpp
0x800786d0	0	0	gcc2_compiled.
0x800000f8	4	0	__OSBusClock
0x00000000	0	4	inputhandler.cpp
0x800000f8	4	0	__OSBusClock
0x00000000	0	4	inputanalog.cpp
0x80078e00	0	0	gcc2_compiled.
0x00000000	0	4	inputdebug.cpp
0x00000000	0	4	ControllerCheck.cpp
0x80079a3c	0	0	gcc2_compiled.
0x8029ad20	1	1	_ControllerCheck_bPausedMusic
0x8029ad21	1	1	_ControllerCheck_bPausedInReplay
0x8029ad22	1	1	_ControllerCheck_bWasReplayPaused
0x8029ad23	1	1	_ControllerCheck_bUnpluggedOnPreviousIterationAndSendBlackFlag
0x80079a3c	56	2	_ControllerCheck_PauseMusic__Fv
0x80079a74	56	2	_ControllerCheck_ResumeMusic__Fv
0x00000000	0	4	raceprerace.cpp
0x8029af90	28	1	_PreRace_StageTimers
0x8029afac	1	1	_RacePreRace_bDisableInputHandler
0x8029afad	1	1	_PreRace_bCanContinue
0x8029afae	1	1	_PreRace_bWantContinue
0x8007a034	200	2	_PreRaceInitCameraSystems__Fv
0x00000000	0	4	raceintro.cpp
0x8007a254	0	0	gcc2_compiled.
0x8029afb0	56	1	_raceIntroInit
0x802fb0d4	1	0	_raceIntro_bCanContinue
0x802fb0d5	1	0	_raceIntro_bWantContinue
0x802fb024	176	0	_raceIntroCars
0x802fb008	24	0	_raceIntro
0x8007a3c4	924	2	_RaceIntroAdvanceStage__Fv
0x802fb020	4	0	_raceIntroCurrentCar
0x8007a760	96	2	_RaceIntroAdvanceToLastStage__Fv
0x8029afe8	1	1	_RaceIntro_bDisableInputHandler
0x00000000	0	4	racepregreen.cpp
0x8007acdc	0	0	gcc2_compiled.
0x8029aff0	4	1	ePreGreenCountdownState
0x8007acdc	172	2	_RIGoToPreGreenState__Fv
0x8007ad88	136	2	_RacePreGreenPrintCountdownText__FPCc
0x802fb0e0	1	0	_bStartRace
0x802fb0dc	4	0	PreGreenStartTime
0x802fb0d8	4	0	LastDigit.810
0x00000000	0	4	pitmanager.cpp
0x8007b4c8	0	0	gcc2_compiled.
0x8029b000	8	1	_AIPitMask
0x8029b008	40	1	_PitMgrCareerAIPitTimes
0x8029b030	192	1	_PitMgrGasTime
0x8029b0f0	4	1	PIT_MANAGER_PENALTY_CAM_TIME_OUT
0x8029b0f4	20	1	_PitMgr_PitMasksBoth
0x8029b108	20	1	_PitMgr_PitMasksRight
0x8029b11c	20	1	_PitMgr_PitMasksLeft
0x8029b130	20	1	_PitMgr_PitMasksGas
0x8029b144	9576	1	_PitMgr_FumbGrp
0x8029d6ac	4	1	_bPitNowPopupLoaded
0x8029d6b0	4	1	_bPitOptionsPopupLoaded
0x8029d6b4	4	1	_PitMgr_bPitInProgress
0x8007b4c8	112	2	_PitMgrGetGasGroup__FP5Car_tP19PitManagerOptions_t
0x8007b5b0	844	2	_PitManagerEstTimeForFuelAndTires__FP5Car_tP19PitManagerOptions_t
0x8007b8fc	48	2	_PitManagerGetFumbleTime__FUi
0x80264728	248	1	_PitMgr_fFumbleTime
0x8007b92c	132	2	_PitManagerCalcCareerAIPitTime__Fi
0x8007b9b0	680	2	_PitManagerCalcTimeForAIPit__FP5Car_t
0x8007c314	864	2	_PitManagerGetRandomFumble__FP5Car_tPUiT1
0x8007bc58	400	2	_PitManagerCalcTimeForPlayerPit__FP5Car_t
0x8007bde8	68	2	_PMPitInit__Fv
0x802fb284	176	0	_AIPitTimers
0x8007be2c	788	2	_PMUpdateTimers__Fv
0x8007c140	468	2	_PMFinishPitStop__FP5Car_t
0x80264820	480	1	_PitMgrResIndex
0x802645e8	320	1	_PitMgrSeq
0x00000000	0	4	LLevent.cpp
0x8007ddd4	0	0	gcc2_compiled.
0x00000000	0	4	LLUtil.cpp
0x8007df0c	0	0	gcc2_compiled.
0x800000f8	4	0	__OSBusClock
0x00000000	0	4	flyingparts.cpp
0x8007df50	0	0	gcc2_compiled.
0x8029fa90	4	1	FP_CAR_DAMAGE_BLOWN_TIRE_CHANCE
0x8029fa94	4	1	FP_CAR_DAMAGE_GRANULARITY
0x8029fa98	4	1	FP_CAR_DAMAGE_IMPULSE_MIN
0x8029fa9c	4	1	FP_CAR_DAMAGE_IMPULSE_MAX
0x8029faa0	4	1	FP_CAR_DAMAGE_LMMAGSQR_THRESH_RUMBLEMIN
0x8029faa4	4	1	FP_CAR_DAMAGE_LMMAGSQR_THRESH_LOWSPEED
0x8029faa8	4	1	FP_CAR_DAMAGE_LMMAGSQR_THRESH_HIGHSPEED
0x8029faac	1	1	FP_CAR_DAMAGE_PER_PART_MAX_LOWSPEED
0x8029faad	1	1	FP_CAR_DAMAGE_PER_PART_MAX_HIGHSPEED
0x8029fab0	4	1	FP_CAR_DAMAGE_FACTOR_HIGHSPEED
0x8007df50	100	2	_FPGetNewFlyingPart__Fv
0x8007f140	324	2	_FPRemoveFlyingPartFromList__FP12FlyingPart_t
0x8007dfb4	1348	2	_FPStartFlyingPart__FP5Car_t19CarDetachablePart_t
0x8007e4f8	2576	2	_FPSurfCollisionUpdate__Fv
0x802fdbf8	48	0	apsCachedGroundPolyPlaneEqs
0x802fdd78	12	0	aiCachedNumCollisions
0x802fdc58	144	0	apsCachedCollisionTotalForce
0x802fdc28	48	0	apsCachedWallQuadPlaneEqs
0x802fdce8	144	0	asCachedGroundLocs
0x8007ef08	320	2	_FPDampenForAero__FP9PhysObj_t
0x80264ab0	748	1	iModelAndZoneToPartMap
0x00000000	0	4	physics.cpp
0x80081844	124	2	_PhysUpdateAxesVectorsAndPositionCopy__FP9PhysObj_t
0x00000000	0	4	carphysics.cpp
0x80081af0	0	0	gcc2_compiled.
0x8029ff5c	4	1	_CarPhys_fMaxAiLongForceG
0x8029ff60	4	1	_CarPhys_fAutoBrakeTuneFactor
0x8029ff64	4	1	_CarPhys_iTireWearIdx
0x8029ff68	4	1	_CarPhys_iIdx15Hz
0x8029ff6c	4	1	_CarPhys_iIdx30Hz
0x8029ff70	1	1	_CarPhys_bWearToggle
0x8029ff74	16	1	_CarPhys_fWheelInertia
0x80081af0	56	2	_CarPhysGetAutobrakeSpeedDelta__F10TrackTypeE
0x80265f74	40	1	_CarPhys_aMaxAutobrakeSpeedDeltas
0x802fee14	4	0	_CarPhys_fFBPos
0x802fee0c	4	0	_CarPhys_fLRPos
0x802fee10	4	0	_CarPhys_fFBTireLength
0x802fee08	4	0	_CarPhys_fLRTireLength
0x80265fc8	44	1	_CarPhys_fTorqueKnotsRestricted
0x8008b10c	168	2	_SetupTorqueCurve__FPfUiPCfUi
0x80265f9c	44	1	_CarPhys_fTorqueKnotsUnrestricted
0x80266020	44	1	_CarPhys_fTorqueKnotsRestrictedBuschCar
0x80265ff4	44	1	_CarPhys_fTorqueKnotsUnrestrictedBuschCar
0x80266078	44	1	_CarPhys_fTorqueKnotsRestrictedStockTruck
0x8026604c	44	1	_CarPhys_fTorqueKnotsUnrestrictedStockTruck
0x802660d0	44	1	_CarPhys_fTorqueKnotsRestrictedModified
0x802660a4	44	1	_CarPhys_fTorqueKnotsUnrestrictedModified
0x80266128	44	1	_CarPhys_fTorqueKnotsRestrictedProdFordGt
0x802660fc	44	1	_CarPhys_fTorqueKnotsUnrestrictedProdFordGt
0x80266180	44	1	_CarPhys_fTorqueKnotsRestrictedProdDodgeViper
0x80266154	44	1	_CarPhys_fTorqueKnotsUnrestrictedProdDodgeViper
0x802661d8	44	1	_CarPhys_fTorqueKnotsRestrictedProdDodgeNeon
0x802661ac	44	1	_CarPhys_fTorqueKnotsUnrestrictedProdDodgeNeon
0x80266230	44	1	_CarPhys_fTorqueKnotsRestrictedProdChevyCorvetteC06
0x80266204	44	1	_CarPhys_fTorqueKnotsUnrestrictedProdChevyCorvetteC06
0x80266288	44	1	_CarPhys_fTorqueKnotsRestrictedProdDodgeMagnum
0x8026625c	44	1	_CarPhys_fTorqueKnotsUnrestrictedProdDodgeMagnum
0x802662e0	44	1	_CarPhys_fTorqueKnotsRestrictedProdFordMustangGT
0x802662b4	44	1	_CarPhys_fTorqueKnotsUnrestrictedProdFordMustangGT
0x80266338	44	1	_CarPhys_fTorqueKnotsRestrictedProdDaytonaPrototype
0x8026630c	44	1	_CarPhys_fTorqueKnotsUnrestrictedProdDaytonaPrototype
0x80266390	44	1	_CarPhys_fTorqueKnotsRestrictedProdFordLightning
0x80266364	44	1	_CarPhys_fTorqueKnotsUnrestrictedProdFordLightning
0x80084c1c	408	2	_CarPhysComputeEngineTorque__FP5Car_t
0x80084db4	136	2	_CarPhysTableLookup__FfPCfff
0x80084e3c	108	2	_CarPhysUpdateStabilityControl__FP5Car_tP9CarTire_tff
0x80084ea8	136	2	_CarPhysAssignFrictionCoefficient__FP5Car_t
0x80084f30	2404	2	_CarPhysUpdateTire__FP5Car_tPC6Vec4_tP9CarTire_tfUcUc
0x802663bc	80	1	_CarPhys_fNormalizedResultantForceTable
0x8026640c	80	1	_CarPhys_fTireLoadSensitivityTable
0x8030188c	4	0	_CarPhys_fSlippingAdj
0x80085894	192	2	_CarPhysComputeSlipAngleRadians__FP5Car_t
0x80085954	428	2	_CarPhysComputeSteering__FP5Car_t
0x80085b00	1460	2	_CarPhysUpdatePlayerTires__FP5Car_t
0x800860b4	52	2	_CarPhysUpdateWallInfo__FP5Car_t
0x80088614	176	2	_CarPhysSetSurfaceInfo__FP5Car_tUcUc
0x800865d0	4236	2	_CarPhysUpdateAITires__FiP12CarPhysics_tP11CarDamage_tP9CarTire_tP9PhysObj_t
0x8008765c	176	2	_CarPhysUpdateSuspensionAndTires__FiUx
0x8008770c	356	2	_CarPhysUpdateWheelSpeed__FP5Car_tP9CarTire_tfff
0x80087870	900	2	_CarPhysUpdateDriveTrainPlayer__FP5Car_t
0x80087bf4	388	2	_CarPhysUpdateDriveTrainAI__FP5Car_t
0x80087d78	308	2	_CarPhysUpdateDriveTrain__FiUx
0x8008a100	1120	2	_CarPhysUpdateTrannyGear__FP5Car_t
0x80089e84	636	2	_CarPhysUpdateFuel__FP5Car_t
0x8008a560	820	2	_CarPhysUpdateEngineDamage__FP5Car_t
0x80087eac	284	2	_CarPhysUpdateTirePositions__FP9CarTire_tP9PhysObj_t
0x8026645c	64	1	_CarPhys_TirePositions
0x80087fc8	1048	2	_CarPhysSetSmoothedSurfaceAltsPlayer__FP5Car_tP6Vec4_tfUc
0x800883e0	192	2	_CarPhysSetSurfaceAltsAndSurfaceTypesPlayer__FP5Car_tP13PtkSurfInfo_tUc
0x800884a0	372	2	_CarPhysSetSurfaceAltsAndSurfaceTypesAI__FP5Car_tP13PtkSurfInfo_tUc
0x80088748	1624	2	_CarPhysUpdateAero__FiUxfi
0x8008c12c	376	2	UpdateSpeedComp__FP5Car_tfif
0x80088da0	12	2	_CarPhysToggleWear__FUc
0x8008a894	124	2	_CarPhysUpdatePhysicsData__FP12CarPhysics_tP9PhysObj_t
0x800895dc	80	2	_CarPhysQueryDbForGearRatios__FP10CarSetup_ti12VehicleTypeE
0x8008962c	588	2	_CarPhysApplySetup__FP10CarSetup_tP16DefaultCarSetupTUi
0x80089878	248	2	_CarPhysVehicleTypeFromCarModel__F9CarModelE7SeriesE
0x8029ff84	4	1	eCarModelPaceProxy.648
0x80089970	596	2	_CarPhysReSetupVars__FP5Car_t
0x80089bc4	260	2	_CarPhysSetShiftPoints__FP5Car_tP10CarSetup_t
0x80089cc8	312	2	_CarPhysInitCarSetup__FP5Car_t
0x802fee04	4	0	_CarPhys_fMaxAutobrakeSpeedDelta
0x80301884	8	0	_CarPhys_IdiotLightStates
0x8008aa8c	236	2	_CarTireInit__FP9CarTire_tPf
0x8008c108	16	2	_CarModifyMomentumReset__FP5Car_t
0x8008bf64	420	2	_CarModifyMomentumUpdate__FUxiUi
0x8008c5d0	484	2	_CarPhysUpdatePlayerDraftBrake__FP5Car_tUi
0x8026649c	72	1	_CarPhys_DraftParams
0x8008c810	132	2	__static_initialization_and_destruction_0
0x8008c894	44	2	_GLOBAL_.I.CarPhys_uScPeriodTicksAiSlide
0x00000000	0	4	carcollider.cpp
0x8008c8c0	0	0	gcc2_compiled.
0x8029ff88	192	1	_ColVehicle_aHullVerts_StockCar
0x802a0048	192	1	_ColVehicle_aHullVerts_StockTruck
0x802a0108	192	1	_ColVehicle_aHullVerts_Modified
0x802a01c8	192	1	_ColVehicle_aHullVerts_ProdFordGT
0x802a0288	192	1	_ColVehicle_aHullVerts_ProdDodgeViper
0x802a0348	192	1	_ColVehicle_aHullVerts_ProdDodgeNeon
0x802a0408	192	1	_ColVehicle_aHullVerts_ProdChevyCorvetteC06
0x802a04c8	192	1	_ColVehicle_aHullVerts_ProdDodgeMagnum
0x802a0588	192	1	_ColVehicle_aHullVerts_ProdFordMustangGT
0x802a0648	192	1	_ColVehicle_aHullVerts_ProdDaytonaPrototype
0x802a0708	192	1	_ColVehicle_aHullVerts_ProdFordLightning
0x802a07c8	144	1	_ColVehicle_aHullEdges
0x802a0858	24	1	_ColVehicle_aiFace1
0x802a0870	24	1	_ColVehicle_aiFace2
0x802a0888	16	1	_ColVehicle_aiFace3
0x802a0898	16	1	_ColVehicle_aiFace4
0x802a08a8	16	1	_ColVehicle_aiFace5
0x802a08b8	16	1	_ColVehicle_aiFace6
0x802a08c8	16	1	_ColVehicle_aiFace7
0x802a08d8	16	1	_ColVehicle_aiFace8
0x802a08e8	192	1	_ColVehicle_aFaceInfo
0x802a09a8	4	1	_ColVehicle_uHullNumVerts
0x802a09ac	4	1	_ColVehicle_uHullNumEdges
0x802a09b0	4	1	_ColVehicle_uHullNumFaces
0x8008c8c0	300	2	_ColCarSelectVertsArray__F9CarModelEPP6Vec4_t
0x8008c9ec	360	2	_ColCarCheckFrontBackInterPen__FP9PhysObj_tT0f
0x8008cb54	680	2	_ColCarFormImpactNormal__FP15ColConvexHull_tP9PhysObj_tP6Vec4_tT2iT2T2
0x8008cdfc	260	2	_ColCarSeparateHulls__FP9PhysObj_tT0UcUcP6Vec4_tf
0x8008cf00	940	2	_ColCarApplyResponse__FP9PhysObj_tT0P6Vec4_tN22fff
0x8008d2ac	48	2	_ColCarBumpDraftRumble__FPC5Car_t
0x80266584	32	1	_ColVehicle_aSurfColCorners
0x00000000	0	4	carhitwall.cpp
0x8008e0d8	0	0	gcc2_compiled.
0x8008e0d8	228	2	_ColCarGetWallDistSqr__FP6Vec4_tP17ptrack_wallquad_t
0x8008e1bc	308	2	_ColCarSearchForWalls__FP5Car_tP11PTrackLoc_tPP17ptrack_wallquad_tPiT3
0x8008e2f0	212	2	_ColCarCanExtendAggregate__FP17ptrack_wallquad_tPP17ptrack_wallquad_ti
0x8008e3c4	180	2	_ColCarCheckWallList__FP5Car_tiPP17ptrack_wallquad_t
0x8008e854	204	2	_ColCarProcessAggregate__FP5Car_tPP17ptrack_wallquad_ti
0x8008e478	876	2	_ColCarApplyWallHitResponse__FP5Car_tP6Vec4_tT1f
0x8008e7e4	112	2	_ColCarSeparateHull__FP9PhysObj_tP6Vec4_tf
0x800000f8	4	0	__OSBusClock
0x00000000	0	4	collider.cpp
0x8008e9e4	0	0	gcc2_compiled.
0x802a09b8	1	1	_Col_bInitialized
0x802a09bc	4	1	_Col_iNextHashSlotToFreeFrom
0x802a09c0	4	1	_Col_pBBoxHull
0x802a09c4	128	1	_Col_BoxHullVerts
0x802a0a44	96	1	_Col_BoxHullEdges
0x802a0aa4	16	1	_Col_BoxFace1
0x802a0ab4	16	1	_Col_BoxFace2
0x802a0ac4	16	1	_Col_BoxFace3
0x802a0ad4	16	1	_Col_BoxFace4
0x802a0ae4	16	1	_Col_BoxFace5
0x802a0af4	16	1	_Col_BoxFace6
0x802a0b04	144	1	_Col_BoxFaceInfo
0x8008e9e4	116	2	_ColPointOnOrWithinHull__FP6Vec3_tP15ColConvexHull_t
0x8008ea58	184	2	_ColSolveEdgePlaneIntersection__FP6Vec3_tT0P6Vec4_tT2
0x8008eb10	68	2	_ColHashAllocNode__Fv
0x80301890	256	0	_Col_CachedPairHashTable
0x8008eb54	88	2	_ColHashGetPairInfo__FP15ColConvexHull_tT0
0x8008ebac	100	2	_ColHashSetPairInfo__FP15ColConvexHull_tT0i
0x8008ec10	692	2	_ColQuickCheckCachedPlane__FP19ColCachedPairInfo_tP9PhysObj_tT1
0x8008eec4	1120	2	_ColSearchForSeparatingPlane__FP15ColConvexHull_tT0P9PhysObj_tT2
0x8008f324	140	2	_ColEdgeFaceIntersection__FP6Vec3_tT0P15ColConvexHull_tiP6Vec4_t
0x8008f3b0	84	2	_ColHullEdgeFaceIntersection__FiP15ColConvexHull_tiT1P6Vec4_t
0x8008f404	388	2	_ColHullEdgeWallQuadIntersection__FP15ColConvexHull_tiP17ptrack_wallquad_tPP6Vec3_tP6Vec4_t
0x8008f588	108	2	_ColDepthOfHullBehindWallQuad__FP15ColConvexHull_tP17ptrack_wallquad_t
0x8008f5f4	1432	2	_ColFindCenterOfIntersection__FP15ColConvexHull_tT0P9PhysObj_tT2P6Vec4_t
0x8008fb8c	456	2	_ColFindVelocityHullIntersection__FP15ColConvexHull_tP9PhysObj_tP6Vec4_tN22Pi
0x80301b90	384	0	_Col_TempVertsForHull1
0x80301d10	384	0	_Col_TempVertsForHull2
0x80301990	512	0	_Col_CachedPairPool
0x00000000	0	4	drafting.cpp
0x80090e68	0	0	gcc2_compiled.
0x802a0b98	4	1	_Draft_iIntermittency
0x802a0b9c	1	1	_Draft_bVehicleDraftParametersInitialized
0x80090e68	116	2	_VehicleDraftParameters_AssignStockCar__FP30DraftPerVehicleTypeParametersT
0x80090edc	116	2	_VehicleDraftParameters_AssignBuschCar__FP30DraftPerVehicleTypeParametersT
0x80090f50	116	2	_VehicleDraftParameters_AssignStockTruck__FP30DraftPerVehicleTypeParametersT
0x80090fc4	116	2	_VehicleDraftParameters_AssignModified__FP30DraftPerVehicleTypeParametersT
0x80091038	164	2	_VehicleDraftParameters_Init__Fv
0x800910dc	296	2	_DraftCopyFastCars__FP11DraftInfo_tP12CarPhysics_tP14DraftScratch_ti
0x80091204	224	2	_DraftDuplicateCars__FP14DraftScratch_tii
0x800912e4	168	2	_DraftSideBySideCheck__FffPf
0x8009138c	60	2	_DraftCurve__Ff
0x800913c8	952	2	_DraftPull__FP14DraftScratch_tiiPf
0x80091780	552	2	_DraftPush__FP14DraftScratch_tiiPf
0x00000000	0	4	dbconst.cpp
0x80091d64	0	0	gcc2_compiled.
0x80091d64	312	2	_GetTableAndOrderList__FPUiT0Ui
0x80091e9c	164	2	_RemoveOrderByCol__FP11TDbColDef_tiUi
0x80091f40	40	2	_CompareColDefs__FPCvT0
0x80091f68	76	2	_SortColumns__FP11TDbColDef_tUi
0x80091fb4	92	2	_BuildColLiterals__FUiP11TDbColDef_tUiP15TDbColLiteral_t
0x00000000	0	4	unlock.cpp
0x80092314	0	0	gcc2_compiled.
0x80092804	4	2	_UnlockRefreshQualify__FG12ThunderCardTUc
0x8009269c	188	2	_UnlockRefreshRace__FG12ThunderCardTUc
0x80092510	392	2	_UnlockRefreshDriver__FG12ThunderCardTUc
0x80092698	4	2	_UnlockRefreshPaintScheme__FG12ThunderCardTUc
0x8009275c	84	2	_UnlockRefreshSponsor__FG12ThunderCardTUc
0x800927b0	84	2	_UnlockRefreshPrefab__FG12ThunderCardTUc
0x80092758	4	2	_UnlockRefreshVideo__FG12ThunderCardTUc
0x80092808	156	2	_UnlockRefreshChallenge__FG12ThunderCardTUc
0x802a0bc8	4	1	_Unlock_pCardFront
0x802a0bcc	4	1	_Unlock_pCardBack
0x802a0bd0	4	1	_Unlock_iQueueSize
0x80092314	132	2	_UnlockEnqueueCard__FG12ThunderCardT
0x80092398	72	2	_UnlockGetCardParameter__FG12ThunderCardT
0x800923e0	120	2	_UnlockIsCardEnabled__FG12ThunderCardT
0x80092458	184	2	_UnlockMarkCardAsUnlocked__FG12ThunderCardTUc
0x800928a4	196	2	_UnlockRefreshCardType__F9CardTypeE
0x80266c7c	40	1	TrackUnlocksCard.231
0x80092968	352	2	_UnlockRace__Fi
0x80092ac8	80	2	_ThunderCardGetRaceId__FP12ThunderCardT
0x80092b18	116	2	_ThunderCardIsForNightRace__FP12ThunderCardTPi
0x80092b8c	136	2	_ThunderCardIsForRoadRace__FP12ThunderCardTPi
0x80092c14	224	2	_UnlockAllRacesOfType__F15LockedRaceTypeE
0x80092cf4	204	2	_UnlockAllCardsOfType__F9CardTypeE
0x00000000	0	4	StylePointsManager.cpp
0x800937a4	0	0	gcc2_compiled.
0x00000000	0	4	StylePointsIG.cpp
0x80094b28	0	0	gcc2_compiled.
0x00000000	0	4	E3Utils.cpp
0x800000f8	4	0	__OSBusClock
0x00000000	0	4	LLRespectInd.cpp
0x80095e3c	0	0	gcc2_compiled.
0x802a0be8	4	1	_LLRespectInd_Font
0x802a0bec	32	1	_LLPassInd_TexCoord
0x80095e3c	456	2	_LLRespectIndRenderQuad__FRC6Vec2_tRC6Vec4_tT0
0x803020ac	176	0	_LLRespectInd_apTextures
0x8030215c	12	0	_LLRespectInd_apBatchTextures
0x80302168	4	0	_LLRespectInd_fXScale
0x8030216c	4	0	_LLRespectInd_fXOffset
0x80302170	4	0	_LLRespectInd_fYScale
0x80302174	4	0	_LLRespectInd_fYOffset
0x80302178	64	0	_LLRespectInd_DefaultPosMatrix
0x803021b8	28	0	_LLRespectInd_MatTemp
0x00000000	0	4	RespectInd.cpp
0x8009665c	0	0	gcc2_compiled.
0x802a0c10	4	1	_RespectInd_pInfo
0x8009665c	244	2	_RespectIndCalcAlpha__FPC5Car_tT0
0x80096814	484	2	_RespectIndCalcFrontIndPosition__FP6Vec2_tiPC5Car_t
0x800969f8	300	2	_RespectIndAdjustPosition__FRC6Vec2_ti
0x80096b24	704	2	_RespectIndUpdateFront__Fi
0x80096de4	1572	2	_RespectIndRender__FPCiPA3_C11RespectIndTfffUc
0x80267d70	16	1	RespectInd_ShareDraftGreen
0x80267d80	16	1	RespectInd_ApplyPressureRed
0x80267d60	16	1	RespectInd_PlayerYellow
0x80267d40	16	1	RespectInd_RivalRed
0x80267d50	16	1	RespectInd_AllyGreen
0x00000000	0	4	RespectPortrait.cpp
0x80097564	0	0	gcc2_compiled.
0x802a0c18	4	1	_RespectPortrait_pMoveAsideCar
0x802a0c1c	1	1	_RespectPortrait_bMoveAsideDone
0x802a0c20	4	1	_RespectPortrait_pBlockingCar
0x802a0c24	1	1	_RespectPortrait_bBlockingDone
0x803021d4	4	0	_RespectPortrait_uMoveAsideStartTick
0x803021d8	4	0	_RespectPortrait_uBlockingStartTick
0x00000000	0	4	nmRespectInd.cpp
0x800977e4	0	0	gcc2_compiled.
0x80267d9c	16	1	_RespectIndDependencyList
0x80097854	108	2	__static_initialization_and_destruction_0
0x800978c0	44	2	_GLOBAL_.I.GSGetDependencyList__C21FlowModuleRespectIndC
0x800978ec	44	2	_GLOBAL_.D.GSGetDependencyList__C21FlowModuleRespectIndC
0x00000000	0	4	LLTransition.cpp
0x80097918	0	0	gcc2_compiled.
0x802a0c28	4	1	_LLTrans_pShader
0x80097918	392	2	_LLTransCommonInit__Fv
0x80302274	4	0	_LLTrans_fScreenWidth
0x80302278	4	0	_LLTrans_fScreenHeight
0x80267e34	16	1	_LLTrans_OneBoxIndices
0x803021ec	64	0	_LLTrans_StartVertices
0x8030222c	4	0	_LLTrans_fStartAlpha
0x80302284	4	0	_LLTrans_pIndices
0x80302288	4	0	_LLTrans_iNumIndices
0x80302230	64	0	_LLTrans_EndVertices
0x80302270	4	0	_LLTrans_fEndAlpha
0x8030227c	4	0	_LLTrans_fIncrement
0x80302280	4	0	_LLTrans_fTime
0x80097aa0	48	2	_LLTransShrinkInit__Fff
0x80267e44	40	1	_LLTrans_TwoBoxIndices
0x00000000	0	4	celebration.cpp
0x800981f4	0	0	gcc2_compiled.
0x802a0c30	1	1	_bCelebrate
0x802a0c34	4	1	_iCelebratePlayerID
0x802a0c38	4	1	_fCelebrationTimer
0x802a0c3c	4	1	_fCelebrationExitTime
0x802a0c40	4	1	_Celebration_iMusicStream
0x802a0c44	1	1	_bCelebrationEnabled
0x800981f4	80	2	_CelebrationStartExitTimer__Fv
0x00000000	0	4	FavoriteDriver.cpp
0x8009886c	0	0	gcc2_compiled.
0x800000f8	4	0	__OSBusClock
0x00000000	0	4	ColSweepPrune.cpp
0x80098948	0	0	gcc2_compiled.
0x80306e5c	3136	0	_auiPairTable
0x80307a9c	448	0	_asSweepListX
0x80302e5c	16384	0	_FakeScratchpad
0x80307c5c	448	0	_asSweepListY
0x00000000	0	4	coldbg.cpp
0x00000000	0	4	DrawBB.cpp
0x00000000	0	4	platforminit.cpp
0x80099348	0	0	gcc2_compiled.
0x802a0c58	4	1	_NascarMainInit_uHeapAdjustment
0x80099348	76	2	_MainInitFastCast__Fv
0x80307edc	68	0	_Nascar_Metrics
0x00000000	0	4	camfloat.cpp
0x800995f8	0	0	gcc2_compiled.
0x800995f8	264	2	_CamFreeFloatInit__FP8CamHdr_tPv
0x80099700	4	2	_CamFreeFloatUninit__FP8CamHdr_t
0x802a0cf0	4	1	CamScriptSpeed
0x802a0cf4	4	1	CamScriptNumWaypoints
0x802a0cf8	16	1	CamScriptWaypointPrompt
0x8009a21c	744	2	_CamFreeFloatMsgFunc__FP9CamMain_t12CamMainMsg_tPv
0x80307f20	12	0	_CamFreeFloatMoveVect
0x80307f30	4	0	_CamFreeFloatRoll
0x80307f38	4	0	_CamFreeFloatZoom
0x80307f2c	4	0	_CamFreeFloatPitch
0x80307f34	4	0	_CamFreeFloatRotate
0x80099750	64	2	CamScriptCheckWrapAngle__Fi
0x80099790	76	2	CamScriptCheckOrientWrap__FP9Orient3_t
0x800997dc	388	2	CamScriptSetSpeed__FP9CamMain_tP6Vec3_tP9Orient3_t
0x80099960	116	2	CamFloatFocusOnCar__FP9CamMain_t
0x800999d4	524	2	_CamMoveTowardWaypoint__FP9CamMain_t
0x80307f3c	36	0	CamScriptWaypoint
0x80307f60	36	0	CamScriptOrientation
0x80099f5c	704	2	_CamFreeFloatProcess__FP9CamMain_t
0x00000000	0	4	camgame.cpp
0x8009a504	0	0	gcc2_compiled.
0x802a0d10	800	1	_CamGame_MotBlurParm
0x8009a504	84	2	_CamGameCreate__FPv17VptManagerVptType
0x8009a5a4	128	2	_CamGameAdd__FP14CamGameState_t11CameraTypeE17VptManagerVptType
0x8009a558	76	2	_CamGameDestroy__FPv
0x8009a624	64	2	_CamGameDelete__FP14CamGameState_t
0x8009a664	236	2	_CamGameForAllCamerasDo__FPFP9CamMain_tUiUiUi_vUiUiUi
0x80307f84	96	0	_CamGame_pCurrent
0x00000000	0	4	cammain.cpp
0x8009ab88	0	0	gcc2_compiled.
0x802a103c	100	1	_CamMainTypeDefs
0x802a10a0	100	1	_CamMain_BaseTypes
0x802a1104	16	1	_CM_fJitterAng
0x802a1114	16	1	_CM_fJitterVel
0x8009ab88	200	2	_CamMainProcessFollow__FP9CamMain_t
0x8009b1c4	80	2	_CamMainGetFocusPos__F17CamMainFocusTypeTUiP6Vec3_t
0x8009ac50	100	2	_CamMainCalcFollowPos__FP9CamMain_tP6Vec3_tT1
0x802a1124	1	1	uFrameDelay.456
0x80307fe4	32	0	_CM_BlurParams
0x80308004	32	0	_CM_BlurParamsSave
0x8009b19c	40	2	_CamMainGetCameraPos__FP9CamMain_tP6Vec3_t
0x8009b214	76	2	_CamMainGetFocusOrient__F17CamMainFocusTypeTUiP9Orient3_t
0x8009b260	536	2	_CamMainGetAngleToFocus__FP9CamMain_tP9Orient3_t
0x8009b478	136	2	_CamMainConvertObjMatToCamMat__FP5Mat_tP9CamMain_t
0x8009b500	120	2	_CamMainConvertCameraToMatrix__FPvP9CamMain_t
0x8009b578	176	2	_CamMainBaseInit__FP9CamMain_t
0x8009b628	64	2	_CamMainBaseUninit__FP9CamMain_t
0x8009b668	96	2	_CamMainBaseProcess__FP9CamMain_t
0x8009b6c8	88	2	_CamMainBaseMoveAngle__FP9CamMain_tP9Orient3_t
0x00000000	0	4	camobj.cpp
0x00000000	0	4	camtoolbox.cpp
0x8009bf00	880	2	_CamToolColDetectWall__FP6Vec4_tP11PTrackLoc_tUc
0x800000f8	4	0	__OSBusClock
0x00000000	0	4	camchase.cpp
0x8009ceb4	0	0	gcc2_compiled.
0x802a1150	4	1	_camChaseTicks
0x802a1154	12	1	_Cam_Force
0x802a1160	4	1	_Cam_ShakeForce
0x802a1164	4	1	_CamScrollFocalPoint
0x802a1168	4	1	_CamScrollStartAngle
0x802a116c	4	1	_CamScrollIncrement
0x802a1170	4	1	_CamScrollIncDec
0x802a1174	4	1	_CamScrollDecelAngle
0x802a1178	1	1	_CamChase_bWarpUserCam
0x802a117c	4	1	_fTolerance
0x802a1180	1	1	_CamChase_bAllowFovAdjustment
0x802a1184	408	1	CamChase_RoofCamModelModifier
0x802a131c	4	1	eTweakType
0x802a1320	4	1	_CamChase_fFOVscale
0x8009d008	616	2	_CamChaseInit__FP8CamHdr_tPv
0x8009d270	4	2	_CamChaseUninit__FP8CamHdr_t
0x8009ceb4	340	2	_CamChaseCarCollide__FP6Vec3_tP5Car_t
0x80308028	88	0	_CamChase_aCollision
0x8009d274	128	2	_CamChaseInterpolateCamSwitch__FP9CamMain_tP6Vec3_tPC6Vec3_t
0x8009d2f4	768	2	_CamChaseCarCamProcess__FP9CamMain_t
0x8009d5f4	44	2	_CamChaseShouldInterpolate__FP9CamMain_t
0x8009d620	12	2	_CamChaseResetInterpolation__FP9CamMain_t
0x8009d62c	396	2	_CamChaseDoFrontBackMotion__FP9CamMain_tP6Vec3_t
0x80308024	4	0	iNoLoadStart.591
0x8009d7b8	1988	2	_CamChaseChaseCamProcess__FP9CamMain_tP9Orient3_t
0x8009df7c	376	2	_CamChaseMiscCamProcess__FP9CamMain_tP9Orient3_t
0x802a1330	4	1	interpspeed.598
0x802a1334	4	1	interpaccel.599
0x8009e0f4	1108	2	_CamChaseProcessScrollShot__FP9CamMain_t
0x802a1338	4	1	fEnableFovy.603
0x802a133c	4	1	fEnableAspect.604
0x802a1340	4	1	fEnablePos.605
0x802a1344	4	1	fForwardAccelAvg.606
0x8009e548	1912	2	_CamChaseProcess__FP9CamMain_t
0x8009ecc0	96	2	_CamChaseChangeMode__FP9CamMain_t
0x00000000	0	4	camdemo.cpp
0x8009f094	0	0	gcc2_compiled.
0x802a1348	16	1	HelicopterOffset
0x802a1358	4	1	_HeliForwardAmount
0x802a135c	1	1	_bCamDemoSystemInited
0x802a135d	1	1	_CamDemo_bIsActive
0x8009f138	188	2	_CamDemoInit__FP8CamHdr_tPv
0x8009f1f4	16	2	_CamDemoUninit__FP8CamHdr_t
0x8009f094	164	2	_CamDemoSurfCollision__FP6Vec3_tP9CamDemo_t
0x800a0810	156	2	_CamDemoInitScrollCam__Fv
0x800a08ac	56	2	_CamDemoInitHeliCam__Fv
0x8009f204	620	2	_CamDemoGetTargetPos__FP9CamMain_tP6Vec3_tPf
0x8009f470	1916	2	_CamDemoProcess__FP9CamMain_t
0x8009fd48	216	2	_CamDemoSetFOV__FP9CamMain_tUc
0x8009fce0	104	2	_CamDemoCalcFovy__Fff
0x8009fc14	204	2	_CamDemoSetAngle__FP9CamMain_tP9Orient3_tUc
0x8030808c	16	0	_CamDemoOffset
0x8009feb4	396	2	_CamDemoProcessCarFrontalShot__FP9CamMain_t
0x800a0040	752	2	_CamDemoProcessHeliShot__FP9CamMain_t
0x800a05a8	616	2	_CamDemoProcessCarShot__FP9CamMain_tUcf
0x802683ec	16	1	ScrollOffset
0x800a0330	632	2	_CamDemoProcessScrollShot__FP9CamMain_t
0x8009fe20	148	2	CamDemoFrontalSelectTargetPoint__FP5Car_tT0P6Vec3_tf
0x802a136c	4	1	_lerp
0x802a1370	4	1	_dist
0x80308084	4	0	AngleIncrement
0x80308088	4	0	_CamDemo_DecelAngle
0x80308080	4	0	RotAngle
0x00000000	0	4	camdemolist.cpp
0x800a09e4	0	0	gcc2_compiled.
0x802a1378	4	1	_CamDemoCurrValidSet
0x802a137c	8	1	_CamDemoValidCarCams
0x800a0a5c	132	2	_CamDemoListGetNumTrackCams__FUc
0x800a0ae0	112	2	_CamDemoListGetNumAllowedCarCams__FUc
0x800a0b50	136	2	_CamDemoGetAvailableTrackCamIDByIndex__FUi
0x800a0bd8	136	2	_CamDemoListGetCarCamIDByIndex__FP8CamHdr_tUiUc
0x800a0dc4	52	2	_GetTrackID__FPi
0x00000000	0	4	camdemodirector.cpp
0x800a117c	0	0	gcc2_compiled.
0x800a117c	368	2	_CamDemoDirectorShouldChangeCameras__FP8CamHdr_t
0x800a12ec	452	2	_CamDemoDirectorChangeCamera__FP8CamHdr_t
0x800a14b0	200	2	_CamDemoDirectorCarIsValidTarget__FP5Car_t
0x800a1578	844	2	_CamDemoDirectorChooseTargets__FP8CamHdr_tUc
0x800a18c4	128	2	_CamDemoPickShotType__FP8CamHdr_tP5Car_tT1P12CamDemoShotE
0x800a1944	600	2	_CamDemoDirectorChangeTargets__FP8CamHdr_t
0x800000f8	4	0	__OSBusClock
0x00000000	0	4	camdrive.cpp
0x800a1f9c	0	0	gcc2_compiled.
0x800a1f9c	184	2	_CamDriveInit__FP8CamHdr_tPv
0x800a2054	4	2	_CamDriveUninit__FP8CamHdr_t
0x802a1394	4	1	u_camDriveTicks
0x800a26bc	40	2	_CamDriveMsgFunc__FP9CamMain_t12CamMainMsg_tPv
0x800a2058	368	2	_HackScaleByFrameRate__Ff
0x800a21c8	240	2	_CamDriveProcess__FP9CamMain_t
0x800a22b8	1028	2	_CamDriveMoveAlongLine__FP9CamMain_tf
0x800a2ab0	32	2	_CamNearestPointOnCurve__FPC6Vec4_tPC6Vec3_tT0P6Vec4_tPf
0x800a27e0	352	2	_CamGetBezLength__FPC6Vec3_tf
0x800a2940	368	2	_CamFindLengthT__FPC6Vec3_tPf
0x00000000	0	4	cammatrix.cpp
0x800a2ad0	0	0	gcc2_compiled.
0x800a2ad0	152	2	DVec3Mat33Mul__FP7DVec3_tT0
0x800a2b68	28	2	DVec3TfromVec3T__FP7DVec3_tP6Vec3_t
0x800a2b84	76	2	DMathInvSqrt__Fd
0x800a2bd0	56	2	DVec3InvMagnitude__FP7DVec3_t
0x800a2c08	88	2	DVec3Normalize__FP7DVec3_tT0
0x800a2c60	40	2	DVec3DotProduct__FP7DVec3_tT0
0x800a2c88	56	2	DMathArcCos__Fd
0x800a2cc0	100	2	DVec3GetAngle__FP7DVec3_tT0
0x800000f8	4	0	__OSBusClock
0x00000000	0	4	camshaky.cpp
0x800a32d0	0	0	gcc2_compiled.
0x802a1398	4	1	_CamShaky_fMinRetargetFrames
0x802a139c	4	1	_CamShaky_fMaxRetargetFrames
0x802a13a0	4	1	_CamShaky_fRetargetAxisWeighting
0x802a13a4	1	1	_CamShaky_bDebug
0x800a3390	1016	2	_CamShakyComputeNewCurve__FP9CamShakyTPC6Vec3_tN21fff
0x00000000	0	4	CameraMan.cpp
0x800a453c	0	0	gcc2_compiled.
0x00000000	0	4	_TrackCameraList.cpp
0x800a47a0	0	0	gcc2_compiled.
0x800000f8	4	0	__OSBusClock
0x00000000	0	4	CarCamIterator.cpp
0x800a4da4	0	0	gcc2_compiled.
0x800000f8	4	0	__OSBusClock
0x00000000	0	4	TrackCamIterator.cpp
0x800a4e08	0	0	gcc2_compiled.
0x800000f8	4	0	__OSBusClock
0x00000000	0	4	CamTool.cpp
0x00000000	0	4	CTLActions.cpp
0x00000000	0	4	CTLCam.cpp
0x00000000	0	4	CTLContext.cpp
0x00000000	0	4	CTLInput.cpp
0x00000000	0	4	CTLMgr.cpp
0x00000000	0	4	CTLOrigState.cpp
0x00000000	0	4	CTLTweaks.cpp
0x00000000	0	4	event.cpp
0x800a4fac	0	0	gcc2_compiled.
0x802a13b0	4	1	_EventPeriphTemp
0x800a4fac	80	2	_EventCopyBuffer__FPUcT0
0x8030809c	5	0	_Event_ForceLatch
0x803080a4	20	0	_Event_aConfigs
0x00000000	0	4	files.cpp
0x00000000	0	4	hack.cpp
0x802a16b0	54	1	_Hack_BMPHeader
0x802a16e8	4	1	_Hack_ScreenDumpNum
0x00000000	0	4	renderbindef.cpp
0x00000000	0	4	vptmanager.cpp
0x800a52c4	0	0	gcc2_compiled.
0x802a1cfc	160	1	_VptManagerParms
0x802a1d9c	4	1	_VptManagerAspect
0x802a1da0	4	1	_VptManagerInvAspect
0x802a1da4	1	1	_VptManager_bAllowRearView
0x800a52c4	84	2	_VptManagerCreate__FPv
0x800a5318	60	2	_VptManagerDestroy__FPv
0x800a5354	84	2	_VptManagerCreateStack__FPv
0x800a53a8	64	2	_VptManagerDestroyStack__FPv
0x800a53e8	92	2	_VptManagerAttach__FP17VptManagerStack_tP22VptManagerStackEntry_t
0x800a5444	116	2	_VptManagerDetach__FP17VptManagerStack_tP22VptManagerStackEntry_t
0x800a54b8	52	2	_VptManagerNewStack__FP12VptManager_t
0x800a54ec	56	2	_VptManagerNewStackEntry__FP17VptManagerStack_t
0x800a5524	32	2	_VptManagerFindStack__FPCvPvT1
0x800a5544	88	2	_VptManagerGetStack__FPv
0x800a559c	32	2	_VptManagerFindStackEntry__FPCvPvT1
0x00000000	0	4	LLVptManager.cpp
0x803080f4	4	0	_pVptTMParm
0x803080e0	20	0	_VptTMParm
0x8030810c	20	0	_VptViewportScale
0x803080f8	20	0	_VptTypes
0x803080c0	32	0	_GameViewports
0x800000f8	4	0	__OSBusClock
0x00000000	0	4	dbuserfile.cpp
0x800a6944	0	0	gcc2_compiled.
0x802a1da8	12	1	_DbUserFile_Data
0x800a6944	52	2	_GetDbTables__FPUiT0
0x800a6978	96	2	_GetDbTableFlags__FPUiPUcUi
0x800a69d8	96	2	_SetDbTableFlags__FPUiPUcUi
0x800a6a38	96	2	_SetAllDbTableFlags__FPUiUiUc
0x800a6a98	224	2	_ChangePersistentFlags__FUc
0x800a6b78	244	2	_DbUserFileGetSaveTables__FPUiT0Uc
0x800a6c6c	84	2	_DbUserFileCalculateCRC__FP16DbUserFileData_tPUi
0x00000000	0	4	dbsizecalc.cpp
0x800a719c	0	0	gcc2_compiled.
0x800a719c	36	2	_FakeIO_Open__FPvUiT0Uc
0x800a71c0	8	2	_FakeIO_Close__FPv
0x800a71fc	8	2	_FakeIO_Read__FPvT0UiPUi
0x800a71c8	52	2	_FakeIO_Write__FPvT0UiPUi
0x800a7204	8	2	_FakeIO_CalcPadding__FUi
0x00000000	0	4	dbutil.cpp
0x800a720c	0	0	gcc2_compiled.
0x00000000	0	4	llfilecache.cpp
0x800a7a38	0	0	gcc2_compiled.
0x800000f8	4	0	__OSBusClock
0x00000000	0	4	MemCard.cpp
0x800a7a54	0	0	gcc2_compiled.
0x802a1f80	1	1	_MemCard_bWaitingForPendingMessagesEnqueued
0x802a1f84	4	1	_iStoredResult
0x80308120	13472	0	_MemCardData
0x8030b5c0	4	0	_1stOption
0x8030b5c4	4	0	_2ndOption
0x8030b5c8	4	0	_3rdOption
0x00000000	0	4	LLMemCard.cpp
0x800a9488	0	0	gcc2_compiled.
0x802a1f88	4	1	_LLmc_pIconFile
0x802a1f8c	4	1	_LLmc_pIconMatTypeHdr
0x8030b5e0	512	0	_LLmc_IconBuffer
0x00000000	0	4	gsflowman.cpp
0x800aaf18	0	0	gcc2_compiled.
0x800ab2a8	108	2	__static_initialization_and_destruction_0
0x800ab314	44	2	_GLOBAL_.I.GSGetNumGroups__14GSFlowManagerC
0x800ab340	44	2	_GLOBAL_.D.GSGetNumGroups__14GSFlowManagerC
0x00000000	0	4	ngautosave.cpp
0x800ab36c	0	0	gcc2_compiled.
0x802a1f90	4	1	_FGAutosave_e1stChoice
0x802a1f94	4	1	_FGAutosave_e2ndChoice
0x802a1f98	4	1	_FGAutosave_e3rdChoice
0x802a1f9c	4	1	_FGAutosave_eWait
0x8026c5a0	136	1	_FGAutosave_Stages
0x8026c628	232	1	_FGAutosave_Transitions
0x8026c710	8	1	_FGAutosave_Modules
0x00000000	0	4	ngboot.cpp
0x800abd08	0	0	gcc2_compiled.
0x802a1fa0	4	1	_FGBoot_e1stChoice
0x802a1fa4	4	1	_FGBoot_e2ndChoice
0x802a1fa8	4	1	_FGBoot_e3rdChoice
0x802a1fac	4	1	_FGBoot_eWait
0x802a1fb0	1	1	_FGBoot_bCardFound
0x802a1fb1	1	1	_FGBoot_bCardValid
0x802a1fb2	1	1	_FGBoot_bMounted
0x802a1fb3	1	1	_FGBoot_bFirstBoot
0x8026c920	168	1	_FGBoot_Stages
0x8026c9c8	344	1	_FGBoot_Transitions
0x8026cb20	8	1	_FGBoot_Modules
0x00000000	0	4	ngcareer.cpp
0x800ac948	0	0	gcc2_compiled.
0x8026cb90	48	1	_careerGroupStages
0x8026cbc0	56	1	_careerTransitions
0x8026cbf8	24	1	_careerSetupModules
0x8026cc10	28	1	_careerModules
0x8026cc2c	28	1	_careerSeriesModules
0x8026cc48	4	1	_careerShutdownModules
0x00000000	0	4	ngchase.cpp
0x800acb34	0	0	gcc2_compiled.
0x8026ccb8	56	1	_chaseGroupStages
0x8026ccf0	64	1	_chaseTransitions
0x8026cd30	24	1	_chaseSetupModules
0x8026cd48	28	1	_chaseModules
0x8026cd64	4	1	_chaseShutdownModules
0x00000000	0	4	nginterface.cpp
0x800acd24	0	0	gcc2_compiled.
0x802a1fc0	4	1	_QM_uMovieId
0x802a1fc4	1	1	_QM_uCanAbort
0x802a1fc8	4	1	_QM_iRatingMovieId
0x8026cf04	128	1	_interfaceGroupStages
0x8026cf84	256	1	_interfaceTransitions
0x8026d084	28	1	_interfaceBootModules
0x8026d0a0	28	1	_interfaceBrandingMovieModules
0x8026d0bc	84	1	_interfaceMainLoadingModules
0x8026d110	92	1	_interfaceFrontendModules
0x8026d208	40	1	_interfaceRestartIngameModules
0x8026d26c	56	1	_interfaceRaceWeekendModules
0x8026d2a4	52	1	_interfaceIngameModules
0x8026d2d8	44	1	_interfaceDemoModules
0x8026d16c	92	1	_interfaceLoadingFrontendModules
0x8026d1c8	64	1	_interfaceLoadingIngameModules
0x8026d230	60	1	_interfaceLoadingDemoModules
0x802a1fcc	4	1	uTimeOfLastCall.519
0x802a1fd0	4	1	fTimeBetweenCallsAvg.520
0x8030b8c0	20	0	_QM_strMovieFileName
0x00000000	0	4	ngmain.cpp
0x800ad510	0	0	gcc2_compiled.
0x8026d330	24	1	_mainGroupStages
0x8026d348	16	1	_mainTransitions
0x8026d358	80	1	_mainModules
0x8026d3a8	84	1	_mainFullInitModules
0x00000000	0	4	ngrace.cpp
0x800ad590	0	0	gcc2_compiled.
0x802a1fd8	4	1	_PrePauseStage
0x802a1fdc	4	1	_TransitionStage
0x802a1fe0	4	1	_raceGroup_iOnlineInGamePauseTimer
0x800ad590	28	2	_PauseTimerDecrement__Fv
0x8026d6e8	288	1	_raceGroupStages
0x8026d808	896	1	_raceTransitions
0x8026db88	184	1	_raceSetupModules
0x8026dc40	132	1	_raceTransitionToRaceModules
0x8026e620	176	1	_raceTransitionFromPracticeModules
0x8026e59c	132	1	_raceTransitionFromGatoradeModules
0x8026dd94	204	1	_raceIntroModules
0x8026df28	212	1	_racePreGreenModules
0x8026de60	200	1	_raceWinstonPaceModules
0x8026e0d0	204	1	_raceRestartModules
0x8026dffc	212	1	_raceRaceModules
0x8026e19c	212	1	_raceQCFinishModules
0x8026e270	208	1	_raceCelebrationModules
0x8026e6d0	96	1	_raceTransToVicLaneModules
0x8026e730	112	1	_raceVictoryLaneModules
0x8026e340	200	1	_raceQuitModules
0x8026e408	216	1	_raceWreckReplayModules
0x8026e4e0	188	1	_raceHighlightModules
0x8026e8fc	200	1	_raceMarketingModules
0x8026e7a0	176	1	_racePostRaceMenuModules
0x8026e850	172	1	_raceBlackFlagMenuModules
0x8026dcc4	208	1	_racePauseModules
0x00000000	0	4	ngspeedzone.cpp
0x800aef28	0	0	gcc2_compiled.
0x8026ea44	40	1	_NGSpeedZone_GroupStages
0x8026ea6c	56	1	_NGSpeedZone_Transitions
0x8026eab0	12	1	_NGSpeedZoneIGModules
0x8026eaa4	12	1	_NGSpeedZoneModules
0x00000000	0	4	ngsimulation.cpp
0x800af064	0	0	gcc2_compiled.
0x802a1fe8	1	1	_ngsimulation_bCancelSimulation
0x8026eb9c	56	1	_NGSimulation_GroupStages
0x8026ebd4	96	1	_NGSimulation_Transitions
0x8026ec34	4	1	_NGSimulation_CheckModules
0x8026ec38	4	1	_NGSimulation_BeginModules
0x8026ec3c	12	1	_NGSimulation_RunModules
0x8026ec48	4	1	_NGSimulation_PauseModules
0x8026ec4c	4	1	_NGSimulation_EndModules
0x8026ec50	4	1	_NGSimulation_StopModules
0x00000000	0	4	racerender.cpp
0x800af488	0	0	gcc2_compiled.
0x802a1ff0	4	1	_PollSkipIncr
0x800af494	112	2	_RaceRenderDrawPitCharacters__FUi
0x802a1ff8	4	1	_NGRace_RenderInGame
0x800af504	108	2	_RaceRenderDrawEnd__Fv
0x8030b8d8	16	0	_RaceRender_CamInfo.558
0x8030b8f8	20	0	VptStackList
0x8030b90c	20	0	_RR_uVptIdx
0x8030b920	20	0	_RR_fFadeDistScales
0x800af984	96	2	_RaceRenderVicLaneDrawEnd__Fv
0x8030b8e8	16	0	_RaceRender_CamInfo.568
0x00000000	0	4	ngquickrace.cpp
0x800afc68	0	0	gcc2_compiled.
0x8026ec98	32	1	_quickRaceGroupStages
0x8026ecb8	40	1	_quickRaceTransitions
0x8026ece0	28	1	_quickRaceModules
0x8026ecfc	4	1	_quickRaceShutdownModules
0x00000000	0	4	ngseason.cpp
0x800afd10	0	0	gcc2_compiled.
0x8026ed58	48	1	_seasonGroupStages
0x8026ed88	48	1	_seasonTransitions
0x8026edb8	20	1	_seasonSetupModules
0x8026edcc	24	1	_seasonModules
0x8026ede4	28	1	_seasonRaceModules
0x8026ee00	4	1	_seasonIdleModules
0x8026ee04	4	1	_seasonShutdownModules
0x00000000	0	4	ngmemorycard.cpp
0x800afe58	0	0	gcc2_compiled.
0x802a2000	4	1	_Ngmc_ePollingMode
0x802a2004	4	1	MemCardResult
0x802a2008	1	1	MemCardAvailableResult
0x802a2009	1	1	PollingEnabled
0x802a200c	4	1	MemCardCursor
0x802a2010	1	1	_Ngmc_OperationStartedFromScan
0x802a2011	1	1	_Ngmc_OperationStartedFromIdle
0x802a2014	4	1	_Ngmc_e1stChoice
0x802a2018	4	1	_Ngmc_e2ndChoice
0x802a201c	4	1	_Ngmc_e3rdChoice
0x802a2020	4	1	_StartOperation
0x802a2024	4	1	_StopOperation
0x802a2028	1	1	_Ngmc_bProbedOnce
0x8026f264	344	1	_memCardGroupStages
0x8026f3bc	936	1	_memCardTransitions
0x8026f764	4	1	_memCardModules
0x8030b934	16	0	_Ngmc_CardInfo
0x8030b9d0	4	0	_Ngmc_ePort
0x8030b9cc	4	0	_Ngmc_eScanPort
0x8030b944	136	0	_Ngmc_Op
0x00000000	0	4	nglightning.cpp
0x800b1ad8	0	0	gcc2_compiled.
0x8026f828	64	1	_lightningGroupStages
0x8026f868	96	1	_lightningTransitions
0x8026f8c8	24	1	_lightningModules
0x8026f8e0	4	1	_lightningShutdownModules
0x00000000	0	4	ngvictorylane.cpp
0x800b1cbc	0	0	gcc2_compiled.
0x8026f9a8	72	1	_VictoryLaneGroupStages
0x8026f9f0	120	1	_VictoryLaneTransitions
0x8026fa68	88	1	_VictoryLaneInitModules
0x00000000	0	4	ngprologue.cpp
0x800b1df4	0	0	gcc2_compiled.
0x802a2030	1	1	_bMoviePlayed
0x8026fba0	56	1	_prologueGroupStages
0x8026fbd8	56	1	_prologueTransitions
0x8026fc10	8	1	_prologueModules
0x00000000	0	4	nmai.cpp
0x800b20ec	0	0	gcc2_compiled.
0x8026fc1c	20	1	_AIDependencyList
0x800b2154	108	2	__static_initialization_and_destruction_0
0x800b21c0	44	2	_GLOBAL_.I.GSGetDependencyList__C13FlowModuleAIC
0x800b21ec	44	2	_GLOBAL_.D.GSGetDependencyList__C13FlowModuleAIC
0x00000000	0	4	nmaispeeds.cpp
0x800b2218	0	0	gcc2_compiled.
0x8026fc3c	8	1	_NMAISpeeds_DependencyList
0x800b2280	108	2	__static_initialization_and_destruction_0
0x800b22ec	44	2	_GLOBAL_.I.GSGetDependencyList__C19FlowModuleAISpeedsC
0x800b2318	44	2	_GLOBAL_.D.GSGetDependencyList__C19FlowModuleAISpeedsC
0x00000000	0	4	nmanim.cpp
0x800b2344	0	0	gcc2_compiled.
0x802a205c	12	1	_NMAnim_iSeqBufSizes
0x8026fc50	12	1	_NMAnimDependencyList
0x800b24c0	108	2	__static_initialization_and_destruction_0
0x800b252c	44	2	_GLOBAL_.I._NMAnim_DynBufferDef
0x800b2558	44	2	_GLOBAL_.D._NMAnim_DynBufferDef
0x00000000	0	4	nmanimcam.cpp
0x800b2584	0	0	gcc2_compiled.
0x8026fc64	12	1	_AnimCamDependencyList
0x800b2604	108	2	__static_initialization_and_destruction_0
0x800b2670	44	2	_GLOBAL_.I.GSGetDependencyList__C18FlowModuleAnimCamC
0x800b269c	44	2	_GLOBAL_.D.GSGetDependencyList__C18FlowModuleAnimCamC
0x00000000	0	4	nmanimvictorylane.cpp
0x800b26c8	0	0	gcc2_compiled.
0x8026fc80	28	1	_AnimDependencyList
0x800b26f8	108	2	__static_initialization_and_destruction_0
0x800b2764	44	2	_GLOBAL_.I.GSGetDependencyList__C26FlowModuleAnimVictoryLaneC
0x800b2790	44	2	_GLOBAL_.D.GSGetDependencyList__C26FlowModuleAnimVictoryLaneC
0x00000000	0	4	nmbodydamage.cpp
0x800b27bc	0	0	gcc2_compiled.
0x8026fca8	4	1	_BodyDamageDependencyList
0x800b2824	108	2	__static_initialization_and_destruction_0
0x800b2890	44	2	_GLOBAL_.I.GSGetDependencyList__C21FlowModuleBodyDamageC
0x800b28bc	44	2	_GLOBAL_.D.GSGetDependencyList__C21FlowModuleBodyDamageC
0x00000000	0	4	nmboot.cpp
0x800b28e8	0	0	gcc2_compiled.
0x8026fcb4	8	1	_BootDependencyList
0x8026fcbc	4	1	_BootAntiDependencyList
0x800b298c	108	2	__static_initialization_and_destruction_0
0x800b29f8	44	2	_GLOBAL_.I.GSGetDependencyList__C15FlowModuleBootC
0x800b2a24	44	2	_GLOBAL_.D.GSGetDependencyList__C15FlowModuleBootC
0x00000000	0	4	nmcamera.cpp
0x800b2a50	0	0	gcc2_compiled.
0x8026fcc8	8	1	_CameraDependencyList
0x800b2ae8	108	2	__static_initialization_and_destruction_0
0x800b2b54	44	2	_GLOBAL_.I.GSGetDependencyList__C17FlowModuleCameraC
0x800b2b80	44	2	_GLOBAL_.D.GSGetDependencyList__C17FlowModuleCameraC
0x00000000	0	4	nmcareer.cpp
0x800b2bac	0	0	gcc2_compiled.
0x8026fcd8	4	1	_CareerDependencyList
0x800b2c58	108	2	__static_initialization_and_destruction_0
0x800b2cc4	44	2	_GLOBAL_.I.GSGetDependencyList__C17FlowModuleCareerC
0x800b2cf0	44	2	_GLOBAL_.D.GSGetDependencyList__C17FlowModuleCareerC
0x00000000	0	4	nmcarresource.cpp
0x800b2d1c	0	0	gcc2_compiled.
0x8026fce8	8	1	_CarResourceDependencyList
0x8026fcf0	4	1	_CarResourceAntiDependencyList
0x800b2d90	108	2	__static_initialization_and_destruction_0
0x800b2dfc	44	2	_GLOBAL_.I.GSGetDependencyList__C22FlowModuleCarResourceC
0x800b2e28	44	2	_GLOBAL_.D.GSGetDependencyList__C22FlowModuleCarResourceC
0x00000000	0	4	nmcarresourcefe.cpp
0x800b2e54	0	0	gcc2_compiled.
0x8026fd04	8	1	_CarResourceFEDependencyList
0x8026fd0c	4	1	_CarResourceFEAntiDependencyList
0x800b2ee8	108	2	__static_initialization_and_destruction_0
0x800b2f54	44	2	_GLOBAL_.I.GSGetDependencyList__C24FlowModuleCarResourceFEC
0x800b2f80	44	2	_GLOBAL_.D.GSGetDependencyList__C24FlowModuleCarResourceFEC
0x00000000	0	4	nmcarshadow.cpp
0x800b2fac	0	0	gcc2_compiled.
0x8026fd1c	20	1	_CarShadowDependencyList
0x800b3030	108	2	__static_initialization_and_destruction_0
0x800b309c	44	2	_GLOBAL_.I.GSGetDependencyList__C20FlowModuleCarShadowC
0x800b30c8	44	2	_GLOBAL_.D.GSGetDependencyList__C20FlowModuleCarShadowC
0x00000000	0	4	nmcelebration.cpp
0x800b30f4	0	0	gcc2_compiled.
0x8026fd3c	4	1	_celebrationDependencyList
0x8026fd40	4	1	_celebrationAntiDependencyList
0x800b3160	108	2	__static_initialization_and_destruction_0
0x800b31cc	44	2	_GLOBAL_.I.GSGetDependencyList__C22FlowModuleCelebrationC
0x800b31f8	44	2	_GLOBAL_.D.GSGetDependencyList__C22FlowModuleCelebrationC
0x00000000	0	4	nmchase.cpp
0x800b3224	0	0	gcc2_compiled.
0x8026fd4c	4	1	_ChaseDependencyList
0x800b3298	108	2	__static_initialization_and_destruction_0
0x800b3304	44	2	_GLOBAL_.I.GSGetDependencyList__C16FlowModuleChaseC
0x800b3330	44	2	_GLOBAL_.D.GSGetDependencyList__C16FlowModuleChaseC
0x00000000	0	4	nmcollision.cpp
0x800b335c	0	0	gcc2_compiled.
0x8026fd5c	8	1	_CollisionDependencyList
0x800b33cc	108	2	__static_initialization_and_destruction_0
0x800b3438	44	2	_GLOBAL_.I.GSGetDependencyList__C20FlowModuleCollisionC
0x800b3464	44	2	_GLOBAL_.D.GSGetDependencyList__C20FlowModuleCollisionC
0x00000000	0	4	nmcustompitbnr.cpp
0x800b3490	0	0	gcc2_compiled.
0x8026fd80	8	1	_CustomPitBnrDependencyList
0x800b34dc	108	2	__static_initialization_and_destruction_0
0x800b3548	44	2	_GLOBAL_.I.GSGetDependencyList__C23FlowModuleCustomPitBnrC
0x800b3574	44	2	_GLOBAL_.D.GSGetDependencyList__C23FlowModuleCustomPitBnrC
0x00000000	0	4	nmdb.cpp
0x800b35a0	0	0	gcc2_compiled.
0x800b35a0	124	2	nmDBSetDefaultCarSetup__Fv
0x800b361c	256	2	nmDBSetDefaultBackupTables__Fv
0x8026fe28	8	1	_DBDependencyList
0x800b3864	108	2	__static_initialization_and_destruction_0
0x800b38d0	44	2	_GLOBAL_.I.nmDBDefaultWidescreen__Fv
0x800b38fc	44	2	_GLOBAL_.D.nmDBDefaultWidescreen__Fv
0x00000000	0	4	nmdbconst.cpp
0x800b3928	0	0	gcc2_compiled.
0x8026fe40	12	1	_dbconstDependencyList
0x800b3990	108	2	__static_initialization_and_destruction_0
0x800b39fc	44	2	_GLOBAL_.I.GSGetDependencyList__C18FlowModuleDBConstC
0x800b3a28	44	2	_GLOBAL_.D.GSGetDependencyList__C18FlowModuleDBConstC
0x00000000	0	4	nmdebug.cpp
0x800b3a54	0	0	gcc2_compiled.
0x8026fe54	4	1	_debugDependencyList
0x800b3a84	108	2	__static_initialization_and_destruction_0
0x800b3af0	44	2	_GLOBAL_.I.GSGetDependencyList__C16FlowModuleDebugC
0x800b3b1c	44	2	_GLOBAL_.D.GSGetDependencyList__C16FlowModuleDebugC
0x00000000	0	4	nmdemocamera.cpp
0x800b3b48	0	0	gcc2_compiled.
0x8026fe64	8	1	_DemoCameraDependencyList
0x800b3bb0	108	2	__static_initialization_and_destruction_0
0x800b3c1c	44	2	_GLOBAL_.I.GSGetDependencyList__C21FlowModuleDemoCameraC
0x800b3c48	44	2	_GLOBAL_.D.GSGetDependencyList__C21FlowModuleDemoCameraC
0x00000000	0	4	nmdemocameraenable.cpp
0x800b3c74	0	0	gcc2_compiled.
0x8026fe80	16	1	_DemoCameraEnableDependencyList
0x800b3d20	108	2	__static_initialization_and_destruction_0
0x800b3d8c	44	2	_GLOBAL_.I.GSGetDependencyList__C27FlowModuleDemoCameraEnableC
0x800b3db8	44	2	_GLOBAL_.D.GSGetDependencyList__C27FlowModuleDemoCameraEnableC
0x00000000	0	4	nmdemocameravpt.cpp
0x800b3de4	0	0	gcc2_compiled.
0x8026fea0	20	1	_DemoCameraVptDependencyList
0x8026feb4	8	1	_DemoCameraVptAntiDependencyList
0x8030bb4c	4	0	_DemoCam_pRaceViewport
0x800b3e9c	108	2	__static_initialization_and_destruction_0
0x800b3f08	44	2	_GLOBAL_.I.GSGetDependencyList__C24FlowModuleDemoCameraVptC
0x800b3f34	44	2	_GLOBAL_.D.GSGetDependencyList__C24FlowModuleDemoCameraVptC
0x00000000	0	4	nmdmshadow.cpp
0x800b3f60	0	0	gcc2_compiled.
0x8026fec8	4	1	_DMShadowDependencyList
0x800b3fc8	108	2	__static_initialization_and_destruction_0
0x800b4034	44	2	_GLOBAL_.I.GSGetDependencyList__C19FlowModuleDMShadowC
0x800b4060	44	2	_GLOBAL_.D.GSGetDependencyList__C19FlowModuleDMShadowC
0x00000000	0	4	nmeashared.cpp
0x800b408c	0	0	gcc2_compiled.
0x8026fed8	4	1	_EASharedDependencyList
0x8026fedc	4	1	_EASharedAntiDependencyList
0x800b40f8	108	2	__static_initialization_and_destruction_0
0x800b4164	44	2	_GLOBAL_.I.GSGetDependencyList__C14FlowModuleEASC
0x800b4190	44	2	_GLOBAL_.D.GSGetDependencyList__C14FlowModuleEASC
0x00000000	0	4	nmstyleptsmgr.cpp
0x800b41bc	0	0	gcc2_compiled.
0x8026fef4	4	1	_StyleManagerDependencyList
0x800b422c	108	2	__static_initialization_and_destruction_0
0x800b4298	44	2	_GLOBAL_.I.GSGetDependencyList__C28FlowModuleStylePointManagerC
0x800b42c4	44	2	_GLOBAL_.D.GSGetDependencyList__C28FlowModuleStylePointManagerC
0x00000000	0	4	nmeffectresource.cpp
0x800b42f0	0	0	gcc2_compiled.
0x8026ff08	8	1	_EffectResourceDependencyList
0x8026ff10	4	1	_EffectResourceAntiDependencyList
0x800b4364	108	2	__static_initialization_and_destruction_0
0x800b43d0	44	2	_GLOBAL_.I.GSGetDependencyList__C25FlowModuleEffectResourceC
0x800b43fc	44	2	_GLOBAL_.D.GSGetDependencyList__C25FlowModuleEffectResourceC
0x00000000	0	4	nmenvmgr.cpp
0x800b4428	0	0	gcc2_compiled.
0x8026ff1c	4	1	_EnvMgrDependencyList
0x800b4490	108	2	__static_initialization_and_destruction_0
0x800b44fc	44	2	_GLOBAL_.I.GSGetDependencyList__C17FlowModuleEnvMgrC
0x800b4528	44	2	_GLOBAL_.D.GSGetDependencyList__C17FlowModuleEnvMgrC
0x00000000	0	4	nmeventqueue.cpp
0x800b4554	0	0	gcc2_compiled.
0x8026ff2c	4	1	_EventQueueDependencyList
0x800b45bc	108	2	__static_initialization_and_destruction_0
0x800b4628	44	2	_GLOBAL_.I.GSGetDependencyList__C21FlowModuleEventQueueC
0x800b4654	44	2	_GLOBAL_.D.GSGetDependencyList__C21FlowModuleEventQueueC
0x00000000	0	4	nmfilecache.cpp
0x800b4680	0	0	gcc2_compiled.
0x8026ff3c	8	1	_FileCacheDependencyList
0x800b46d0	108	2	__static_initialization_and_destruction_0
0x800b473c	44	2	_GLOBAL_.I.GSGetDependencyList__C20FlowModuleFileCacheC
0x800b4768	44	2	_GLOBAL_.D.GSGetDependencyList__C20FlowModuleFileCacheC
0x00000000	0	4	nmfilecacheprocess.cpp
0x800b4794	0	0	gcc2_compiled.
0x8026ff58	8	1	_FileCacheProcessDependencyList
0x800b47fc	108	2	__static_initialization_and_destruction_0
0x800b4868	44	2	_GLOBAL_.I.GSGetDependencyList__C27FlowModuleFileCacheProcessC
0x800b4894	44	2	_GLOBAL_.D.GSGetDependencyList__C27FlowModuleFileCacheProcessC
0x00000000	0	4	nmfont.cpp
0x800b48c0	0	0	gcc2_compiled.
0x802a2068	16	1	_FontInitBlock
0x8026ff68	4	1	_FontDependencyList
0x800b493c	108	2	__static_initialization_and_destruction_0
0x800b49a8	44	2	_GLOBAL_.I.GSGetDependencyList__C15FlowModuleFontC
0x800b49d4	44	2	_GLOBAL_.D.GSGetDependencyList__C15FlowModuleFontC
0x00000000	0	4	nmForceFeedback.cpp
0x800b4a00	0	0	gcc2_compiled.
0x8026ff7c	4	1	_ForceFeedbackDependencyList
0x800b4a80	108	2	__static_initialization_and_destruction_0
0x800b4aec	44	2	_GLOBAL_.I.GSGetDependencyList__C24FlowModuleForceFeedbackC
0x800b4b18	44	2	_GLOBAL_.D.GSGetDependencyList__C24FlowModuleForceFeedbackC
0x00000000	0	4	nmgamemanager.cpp
0x800b4b44	0	0	gcc2_compiled.
0x8026ff90	24	1	_GameManagerDependencyList
0x8026ffa8	4	1	_GameManagerAntiDependencyList
0x800b4bb4	108	2	__static_initialization_and_destruction_0
0x800b4c20	44	2	_GLOBAL_.I.GSGetDependencyList__C22FlowModuleGameManagerC
0x800b4c4c	44	2	_GLOBAL_.D.GSGetDependencyList__C22FlowModuleGameManagerC
0x00000000	0	4	nmglibrender.cpp
0x800b4c78	0	0	gcc2_compiled.
0x8026ffb8	8	1	_GlibRenderDependencyList
0x800b4cdc	108	2	__static_initialization_and_destruction_0
0x800b4d48	44	2	_GLOBAL_.I.GSGetDependencyList__C21FlowModuleGlibRenderC
0x800b4d74	44	2	_GLOBAL_.D.GSGetDependencyList__C21FlowModuleGlibRenderC
0x00000000	0	4	nmhighlight.cpp
0x800b4da0	0	0	gcc2_compiled.
0x8026ffcc	4	1	_highlightDependencyList
0x8026ffd0	12	1	_highlightAntiDependencyList
0x800b4e18	108	2	__static_initialization_and_destruction_0
0x800b4e84	44	2	_GLOBAL_.I.GSGetDependencyList__C20FlowModuleHighlightC
0x800b4eb0	44	2	_GLOBAL_.D.GSGetDependencyList__C20FlowModuleHighlightC
0x00000000	0	4	nmibl.cpp
0x800b4edc	0	0	gcc2_compiled.
0x8026ffe0	16	1	_IBLDependencyList
0x800b4f48	108	2	__static_initialization_and_destruction_0
0x800b4fb4	44	2	_GLOBAL_.I.GSGetDependencyList__C14FlowModuleIBLC
0x800b4fe0	44	2	_GLOBAL_.D.GSGetDependencyList__C14FlowModuleIBLC
0x00000000	0	4	nmlightning.cpp
0x800b500c	0	0	gcc2_compiled.
0x80270004	8	1	_lightningModuleDependencies
0x800b507c	108	2	__static_initialization_and_destruction_0
0x800b50e8	44	2	_GLOBAL_.I.GSGetModuleName__C20FlowModuleLightningC
0x800b5114	44	2	_GLOBAL_.D.GSGetModuleName__C20FlowModuleLightningC
0x00000000	0	4	nmline.cpp
0x800b5140	0	0	gcc2_compiled.
0x80270014	8	1	_LineDependencyList
0x800b5170	108	2	__static_initialization_and_destruction_0
0x800b51dc	44	2	_GLOBAL_.I.GSGetDependencyList__C15FlowModuleLineC
0x800b5208	44	2	_GLOBAL_.D.GSGetDependencyList__C15FlowModuleLineC
0x00000000	0	4	nmloadingcoldboot.cpp
0x800b5234	0	0	gcc2_compiled.
0x80270058	28	1	_LoadingColdbootDependencyList
0x800b52b8	108	2	__static_initialization_and_destruction_0
0x800b5324	44	2	_GLOBAL_.I.GSGetDependencyList__C26FlowModuleLoadingColdbootC
0x800b5350	44	2	_GLOBAL_.D.GSGetDependencyList__C26FlowModuleLoadingColdbootC
0x00000000	0	4	nmloadingdemo.cpp
0x800b537c	0	0	gcc2_compiled.
0x80270084	24	1	_LoadingDemoDependencyList
0x800b53e8	108	2	__static_initialization_and_destruction_0
0x800b5454	44	2	_GLOBAL_.I.GSGetDependencyList__C22FlowModuleLoadingDemoC
0x800b5480	44	2	_GLOBAL_.D.GSGetDependencyList__C22FlowModuleLoadingDemoC
0x00000000	0	4	nmloadingfrontend.cpp
0x800b54ac	0	0	gcc2_compiled.
0x802700d8	28	1	_LoadingFrontendDependencyList
0x800b5540	108	2	__static_initialization_and_destruction_0
0x800b55ac	44	2	_GLOBAL_.I.GSGetDependencyList__C26FlowModuleLoadingFrontendC
0x800b55d8	44	2	_GLOBAL_.D.GSGetDependencyList__C26FlowModuleLoadingFrontendC
0x00000000	0	4	nmloadingingame.cpp
0x800b5604	0	0	gcc2_compiled.
0x80270128	28	1	_LoadingIngameDependencyList
0x800b5688	108	2	__static_initialization_and_destruction_0
0x800b56f4	44	2	_GLOBAL_.I.GSGetDependencyList__C24FlowModuleLoadingIngameC
0x800b5720	44	2	_GLOBAL_.D.GSGetDependencyList__C24FlowModuleLoadingIngameC
0x00000000	0	4	nmloadinglegal.cpp
0x00000000	0	4	nmloadinglegalout.cpp
0x00000000	0	4	nmlogicalcar.cpp
0x800b574c	0	0	gcc2_compiled.
0x80270154	20	1	_LogicalCarDependencyList
0x800b580c	108	2	__static_initialization_and_destruction_0
0x800b5878	44	2	_GLOBAL_.I.GSGetDependencyList__C21FlowModuleLogicalCarC
0x800b58a4	44	2	_GLOBAL_.D.GSGetDependencyList__C21FlowModuleLogicalCarC
0x00000000	0	4	nmlogicalpit.cpp
0x800b58d0	0	0	gcc2_compiled.
0x8027017c	12	1	_LogicalPitDependencyList
0x800b59b4	108	2	__static_initialization_and_destruction_0
0x800b5a20	44	2	_GLOBAL_.I.GSGetDependencyList__C21FlowModuleLogicalPitC
0x800b5a4c	44	2	_GLOBAL_.D.GSGetDependencyList__C21FlowModuleLogicalPitC
0x00000000	0	4	nmlogicaltrack.cpp
0x800b5a78	0	0	gcc2_compiled.
0x80270198	8	1	_LogicalTrackDependencyList
0x800b5b18	108	2	__static_initialization_and_destruction_0
0x800b5b84	44	2	_GLOBAL_.I.GSGetDependencyList__C23FlowModuleLogicalTrackC
0x800b5bb0	44	2	_GLOBAL_.D.GSGetDependencyList__C23FlowModuleLogicalTrackC
0x00000000	0	4	nmmarketing.cpp
0x800b5bdc	0	0	gcc2_compiled.
0x802701ac	4	1	_MarketingDependencyList
0x802701b0	12	1	_marketingAntiDependencyList
0x800b5c4c	108	2	__static_initialization_and_destruction_0
0x800b5cb8	44	2	_GLOBAL_.I.GSGetDependencyList__C20FlowModuleMarketingC
0x800b5ce4	44	2	_GLOBAL_.D.GSGetDependencyList__C20FlowModuleMarketingC
0x00000000	0	4	nmmarks.cpp
0x800b5d10	0	0	gcc2_compiled.
0x802701c4	20	1	_MarksDependencyList
0x800b5d80	108	2	__static_initialization_and_destruction_0
0x800b5dec	44	2	_GLOBAL_.I.GSGetDependencyList__C16FlowModuleMarksC
0x800b5e18	44	2	_GLOBAL_.D.GSGetDependencyList__C16FlowModuleMarksC
0x00000000	0	4	nmmath.cpp
0x800b5e44	0	0	gcc2_compiled.
0x802701e0	4	1	_MathDependencyList
0x800b5eac	108	2	__static_initialization_and_destruction_0
0x800b5f18	44	2	_GLOBAL_.I.GSGetDependencyList__C15FlowModuleMathC
0x800b5f44	44	2	_GLOBAL_.D.GSGetDependencyList__C15FlowModuleMathC
0x00000000	0	4	nmmatrix.cpp
0x800b5f70	0	0	gcc2_compiled.
0x802701ec	4	1	_matrixDependencyList
0x800b6004	108	2	__static_initialization_and_destruction_0
0x800b6070	44	2	_GLOBAL_.I.GSGetDependencyList__C17FlowModuleMatrixC
0x800b609c	44	2	_GLOBAL_.D.GSGetDependencyList__C17FlowModuleMatrixC
0x00000000	0	4	nmmemorycard.cpp
0x800b60c8	0	0	gcc2_compiled.
0x802701fc	4	1	_MemoryCardDependencyList
0x800b6144	108	2	__static_initialization_and_destruction_0
0x800b61b0	44	2	_GLOBAL_.I.GSGetDependencyList__C21FlowModuleMemoryCardC
0x800b61dc	44	2	_GLOBAL_.D.GSGetDependencyList__C21FlowModuleMemoryCardC
0x00000000	0	4	nmmemorycardnascar.cpp
0x800b6208	0	0	gcc2_compiled.
0x80270214	4	1	_MemCardNascarDependencyList
0x80270218	4	1	_MemCardNascarAntiDependencyList
0x800b628c	108	2	__static_initialization_and_destruction_0
0x800b62f8	44	2	_GLOBAL_.I.GSGetDependencyList__C27FlowModuleMemoryCardNascarC
0x800b6324	44	2	_GLOBAL_.D.GSGetDependencyList__C27FlowModuleMemoryCardNascarC
0x00000000	0	4	nmmotblur.cpp
0x800b6350	0	0	gcc2_compiled.
0x80270228	4	1	_MotionBlurDependencyList
0x800b63b8	108	2	__static_initialization_and_destruction_0
0x800b6424	44	2	_GLOBAL_.I.GSGetDependencyList__C21FlowModuleMotionBlurC
0x800b6450	44	2	_GLOBAL_.D.GSGetDependencyList__C21FlowModuleMotionBlurC
0x00000000	0	4	nmbakingfactory.cpp
0x800b647c	0	0	gcc2_compiled.
0x8027023c	4	1	_BakingFactoryDependencyList
0x800b64e4	108	2	__static_initialization_and_destruction_0
0x800b6550	44	2	_GLOBAL_.I.GSGetDependencyList__C24FlowModuleBakingFactoryC
0x800b657c	44	2	_GLOBAL_.D.GSGetDependencyList__C24FlowModuleBakingFactoryC
0x00000000	0	4	nmmotobj.cpp
0x800b65a8	0	0	gcc2_compiled.
0x80270258	8	1	_MotionObjDependencyList
0x800b6610	108	2	__static_initialization_and_destruction_0
0x800b667c	44	2	_GLOBAL_.I.GSGetDependencyList__C20FlowModuleMotionObjC
0x800b66a8	44	2	_GLOBAL_.D.GSGetDependencyList__C20FlowModuleMotionObjC
0x00000000	0	4	nmmusic.cpp
0x800b66d4	0	0	gcc2_compiled.
0x80270268	16	1	_musicDependencyList
0x800b6750	108	2	__static_initialization_and_destruction_0
0x800b67bc	44	2	_GLOBAL_.I.GSGetDependencyList__C16FlowModuleMusicC
0x800b67e8	44	2	_GLOBAL_.D.GSGetDependencyList__C16FlowModuleMusicC
0x00000000	0	4	nmobject.cpp
0x800b6814	0	0	gcc2_compiled.
0x80270280	4	1	_ObjectDependencyList
0x800b6880	108	2	__static_initialization_and_destruction_0
0x800b68ec	44	2	_GLOBAL_.I.GSGetDependencyList__C17FlowModuleObjectC
0x800b6918	44	2	_GLOBAL_.D.GSGetDependencyList__C17FlowModuleObjectC
0x00000000	0	4	nmoscilloscope.cpp
0x800b6944	0	0	gcc2_compiled.
0x80270294	8	1	_oscilloscopeDependencyList
0x800b69ac	108	2	__static_initialization_and_destruction_0
0x800b6a18	44	2	_GLOBAL_.I.GSGetDependencyList__C23FlowModuleOscilloscopeC
0x800b6a44	44	2	_GLOBAL_.D.GSGetDependencyList__C23FlowModuleOscilloscopeC
0x00000000	0	4	nmparticlesys.cpp
0x800b6a70	0	0	gcc2_compiled.
0x802702a8	20	1	_ParticleSysDependencyList
0x800b6b10	108	2	__static_initialization_and_destruction_0
0x800b6b7c	44	2	_GLOBAL_.I.GSGetDependencyList__C22FlowModuleParticleSysC
0x800b6ba8	44	2	_GLOBAL_.D.GSGetDependencyList__C22FlowModuleParticleSysC
0x00000000	0	4	nmperipheral.cpp
0x800b6bd4	0	0	gcc2_compiled.
0x802a2078	12	1	_MainInit_PerDriverList
0x802a2084	24	1	_MainInit_PerInitParms
0x800b6d04	24	2	_MainInit_SequenceGen__FUi
0x8030bda0	8	0	_MainInit_PerLLInitParms
0x802a209c	4	1	_MainInit_SeqValue
0x802702c8	4	1	_peripheralDependencyList
0x800b6d1c	108	2	__static_initialization_and_destruction_0
0x800b6d88	44	2	_GLOBAL_.I.GSGetDependencyList__C21FlowModulePeripheralC
0x800b6db4	44	2	_GLOBAL_.D.GSGetDependencyList__C21FlowModulePeripheralC
0x00000000	0	4	nmpitbnr.cpp
0x800b6de0	0	0	gcc2_compiled.
0x800b6de0	60	2	_NMPitBnr_GetNumberOfPitsForSeries__Fv
0x800b6e1c	252	2	_NMPitBnr_TurnOffInappropriatePits__Fv
0x802702e0	16	1	_PitBnrDependencyList
0x800b6f68	108	2	__static_initialization_and_destruction_0
0x800b6fd4	44	2	_GLOBAL_.I.GSGetDependencyList__C17FlowModulePitBnrC
0x800b7000	44	2	_GLOBAL_.D.GSGetDependencyList__C17FlowModulePitBnrC
0x00000000	0	4	nmpitcrew.cpp
0x800b702c	0	0	gcc2_compiled.
0x802a20a0	12	1	_TeamInfo
0x80270310	32	1	_PitCrewDependencyList
0x800b727c	108	2	__static_initialization_and_destruction_0
0x800b72e8	44	2	_GLOBAL_.I.GSGetDependencyList__C18FlowModulePitCrewC
0x800b7314	44	2	_GLOBAL_.D.GSGetDependencyList__C18FlowModulePitCrewC
0x00000000	0	4	nmpitofficial.cpp
0x800b7340	0	0	gcc2_compiled.
0x8027033c	16	1	_PitOfficialDependencyList
0x800b7370	108	2	__static_initialization_and_destruction_0
0x800b73dc	44	2	_GLOBAL_.I.GSGetDependencyList__C22FlowModulePitOfficialC
0x800b7408	44	2	_GLOBAL_.D.GSGetDependencyList__C22FlowModulePitOfficialC
0x00000000	0	4	nmpitman.cpp
0x800b7434	0	0	gcc2_compiled.
0x80270358	20	1	_PitManagerDependencyList
0x800b749c	108	2	__static_initialization_and_destruction_0
0x800b7508	44	2	_GLOBAL_.I.GSGetDependencyList__C21FlowModulePitManagerC
0x800b7534	44	2	_GLOBAL_.D.GSGetDependencyList__C21FlowModulePitManagerC
0x00000000	0	4	nmPlayerManager.cpp
0x800b7560	0	0	gcc2_compiled.
0x80270388	4	1	_PlayerManagerDependencyList
0x8027038c	4	1	_PlayerManagerAntiDependencyList
0x800b7624	108	2	__static_initialization_and_destruction_0
0x800b7690	44	2	_GLOBAL_.I.GSGetDependencyList__C24FlowModulePlayerManagerC
0x800b76bc	44	2	_GLOBAL_.D.GSGetDependencyList__C24FlowModulePlayerManagerC
0x00000000	0	4	nmprofile.cpp
0x800b76e8	0	0	gcc2_compiled.
0x80270398	4	1	_ProfileDependencyList
0x800b7718	108	2	__static_initialization_and_destruction_0
0x800b7784	44	2	_GLOBAL_.I.GSGetDependencyList__C18FlowModuleProfileC
0x800b77b0	44	2	_GLOBAL_.D.GSGetDependencyList__C18FlowModuleProfileC
0x00000000	0	4	nmquickcaution.cpp
0x800b77dc	0	0	gcc2_compiled.
0x802703ac	8	1	_QuickCautionDependencyList
0x802703b4	4	1	_QuickCautionAntiDependencyList
0x800b7848	108	2	__static_initialization_and_destruction_0
0x800b78b4	44	2	_GLOBAL_.I.GSGetDependencyList__C23FlowModuleQuickCautionC
0x800b78e0	44	2	_GLOBAL_.D.GSGetDependencyList__C23FlowModuleQuickCautionC
0x00000000	0	4	nmquickloadfrontend.cpp
0x800b790c	0	0	gcc2_compiled.
0x802703cc	8	1	_QuickloadFrontendDependencyList
0x800b79b8	108	2	__static_initialization_and_destruction_0
0x800b7a24	44	2	_GLOBAL_.I.GSGetDependencyList__C28FlowModuleQuickloadFrontendC
0x800b7a50	44	2	_GLOBAL_.D.GSGetDependencyList__C28FlowModuleQuickloadFrontendC
0x00000000	0	4	nmquickloadingame.cpp
0x800b7a7c	0	0	gcc2_compiled.
0x802703e4	8	1	_QuickloadInGameDependencyList
0x800b7aac	108	2	__static_initialization_and_destruction_0
0x800b7b18	44	2	_GLOBAL_.I.GSGetDependencyList__C26FlowModuleQuickloadInGameC
0x800b7b44	44	2	_GLOBAL_.D.GSGetDependencyList__C26FlowModuleQuickloadInGameC
0x00000000	0	4	nmquickrace.cpp
0x800b7b70	0	0	gcc2_compiled.
0x80270414	8	1	_QuickRaceDependencyList
0x800b7bfc	108	2	__static_initialization_and_destruction_0
0x800b7c68	44	2	_GLOBAL_.I.GSGetDependencyList__C20FlowModuleQuickRaceC
0x800b7c94	44	2	_GLOBAL_.D.GSGetDependencyList__C20FlowModuleQuickRaceC
0x00000000	0	4	nmracemandbris.cpp
0x800b7cc0	0	0	gcc2_compiled.
0x80270430	8	1	_RaceManagerDebrisDependencyList
0x800b7d28	108	2	__static_initialization_and_destruction_0
0x800b7d94	44	2	_GLOBAL_.I.GSGetDependencyList__C28FlowModuleRaceManagerDebrisC
0x800b7dc0	44	2	_GLOBAL_.D.GSGetDependencyList__C28FlowModuleRaceManagerDebrisC
0x00000000	0	4	nmracemanhilight.cpp
0x800b7dec	0	0	gcc2_compiled.
0x802a20b0	1	1	_RaceManagerHighlight_bAllocatedStuff
0x80270450	24	1	_RaceManagerHighlightDependencyList
0x800b7efc	108	2	__static_initialization_and_destruction_0
0x800b7f68	44	2	_GLOBAL_.I.GSGetDependencyList__C31FlowModuleRaceManagerHighlightC
0x800b7f94	44	2	_GLOBAL_.D.GSGetDependencyList__C31FlowModuleRaceManagerHighlightC
0x00000000	0	4	nmracemansys.cpp
0x800b7fc0	0	0	gcc2_compiled.
0x8027047c	36	1	_RaceManagerSysDependencyList
0x800b8038	108	2	__static_initialization_and_destruction_0
0x800b80a4	44	2	_GLOBAL_.I.GSGetDependencyList__C25FlowModuleRaceManagerSysC
0x800b80d0	44	2	_GLOBAL_.D.GSGetDependencyList__C25FlowModuleRaceManagerSysC
0x00000000	0	4	nmracemon.cpp
0x800b80fc	0	0	gcc2_compiled.
0x802704b0	16	1	_RaceMonitorDependencyList
0x800b819c	108	2	__static_initialization_and_destruction_0
0x800b8208	44	2	_GLOBAL_.I.GSGetDependencyList__C22FlowModuleRaceMonitorC
0x800b8234	44	2	_GLOBAL_.D.GSGetDependencyList__C22FlowModuleRaceMonitorC
0x00000000	0	4	nmracesimulator.cpp
0x800b8260	0	0	gcc2_compiled.
0x802704d0	20	1	_RaceSimulatorDependencyList
0x800b8290	108	2	__static_initialization_and_destruction_0
0x800b82fc	44	2	_GLOBAL_.I.GSGetDependencyList__C24FlowModuleRaceSimulatorC
0x800b8328	44	2	_GLOBAL_.D.GSGetDependencyList__C24FlowModuleRaceSimulatorC
0x00000000	0	4	nmrand.cpp
0x800b8354	0	0	gcc2_compiled.
0x802704ec	8	1	_RandDependencyList
0x8030bea8	4	0	gTimeStamp
0x800b83cc	108	2	__static_initialization_and_destruction_0
0x800b8438	44	2	_GLOBAL_.I.GSGetDependencyList__C15FlowModuleRandC
0x800b8464	44	2	_GLOBAL_.D.GSGetDependencyList__C15FlowModuleRandC
0x00000000	0	4	nmracevpt.cpp
0x800b8490	0	0	gcc2_compiled.
0x802a20bc	1	1	_RaceVpt_bUsedDemoCams
0x802704fc	20	1	_RaceVptDependencyList
0x80270510	8	1	_RaceVptAntiDependencyList
0x800b8764	108	2	__static_initialization_and_destruction_0
0x800b87d0	44	2	_GLOBAL_.I.pRearViewport
0x800b87fc	44	2	_GLOBAL_.D.pRearViewport
0x00000000	0	4	nmrendercar.cpp
0x800b8828	0	0	gcc2_compiled.
0x80270524	8	1	_RenderCarDependencyList
0x800b88ac	108	2	__static_initialization_and_destruction_0
0x800b8918	44	2	_GLOBAL_.I.GSGetDependencyList__C20FlowModuleRenderCarC
0x800b8944	44	2	_GLOBAL_.D.GSGetDependencyList__C20FlowModuleRenderCarC
0x00000000	0	4	nmrenderlogicalcar.cpp
0x800b8970	0	0	gcc2_compiled.
0x80270540	12	1	_RenderLogicalCarDependencyList
0x800b89d8	108	2	__static_initialization_and_destruction_0
0x800b8a44	44	2	_GLOBAL_.I.GSGetDependencyList__C27FlowModuleRenderLogicalCarC
0x800b8a70	44	2	_GLOBAL_.D.GSGetDependencyList__C27FlowModuleRenderLogicalCarC
0x00000000	0	4	nmrendersky.cpp
0x800b8a9c	0	0	gcc2_compiled.
0x80270558	12	1	_RenderSkyDependencyList
0x800b8b4c	108	2	__static_initialization_and_destruction_0
0x800b8bb8	44	2	_GLOBAL_.I.GSGetDependencyList__C20FlowModuleRenderSkyC
0x800b8be4	44	2	_GLOBAL_.D.GSGetDependencyList__C20FlowModuleRenderSkyC
0x00000000	0	4	nmrendertrack.cpp
0x800b8c10	0	0	gcc2_compiled.
0x80270574	20	1	_RenderTrackDependencyList
0x800b8c78	108	2	__static_initialization_and_destruction_0
0x800b8ce4	44	2	_GLOBAL_.I.GSGetDependencyList__C22FlowModuleRenderTrackC
0x800b8d10	44	2	_GLOBAL_.D.GSGetDependencyList__C22FlowModuleRenderTrackC
0x00000000	0	4	nmresident.cpp
0x00000000	0	4	nmresource.cpp
0x800b8d3c	0	0	gcc2_compiled.
0x80270594	4	1	_resourceDependencyList
0x800b8db4	108	2	__static_initialization_and_destruction_0
0x800b8e20	44	2	_GLOBAL_.I.GSGetDependencyList__C19FlowModuleResourceC
0x800b8e4c	44	2	_GLOBAL_.D.GSGetDependencyList__C19FlowModuleResourceC
0x00000000	0	4	nmseason.cpp
0x800b8e78	0	0	gcc2_compiled.
0x802705a0	4	1	_SeasonDependencyList
0x800b8eec	108	2	__static_initialization_and_destruction_0
0x800b8f58	44	2	_GLOBAL_.I.GSGetDependencyList__C17FlowModuleSeasonC
0x800b8f84	44	2	_GLOBAL_.D.GSGetDependencyList__C17FlowModuleSeasonC
0x00000000	0	4	nmgamesettings.cpp
0x800b8fb0	0	0	gcc2_compiled.
0x802705b4	8	1	_gamesettingsDependencyList
0x800b9000	108	2	__static_initialization_and_destruction_0
0x800b906c	44	2	_GLOBAL_.I.GSGetDependencyList__C23FlowModuleGameSettingsC
0x800b9098	44	2	_GLOBAL_.D.GSGetDependencyList__C23FlowModuleGameSettingsC
0x00000000	0	4	nmuserfiles.cpp
0x800b90c4	0	0	gcc2_compiled.
0x802705c8	8	1	_UserFileDependencyList
0x800b912c	108	2	__static_initialization_and_destruction_0
0x800b9198	44	2	_GLOBAL_.I.GSGetDependencyList__C20FlowModuleUserFilesC
0x800b91c4	44	2	_GLOBAL_.D.GSGetDependencyList__C20FlowModuleUserFilesC
0x00000000	0	4	nmuserprofiles.cpp
0x800b91f0	0	0	gcc2_compiled.
0x802705e0	12	1	_UserProfileDependencyList
0x800b9220	108	2	__static_initialization_and_destruction_0
0x800b928c	44	2	_GLOBAL_.I.GSGetDependencyList__C23FlowModuleUserProfilesC
0x800b92b8	44	2	_GLOBAL_.D.GSGetDependencyList__C23FlowModuleUserProfilesC
0x00000000	0	4	nmuserprofilesingame.cpp
0x800b92e4	0	0	gcc2_compiled.
0x80270604	8	1	_UserProfileInGameDependencyList
0x800b9314	108	2	__static_initialization_and_destruction_0
0x800b9380	44	2	_GLOBAL_.I.GSGetDependencyList__C29FlowModuleUserProfilesInGameC
0x800b93ac	44	2	_GLOBAL_.D.GSGetDependencyList__C29FlowModuleUserProfilesInGameC
0x00000000	0	4	nmsharedmem.cpp
0x800b93d8	0	0	gcc2_compiled.
0x80270618	4	1	_SharedMemDependencyList
0x800b9440	108	2	__static_initialization_and_destruction_0
0x800b94ac	44	2	_GLOBAL_.I.GSGetDependencyList__C20FlowModuleSharedMemC
0x800b94d8	44	2	_GLOBAL_.D.GSGetDependencyList__C20FlowModuleSharedMemC
0x00000000	0	4	nmsharedraft.cpp
0x800b9504	0	0	gcc2_compiled.
0x80270628	4	1	_ShareDraftDependencyList
0x800b956c	108	2	__static_initialization_and_destruction_0
0x800b95d8	44	2	_GLOBAL_.I.GSGetDependencyList__C21FlowModuleShareDraftC
0x800b9604	44	2	_GLOBAL_.D.GSGetDependencyList__C21FlowModuleShareDraftC
0x00000000	0	4	nmStylePointsIG.cpp
0x800b9630	0	0	gcc2_compiled.
0x8027063c	4	1	_StylePointsIGDependencyList
0x800b9698	108	2	__static_initialization_and_destruction_0
0x800b9704	44	2	_GLOBAL_.I.GSGetDependencyList__C24FlowModuleStylePointsIGC
0x800b9730	44	2	_GLOBAL_.D.GSGetDependencyList__C24FlowModuleStylePointsIGC
0x00000000	0	4	nmSMemAnimSound.cpp
0x800b975c	0	0	gcc2_compiled.
0x80270654	8	1	_SharedMemAnimSoundDependencyList
0x800b97d4	108	2	__static_initialization_and_destruction_0
0x800b9840	44	2	_GLOBAL_.I.GSGetDependencyList__C29FlowModuleSharedMemAnimSoundC
0x800b986c	44	2	_GLOBAL_.D.GSGetDependencyList__C29FlowModuleSharedMemAnimSoundC
0x00000000	0	4	nmshimmer.cpp
0x800b9898	0	0	gcc2_compiled.
0x80270668	4	1	_HeatShimmer_DependencyList
0x800b9900	108	2	__static_initialization_and_destruction_0
0x800b996c	44	2	_GLOBAL_.I.GSGetDependencyList__C22FlowModuleHeatShimmerC
0x800b9998	44	2	_GLOBAL_.D.GSGetDependencyList__C22FlowModuleHeatShimmerC
0x00000000	0	4	nmsimpobj.cpp
0x800b99c4	0	0	gcc2_compiled.
0x8027067c	24	1	_SimpleObjDependencyList
0x800b9a34	108	2	__static_initialization_and_destruction_0
0x800b9aa0	44	2	_GLOBAL_.I.GSGetDependencyList__C23FlowModuleSimpleObjectC
0x800b9acc	44	2	_GLOBAL_.D.GSGetDependencyList__C23FlowModuleSimpleObjectC
0x00000000	0	4	nmsmallnum.cpp
0x800b9af8	0	0	gcc2_compiled.
0x800b9af8	80	2	_CreateCursor__Fv
0x8030bfdc	20	0	_gmSmallNum_Data
0x800b9b48	40	2	_DestroyCursor__Fv
0x800b9b70	176	2	_LoadSmallNumbers__Fv
0x800b9c20	200	2	_UnLoadSmallNumbers__Fv
0x80270754	12	1	_SmallNumDependencyList
0x800b9d60	108	2	__static_initialization_and_destruction_0
0x800b9dcc	44	2	_GLOBAL_.I.GSGetDependencyList__C19FlowModuleSmallNumC
0x800b9df8	44	2	_GLOBAL_.D.GSGetDependencyList__C19FlowModuleSmallNumC
0x00000000	0	4	nmsort.cpp
0x800b9e24	0	0	gcc2_compiled.
0x80270768	4	1	_sortDependencyList
0x800b9e8c	108	2	__static_initialization_and_destruction_0
0x800b9ef8	44	2	_GLOBAL_.I.GSGetDependencyList__C15FlowModuleSortC
0x800b9f24	44	2	_GLOBAL_.D.GSGetDependencyList__C15FlowModuleSortC
0x00000000	0	4	nmsound.cpp
0x800b9f50	0	0	gcc2_compiled.
0x80270774	16	1	_soundDependencyList
0x800b9fb8	108	2	__static_initialization_and_destruction_0
0x800ba024	44	2	_GLOBAL_.I.GSGetDependencyList__C16FlowModuleSoundC
0x800ba050	44	2	_GLOBAL_.D.GSGetDependencyList__C16FlowModuleSoundC
0x00000000	0	4	nmsoundcollision.cpp
0x800ba07c	0	0	gcc2_compiled.
0x80270798	8	1	_soundCollisionDependencyList
0x800ba0e4	108	2	__static_initialization_and_destruction_0
0x800ba150	44	2	_GLOBAL_.I.GSGetDependencyList__C25FlowModuleSoundCollisionC
0x800ba17c	44	2	_GLOBAL_.D.GSGetDependencyList__C25FlowModuleSoundCollisionC
0x00000000	0	4	nmsounddamage.cpp
0x800ba1a8	0	0	gcc2_compiled.
0x802707b0	8	1	_SoundDamageDependencyList
0x800ba210	108	2	__static_initialization_and_destruction_0
0x800ba27c	44	2	_GLOBAL_.I.GSGetDependencyList__C22FlowModuleSoundDamageC
0x800ba2a8	44	2	_GLOBAL_.D.GSGetDependencyList__C22FlowModuleSoundDamageC
0x00000000	0	4	nmsounddata.cpp
0x800ba2d4	0	0	gcc2_compiled.
0x802707c8	8	1	_soundDataDependencyList
0x802707d0	8	1	_soundDataAntiDependencyList
0x800ba594	108	2	__static_initialization_and_destruction_0
0x800ba600	44	2	_GLOBAL_.I.GSGetDependencyList__C20FlowModuleSoundDataC
0x800ba62c	44	2	_GLOBAL_.D.GSGetDependencyList__C20FlowModuleSoundDataC
0x00000000	0	4	nmsounddebris.cpp
0x800ba658	0	0	gcc2_compiled.
0x802707e8	8	1	_soundDebrisDependencyList
0x800ba6c0	108	2	__static_initialization_and_destruction_0
0x800ba72c	44	2	_GLOBAL_.I.GSGetDependencyList__C22FlowModuleSoundDebrisC
0x800ba758	44	2	_GLOBAL_.D.GSGetDependencyList__C22FlowModuleSoundDebrisC
0x00000000	0	4	nmsoundengine.cpp
0x800ba784	0	0	gcc2_compiled.
0x80270800	16	1	_soundEngineDependencyList
0x800ba7f4	108	2	__static_initialization_and_destruction_0
0x800ba860	44	2	_GLOBAL_.I.GSGetDependencyList__C22FlowModuleSoundEngineC
0x800ba88c	44	2	_GLOBAL_.D.GSGetDependencyList__C22FlowModuleSoundEngineC
0x00000000	0	4	nmsoundeffects.cpp
0x800ba8b8	0	0	gcc2_compiled.
0x80270820	8	1	_soundEffectsDependencyList
0x800ba920	108	2	__static_initialization_and_destruction_0
0x800ba98c	44	2	_GLOBAL_.I.GSGetDependencyList__C23FlowModuleSoundEffectsC
0x800ba9b8	44	2	_GLOBAL_.D.GSGetDependencyList__C23FlowModuleSoundEffectsC
0x00000000	0	4	nmsoundfakedoppler.cpp
0x800ba9e4	0	0	gcc2_compiled.
0x80270834	12	1	_soundFakeDopplerDependencyList
0x80270840	12	1	_soundFakeDopplerAntiDependencyList
0x800baa50	108	2	__static_initialization_and_destruction_0
0x800baabc	44	2	_GLOBAL_.I.GSGetDependencyList__C27FlowModuleSoundFakeDopplerC
0x800baae8	44	2	_GLOBAL_.D.GSGetDependencyList__C27FlowModuleSoundFakeDopplerC
0x00000000	0	4	nmsoundfrontend.cpp
0x800bab14	0	0	gcc2_compiled.
0x80270860	8	1	_soundFrontendDependencyList
0x80270868	8	1	_soundFrontendAntiDependencyList
0x800bab8c	108	2	__static_initialization_and_destruction_0
0x800babf8	44	2	_GLOBAL_.I.GSGetDependencyList__C24FlowModuleSoundFrontendC
0x800bac24	44	2	_GLOBAL_.D.GSGetDependencyList__C24FlowModuleSoundFrontendC
0x00000000	0	4	nmsoundgame.cpp
0x800bac50	0	0	gcc2_compiled.
0x80270880	48	1	_soundGameDependencyList
0x800bacb8	108	2	__static_initialization_and_destruction_0
0x800bad24	44	2	_GLOBAL_.I.GSGetDependencyList__C20FlowModuleSoundGameC
0x800bad50	44	2	_GLOBAL_.D.GSGetDependencyList__C20FlowModuleSoundGameC
0x00000000	0	4	nmsoundminimal.cpp
0x800bad7c	0	0	gcc2_compiled.
0x802708c0	12	1	_soundMinimalDependencyList
0x800bade4	108	2	__static_initialization_and_destruction_0
0x800bae50	44	2	_GLOBAL_.I.GSGetDependencyList__C23FlowModuleSoundMinimalC
0x800bae7c	44	2	_GLOBAL_.D.GSGetDependencyList__C23FlowModuleSoundMinimalC
0x00000000	0	4	nmsoundpit.cpp
0x800baea8	0	0	gcc2_compiled.
0x802708d8	8	1	_soundPitDependencyList
0x800baf10	108	2	__static_initialization_and_destruction_0
0x800baf7c	44	2	_GLOBAL_.I.GSGetDependencyList__C19FlowModuleSoundPitC
0x800bafa8	44	2	_GLOBAL_.D.GSGetDependencyList__C19FlowModuleSoundPitC
0x00000000	0	4	nmsoundscrapes.cpp
0x800bafd4	0	0	gcc2_compiled.
0x802708f0	16	1	_soundScrapesDependencyList
0x800bb03c	108	2	__static_initialization_and_destruction_0
0x800bb0a8	44	2	_GLOBAL_.I.GSGetDependencyList__C23FlowModuleSoundScrapesC
0x800bb0d4	44	2	_GLOBAL_.D.GSGetDependencyList__C23FlowModuleSoundScrapesC
0x00000000	0	4	nmsoundswapcrash.cpp
0x800bb100	0	0	gcc2_compiled.
0x80270914	20	1	_soundSwapCrashDependencyList
0x80270928	8	1	_soundSwapCrashAntiDependencyList
0x800bb1bc	108	2	__static_initialization_and_destruction_0
0x800bb228	44	2	_GLOBAL_.I.GSGetDependencyList__C25FlowModuleSoundSwapCrashC
0x800bb254	44	2	_GLOBAL_.D.GSGetDependencyList__C25FlowModuleSoundSwapCrashC
0x00000000	0	4	nmsoundswapprerace.cpp
0x800bb280	0	0	gcc2_compiled.
0x80270944	20	1	_soundSwapPreRaceDependencyList
0x80270958	8	1	_soundSwapPreRaceAntiDependencyList
0x800bb2d8	108	2	__static_initialization_and_destruction_0
0x800bb344	44	2	_GLOBAL_.I.GSGetDependencyList__C27FlowModuleSoundSwapPreRaceC
0x800bb370	44	2	_GLOBAL_.D.GSGetDependencyList__C27FlowModuleSoundSwapPreRaceC
0x00000000	0	4	nmsoundtires.cpp
0x800bb39c	0	0	gcc2_compiled.
0x80270970	16	1	_soundTiresDependencyList
0x800bb404	108	2	__static_initialization_and_destruction_0
0x800bb470	44	2	_GLOBAL_.I.GSGetDependencyList__C21FlowModuleSoundTiresC
0x800bb49c	44	2	_GLOBAL_.D.GSGetDependencyList__C21FlowModuleSoundTiresC
0x00000000	0	4	nmsoundwind.cpp
0x800bb4c8	0	0	gcc2_compiled.
0x80270994	16	1	_soundWindDependencyList
0x800bb530	108	2	__static_initialization_and_destruction_0
0x800bb59c	44	2	_GLOBAL_.I.GSGetDependencyList__C20FlowModuleSoundWindC
0x800bb5c8	44	2	_GLOBAL_.D.GSGetDependencyList__C20FlowModuleSoundWindC
0x00000000	0	4	nmspeech.cpp
0x800bb5f4	0	0	gcc2_compiled.
0x802709ac	4	1	_speechDependencyList
0x800bb65c	108	2	__static_initialization_and_destruction_0
0x800bb6c8	44	2	_GLOBAL_.I.GSGetDependencyList__C17FlowModuleSpeechC
0x800bb6f4	44	2	_GLOBAL_.D.GSGetDependencyList__C17FlowModuleSpeechC
0x00000000	0	4	nmspeedzone.cpp
0x800bb720	0	0	gcc2_compiled.
0x802709c4	8	1	_SpeedZoneModule_aDependencies
0x800bb7bc	108	2	__static_initialization_and_destruction_0
0x800bb828	44	2	_GLOBAL_.I.GSGetModuleName__C20FlowModuleSpeedZoneC
0x800bb854	44	2	_GLOBAL_.D.GSGetModuleName__C20FlowModuleSpeedZoneC
0x00000000	0	4	nmspeedzoneig.cpp
0x800bb880	0	0	gcc2_compiled.
0x802709e0	8	1	_SpeedZoneModuleIG_aDependencies
0x800bb924	108	2	__static_initialization_and_destruction_0
0x800bb990	44	2	_GLOBAL_.I.GSGetModuleName__C22FlowModuleSpeedZoneIGC
0x800bb9bc	44	2	_GLOBAL_.D.GSGetModuleName__C22FlowModuleSpeedZoneIGC
0x00000000	0	4	nmseasonstatmgr.cpp
0x800bb9e8	0	0	gcc2_compiled.
0x802709fc	8	1	_SeasonStatMgrDependencyList
0x800bba98	108	2	__static_initialization_and_destruction_0
0x800bbb04	44	2	_GLOBAL_.I.GSGetDependencyList__C24FlowModuleSeasonStatMgrC
0x800bbb30	44	2	_GLOBAL_.D.GSGetDependencyList__C24FlowModuleSeasonStatMgrC
0x00000000	0	4	nmstatmgr.cpp
0x800bbb5c	0	0	gcc2_compiled.
0x80270a14	8	1	_StatMgrDependencyList
0x800bbbc4	108	2	__static_initialization_and_destruction_0
0x800bbc30	44	2	_GLOBAL_.I.GSGetDependencyList__C18FlowModuleStatMgrC
0x800bbc5c	44	2	_GLOBAL_.D.GSGetDependencyList__C18FlowModuleStatMgrC
0x00000000	0	4	nmstylemtr.cpp
0x800bbc88	0	0	gcc2_compiled.
0x80270a30	4	1	_StyleMonitorDependencyList
0x800bbd00	108	2	__static_initialization_and_destruction_0
0x800bbd6c	44	2	_GLOBAL_.I.GSGetDependencyList__C28FlowModuleStylePointMonitorC
0x800bbd98	44	2	_GLOBAL_.D.GSGetDependencyList__C28FlowModuleStylePointMonitorC
0x00000000	0	4	nmszblockarrow.cpp
0x800bbdc4	0	0	gcc2_compiled.
0x80270a44	8	1	_FMSZBlockArrowDependencyList
0x800bbe2c	108	2	__static_initialization_and_destruction_0
0x800bbe98	44	2	_GLOBAL_.I.GSGetDependencyList__C23FlowModuleSZBlockArrowC
0x800bbec4	44	2	_GLOBAL_.D.GSGetDependencyList__C23FlowModuleSZBlockArrowC
0x00000000	0	4	nmprerace.cpp
0x800bbef0	0	0	gcc2_compiled.
0x80270a58	28	1	_PreRaceDependencyList
0x800bbf64	108	2	__static_initialization_and_destruction_0
0x800bbfd0	44	2	_GLOBAL_.I.GSGetDependencyList__C18FlowModulePreRaceC
0x800bbffc	44	2	_GLOBAL_.D.GSGetDependencyList__C18FlowModulePreRaceC
0x00000000	0	4	nmraceintro.cpp
0x800bc028	0	0	gcc2_compiled.
0x80270a80	12	1	_RaceIntroDependencyList
0x800bc09c	108	2	__static_initialization_and_destruction_0
0x800bc108	44	2	_GLOBAL_.I.GSGetDependencyList__C20FlowModuleRaceIntroC
0x800bc134	44	2	_GLOBAL_.D.GSGetDependencyList__C20FlowModuleRaceIntroC
0x00000000	0	4	nmracepregreen.cpp
0x800bc160	0	0	gcc2_compiled.
0x80270a9c	12	1	_RacePreGreenDependencyList
0x800bc200	108	2	__static_initialization_and_destruction_0
0x800bc26c	44	2	_GLOBAL_.I.GSGetDependencyList__C23FlowModuleRacePreGreenC
0x800bc298	44	2	_GLOBAL_.D.GSGetDependencyList__C23FlowModuleRacePreGreenC
0x00000000	0	4	nmtexture.cpp
0x800bc2c4	0	0	gcc2_compiled.
0x80270ab0	4	1	_TextureDependencyList
0x800bc338	108	2	__static_initialization_and_destruction_0
0x800bc3a4	44	2	_GLOBAL_.I.GSGetDependencyList__C18FlowModuleTextureC
0x800bc3d0	44	2	_GLOBAL_.D.GSGetDependencyList__C18FlowModuleTextureC
0x00000000	0	4	nmtime.cpp
0x800bc3fc	0	0	gcc2_compiled.
0x80270abc	4	1	_TimeDependencyList
0x800bc468	108	2	__static_initialization_and_destruction_0
0x800bc4d4	44	2	_GLOBAL_.I.GSGetDependencyList__C15FlowModuleTimeC
0x800bc500	44	2	_GLOBAL_.D.GSGetDependencyList__C15FlowModuleTimeC
0x00000000	0	4	nmuiscarobj.cpp
0x800bc52c	0	0	gcc2_compiled.
0x80270acc	20	1	_UISCarObjDependencyList
0x800bc660	108	2	__static_initialization_and_destruction_0
0x800bc6cc	44	2	_GLOBAL_.I.GSGetDependencyList__C20FlowModuleUISCarObjC
0x800bc6f8	44	2	_GLOBAL_.D.GSGetDependencyList__C20FlowModuleUISCarObjC
0x00000000	0	4	nmtrackmap.cpp
0x800bc724	0	0	gcc2_compiled.
0x80270aec	20	1	_TrackMapDependencyList
0x800bc78c	108	2	__static_initialization_and_destruction_0
0x800bc7f8	44	2	_GLOBAL_.I.GSGetDependencyList__C19FlowModuleTrackMapC
0x800bc824	44	2	_GLOBAL_.D.GSGetDependencyList__C19FlowModuleTrackMapC
0x00000000	0	4	nmuistudio.cpp
0x800bc850	0	0	gcc2_compiled.
0x80270b0c	40	1	_UIStudioDependencyList
0x800bc8b0	108	2	__static_initialization_and_destruction_0
0x800bc91c	44	2	_GLOBAL_.I.GSGetDependencyList__C19FlowModuleUIStudioC
0x800bc948	44	2	_GLOBAL_.D.GSGetDependencyList__C19FlowModuleUIStudioC
0x00000000	0	4	nmadapt.cpp
0x800bc974	0	0	gcc2_compiled.
0x800bc974	36	2	_FMAdaptSeedRand__Fv
0x800bc998	192	2	_FMAdaptSetLibraries__Fv
0x800bca58	124	2	_FMAdaptSetFMVLibraries__Fv
0x800bcad4	212	2	_FMAdaptSetGroups__Fv
0x800bcba8	396	2	_FMAdaptLoadLoader__Fv
0x80270db0	24	1	_AdaptDependencyList
0x80270dc8	12	1	_AdaptAntiDependencyList
0x800bcdc0	108	2	__static_initialization_and_destruction_0
0x800bce2c	44	2	_GLOBAL_.I.GSGetDependencyList__C16FlowModuleAdaptC
0x800bce58	44	2	_GLOBAL_.D.GSGetDependencyList__C16FlowModuleAdaptC
0x00000000	0	4	nmadaptboot.cpp
0x800bce84	0	0	gcc2_compiled.
0x80270e00	20	1	_AdaptBootDependencyList
0x80270e14	12	1	_AdaptBootAntiDependencyList
0x800bcf0c	108	2	__static_initialization_and_destruction_0
0x800bcf78	44	2	_GLOBAL_.I.GSGetDependencyList__C20FlowModuleAdaptBootC
0x800bcfa4	44	2	_GLOBAL_.D.GSGetDependencyList__C20FlowModuleAdaptBootC
0x00000000	0	4	nmadaptingame.cpp
0x800bcfd0	0	0	gcc2_compiled.
0x800bcfd0	192	2	_FMAdaptInGameSetLibraries__Fv
0x800bd090	396	2	_FMAdaptInGameSetGroups__Fv
0x800bd21c	284	2	_FMAdaptInGameLoadLoader__Fv
0x80270f2c	20	1	_AdaptIGDependencyList
0x80270f40	16	1	_AdaptIGAntiDependencyList
0x800bd3cc	108	2	__static_initialization_and_destruction_0
0x800bd438	44	2	_GLOBAL_.I.GSGetDependencyList__C22FlowModuleAdaptInGameC
0x800bd464	44	2	_GLOBAL_.D.GSGetDependencyList__C22FlowModuleAdaptInGameC
0x00000000	0	4	nmAdaptNASCARCustom3D.cpp
0x800bd490	0	0	gcc2_compiled.
0x80270f64	16	1	_AdaptNASCARCustom3D_DependencyList
0x80270f74	8	1	_AdaptNASCARCustom3D_AntiDependencyList
0x800bd4fc	108	2	__static_initialization_and_destruction_0
0x800bd568	44	2	_GLOBAL_.I.GSGetDependencyList__C30FlowModuleAdaptNASCARCustom3DC
0x800bd594	44	2	_GLOBAL_.D.GSGetDependencyList__C30FlowModuleAdaptNASCARCustom3DC
0x00000000	0	4	nmvictorylane.cpp
0x800bd5c0	0	0	gcc2_compiled.
0x80270f88	84	1	_VictoryLaneDependencyList
0x80270fdc	4	1	_VictoryLaneAntiDependencyList
0x800bd62c	108	2	__static_initialization_and_destruction_0
0x800bd698	44	2	_GLOBAL_.I.GSGetDependencyList__C22FlowModuleVictoryLaneC
0x800bd6c4	44	2	_GLOBAL_.D.GSGetDependencyList__C22FlowModuleVictoryLaneC
0x00000000	0	4	nmviewport.cpp
0x800bd6f0	0	0	gcc2_compiled.
0x802a20c0	16	1	_VptInitBlock
0x80270fec	12	1	_ViewportDependencyList
0x800bd768	108	2	__static_initialization_and_destruction_0
0x800bd7d4	44	2	_GLOBAL_.I.GSGetDependencyList__C19FlowModuleViewportC
0x800bd800	44	2	_GLOBAL_.D.GSGetDependencyList__C19FlowModuleViewportC
0x00000000	0	4	nmvram.cpp
0x800bd82c	0	0	gcc2_compiled.
0x802a20d0	2	1	_VramInitBlock
0x80271000	4	1	_VRAMDependencyList
0x800bd89c	108	2	__static_initialization_and_destruction_0
0x800bd908	44	2	_GLOBAL_.I.GSGetDependencyList__C15FlowModuleVRAMC
0x800bd934	44	2	_GLOBAL_.D.GSGetDependencyList__C15FlowModuleVRAMC
0x00000000	0	4	nmvramheapfe.cpp
0x800bd960	0	0	gcc2_compiled.
0x80271010	8	1	_VRAMHeapFEDependencyList
0x800bd990	108	2	__static_initialization_and_destruction_0
0x800bd9fc	44	2	_GLOBAL_.I.GSGetDependencyList__C21FlowModuleVRAMHeapFEC
0x800bda28	44	2	_GLOBAL_.D.GSGetDependencyList__C21FlowModuleVRAMHeapFEC
0x00000000	0	4	nmwreckreplay.cpp
0x800bda54	0	0	gcc2_compiled.
0x80271028	4	1	_WreckReplayDependencyList
0x8027102c	12	1	_WreckReplayAntiDependencyList
0x800bdacc	108	2	__static_initialization_and_destruction_0
0x800bdb38	44	2	_GLOBAL_.I.GSGetDependencyList__C22FlowModuleWreckReplayC
0x800bdb64	44	2	_GLOBAL_.D.GSGetDependencyList__C22FlowModuleWreckReplayC
0x00000000	0	4	FMKeyboard.cpp
0x800bdb90	0	0	gcc2_compiled.
0x80271044	8	1	_FMKeyboard_DependencyList
0x800bdbf8	108	2	__static_initialization_and_destruction_0
0x800bdc64	44	2	_GLOBAL_.I.GSGetDependencyList__C19FlowModuleKeyboardC
0x800bdc90	44	2	_GLOBAL_.D.GSGetDependencyList__C19FlowModuleKeyboardC
0x00000000	0	4	FMOnlineMemory.cpp
0x800bdcbc	0	0	gcc2_compiled.
0x80271064	4	1	_FMOnlineMemory_DependencyList
0x800bde14	108	2	__static_initialization_and_destruction_0
0x800bde80	44	2	_GLOBAL_.I.GetOnlinePermHeapID__Fv
0x800bdeac	44	2	_GLOBAL_.D.GetOnlinePermHeapID__Fv
0x00000000	0	4	FMServiceManager.cpp
0x800bded8	0	0	gcc2_compiled.
0x80271078	8	1	_FMServiceManager_DependencyList
0x800bdf44	108	2	__static_initialization_and_destruction_0
0x800bdfb0	44	2	_GLOBAL_.I.GSGetDependencyList__C25FlowModuleServiceManagerC
0x800bdfdc	44	2	_GLOBAL_.D.GSGetDependencyList__C25FlowModuleServiceManagerC
0x00000000	0	4	Flash.cpp
0x800be008	0	0	gcc2_compiled.
0x802a20e8	4	1	_pAdapt
0x802a20ec	4	1	_pAdaptNASCAR
0x802a20f0	4	1	_Flash_uAdaptProcessInterval
0x802a20f4	4	1	_Flash_iCurrentChannel
0x800be008	360	2	_FlashRemapEventMsgToAptInput__F13EventMessageE
0x8030c2c4	580	0	_FlashInfo
0x800be170	84	2	_FlashInitTimedInputs__Fv
0x800be1c4	232	2	_FlashInputAccumulatedPastTreshold__FUi13EventMessageEf
0x800be2ac	120	2	_FlashAllowInput__FUi13EventMessageEf
0x802a20f8	4	1	uTimeSliceCounter.591
0x00000000	0	4	AdaptNASCAR.cpp
0x800bed74	0	0	gcc2_compiled.
0x800bed74	48	2	_AdaptNASCARReloadPalette__FUiUsPUc
0x00000000	0	4	AdaptNASCARCustom3D.cpp
0x800c03a8	0	0	gcc2_compiled.
0x8030c508	16	0	tmVptCamInfo.384
0x00000000	0	4	AdaptNASCARViewingState.cpp
0x800c08f0	0	0	gcc2_compiled.
0x800000f8	4	0	__OSBusClock
0x00000000	0	4	FadeBiasTweaker.cpp
0x00000000	0	4	GMHandler.cpp
0x802a2108	4	1	_GMCustomHandler
0x00000000	0	4	AptExtGauges.cpp
0x800c131c	0	0	gcc2_compiled.
0x802a2110	255	1	_AptExtGauges_strBuffer
0x00000000	0	4	MsgAllStar.cpp
0x800c2388	0	0	gcc2_compiled.
0x802a2230	1	1	_MsgAllStar_bDriverInTopTen
0x800c2388	56	2	_MsgAllStar_GetAllStarType__FRC12AdaptMessageP12AdaptMessage
0x800c23c0	56	2	_MsgAllStar_GetAllStarRace__FRC12AdaptMessageP12AdaptMessage
0x800c23f8	240	2	_MsgAllStar_GetAllStarDesc__FRC12AdaptMessageP12AdaptMessage
0x800c24e8	76	2	_MsgAllStar_InitResults__FRC12AdaptMessageP12AdaptMessage
0x800c2534	4	2	_MsgAllStar_ShutdownResults__FRC12AdaptMessageP12AdaptMessage
0x800c2538	68	2	_MsgAllStar_GetNumResultsRows__FRC12AdaptMessageP12AdaptMessage
0x800c257c	240	2	_MsgAllStar_GetResultsRow__FRC12AdaptMessageP12AdaptMessage
0x00000000	0	4	MsgAssists.cpp
0x800c2714	0	0	gcc2_compiled.
0x800c2714	332	2	_gmAss_GetSettings__FPiN20
0x800c2860	328	2	_gmAss_SetSettings__Fii
0x8027186c	32	1	GMGR_DrivingAssists
0x800c29a8	104	2	_MsgAssistsSetDrivingAssists__FRC12AdaptMessageP12AdaptMessage
0x800c2a10	84	2	_MsgAssistsGetDrivingAssists__FRC12AdaptMessageP12AdaptMessage
0x800000f8	4	0	__OSBusClock
0x00000000	0	4	MsgAudio.cpp
0x800c2ac0	0	0	gcc2_compiled.
0x802a2238	4	1	_GMAudio_iCurSelectedResID
0x802a223c	4	1	_iOldSpeechType
0x800c2e50	112	2	_gmAudio_DeActivate__Fv
0x800c2df0	96	2	_gmAudio_Activate__Fv
0x8030c518	1	0	_bFileCacheWasRunning
0x800c2ec0	188	2	_MsgAudioGetSettings__FRC12AdaptMessageP12AdaptMessage
0x800c2f7c	176	2	_MsgAudioSetSettings__FRC12AdaptMessageP12AdaptMessage
0x800c302c	40	2	_MsgAudioChangedHighlight__FRC12AdaptMessageP12AdaptMessage
0x00000000	0	4	MsgAutograph.cpp
0x800c3108	0	0	gcc2_compiled.
0x802a2240	4	1	_MsgAutograph_FansForBonusBubbles
0x800c3108	84	2	_MsgAutograph_GetSettings__FRC12AdaptMessageP12AdaptMessage
0x800c315c	116	2	_MsgAutograph_SetScore__FRC12AdaptMessageP12AdaptMessage
0x800c31d0	56	2	_MsgAutograph_GetNumOfFinishedLevels__FRC12AdaptMessageP12AdaptMessage
0x800c3208	336	2	_MsgAutograph_GetScore__FRC12AdaptMessageP12AdaptMessage
0x800c3358	104	2	_MsgAutograph_GetBonusInfo__FRC12AdaptMessageP12AdaptMessage
0x800c33c0	56	2	_MsgAutograph_IsIntroDone__FRC12AdaptMessageP12AdaptMessage
0x800c33f8	60	2	_MsgAutograph_NewLevel__FRC12AdaptMessageP12AdaptMessage
0x800c3434	44	2	_MsgAutograph_PlaySound__FRC12AdaptMessageP12AdaptMessage
0x800c3460	48	2	_MsgAutograph_EndGame__Fv
0x800c3490	96	2	_MsgAutograph_LockController__FRC12AdaptMessageP12AdaptMessage
0x800c34f0	44	2	_MsgAutograph_UnlockControllers__FRC12AdaptMessageP12AdaptMessage
0x800c351c	148	2	_MsgAutograph_SessionAccepted__FRC12AdaptMessageP12AdaptMessage
0x00000000	0	4	MsgBlackFlag.cpp
0x800c3708	0	0	gcc2_compiled.
0x802a2248	4	1	_MsgBlackFlagOffense
0x802a224c	4	1	_MsgBlackFlagPlayerID
0x00000000	0	4	MsgCareerStats.cpp
0x800c3744	0	0	gcc2_compiled.
0x800c3744	180	2	_MsgCareerStats_GetStats__FRC12AdaptMessageP12AdaptMessage
0x800000f8	4	0	__OSBusClock
0x00000000	0	4	MsgCarSetup.cpp
0x800c3830	0	0	gcc2_compiled.
0x800c3830	800	2	_GetMetervals__F9PlayerIdEPfUc
0x800c3b50	280	2	_GetFromDB__F9PlayerIdEPiPfT2T1Uc
0x800c3c68	140	2	_gmCSetup_Init__FPiT0
0x800c3cf4	4	2	_gmCSetup_Shutdown__Fv
0x800c3cf8	36	2	_gmCSetup_Get__F9PlayerIdEPiPfT2T1
0x800c3d1c	64	2	_gmCSetup_GetDefaults__FPiPfT1T0
0x800c3d5c	148	2	_gmCSetup_GetGear__F9PlayerIdEiPf
0x800c3df0	324	2	_gmCSetup_Set__F9PlayerIdEiPfT2i
0x800c3f34	116	2	_MsgCarSetupInit__FRC12AdaptMessageP12AdaptMessage
0x800c3fa8	208	2	_MsgCarSetupGet__FRC12AdaptMessageP12AdaptMessage
0x800c4078	160	2	_MsgCarSetupGetDefaults__FRC12AdaptMessageP12AdaptMessage
0x800c4118	608	2	_MsgCarSetupSet__FRC12AdaptMessageP12AdaptMessage
0x800c4378	308	2	_MsgCarSetupGetGear__FRC12AdaptMessageP12AdaptMessage
0x800c44ac	496	2	_MsgCarSetupSetGear__FRC12AdaptMessageP12AdaptMessage
0x800c469c	160	2	_MsgCarSetupGetMeters__FRC12AdaptMessageP12AdaptMessage
0x800c473c	160	2	_MsgCarSetupGetDefaultMeters__FRC12AdaptMessageP12AdaptMessage
0x800000f8	4	0	__OSBusClock
0x00000000	0	4	MsgChase.cpp
0x800c48e4	0	0	gcc2_compiled.
0x800c48e4	108	2	_MsgChase_GetDriverName__FiPc
0x800c4950	68	2	_MsgChase_IsChaseMode__FRC12AdaptMessageP12AdaptMessage
0x800c4994	100	2	_MsgChase_InitDriverList__FRC12AdaptMessageP12AdaptMessage
0x8030c51c	16	0	_MCDriverListCursor
0x800c49f8	40	2	_MsgChase_ShutDriverList__FRC12AdaptMessageP12AdaptMessage
0x800c4a20	164	2	_MsgChase_GetDriverListRow__FRC12AdaptMessageP12AdaptMessage
0x800c4ac4	136	2	_MsgChase_GetSkinInfo__FRC12AdaptMessageP12AdaptMessage
0x800c4b4c	196	2	_MsgChase_SetDriverInfo__FRC12AdaptMessageP12AdaptMessage
0x8030c52c	120	0	_MCStandingsInfo
0x800c4c10	208	2	_MsgChase_InitChasersList__FRC12AdaptMessageP12AdaptMessage
0x800c4ce0	236	2	_MsgChase_InitStandings__FRC12AdaptMessageP12AdaptMessage
0x800c4dcc	208	2	_MsgChase_GetChasersRow__FRC12AdaptMessageP12AdaptMessage
0x800c4e9c	60	2	_MsgChase_GetPlayersDriver__FRC12AdaptMessageP12AdaptMessage
0x800c4ed8	92	2	_MsgChase_IsSeasonComplete__FRC12AdaptMessageP12AdaptMessage
0x800c4f34	156	2	_MsgChase_CalcSkillPoints__FRC12AdaptMessageP12AdaptMessage
0x800c4fd0	32	2	_MsgChase_PostSelection__FRC12AdaptMessageP12AdaptMessage
0x800c4ff0	136	2	_MsgChase_GetNextRace__FRC12AdaptMessageP12AdaptMessage
0x800000f8	4	0	__OSBusClock
0x00000000	0	4	MsgContract.cpp
0x800c51f0	0	0	gcc2_compiled.
0x800c51f0	492	2	_MsgContract_HistoryInfo__FRC12AdaptMessageP12AdaptMessage
0x800c53dc	76	2	_MsgContract_HistoryNumRows__FRC12AdaptMessageP12AdaptMessage
0x800c5428	152	2	_MsgContract_HistoryNumYears__FRC12AdaptMessageP12AdaptMessage
0x800c54c0	72	2	_MsgContract_OfferNumRows__FRC12AdaptMessageP12AdaptMessage
0x800c5508	492	2	_MsgContract_OfferInfo__FRC12AdaptMessageP12AdaptMessage
0x800c56f4	72	2	_MsgContract_SignContract__FRC12AdaptMessageP12AdaptMessage
0x800c573c	452	2	_MsgContract_MerchInfo__FRC12AdaptMessageP12AdaptMessage
0x800c5900	104	2	_MsgContract_CurrentContract__FRC12AdaptMessageP12AdaptMessage
0x800c5968	616	2	_MsgContract_ContractInfo__FRC12AdaptMessageP12AdaptMessage
0x800c5bd0	112	2	_MsgContract_ModelInit__FRC12AdaptMessageP12AdaptMessage
0x8030c5a4	4	0	_MsgContract_pCustomCar
0x800c5c40	64	2	_MsgContract_ModelSetSponsor__FRC12AdaptMessageP12AdaptMessage
0x800c5c80	132	2	_MsgContract_ModelShutdown__FRC12AdaptMessageP12AdaptMessage
0x800000f8	4	0	__OSBusClock
0x00000000	0	4	MsgControllerSettings.cpp
0x800c5e64	0	0	gcc2_compiled.
0x800c5e64	256	2	_MsgControllerSettings_UpdateControllerConfig__F13EventCtrlCfgT9PlayerIdE
0x800c5f64	72	2	_MsgControllerSettings_GetSetting__FUiUc
0x800c5fac	60	2	_MsgControllerSettings_SetSetting__FUiiUc
0x800c5fe8	556	2	_MsgControllerSettings_GetPropertyValue__FRC12AdaptMessageP12AdaptMessage
0x8030c5ac	4	0	_MsgControllerSettings_eFEPlayerId
0x800c6214	732	2	_MsgControllerSettings_SetPropertyValue__FRC12AdaptMessageP12AdaptMessage
0x802723b8	32	1	GMGR_DrivingAssists
0x800c64f0	40	2	_MsgControllerSettings_IsWheelDetected__FRC12AdaptMessageP12AdaptMessage
0x800c6518	40	2	_MsgControllerSettings_GetSku__FRC12AdaptMessageP12AdaptMessage
0x800c6540	60	2	_MsgControllerSettings_EnteringScreen__FRC12AdaptMessageP12AdaptMessage
0x8030c5a8	1	0	_bRumbleEnabled
0x800c657c	60	2	_MsgControllerSettings_LeavingScreen__FRC12AdaptMessageP12AdaptMessage
0x800c65b8	52	2	_MsgControllerSettings_SetFEPlayerId__FRC12AdaptMessageP12AdaptMessage
0x800c65ec	92	2	_MsgControllerSettings_IsInGame__FRC12AdaptMessageP12AdaptMessage
0x800000f8	4	0	__OSBusClock
0x00000000	0	4	MsgCustomSchedule.cpp
0x802a2250	2	1	_EvntEnt_uNumRows
0x800c6700	48	2	_CustSch_FindRaceAppointment__FPC18SeasonAppointmentT
0x8030c6dc	12	0	_CustSch_Appointment
0x800c6730	1016	2	_InitTrackList__FPiN40
0x8030c5b0	288	0	_raceList
0x8030c6d0	4	0	_numRacesSelected
0x8030c6d8	4	0	_gmEvntEnt_CurrentTrackEventIndex
0x800c6b28	164	2	_MsgCustomSchedule_Init__FRC12AdaptMessageP12AdaptMessage
0x8030c6d4	4	0	_iPercentage
0x800c6bcc	208	2	_MsgCustomSchedule_GetRow__FRC12AdaptMessageP12AdaptMessage
0x800c6c9c	304	2	_MsgCustomSchedule_GetEventRow__FRC12AdaptMessageP12AdaptMessage
0x800c6dcc	248	2	_MsgCustomSchedule_GetEvents__FRC12AdaptMessageP12AdaptMessage
0x800c6ec4	168	2	_MsgCustomSchedule_AddRace__FRC12AdaptMessageP12AdaptMessage
0x800c6f6c	40	2	_MsgCustomSchedule_GetMaxRaces__FRC12AdaptMessageP12AdaptMessage
0x800c6f94	580	2	_MsgCustomSchedule_GetTrackInfo__FRC12AdaptMessageP12AdaptMessage
0x800c71d8	140	2	_MsgCustomSchedule_RemoveRace__FRC12AdaptMessageP12AdaptMessage
0x800c7264	72	2	_MsgCustomSchedule_GetEventId__FRC12AdaptMessageP12AdaptMessage
0x800c72ac	224	2	_MsgCustomSchedule_SetSchedule__FRC12AdaptMessageP12AdaptMessage
0x800c738c	92	2	_MsgCustomSchedule_Shutdown__FRC12AdaptMessageP12AdaptMessage
0x00000000	0	4	MsgCreateACar.cpp
0x800c7534	0	0	gcc2_compiled.
0x802a2258	4	1	_MsgCAC_pCustomCar
0x800c7534	32	2	_strnicmp__FPCcT0Ui
0x800c7554	364	2	_MsgCAC_FindSponsorInCursor__F12SponsorTypeE
0x8030c74c	20	0	_MsgCAC_SponsorCurrentRow
0x8030c6e8	20	0	_MsgCAC_SponsorNumRows
0x8030c6fc	80	0	_MsgCAC_SponsorCursor
0x800c76c0	124	2	_MsgCAC_CreateCursor__Fi
0x800c773c	152	2	_MsgCAC_SponsorInit__FRC12AdaptMessageP12AdaptMessage
0x800c77d4	76	2	_MsgCAC_SponsorShutdown__FRC12AdaptMessageP12AdaptMessage
0x800c7820	376	2	_MsgCAC_SetSponsor__FRC12AdaptMessageP12AdaptMessage
0x800c7998	184	2	_MsgCAC_Init__FRC12AdaptMessageP12AdaptMessage
0x800c7a50	92	2	_MsgCAC_Shutdown__FRC12AdaptMessageP12AdaptMessage
0x800c7aac	140	2	_MsgCAC_HSVtoRGB__FRC12AdaptMessageP12AdaptMessage
0x800c7b38	140	2	_MsgCAC_RGBtoHSV__FRC12AdaptMessageP12AdaptMessage
0x800c7bc4	132	2	_MsgCAC_GetSchemeColor__FRC12AdaptMessageP12AdaptMessage
0x800c7c48	204	2	_MsgCAC_SetSchemeColor__FRC12AdaptMessageP12AdaptMessage
0x800c7d14	60	2	_MsgCAC_SetSeries__FRC12AdaptMessageP12AdaptMessage
0x800c7d50	112	2	_MsgCAC_SetSkinID__FRC12AdaptMessageP12AdaptMessage
0x800c7dc0	296	2	_MsgCAC_SetPaintScheme__FRC12AdaptMessageP12AdaptMessage
0x800c7f90	176	2	_MsgCAC_SetNumber__FRC12AdaptMessageP12AdaptMessage
0x800c8040	212	2	_MsgCAC_SetNumberStyle__FRC12AdaptMessageP12AdaptMessage
0x800c8114	184	2	_MsgCAC_SetStickers__FRC12AdaptMessageP12AdaptMessage
0x800c81cc	368	2	_MsgCAC_SetHelmet__FRC12AdaptMessageP12AdaptMessage
0x800c833c	264	2	_MsgCAC_SetSuit__FRC12AdaptMessageP12AdaptMessage
0x800c8444	344	2	_MsgCAC_SetSunGlasses__FRC12AdaptMessageP12AdaptMessage
0x800c859c	40	2	_MsgCAC_SaveInfo__FRC12AdaptMessageP12AdaptMessage
0x800c85c4	416	2	_MsgCAC_SetMake__FRC12AdaptMessageP12AdaptMessage
0x800c8764	40	2	_MsgCAC_SetPreciseInput__FRC12AdaptMessageP12AdaptMessage
0x800c878c	72	2	_MsgCAC_SetKitCar__FRC12AdaptMessageP12AdaptMessage
0x00000000	0	4	MsgCreateADriver.cpp
0x800c8a64	0	0	gcc2_compiled.
0x800c8a64	36	2	_MsgCreateADriverInit__FRC12AdaptMessageP12AdaptMessage
0x800c8a88	36	2	_MsgCreateADriverShutdown__FRC12AdaptMessageP12AdaptMessage
0x800c8aac	88	2	_MsgCreateADriverGetNumStates__FRC12AdaptMessageP12AdaptMessage
0x800c8b04	144	2	_MsgCreateADriverGetState__FRC12AdaptMessageP12AdaptMessage
0x800c8b94	112	2	_MsgCreateADriverSaveCurrentPartState__FRC12AdaptMessageP12AdaptMessage
0x800c8c04	176	2	_MsgCreateADriverLoadPartState__FRC12AdaptMessageP12AdaptMessage
0x800c8cb4	320	2	_MsgCreateADriverSaveBio__FRC12AdaptMessageP12AdaptMessage
0x800c8df4	176	2	_MsgCreateADriverLoadBio__FRC12AdaptMessageP12AdaptMessage
0x800000f8	4	0	__OSBusClock
0x00000000	0	4	MsgDebugDamage.cpp
0x00000000	0	4	MsgDebugDb.cpp
0x00000000	0	4	MsgDebugMulti.cpp
0x800000f8	4	0	__OSBusClock
0x00000000	0	4	MsgDebugRender.cpp
0x00000000	0	4	MsgDebugTrack.cpp
0x00000000	0	4	MsgDemoMode.cpp
0x800c8f5c	0	0	gcc2_compiled.
0x800c8f5c	116	2	_MsgDemoMode_GetRaceInfo__FRC12AdaptMessageP12AdaptMessage
0x800c8fd0	504	2	_MsgDemoMode_GetRow__FRC12AdaptMessageP12AdaptMessage
0x800c91c8	32	2	_MsgDemoMode_ResetTimer__FRC12AdaptMessageP12AdaptMessage
0x800c91e8	60	2	_MsgDemoMode_GetTimerStatus__FRC12AdaptMessageP12AdaptMessage
0x800c9224	56	2	_MsgDemoMode_StartDemo__FRC12AdaptMessageP12AdaptMessage
0x800c925c	84	2	_MsgDemoMode_GetLapInfo__FRC12AdaptMessageP12AdaptMessage
0x800000f8	4	0	__OSBusClock
0x00000000	0	4	MsgDifficultySelect.cpp
0x800c9370	0	0	gcc2_compiled.
0x802a2268	4	1	_DiffSel_iProductionCarModelHACK
0x802a226c	1	1	_bSavedValue
0x800c9370	404	2	_MsgDifficultySelect_GetSetting__FUi
0x800c9504	100	2	_MsgDifficultySelect_SetSetting__FUii
0x800c9568	520	2	_MsgDifficultySelect_GetPropertyValue__FRC12AdaptMessageP12AdaptMessage
0x800c9770	812	2	_MsgDifficultySelect_SetPropertyValue__FRC12AdaptMessageP12AdaptMessage
0x800c9a9c	144	2	_MsgDifficultySelect_GetMode__FRC12AdaptMessageP12AdaptMessage
0x800c9b2c	44	2	_MsgDifficultySelect_SetProductionModel__FRC12AdaptMessageP12AdaptMessage
0x800c9b64	224	2	_MsgDifficultySelect_GetProductionStatus__FRC12AdaptMessageP12AdaptMessage
0x800c9c44	48	2	_MsgDifficultySelect_CancelSeason__FRC12AdaptMessageP12AdaptMessage
0x800c9c74	48	2	_MsgDifficultySelect_CancelChase__FRC12AdaptMessageP12AdaptMessage
0x00000000	0	4	MsgDisplaySettings.cpp
0x800c9dc0	0	0	gcc2_compiled.
0x800c9dc0	72	2	_MsgDisplaySettings_GetSetting__FUiSc
0x800c9e08	60	2	_MsgDisplaySettings_SetSetting__FUiiSc
0x800c9e44	388	2	_MsgDisplaySettings_GetPropertyValue__FRC12AdaptMessageP12AdaptMessage
0x802730cc	16	1	_MsgDisplaySettings_ValidCameras
0x800c9fc8	532	2	_MsgDisplaySettings_SetPropertyValue__FRC12AdaptMessageP12AdaptMessage
0x800000f8	4	0	__OSBusClock
0x00000000	0	4	MsgDriverInfo.cpp
0x800ca238	0	0	gcc2_compiled.
0x800ca238	152	2	_DriverInfo_Start__FRC12AdaptMessageP12AdaptMessage
0x8030c760	16	0	_DriverInfo_dbCursor
0x800ca2d0	40	2	_DriverInfo_Stop__FRC12AdaptMessageP12AdaptMessage
0x800ca2f8	716	2	_DriverInfo_GetDetails__FRC12AdaptMessageP12AdaptMessage
0x800ca5c4	872	2	_DriverInfo_GetRow__FRC12AdaptMessageP12AdaptMessage
0x800000f8	4	0	__OSBusClock
0x00000000	0	4	MsgDriverSelect.cpp
0x802a227c	1	1	_gmDsel_bIsInited
0x800cab6c	544	2	_gmDSel_Init__Fv
0x8030c770	32	0	_gmDsel_CarInfo
0x8030c790	16	0	_gmDsel_OldCars
0x8030c7d8	4	0	_gmDsel_aCurrentPlayerCategory
0x8030c7c8	16	0	_gmDsel_aCurrentSelectedCarID
0x8030c7a0	40	0	_gmDsel_aaCategorySizes
0x800cad8c	80	2	_gmDSel_Shutdown__Fv
0x800caddc	68	2	_gmDSel_UpdateLeague__Fi7SeriesEPiT2
0x800cae20	768	2	_DSel_GetDefaultDriverRow__FiPi7SeriesE
0x800cb120	632	2	_gmDSel_GetRow__FiiPcPiN23T2
0x800cb398	580	2	_gmDSel_GetDriver__FiiPiN52
0x800cb5dc	440	2	_gmDSel_GetSkin__FiiiPiPcT4
0x800cb794	332	2	_gmDSel_SelectDriver__Fiii
0x800cb9e4	96	2	_gmDSel_UnSelectDriver__Fi
0x800cba44	8	2	_gmDSel_BlackCar__Fi
0x800cba4c	224	2	_gmDSel_SetDefaultDriver__Fii
0x00000000	0	4	MsgFavoriteDriver.cpp
0x800cc5c4	0	0	gcc2_compiled.
0x800cc5c4	284	2	_MsgFavoriteDriverInit__FRC12AdaptMessageP12AdaptMessage
0x8030c840	4	0	_msgFavDriver_NumActualRows
0x800cc6e0	40	2	_MsgFavoriteDriverShutdown__Fv
0x800cc708	348	2	_MsgFavoriteDriverGetRow__FRC12AdaptMessageP12AdaptMessage
0x800cc864	132	2	_MsgFavoriteDriverSelect__FRC12AdaptMessageP12AdaptMessage
0x800cc8e8	144	2	_MsgFavoriteDriverGetFavDriver__FRC12AdaptMessageP12AdaptMessage
0x800cc978	120	2	_MsgFavoriteDriverGetSkin__FRC12AdaptMessageP12AdaptMessage
0x800000f8	4	0	__OSBusClock
0x00000000	0	4	MsgGameFlow.cpp
0x800cca9c	0	0	gcc2_compiled.
0x800cca9c	48	2	_MsgGameFlowStart__Fv
0x800ccacc	108	2	_MsgGameFlowPractice__Fv
0x800ccb38	108	2	_MsgGameFlowQualify__Fv
0x800ccba4	100	2	_MsgGameFlow_UnloadPitWhenQuitting__Fv
0x800ccc08	36	2	_MsgGameFlowGatorade__Fv
0x800ccc2c	36	2	_MsgGameFlowQuitGatorade__Fv
0x800ccc50	108	2	_MsgGameFlowHappyHour__Fv
0x800cccbc	248	2	_MsgGameFlowRestart__Fv
0x800ccdb4	36	2	_MsgGameFlowRace__Fv
0x800ccf3c	64	2	_MsgGameFlowQuitWeekend__Fv
0x800ccf7c	52	2	_MsgGameFlow_SpdzLightQuitPrsStart__Fv
0x800cd024	36	2	_MsgGameFlowReplay__Fv
0x800cd048	76	2	_MsgGameFlow_StartLightning__Fv
0x800cd094	48	2	_MsgGameFlow_LightningGoToStart__Fv
0x800cd0c4	76	2	_MsgGameFlow_StartSpeedZone__Fv
0x800cd110	156	2	_MsgGameFlow_StartSeason__Fi
0x800cd1ac	48	2	_MsgGameFlow_QuitSeason__Fv
0x800cd1dc	148	2	_MsgGameFlow_ChaseNew__Fv
0x800cd270	112	2	_MsgGameFlow_ChaseContinue__Fv
0x800cd2e0	72	2	_MsgGameFlow_ChaseQuit__Fv
0x800cd328	48	2	_MsgGameFlow_ChaseStartRace__Fv
0x800cd358	36	2	_MsgGameFlow_ChaseNextRace__Fv
0x800cd418	108	2	_MsgGameFlow_SpeedZoneGoToStart__Fv
0x800cd484	136	2	_MsgGameFlow_SpeedZoneStartRace__Fi
0x800cd50c	136	2	_MsgGameFlow_LightningStartRace__Fi
0x800cd594	56	2	_MsgGameFlow_SpeedZoneQuitRace__Fv
0x800cd5cc	48	2	_MsgGameFlow_SpeedZoneQuitSelect__Fv
0x800cd5fc	56	2	_MsgGameFlow_LightningQuitRace__Fv
0x800cd634	4	2	_MsgGameFlow_LightningQuitSelect__Fv
0x800cd638	84	2	_MsgGameFlow_SeasonStarted__FRC12AdaptMessageP12AdaptMessage
0x800cd68c	84	2	_MsgGameFlow_ChaseStarted__FRC12AdaptMessageP12AdaptMessage
0x800000f8	4	0	__OSBusClock
0x00000000	0	4	MsgGameStatus.cpp
0x800cd9ec	0	0	gcc2_compiled.
0x800cd9ec	224	2	_MsgGameStatusGetNumOfUnlockedProdCars__Fv
0x800cdacc	172	2	_MsgGameStatusGetPrestigeInfo__FRC12AdaptMessageP12AdaptMessage
0x800cdb78	80	2	_MsgGameStatusGetCashRequired__FRC12AdaptMessageP12AdaptMessage
0x800cdbc8	68	2	_MsgGameStatusGetProductionCarsCount__FRC12AdaptMessageP12AdaptMessage
0x800cdc0c	96	2	_MsgGameStatusGetTrophyCount__FRC12AdaptMessageP12AdaptMessage
0x800cdc6c	432	2	_MsgGameStatusGetFanInfo__FRC12AdaptMessageP12AdaptMessage
0x800cde1c	56	2	_MsgGameStatusGetGameProgress__FRC12AdaptMessageP12AdaptMessage
0x800000f8	4	0	__OSBusClock
0x00000000	0	4	MsgGauges.cpp
0x800cdfc4	0	0	gcc2_compiled.
0x800cdfc4	64	2	_MsgGauges_GetTrackMapVisibility__FRC12AdaptMessageP12AdaptMessage
0x800ce004	76	2	_MsgGauges_SetTrackMapVisibility__FRC12AdaptMessageP12AdaptMessage
0x800ce050	4	2	_MsgGauges_GetRepairButton__FRC12AdaptMessageP12AdaptMessage
0x800000f8	4	0	__OSBusClock
0x00000000	0	4	MsgGeneral.cpp
0x800ce50c	0	0	gcc2_compiled.
0x800ce50c	44	2	_msgGeneral_GetVersionString__FRC12AdaptMessageP12AdaptMessage
0x800ce538	112	2	_MsgGeneral_NumControllers__FRC12AdaptMessageP12AdaptMessage
0x800ce5a8	68	2	_MsgGeneral_GetSKU__FRC12AdaptMessageP12AdaptMessage
0x800ce5ec	44	2	_MsgGeneral_GetSeries__FRC12AdaptMessageP12AdaptMessage
0x800ce618	84	2	_MsgGeneral_GetNumFrontEndLocalPlayers__FRC12AdaptMessageP12AdaptMessage
0x800ce66c	64	2	_MsgGeneral_GetControllerChannelFromPlayerID__FRC12AdaptMessageP12AdaptMessage
0x800ce6ac	88	2	_MsgGeneral_GetExclusiveControllerString__FRC12AdaptMessageP12AdaptMessage
0x00000000	0	4	MsgGlobal.cpp
0x800ce9a4	0	0	gcc2_compiled.
0x800ce9a4	40	2	_MsgGetLibraryID__FRC12AdaptMessageP12AdaptMessage
0x800ce9cc	92	2	_MsgGetTeamData__FRC12AdaptMessageP12AdaptMessage
0x800000f8	4	0	__OSBusClock
0x00000000	0	4	MsgGrudgesAlliances.cpp
0x800cea84	0	0	gcc2_compiled.
0x802a2290	4	1	_pMsgDriverInfo
0x800cea84	108	2	_GetDriverName__FiPc
0x800ceaf0	172	2	_MsgGA_GetDriverInfo__FRC12AdaptMessageP12AdaptMessage
0x800ceb9c	56	2	_MsgGA_Shutdown__FRC12AdaptMessageP12AdaptMessage
0x800cebd4	180	2	_gmPRRivals_CompareRespect__FPCvT0
0x800cec88	608	2	_MsgGA_Init__FRC12AdaptMessageP12AdaptMessage
0x00000000	0	4	MsgHallOfChampions.cpp
0x800cefbc	0	0	gcc2_compiled.
0x800cefbc	220	2	_MsgHallOfChampionsGetBackground__FRC12AdaptMessageP12AdaptMessage
0x800cf098	56	2	_MsgStoryBackgroundGetNext__FRC12AdaptMessageP12AdaptMessage
0x800000f8	4	0	__OSBusClock
0x00000000	0	4	MsgImageSwap.cpp
0x800cf120	0	0	gcc2_compiled.
0x800cf120	160	2	_MsgImageSwapGetTrackPicID__FRC12AdaptMessageP12AdaptMessage
0x800cf1c0	124	2	_MsgImageSwapGetPtrackLogoID__FRC12AdaptMessageP12AdaptMessage
0x800cf23c	144	2	_MsgImageSwapGetDriverNumberPicID__FRC12AdaptMessageP12AdaptMessage
0x800cf2cc	156	2	_MsgImageSwapGetSponsorLogoID__FRC12AdaptMessageP12AdaptMessage
0x800cf368	456	2	_MsgImageSwapGetApptImage__FRC12AdaptMessageP12AdaptMessage
0x800cf530	124	2	_MsgImageSwapGetRaceLogoID__FRC12AdaptMessageP12AdaptMessage
0x800cf5ac	64	2	_MsgImageSwapGetTrophyThumbnailID__FRC12AdaptMessageP12AdaptMessage
0x800cf5ec	448	2	_MsgImageSwapGetTrophyRoomBGID__FRC12AdaptMessageP12AdaptMessage
0x800000f8	4	0	__OSBusClock
0x00000000	0	4	MsgLeaderboard.cpp
0x800cf858	0	0	gcc2_compiled.
0x800cf858	244	2	_MsgLeaderboardGetPlayerRanks__FRC12AdaptMessageP12AdaptMessage
0x800cf94c	636	2	_MsgLeaderboardGetRow__FRC12AdaptMessageP12AdaptMessage
0x800000f8	4	0	__OSBusClock
0x00000000	0	4	MsgLightningResults.cpp
0x800cfc18	0	0	gcc2_compiled.
0x800cfc18	48	2	_gmChalRes_QuitGame__Fv
0x800cfc48	4	2	_gmChalRes_Restart__Fv
0x800cfda4	108	2	_MsgLightningResultsGetScore__FRC12AdaptMessageP12AdaptMessage
0x800cfe10	256	2	_gmChalRes_GetGoals__FPA254_cPiT1
0x800cff10	188	2	_MsgLightningResultsGetGoals__FRC12AdaptMessageP12AdaptMessage
0x800000f8	4	0	__OSBusClock
0x00000000	0	4	MsgLightningSelect.cpp
0x800d0050	0	0	gcc2_compiled.
0x802a2298	1	1	_ChalSel_CursorExists
0x802a229a	8	1	_ChalSel_CurrentRow
0x802a22a2	8	1	_ChalSel_NumRows
0x802a22aa	1	1	_ChalSel_bRadioStarted
0x802a22ab	1	1	_ChalSel_iCurSkillLevel
0x802a22ac	1	1	_ChalSel_bMusicMuted
0x802a22ad	1	1	_ChalSel_bSelectedChallenge
0x802a22ae	1	1	_ChalSel_bMusicWasplaying
0x8030c844	64	0	_ChalSel_Cursor
0x800d00b4	104	2	_MsgLightningSelect_MuteMusic__FUc
0x800d011c	140	2	_MsgLightningSelect_GetDriverInfo__FiiPcPi
0x800d01e4	4	2	_MsgLightningSelect_SaveProfileChallengeLevel__FUc
0x800d01e8	4	2	_MsgLightningSelect_SaveProfileChallengeId__FUci
0x800d01ec	12	2	_MsgLightningSelect_GetProfileChallengeLevel__Fv
0x800d01f8	8	2	_MsgLightningSelect_GetProfileChallengeId__FUc
0x800d0200	228	2	_MsgLightningSelect_Reset__FRC12AdaptMessageP12AdaptMessage
0x800d02e4	124	2	_MsgLightningSelect_Init__FRC12AdaptMessageP12AdaptMessage
0x800d0360	200	2	_MsgLightningSelect_Shutdown__FRC12AdaptMessageP12AdaptMessage
0x800d0428	136	2	_MsgLightningSelect_GetStripInfo__FRC12AdaptMessageP12AdaptMessage
0x8030c884	60	0	_ChalSel_StillData
0x800d04dc	812	2	_MsgLightningSelect_GetNextChallenge__FRC12AdaptMessageP12AdaptMessage
0x8030c8c0	2568	0	_ChalHighlighted
0x800d0808	136	2	_MsgLightningSelect_GetDescription__FRC12AdaptMessageP12AdaptMessage
0x800d0890	144	2	_MsgLightningSelect_GetMiscInfo__FRC12AdaptMessageP12AdaptMessage
0x800d0920	52	2	_MsgLightningSelect_SetViewLevel__FRC12AdaptMessageP12AdaptMessage
0x800d0954	56	2	_MsgLightningSelect_SelectChallenge__FRC12AdaptMessageP12AdaptMessage
0x800d098c	112	2	_MsgLightningSelect_IsVideoFinished__FRC12AdaptMessageP12AdaptMessage
0x800d09fc	108	2	_MsgLightningSelect_IsRadioFinished__FRC12AdaptMessageP12AdaptMessage
0x800d0a68	36	2	_MsgLightningSelect_VideoStartup__FRC12AdaptMessageP12AdaptMessage
0x800d0a8c	52	2	_MsgLightningSelect_Mode__FRC12AdaptMessageP12AdaptMessage
0x800d0ac0	104	2	_MsgLightningSelect_GetSkillPoints__FRC12AdaptMessageP12AdaptMessage
0x800d0b28	120	2	_MsgLightningSelect_FMV__FRC12AdaptMessageP12AdaptMessage
0x00000000	0	4	MsgLightningStart.cpp
0x800d0cdc	0	0	gcc2_compiled.
0x800d0cdc	184	2	_MsgLightningStart_GetChallengeInfo__FRC12AdaptMessageP12AdaptMessage
0x800000f8	4	0	__OSBusClock
0x00000000	0	4	MsgMainMenu.cpp
0x800d0dcc	0	0	gcc2_compiled.
0x800d0dcc	304	2	_MsgMainMenu_Init__FRC12AdaptMessageP12AdaptMessage
0x800000f8	4	0	__OSBusClock
0x00000000	0	4	MsgMerchandise.cpp
0x800d0f58	0	0	gcc2_compiled.
0x802a22b0	2	1	_MsgMerchandise_iNumOfItems
0x802a22b4	4	1	s_bInitialized
0x800d0f58	124	2	_MsgMerchandise_GetLastRaceName__FPc7SeriesE
0x800d0fd4	212	2	_MsgMerchandise_Init__FRC12AdaptMessageP12AdaptMessage
0x8030d2c8	24	0	_MsgMerchandise_eMerchandise
0x800d10a8	44	2	_MsgMerchandise_GetNumOfItems__FRC12AdaptMessageP12AdaptMessage
0x800d10d4	204	2	_MsgMerchandise_GetItemPrices__FRC12AdaptMessageP12AdaptMessage
0x800d11a0	180	2	_MsgMerchandise_GetItemInfo__FRC12AdaptMessageP12AdaptMessage
0x800d1254	104	2	_MsgMerchandise_SetItemPrice__FRC12AdaptMessageP12AdaptMessage
0x800d12bc	16	2	_MsgMerchandise_Shutdown__FRC12AdaptMessageP12AdaptMessage
0x800d12cc	116	2	_MsgMerchandise_ModelInit__FRC12AdaptMessageP12AdaptMessage
0x8030d2e0	4	0	_MsgMerchandise_pCustomCar
0x800d1340	16	2	_MsgMerchandise_ModelShutdown__FRC12AdaptMessageP12AdaptMessage
0x00000000	0	4	MsgMusic.cpp
0x800d1408	0	0	gcc2_compiled.
0x800d1408	72	2	_gmMusic_Init__FPc
0x800d1450	4	2	_gmMusic_Shutdown__Fv
0x800d1454	224	2	_gmMusic_ToggleRow__FiiPc
0x800d1534	208	2	_gmMusic_GetRow__FiiPcT2
0x800d16c8	88	2	_gmMusic_PlayTrack__Fii
0x800d1720	32	2	_gmMusic_StopCurrentTrack__Fv
0x800d1740	40	2	_gmMusic_Activate__Fv
0x800d1768	56	2	_gmMusic_DeActivate__Fv
0x800d17a0	72	2	_MsgMusicSettingsInit__FRC12AdaptMessageP12AdaptMessage
0x800d17e8	96	2	_MsgMusicSettingsToggleRow__FRC12AdaptMessageP12AdaptMessage
0x800d1848	144	2	_MsgMusicSettingsGetSoundtrack__FRC12AdaptMessageP12AdaptMessage
0x800d18d8	116	2	_MsgMusicSettingsGetRow__FRC12AdaptMessageP12AdaptMessage
0x800d194c	76	2	_MsgMusicSettingsPlayTrack__FRC12AdaptMessageP12AdaptMessage
0x800d1998	136	2	_MsgMusicSettingsGetInfo__FRC12AdaptMessageP12AdaptMessage
0x800d1a20	56	2	_MsgMusicSettingsGetNumSoundtracks__FRC12AdaptMessageP12AdaptMessage
0x800000f8	4	0	__OSBusClock
0x00000000	0	4	MsgNascar101.cpp
0x800d1b78	0	0	gcc2_compiled.
0x800000f8	4	0	__OSBusClock
0x00000000	0	4	MsgPhoneMessages.cpp
0x800d1b80	0	0	gcc2_compiled.
0x802a22b8	4	1	_Phone_iNumUnreadMsgs
0x802a22bc	4	1	_Phone_iNumRings
0x802a22c0	4	1	_Phone_iVibrationChannel
0x802a22c4	4	1	_Phone_PatchHandle
0x802a22c8	1	1	_Phone_bMusicPaused
0x800d1b80	148	2	_MsgPhoneMessages_GetMsgInfo__FRC12AdaptMessageP12AdaptMessage
0x800d1c14	224	2	_MsgPhoneMessages_NewMsgInfo__FRC12AdaptMessageP12AdaptMessage
0x800d1cf4	96	2	_MsgPhoneMessages_GetNumMsgs__FRC12AdaptMessageP12AdaptMessage
0x800d1d54	72	2	_MsgPhoneMessages_GetText__FRC12AdaptMessageP12AdaptMessage
0x800d1d9c	68	2	_MsgPhoneMessages_GetResponses__FRC12AdaptMessageP12AdaptMessage
0x800d1de0	148	2	_MsgPhoneMessages_SendResponse__FRC12AdaptMessageP12AdaptMessage
0x800d1e74	100	2	_MsgPhoneMessages_PlayMsg__FRC12AdaptMessageP12AdaptMessage
0x800d1ed8	72	2	_MsgPhoneMessages_StopMsg__FRC12AdaptMessageP12AdaptMessage
0x800d1f20	76	2	_MsgPhoneMessages_IsMsgPlaying__FRC12AdaptMessageP12AdaptMessage
0x800d1f6c	40	2	_MsgPhoneMessages_AddHelpMsg__FRC12AdaptMessageP12AdaptMessage
0x800d1f94	356	2	_MsgPhoneMessages_CheckRinger__FRC12AdaptMessageP12AdaptMessage
0x800d20f8	96	2	_MsgPhoneMessages_StopRinger__FRC12AdaptMessageP12AdaptMessage
0x800d2158	72	2	_MsgPhoneMessages_SetRingChannel__FRC12AdaptMessageP12AdaptMessage
0x00000000	0	4	MsgPitOptions.cpp
0x800d230c	0	0	gcc2_compiled.
0x800d230c	192	2	_msgPitOptions_PitOptionsInit__FRC12AdaptMessageP12AdaptMessage
0x800d23cc	412	2	_msgPitOptions_GetDefaults__FRC12AdaptMessageP12AdaptMessage
0x800d2568	1192	2	_msgPitOptions_GetToggleLabels__FRC12AdaptMessageP12AdaptMessage
0x800d2a10	40	2	_msgPitOptions_Confirm__FRC12AdaptMessageP12AdaptMessage
0x800d2a38	116	2	_msgPitOptions_Abort__FRC12AdaptMessageP12AdaptMessage
0x800000f8	4	0	__OSBusClock
0x00000000	0	4	MsgPitCrew.cpp
0x800d2b88	0	0	gcc2_compiled.
0x800d2b88	92	2	_MsgPitCrew_GetStarPrice__FRC12AdaptMessageP12AdaptMessage
0x800d2be4	64	2	_MsgPitCrew_BuyUpgrade__FRC12AdaptMessageP12AdaptMessage
0x800d2c24	64	2	_MsgPitCrew_GetStatLevel__FRC12AdaptMessageP12AdaptMessage
0x800d2c64	112	2	_MsgPitCrew_CanBuy__FRC12AdaptMessageP12AdaptMessage
0x800d2cd4	72	2	_MsgPitCrew_GetSalary__FRC12AdaptMessageP12AdaptMessage
0x800d2d1c	112	2	_MsgPitCrew_TeamName__FRC12AdaptMessageP12AdaptMessage
0x800000f8	4	0	__OSBusClock
0x00000000	0	4	MsgPopups.cpp
0x800d2e4c	0	0	gcc2_compiled.
0x800d2e4c	140	2	_MsgPopupsPitNow__FRC12AdaptMessageP12AdaptMessage
0x800000f8	4	0	__OSBusClock
0x00000000	0	4	MsgPoleAwards.cpp
0x800d2f10	0	0	gcc2_compiled.
0x802a22d0	1	1	_msgPoleAwardsInitialized
0x800d2f10	196	2	_MsgPoleAwardsInit__FRC12AdaptMessageP12AdaptMessage
0x800d2fd4	40	2	_MsgPoleAwardsShutdown__Fv
0x800d2ffc	256	2	_MsgPoleAwardsGetRow__FRC12AdaptMessageP12AdaptMessage
0x00000000	0	4	MsgPostRace.cpp
0x800d3164	0	0	gcc2_compiled.
0x800d3164	56	2	_MsgPostRace_GameMode__FRC12AdaptMessageP12AdaptMessage
0x800000f8	4	0	__OSBusClock
0x00000000	0	4	MsgPrologue.cpp
0x800d31d4	0	0	gcc2_compiled.
0x802a22d8	1	1	_bGoToStoryMode
0x802a22dc	4	1	_iStartedFrom
0x800d31d4	40	2	_MsgPrologueBegin__FRC12AdaptMessageP12AdaptMessage
0x800d31fc	64	2	_MsgPrologueIsRunning__FRC12AdaptMessageP12AdaptMessage
0x800d323c	72	2	_MsgPrologueContinue__FRC12AdaptMessageP12AdaptMessage
0x800d3284	4	2	_MsgPrologueGetControls__FRC12AdaptMessageP12AdaptMessage
0x800d3288	52	2	_MsgPrologueSetDestination__FRC12AdaptMessageP12AdaptMessage
0x800d32e0	80	2	_MsgPrologueFinished__FRC12AdaptMessageP12AdaptMessage
0x00000000	0	4	MsgRaceNowSettingsOL.cpp
0x800d3400	0	0	gcc2_compiled.
0x800d3400	140	2	_MsgRaceNowSettingsOL_GetInitValues__FRC12AdaptMessageP12AdaptMessage
0x800d348c	132	2	_MsgRaceNowSettingsOL_SetValues__FRC12AdaptMessageP12AdaptMessage
0x800000f8	4	0	__OSBusClock
0x00000000	0	4	MsgRaceShop.cpp
0x800d356c	0	0	gcc2_compiled.
0x802a22e0	4	1	_MsgRaceShop_pCustomCarNextel
0x802a22e4	4	1	_MsgRaceShop_pCustomCarBusch
0x802a22e8	4	1	_MsgRaceShop_pCustomCarCraftsman
0x802a22ec	4	1	_MsgRaceShop_pCustomCarModified
0x802a22f0	4	1	_MsgRaceShop_eLastSeriesSelected
0x800d356c	68	2	_MsgRaceShop_GetSeriesStatus__FRC12AdaptMessageP12AdaptMessage
0x800d35b0	120	2	_MsgRaceShop_SetSeriesStatus__FRC12AdaptMessageP12AdaptMessage
0x800d3628	68	2	_MsgRaceShop_GetSeriesStartupCost__FRC12AdaptMessageP12AdaptMessage
0x800d366c	68	2	_MsgRaceShop_GetSeriesStartYear__FRC12AdaptMessageP12AdaptMessage
0x800d36b0	64	2	_MsgRaceShop_SetSeriesStartYear__FRC12AdaptMessageP12AdaptMessage
0x800d36f0	112	2	_MsgRaceShop_GetTeamName__FRC12AdaptMessageP12AdaptMessage
0x800d3760	312	2	_MsgRaceShop_ModelInit__FRC12AdaptMessageP12AdaptMessage
0x800d3898	40	2	_MsgRaceShop_ModelShutdown__FRC12AdaptMessageP12AdaptMessage
0x800d38c0	44	2	_MsgRaceShop_GetLastSeriesSelected__FRC12AdaptMessageP12AdaptMessage
0x800d38ec	52	2	_MsgRaceShop_SetLastSeriesSelected__FRC12AdaptMessageP12AdaptMessage
0x00000000	0	4	MsgRaceStats.cpp
0x800d3a54	0	0	gcc2_compiled.
0x802a22f8	4	1	_playerRow
0x802a22fc	1	1	_bRaceSimulation
0x800d3a54	108	2	_GetDriverName__FiPc
0x800d3ac0	512	2	_MsgRaceStats_RecreateQry__FUc
0x8030d318	2	0	_curRaceID
0x8030d308	4	0	_curSortCol
0x8030d30c	4	0	_curSortOrd
0x80275adc	256	1	_DStats_Cols
0x8030d2f8	16	0	_dstatsCursor
0x8030d2f4	2	0	_DriverCount
0x800d3cc0	40	2	_MsgRaceStats_DestroyQry__Fv
0x800d3ce8	340	2	_MsgRaceStats_Init__FRC12AdaptMessageP12AdaptMessage
0x8030d310	1	0	_uCurRaceOrder
0x8030d314	4	0	_curDriverID
0x800d3e3c	84	2	_MsgRaceStats_Shutdown__FRC12AdaptMessageP12AdaptMessage
0x800d3e90	60	2	_MsgRaceStats_SortList__FRC12AdaptMessageP12AdaptMessage
0x800d3ecc	44	2	_MsgRaceStats_GetNumDrivers__FRC12AdaptMessageP12AdaptMessage
0x800d3ef8	652	2	_MsgRaceStats_GetRow__FRC12AdaptMessageP12AdaptMessage
0x800d4184	160	2	_MsgRaceStats_GetColHeaders__FRC12AdaptMessageP12AdaptMessage
0x800d4224	800	2	_MsgRaceStats_TrackInfo__FRC12AdaptMessageP12AdaptMessage
0x800d4600	172	2	_GetAvgRaceSpeed__Ffs
0x800d4544	188	2	_MsgRaceStats_GetPlayerRow__FRC12AdaptMessageP12AdaptMessage
0x800d46ac	60	2	_MsgRaceStats_IsSimulationDone__FRC12AdaptMessageP12AdaptMessage
0x800d46e8	176	2	_MsgRaceStats_GetDriverID__FRC12AdaptMessageP12AdaptMessage
0x800d4798	140	2	_MsgRaceStats_GetTeamNumber__FRC12AdaptMessageP12AdaptMessage
0x800d4824	132	2	_MsgRaceStats_RaceType__FRC12AdaptMessageP12AdaptMessage
0x00000000	0	4	MsgRaceWeekend.cpp
0x800d4a14	0	0	gcc2_compiled.
0x802a2300	4	1	_eRWCurrentTickerState
0x800d4a14	56	2	_MsgRaceWeekend_GetSessionID__FRC12AdaptMessageP12AdaptMessage
0x800d4a4c	56	2	_MsgRaceWeekend_GetSessionName__FRC12AdaptMessageP12AdaptMessage
0x800d4a84	56	2	_MsgRaceWeekend_GetRaceTypeID__FRC12AdaptMessageP12AdaptMessage
0x800d4abc	552	2	_MsgRaceWeekend_GetDynamicSessions__FRC12AdaptMessageP12AdaptMessage
0x800d4ce4	136	2	_MsgRaceWeekend_ShowTicker__FRC12AdaptMessageP12AdaptMessage
0x800d4d6c	788	2	_MsgRaceWeekend_PrepareTickerInfo__FRC12AdaptMessageP12AdaptMessage
0x8030d31c	344	0	_RWTickerStats
0x800d5080	136	2	_MsgRaceWeekend_GetTickerRaceInfo__FRC12AdaptMessageP12AdaptMessage
0x800d5108	336	2	_MsgRaceWeekend_GetTickerRow__FRC12AdaptMessageP12AdaptMessage
0x800d5258	276	2	_MsgRaceWeekend_GetTickerState__FRC12AdaptMessageP12AdaptMessage
0x800d536c	52	2	_MsgRaceWeekend_SetTickerState__FRC12AdaptMessageP12AdaptMessage
0x800d53a0	60	2	_MsgRaceWeekend_GetSeries__FRC12AdaptMessageP12AdaptMessage
0x00000000	0	4	MsgReplay.cpp
0x800d5528	0	0	gcc2_compiled.
0x800d55d4	32	2	_MsgReplay_AdvanceReel__FRC12AdaptMessageP12AdaptMessage
0x800d55f4	116	2	_MsgReplay_Init__FRC12AdaptMessageP12AdaptMessage
0x800d5668	16	2	_MsgReplay_Shutdown__FRC12AdaptMessageP12AdaptMessage
0x00000000	0	4	MsgRevenueReport.cpp
0x800d5744	0	0	gcc2_compiled.
0x800d5744	292	2	_MsgRevenueReport_GetRevenueData__FRC12AdaptMessageP12AdaptMessage
0x800000f8	4	0	__OSBusClock
0x00000000	0	4	MsgInGameGeneral.cpp
0x800d58a0	0	0	gcc2_compiled.
0x800d58a0	56	2	_MsgInGameGeneralGetNumOfPlayers__FRC12AdaptMessageP12AdaptMessage
0x800d58d8	88	2	_MsgInGameGeneralGetDriverId__FRC12AdaptMessageP12AdaptMessage
0x800d5930	80	2	_MsgInGameGeneralGetCurrentSeries__FRC12AdaptMessageP12AdaptMessage
0x800000f8	4	0	__OSBusClock
0x00000000	0	4	MsgSeason.cpp
0x800d59fc	0	0	gcc2_compiled.
0x800d59fc	4	2	_SeasonScheduleInit__FRC12AdaptMessageP12AdaptMessage
0x800d5a00	160	2	_SeasonNumWeeks__FRC12AdaptMessageP12AdaptMessage
0x802a2310	4	1	_find_Series
0x802a2314	1	1	_find_bFound
0x800d5aa0	60	2	_FindSeriesRace__FPC18SeasonAppointmentT
0x8030d474	12	0	_find_Appt
0x800d5adc	532	2	_SeasonGetWeek__FRC12AdaptMessageP12AdaptMessage
0x800d5cf0	132	2	_SeasonStartSim__FRC12AdaptMessageP12AdaptMessage
0x800d5d74	112	2	_SeasonStartRace__FRC12AdaptMessageP12AdaptMessage
0x800d5de4	92	2	_SeasonGetNumOfRaces__FRC12AdaptMessageP12AdaptMessage
0x800d5e40	276	2	_SeasonGetNextRace__FRC12AdaptMessageP12AdaptMessage
0x800d5f54	80	2	_SeasonGotoNextWeek__FRC12AdaptMessageP12AdaptMessage
0x800d5fa4	112	2	_SeasonHasQualified__FRC12AdaptMessageP12AdaptMessage
0x800d6014	160	2	_SeasonGetContinuePlayer__FRC12AdaptMessageP12AdaptMessage
0x800d60b4	124	2	_SeasonAssignMPControllers__FRC12AdaptMessageP12AdaptMessage
0x800d6130	148	2	_SeasonIsMPContinue__FRC12AdaptMessageP12AdaptMessage
0x00000000	0	4	MsgSeasonStandings.cpp
0x800d6324	0	0	gcc2_compiled.
0x800d6324	108	2	_SeasonStandingsNumRows__FRC12AdaptMessageP12AdaptMessage
0x800d6390	540	2	_SeasonStandingsGetRow__FRC12AdaptMessageP12AdaptMessage
0x800d65ac	192	2	_SeasonStandingsGetChampion__FRC12AdaptMessageP12AdaptMessage
0x800000f8	4	0	__OSBusClock
0x00000000	0	4	MsgSillySeason.cpp
0x800d66e8	0	0	gcc2_compiled.
0x800d66e8	44	2	_SillySeasonNumDrivers__FRC12AdaptMessageP12AdaptMessage
0x800d6714	392	2	_SillySeasonGetInfo__FRC12AdaptMessageP12AdaptMessage
0x800d689c	32	2	_SillySeasonRetireDrivers__FRC12AdaptMessageP12AdaptMessage
0x800000f8	4	0	__OSBusClock
0x00000000	0	4	MsgSimulation.cpp
0x800d6934	0	0	gcc2_compiled.
0x802a2318	1	1	_MsgSimulation_ShowRaceStats
0x800d6934	56	2	_MsgSimulation_GetTrackName__FUsPc
0x800d696c	56	2	_MsgSimulation_GetRaceName__FUsPc
0x800d69a4	56	2	_MsgSimulation_IsInSimulation__FRC12AdaptMessageP12AdaptMessage
0x800d69dc	396	2	_MsgSimulation_GetCurrentRaceInfo__FRC12AdaptMessageP12AdaptMessage
0x800d6b68	124	2	_MsgSimulation_GetNextRaceInfo__FRC12AdaptMessageP12AdaptMessage
0x800d6be4	280	2	_MsgSimulation_GetHiredDriverInfo__FRC12AdaptMessageP12AdaptMessage
0x800d6cfc	60	2	_MsgSimulation_GetShowRaceStats__FRC12AdaptMessageP12AdaptMessage
0x800d6d38	48	2	_MsgSimulation_ContinueSimulation__FRC12AdaptMessageP12AdaptMessage
0x800d6d68	48	2	_MsgSimulation_StopSimulation__FRC12AdaptMessageP12AdaptMessage
0x800d6d98	48	2	_MsgSimulation_BeginSimulation__FRC12AdaptMessageP12AdaptMessage
0x800d6dc8	36	2	_MsgSimulation_SetCancelSimulationFlag__FRC12AdaptMessageP12AdaptMessage
0x800d6dec	180	2	_MsgSimulation_GetCurrentRaceWinner__FRC12AdaptMessageP12AdaptMessage
0x800d6ea0	56	2	_MsgSimulation_GetRacesLeftForSimulation__FRC12AdaptMessageP12AdaptMessage
0x00000000	0	4	MsgSituationEditor.cpp
0x800000f8	4	0	__OSBusClock
0x00000000	0	4	MsgSpeedZoneResults.cpp
0x800d7024	0	0	gcc2_compiled.
0x800d7024	80	2	_FormatScoreTime__FfPc
0x800d7074	80	2	_FormatScorePoints__FiPc
0x800d70c4	440	2	_gmSpeedZoneResults_Init__FPiPcT1T0T0
0x800d727c	72	2	_gmSpeedZoneResults_Quit__Fv
0x800d72c4	4	2	_gmSpeedZoneResults_Restart__Fv
0x800d72c8	168	2	_MsgSpeedZoneResultsInit__FRC12AdaptMessageP12AdaptMessage
0x800d7370	92	2	_MsgSpeedZoneTestResults__FRC12AdaptMessageP12AdaptMessage
0x800000f8	4	0	__OSBusClock
0x00000000	0	4	MsgSpeedZoneSelect.cpp
0x800d7450	0	0	gcc2_compiled.
0x802a2320	4	1	_MsgSpeedZoneSelect_iSelectedScenarioType
0x802a2324	4	1	_MsgSpeedZoneSelect_uSelectedScenarioLevel
0x800d7450	80	2	_FormatScoreTime__FfPc
0x800d74a0	80	2	_FormatScorePoints__FiPc
0x800d74f0	56	2	_GetTrackNameFromRaceId__FUsPc
0x800d7528	76	2	_MsgSpeedZoneSelect_GetNumOfLevels__FRC12AdaptMessageP12AdaptMessage
0x800d7574	596	2	_MsgSpeedZoneSelect_GetChallengeInfo__FRC12AdaptMessageP12AdaptMessage
0x800d77c8	120	2	_MsgSpeedZoneSelect_IsScenarioUnlocked__FRC12AdaptMessageP12AdaptMessage
0x800d7840	104	2	_MsgSpeedZoneSelect_SetSelectedScenario__FRC12AdaptMessageP12AdaptMessage
0x800d78a8	648	2	_MsgSpeedZoneSelect_GetInfoOfSelectedScenario__FRC12AdaptMessageP12AdaptMessage
0x800d7b30	4	2	_MsgSpeedZoneSelect_ResetSelectedScenario__FRC12AdaptMessageP12AdaptMessage
0x800d7b34	72	2	_MsgSpeedZoneSelect_GetLastSelectedScenario__FRC12AdaptMessageP12AdaptMessage
0x00000000	0	4	MsgSponsor.cpp
0x800d7c24	0	0	gcc2_compiled.
0x802a2328	4	1	_MsgSponsor_pCustomCar
0x800d7c24	124	2	_MsgSponsor_GetSponsors__FRC12AdaptMessageP12AdaptMessage
0x800d7ca0	184	2	_MsgSponsor_SponsorInfo__FRC12AdaptMessageP12AdaptMessage
0x800d7d58	172	2	_MsgSponsor_HistoryInfo__FRC12AdaptMessageP12AdaptMessage
0x800d7e04	64	2	_MsgSponsor_HistoryNumRows__FRC12AdaptMessageP12AdaptMessage
0x800d7e44	72	2	_MsgSponsor_SignSponsor__FRC12AdaptMessageP12AdaptMessage
0x800d7e8c	100	2	_MsgSponsor_CurrentSponsor__FRC12AdaptMessageP12AdaptMessage
0x800d7ef0	112	2	_MsgSponsor_ModelInit__FRC12AdaptMessageP12AdaptMessage
0x800d7f60	228	2	_MsgSponsor_ModelSetSponsor__FRC12AdaptMessageP12AdaptMessage
0x800d8044	68	2	_MsgSponsor_ModelShutdown__FRC12AdaptMessageP12AdaptMessage
0x00000000	0	4	MsgStoryModeGeneric.cpp
0x800d8198	0	0	gcc2_compiled.
0x800d8198	168	2	_MsgStoryModeGeneric_GetSeriesName__F7SeriesEPc
0x800d8240	56	2	_MsgStoryMode_GetTrackID__FRC12AdaptMessageP12AdaptMessage
0x800d8278	56	2	_MsgStoryMode_GetRaceID__FRC12AdaptMessageP12AdaptMessage
0x800d82b0	56	2	_MsgStoryMode_GetCurWeekID__FRC12AdaptMessageP12AdaptMessage
0x800d82e8	56	2	_MsgStoryMode_GetCurDayID__FRC12AdaptMessageP12AdaptMessage
0x800d8320	56	2	_MsgStoryMode_GetCurYearID__FRC12AdaptMessageP12AdaptMessage
0x800d8358	668	2	_MsgStoryMode_GetDBEventInfo__FRC12AdaptMessageP12AdaptMessage
0x800d85f4	296	2	_MsgStoryMode_GetRacebyNumRaces__FRC12AdaptMessageP12AdaptMessage
0x800d871c	328	2	_MsgStoryMode_GetApptInfo__FRC12AdaptMessageP12AdaptMessage
0x800d8864	528	2	_MsgStoryMode_GetDayInfo__FRC12AdaptMessageP12AdaptMessage
0x8030d480	168	0	_MsgStoryMode_aAppointments
0x800d8a74	572	2	_MsgStoryMode_GetEventInfo__FRC12AdaptMessageP12AdaptMessage
0x800d8cb0	68	2	_MsgStoryMode_GetIsStoryMode__FRC12AdaptMessageP12AdaptMessage
0x800d8cf4	56	2	_MsgStoryMode_GetDriverHeroVillainRating__FRC12AdaptMessageP12AdaptMessage
0x800d8d2c	88	2	_MsgStoryMode_GetDriverHeroVillainLevel__FRC12AdaptMessageP12AdaptMessage
0x800d8d84	56	2	_MsgStoryMode_GetDriverPrestigeRating__FRC12AdaptMessageP12AdaptMessage
0x800d8dbc	56	2	_MsgStoryMode_GetDriverFanSupport__FRC12AdaptMessageP12AdaptMessage
0x800d8df4	192	2	_MsgStoryMode_Init__FRC12AdaptMessageP12AdaptMessage
0x800d8eb4	48	2	_MsgStoryMode_Shutdown__FRC12AdaptMessageP12AdaptMessage
0x800d8ee4	180	2	_MsgStoryMode_StartEvent__FRC12AdaptMessageP12AdaptMessage
0x800d8f98	76	2	_MsgStoryMode_StartStoredEvent__Fv
0x8030d52c	4	0	_Stored_iSubEventID
0x8030d528	4	0	_Stored_iDayID
0x800d8fe4	80	2	_MsgStoryMode_StoreEvent__FRC12AdaptMessageP12AdaptMessage
0x800d9034	56	2	_MsgStoryMode_GetPlayerBank__FRC12AdaptMessageP12AdaptMessage
0x800d906c	168	2	_MsgStoryMode_GetPlayersDriverName__FRC12AdaptMessageP12AdaptMessage
0x800d9114	188	2	_MsgReplacementDriver_GetInfo__FRC12AdaptMessageP12AdaptMessage
0x800d91d0	204	2	_MsgReplacementDriver_GetRaceStats__FRC12AdaptMessageP12AdaptMessage
0x800d929c	268	2	_MsgReplacementDriver_GetLastCompletedStats__FRC12AdaptMessageP12AdaptMessage
0x800d93a8	84	2	_MsgReplacementDriverPopup_GetButtonLabels__FRC12AdaptMessageP12AdaptMessage
0x800d93fc	76	2	_MsgDriver_GetColors__FRC12AdaptMessageP12AdaptMessage
0x800d9448	148	2	_MsgDriver_GetName__FRC12AdaptMessageP12AdaptMessage
0x800d94dc	60	2	_MsgDriver_GetPortraitID__FRC12AdaptMessageP12AdaptMessage
0x800d9518	72	2	_MsgDriver_GetAbbrevName__FRC12AdaptMessageP12AdaptMessage
0x800d9560	96	2	_MsgReplacementDriver_GetBackupDriverIdList__FRC12AdaptMessageP12AdaptMessage
0x800d95c0	280	2	_MsgReplacementDriver_CanHireFire__FRC12AdaptMessageP12AdaptMessage
0x800d96d8	76	2	_MsgReplacementDriver_GetHiredDriverId__FRC12AdaptMessageP12AdaptMessage
0x800d9724	76	2	_MsgReplacementDriver_GetHiredSeries__FRC12AdaptMessageP12AdaptMessage
0x800d9770	100	2	_MsgReplacementDriver_Hire__FRC12AdaptMessageP12AdaptMessage
0x800d97d4	52	2	_MsgReplacementDriver_Fire__FRC12AdaptMessageP12AdaptMessage
0x800d9808	228	2	_MsgStoryMode_CheckAutographGame__FRC12AdaptMessageP12AdaptMessage
0x800d98ec	200	2	_MsgStoryMode_GetCarName__FRC12AdaptMessageP12AdaptMessage
0x800d99b4	128	2	_MsgStoryMode_GetTeamName__FRC12AdaptMessageP12AdaptMessage
0x800d9a34	80	2	_MsgStoryMode_GetLastAppointmentWeek__FRC12AdaptMessageP12AdaptMessage
0x800d9a84	80	2	_MsgStoryMode_GetFirstAppointmentWeek__FRC12AdaptMessageP12AdaptMessage
0x800d9ad4	68	2	_MsgStoryMode_GetNextAppointmentWeek__FRC12AdaptMessageP12AdaptMessage
0x800d9b18	52	2	_MsgStoryMode_WithdrawFromPlayerBank__FRC12AdaptMessageP12AdaptMessage
0x800d9b4c	40	2	_MsgStoryMode_SetFESeries__FRC12AdaptMessageP12AdaptMessage
0x800d9b74	56	2	_MsgStoryMode_GetFESeries__FRC12AdaptMessageP12AdaptMessage
0x800d9bac	668	2	_MsgStoryMode_DriverSummaryGetRow__FRC12AdaptMessageP12AdaptMessage
0x800d9e48	144	2	_MsgStoryMode_IsSeriesCompletedFn__FRC12AdaptMessageP12AdaptMessage
0x800d9ed8	32	2	_MsgStoryMode_StartNewYear__FRC12AdaptMessageP12AdaptMessage
0x800d9ef8	164	2	_MsgStoryMode_CheckIfOwnerHasSponsor__FRC12AdaptMessageP12AdaptMessage
0x800d9f9c	480	2	_MsgStoryMode_CheckForSimulation__FRC12AdaptMessageP12AdaptMessage
0x800da17c	64	2	_MsgStoryMode_IsTestSession__FRC12AdaptMessageP12AdaptMessage
0x800da1bc	64	2	_MsgStoryMode_IsShowdown__FRC12AdaptMessageP12AdaptMessage
0x800da1fc	408	2	_MsgStoryMode_GetInfoIfShowdownWon__FRC12AdaptMessageP12AdaptMessage
0x800da394	84	2	_MsgStoryMode_IsCharity__FRC12AdaptMessageP12AdaptMessage
0x800da3e8	84	2	_MsgReplacementDriver_GetIsQualifyUnderway__FRC12AdaptMessageP12AdaptMessage
0x800da43c	52	2	_MsgStoryMode_SkipAutograph__FRC12AdaptMessageP12AdaptMessage
0x800da470	172	2	_MsgStoryMode_IsLastRaceInSeason__FRC12AdaptMessageP12AdaptMessage
0x800da51c	84	2	_MsgStoryMode_IsStarted__FRC12AdaptMessageP12AdaptMessage
0x800da570	60	2	_MsgStoryMode_SetStarted__FRC12AdaptMessageP12AdaptMessage
0x800da5ac	80	2	_MsgStoryMode_ForcePhonePopup__FRC12AdaptMessageP12AdaptMessage
0x800da5fc	68	2	_MsgStoryMode_HighestSeries__FRC12AdaptMessageP12AdaptMessage
0x00000000	0	4	MsgThunderPlate.cpp
0x800dac48	0	0	gcc2_compiled.
0x802a2338	4	1	_gmTplate_iTotalPlates
0x802a233c	4	1	_gmTplate_iCurrentPage
0x802a2340	4	1	_gmTplate_iTotalPages
0x802a2344	1	1	_bSecretCard1Locked
0x802a2345	1	1	_bSecretCard2Locked
0x802a2348	4	1	_iNumLockedSecretCards
0x800dac48	304	2	_gmTplateInit__Fv
0x8030d530	4	0	_SecretCard1
0x8030d534	4	0	_SecretCard2
0x800dad78	116	2	_gmTplateGetNumPlates__FPiT0
0x800dadec	36	2	_gmTplateShutdown__Fv
0x800dae10	424	2	_gmTplateGetNextPage__FiPiN21
0x800dafb8	272	2	_gmTplateGetCardData__FiPiT1
0x80277290	72	1	_gmTplate_iLockedPlateResTable
0x800db0c8	172	2	_gmTplateChangeOnOff__FiPi
0x800db174	88	2	_MsgThunderPlateGetNumPlates__FRC12AdaptMessageP12AdaptMessage
0x800db1cc	140	2	_MsgThunderPlateGetPage__FRC12AdaptMessageP12AdaptMessage
0x800db258	176	2	_MsgThunderPlateGetCardData__FRC12AdaptMessageP12AdaptMessage
0x800db308	76	2	_MsgThunderPlateTogglePlate__FRC12AdaptMessageP12AdaptMessage
0x800db354	92	2	_MsgThunderPlateBuyPlate__FRC12AdaptMessageP12AdaptMessage
0x00000000	0	4	MsgStylePoints.cpp
0x800db468	0	0	gcc2_compiled.
0x802a234c	1	1	_bTaskCursorCreated
0x800db4bc	484	2	_MsgStylePointsGetRow__FRC12AdaptMessageP12AdaptMessage
0x8030d538	16	0	_dTasksCursor
0x800db6a0	44	2	_MsgStylePointsGetNumTasks__FRC12AdaptMessageP12AdaptMessage
0x8030d548	2	0	_dTaskCount
0x800db6cc	88	2	_MsgStylePointsGetPointsInfo__FRC12AdaptMessageP12AdaptMessage
0x800db724	132	2	_MsgStylePointsSwitchRank__FRC12AdaptMessageP12AdaptMessage
0x800db7a8	76	2	_MsgStylePointsLeavingScreen__FRC12AdaptMessageP12AdaptMessage
0x00000000	0	4	MsgTrackSelect.cpp
0x800db894	0	0	gcc2_compiled.
0x802a2350	4	1	_iTrackRowCount
0x800db894	140	2	_gmTsel_Shutdown__Fv
0x8030d54c	4	0	_aTrackIDs
0x8030d554	4	0	_gmTsel_CurrentTrackEventIndex
0x8030d550	1	0	_ChoseStartRace
0x800db920	84	2	_gmTsel_SelectTrack__Fi
0x800db974	784	2	_gmTsel_Init__FPiN20
0x800dbc84	124	2	_gmTsel_GetRow__FiPcPiN22
0x800dbdb0	344	2	_gmTsel_GetEventRow__FiiPcPiT3
0x800dbf08	388	2	_gmTsel_GetTrackData__FiiPcN42Pi
0x800dc08c	624	2	_gmTsel_GetTrackData_Extended__FiiPcN42
0x00000000	0	4	MsgTrophyRoom.cpp
0x800dc768	0	0	gcc2_compiled.
0x802a2358	360	1	_TrophyRoom_iNextelWall
0x802a24c0	216	1	_TrophyRoom_iBushWall
0x802a2598	216	1	_TrophyRoom_iCraftsmanWall
0x802a2670	144	1	_TrophyRoom_iFeatherliteWall
0x802a2700	24	1	_TrophyRoom_iDummyRow
0x800dc768	4	2	_MsgTrophyRoom_Init__FRC12AdaptMessageP12AdaptMessage
0x800dc76c	460	2	_MsgTrophyRoom_GetTrophyStats__FRC12AdaptMessageP12AdaptMessage
0x800dc938	64	2	_MsgTrophyRoom_GetIsUnlocked__FRC12AdaptMessageP12AdaptMessage
0x800dc978	288	2	_MsgTrophyRoom_GetTrophyRowSetup__FRC12AdaptMessageP12AdaptMessage
0x00000000	0	4	MsgTuneup.cpp
0x800dcb2c	0	0	gcc2_compiled.
0x800dcb2c	60	2	_MsgTuneup_GetPrestigeLevel__FRC12AdaptMessageP12AdaptMessage
0x800dcb68	100	2	_MsgTuneup_GetStarPrice__FRC12AdaptMessageP12AdaptMessage
0x800dcbcc	76	2	_MsgTuneup_BuyUpgrade__FRC12AdaptMessageP12AdaptMessage
0x800dcc18	76	2	_MsgTuneup_GetSeriesName__FRC12AdaptMessageP12AdaptMessage
0x800dcc64	76	2	_MsgTuneup_GetStatLevel__FRC12AdaptMessageP12AdaptMessage
0x800dccb0	120	2	_MsgTuneup_CanBuy__FRC12AdaptMessageP12AdaptMessage
0x800000f8	4	0	__OSBusClock
0x00000000	0	4	MsgMarketing.cpp
0x800dcde8	0	0	gcc2_compiled.
0x800000f8	4	0	__OSBusClock
0x00000000	0	4	MsgFMemCard.cpp
0x800dd00c	0	0	gcc2_compiled.
0x800dd00c	52	2	_FMemCard_Init__FRC12AdaptMessageP12AdaptMessage
0x800dd040	44	2	_FMemCard_Shutdown__FRC12AdaptMessageP12AdaptMessage
0x800000f8	4	0	__OSBusClock
0x00000000	0	4	MsgSave.cpp
0x800dd0c8	0	0	gcc2_compiled.
0x800dd0d4	48	2	_Save_GetFiles__FRC12AdaptMessageP12AdaptMessage
0x800dd104	64	2	_Save_StartCheck__FRC12AdaptMessageP12AdaptMessage
0x800dd144	136	2	_Save_SaveGame__FRC12AdaptMessageP12AdaptMessage
0x800dd1cc	208	2	_Save_OverwriteGame__FRC12AdaptMessageP12AdaptMessage
0x800dd29c	156	2	_Save_DeleteGame__FRC12AdaptMessageP12AdaptMessage
0x800dd338	156	2	_Save_LoadGame__FRC12AdaptMessageP12AdaptMessage
0x800dd45c	168	2	_Save_GetFileListInfo__FRC12AdaptMessageP12AdaptMessage
0x800dd504	704	2	_Save_GetFileInfo__FRC12AdaptMessageP12AdaptMessage
0x800dd7c4	64	2	_Save_InitScan__FRC12AdaptMessageP12AdaptMessage
0x800dd804	140	2	_Save_ScanCards__FRC12AdaptMessageP12AdaptMessage
0x800dd890	80	2	_Save_Poll__FRC12AdaptMessageP12AdaptMessage
0x800dd8e0	72	2	_Save_GetMessage__FRC12AdaptMessageP12AdaptMessage
0x800dd928	56	2	_Save_GetLastResult__FRC12AdaptMessageP12AdaptMessage
0x800dd960	56	2	_Save_Init__FRC12AdaptMessageP12AdaptMessage
0x800dd998	40	2	_Save_IsFormatAllowedOnLoad__FRC12AdaptMessageP12AdaptMessage
0x00000000	0	4	MsgAutosave.cpp
0x800ddaf0	0	0	gcc2_compiled.
0x800ddaf0	48	2	_MsgAutosaveBegin__FRC12AdaptMessageP12AdaptMessage
0x800ddb20	44	2	_MsgAutosaveEnd__FRC12AdaptMessageP12AdaptMessage
0x800000f8	4	0	__OSBusClock
0x00000000	0	4	MsgBoot.cpp
0x800ddba8	0	0	gcc2_compiled.
0x800ddba8	96	2	_MsgBootBegin__FRC12AdaptMessageP12AdaptMessage
0x800ddc08	44	2	_MsgBootEnd__FRC12AdaptMessageP12AdaptMessage
0x00000000	0	4	MsgBestLaps.cpp
0x800ddc90	0	0	gcc2_compiled.
0x802a2720	1	1	_bInitialized
0x800ddc90	72	2	_DestroyCursor__Fv
0x8030d558	24	0	_GMBestLapsData
0x800ddcd8	104	2	_CreateCursor__F7SeriesE
0x800ddd40	68	2	_GMBestLaps_Init__F7SeriesE
0x800ddd84	32	2	_GMBestLaps_Shutdown__Fv
0x800ddda4	548	2	_GMBestLaps_GetRow__FiPcN31
0x800ddfc8	112	2	_GMBestLaps_ClearRow__Fi
0x800de038	52	2	_GMBestLaps_Refresh__F7SeriesE
0x800de06c	68	2	_MsgBestLaps_Init__FRC12AdaptMessageP12AdaptMessage
0x800de0b0	144	2	_MsgBestLaps_GetRow__FRC12AdaptMessageP12AdaptMessage
0x800de140	40	2	_MsgBestLaps_ClearRow__FRC12AdaptMessageP12AdaptMessage
0x800de168	76	2	_MsgBestLaps_Refresh__FRC12AdaptMessageP12AdaptMessage
0x00000000	0	4	MsgTransitions.cpp
0x800de258	0	0	gcc2_compiled.
0x800de258	32	2	_MsgTransitionsScreenIsCovered__FRC12AdaptMessageP12AdaptMessage
0x800de278	64	2	_MsgTransitionsGetTransition__FRC12AdaptMessageP12AdaptMessage
0x800de2b8	32	2	_MsgTransitionsTransitionFinished__FRC12AdaptMessageP12AdaptMessage
0x800de2d8	56	2	_MsgTransitionsGetSeries__FRC12AdaptMessageP12AdaptMessage
0x800000f8	4	0	__OSBusClock
0x00000000	0	4	MsgController.cpp
0x800de398	0	0	gcc2_compiled.
0x800de398	80	2	_MsgControllerIsDisconnected__FRC12AdaptMessageP12AdaptMessage
0x800de3e8	56	2	_MsgControllerGetDisconnectMessage__FRC12AdaptMessageP12AdaptMessage
0x800de420	156	2	_MsgControllerGetChannelText__FRC12AdaptMessageP12AdaptMessage
0x800de4bc	96	2	_MsgControllerIsChannelConnected__FRC12AdaptMessageP12AdaptMessage
0x800000f8	4	0	__OSBusClock
0x00000000	0	4	MsgCredits.cpp
0x800de5a4	0	0	gcc2_compiled.
0x802a2728	4	1	_iCategory
0x802a272c	1	1	_bCreditsEnd
0x802a2730	4	1	_iTotalLines
0x802a2734	4	1	_iCurrentLine
0x802a2738	4	1	_iCachedType
0x802a273c	1	1	_iSpaces
0x802a2740	4	1	_nMode
0x800de5a4	204	2	_gmCred_FormatText__FPc
0x800de670	64	2	_gmCred_DestroyCursor__Fv
0x8030d570	16	0	_DBCreditsCursor
0x800de6b0	100	2	_gmCred_reCreateQuery__Fi
0x800de714	156	2	MsgCreditsInit__FRC12AdaptMessageP12AdaptMessage
0x800de7b0	64	2	MsgCreditsShutdown__Fv
0x800de7f0	160	2	NextCategory__FPi
0x800de890	40	2	MsgCreditsNextCategory__FRC12AdaptMessageP12AdaptMessage
0x800de8b8	600	2	MsgCreditsGetNextLine__FRC12AdaptMessageP12AdaptMessage
0x8030d580	41	0	_sCachedText
0x800deb10	4	2	MsgCreditsGetNextImage__FRC12AdaptMessageP12AdaptMessage
0x00000000	0	4	MsgRaceWinner.cpp
0x800debbc	0	0	gcc2_compiled.
0x800debbc	228	2	_MsgRaceWinnerGetRaceWinnerInfo__FRC12AdaptMessageP12AdaptMessage
0x00000000	0	4	MsgStartScreen.cpp
0x800dece0	0	0	gcc2_compiled.
0x800dece0	72	2	_MsgStartScreenGetText__FRC12AdaptMessageP12AdaptMessage
0x00000000	0	4	UISProject.cpp
0x00000000	0	4	UISUtils.cpp
0x800ded5c	0	0	gcc2_compiled.
0x80278a94	504	1	UISUtils_States
0x800000f8	4	0	__OSBusClock
0x00000000	0	4	UIListener.cpp
0x800dfbc0	0	0	gcc2_compiled.
0x802a2768	4	1	_UIListener_pData
0x00000000	0	4	CarPartsResMgr.cpp
0x800e0274	0	0	gcc2_compiled.
0x802a2770	1	1	_CarPartsResMgr_bInitialized
0x8030d5ac	12	0	CarPartsResMgrFileList
0x00000000	0	4	TrophyMgr.cpp
0x800e0458	0	0	gcc2_compiled.
0x800e0458	364	2	_TrophyMgrUpdateDbForTrophy__Fi
0x800000f8	4	0	__OSBusClock
0x00000000	0	4	Transition.cpp
0x800e08e8	0	0	gcc2_compiled.
0x802a277c	4	1	_Trans_eCurrentState
0x802a2780	4	1	_Trans_eCurrentType
0x802a2784	1	1	_Trans_bScreenCovered
0x802a2788	60	1	_Trans_pInitCallbackTable
0x802a27c4	60	1	_Trans_Weights
0x802a2800	4	1	_Trans_iTotalWeight
0x00000000	0	4	EATrax.cpp
0x800e0bc4	0	0	gcc2_compiled.
0x8030d5b8	2	0	EATraxInfo
0x800000f8	4	0	__OSBusClock
0x00000000	0	4	SessionInfo.cpp
0x800000f8	4	0	__OSBusClock
0x00000000	0	4	UIScarobj.cpp
0x800e0d00	0	0	gcc2_compiled.
0x802a2808	12	1	_UISCarObj_GXLightID
0x802a2814	144	1	_UISCarObj_MatDefs
0x802a28a4	12	1	_UISCarObj_LockedCarLightAdjDiffuseTop
0x802a28b0	12	1	_UISCarObj_LockedCarLightAdjDiffuseReflection
0x802a28bc	22	1	_UISCarObj_BaseMeshResId
0x802a28d2	22	1	_UISCarObj_UniversalResId
0x802a28e8	22	1	_UISCarObj_ShadowModelResId
0x802a28fe	22	1	_UISCarObj_ShadowTexResId
0x800e0d00	204	2	_GetMeshIDFromCarModel__FUi
0x800e0dcc	352	2	_UISCarObjAdjustLightingIntensityForLockedCarSkins__FP12LightParms_tUcUi
0x8030dfc4	176	0	_UISCarObj_Info
0x800e0f2c	16	2	_UISCarObjSortCompare__FPCvT0
0x800e0f3c	216	2	_UISCarObjPreloadResources__Fv
0x8030d5bc	120	0	_UISCarObj_CurLight
0x8030d6f4	2256	0	_UISCarObj_RenderInfo
0x8030e2d4	2024	0	_UISCarObj_ShadowDrawInfo
0x800e142c	112	2	_UISCarObjRenderTires__Fii
0x802791b8	16	1	_UISCarObj_TirePNMtx
0x800e149c	404	2	_UISCarObjSetupTransforms__FUifP6Vec3_t
0x800e1630	616	2	_UISCarObj_RenderFECupCar__FUiUcf
0x8030e074	608	0	_UISCarObj_TexInfo
0x800e1898	780	2	_UISCarObj_RenderInGameModel__FUiUcfUcUc
0x800e1ba4	252	2	_UISCarObj_RenderModifiedSeriesModel__FUiUcf
0x800e1ca0	620	2	_UISCarObj_RenderShadow__FUi
0x8030d634	192	0	_UISCarObj_LightObj
0x00000000	0	4	UISLight.cpp
0x800e25c8	0	0	gcc2_compiled.
0x802a2918	120	1	_UISLight_aDefaultLightParms
0x802a2990	4	1	_UISLight_fColorScale
0x802a2994	4	1	_UISLight_eLightMode
0x802a2998	12	1	_UISLight_GXLightID
0x8030eb7c	120	0	_UISLight_aLights
0x8030eabc	192	0	aLightObjs.396
0x00000000	0	4	UISTrophy.cpp
0x800e2c0c	0	0	gcc2_compiled.
0x802a29a8	4	1	_UISTrophy_pModelResFile
0x802a29ac	4	1	_UISTrophy_pTexResFile
0x802a29b0	144	1	_UISTrophy_MatDefs
0x802a2a40	8	1	_UISTrophy_MtrlDefList
0x8030ec2c	4	0	_UISTrophy_uTexResID
0x8030ec30	40	0	_UISTrophy_TexLib
0x8030ec28	4	0	_UISTrophy_uModelResID
0x8030ebf4	52	0	_UISTrophy_Model
0x8030ec58	36	0	_UISTrophy_TexMat
0x00000000	0	4	UIS3DDriver.cpp
0x800e2edc	0	0	gcc2_compiled.
0x802a2a48	4	1	_UIS3DDriver_uSkeletonID
0x802a2a4c	4	1	_UIS3DDriver_uModelID
0x802a2a50	4	1	_UIS3DDriver_uCrewUniformTexResID
0x802a2a54	4	1	_UIS3DDriver_uCrewFaceTexResID
0x802a2a58	4	1	_UIS3DDriver_pSkel
0x802a2a5c	480	1	_UIS3DDriver_MaterialDefs
0x802a2c3c	8	1	_UIS3DDriver_MatDefList
0x800e2edc	40	2	_UIS3DDriver_GetTextureResFile__Fv
0x8030ed0c	4	0	_UIS3DDriver_pModelResourceFile
0x8030ed10	4	0	_UIS3DDriver_pTexResourceFile
0x800e2f04	76	2	_LLUICadScaleSkel__FP10CharSkel_tf
0x800e2f50	76	2	_LLUICadScaleTMSkel__FP12TMSkeleton_tf
0x800e2f9c	80	2	_LLUIS3DDriverDrawBegin__FUc
0x800e2fec	64	2	_LLUIS3DDriverDrawEnd__Fv
0x800e302c	32	2	_UIS3DDriver_PalletizeTeamColors__FP15TexMatTypeHdr_tP6Vec4_tT1
0x8030ecd4	56	0	_UIS3DDriver_Model
0x8030ecac	40	0	_UIS3DDriver_CrewFace_TexLib
0x8030ec7c	40	0	_UIS3DDriver_CrewUniform_TexLib
0x8030eca4	8	0	_UIS3DDriver_CrewUniform_MatList
0x00000000	0	4	UISSimpleModel.cpp
0x800000f8	4	0	__OSBusClock
0x00000000	0	4	FE3DScene.cpp
0x800e3688	0	0	gcc2_compiled.
0x00000000	0	4	FE3DCarObj.cpp
0x800e48f0	0	0	gcc2_compiled.
0x00000000	0	4	FE3DCarObj_LoadTexture.cpp
0x800e4ce8	0	0	gcc2_compiled.
0x800000f8	4	0	__OSBusClock
0x00000000	0	4	FE3DDriverObj.cpp
0x800e4f90	0	0	gcc2_compiled.
0x00000000	0	4	FE3DAutographObj.cpp
0x800e6234	0	0	gcc2_compiled.
0x00000000	0	4	FE3DTrophyObj.cpp
0x800e634c	0	0	gcc2_compiled.
0x00000000	0	4	FE3DHeroVillainLighting.cpp
0x800e65f8	0	0	gcc2_compiled.
0x802a2c50	588	1	_FE3DHeroVillainLighting_HeroVillainLightingShift
0x00000000	0	4	FECarSkinMgr.cpp
0x800e6704	0	0	gcc2_compiled.
0x8030ed14	32	0	s_CritSection
0x00000000	0	4	NameKeyboard.cpp
0x800e6fb8	0	0	gcc2_compiled.
0x00000000	0	4	GaugesMgr.cpp
0x800e7250	0	0	gcc2_compiled.
0x802a2ea8	1	1	_GaugesMgr_bEnabled
0x802a2eac	4	1	_GaugesMgr_aIgnoreLetterBox
0x802a2eb0	1	1	_GaugesMgr_bShowLeaderboard
0x802a2eb4	4	1	_GaugesMgr_eFlagState
0x800e7250	436	2	_GaugesMgrRevertWearMsg__Fi
0x8030ed44	4	0	_GaugesMgr_EmptyFuel
0x8030ed4c	224	0	_GaugesMgr_aPlayerStates
0x8030ed40	4	0	_GaugesMgr_AEmptyFuel
0x8030ed3c	4	0	_GaugesMgr_VLowFuel
0x8030ed38	4	0	_GaugesMgr_LowFuel
0x8030ed34	4	0	_GaugesMgr_HalfFuel
0x800e7404	340	2	_GaugesMgrSwitchMap__Fi9GaugeMapE
0x800e7558	404	2	_GaugesMgrSwitchMirror__FiUc
0x8030ed48	4	0	_FuelFudge
0x00000000	0	4	SZHudMgr.cpp
0x800eb2c8	0	0	gcc2_compiled.
0x802a2eb8	4	1	_SZHudMgr_iMode
0x802a2ebc	4	1	_SZHudMgr_fGoldSize
0x802a2ec0	4	1	_SZHudMgr_fBronzeSize
0x802a2ec4	4	1	_SZHudMgr_fGoldPerc
0x802a2ec8	4	1	_SZHudMgr_fSilverPerc
0x802a2ecc	4	1	_SZHudMgr_fBronzePerc
0x802a2ed0	4	1	_SZHudMgr_fGold
0x802a2ed4	4	1	_SZHudMgr_fSilver
0x802a2ed8	4	1	_SZHudMgr_fBronze
0x802a2edc	4	1	_SZHudMgr_fMax
0x800eb2c8	44	2	_SZHudMgr_GetValuePerc__Ff
0x800eb2f4	56	2	_SZHudMgr_GetTimePerc__Ff
0x800eb32c	144	2	_SZHudMgr_UpdateTimeBased__FPfPc
0x800eb3bc	132	2	_SZHudMgr_UpdatePointsBased__FPfPc
0x8030ee2c	4	0	_SZHudMgr_eGoalType
0x00000000	0	4	CustomCarDB.cpp
0x800000f8	4	0	__OSBusClock
0x00000000	0	4	CustomCarTex.cpp
0x800ebe90	0	0	gcc2_compiled.
0x800ebeb8	68	2	_CustomCarTexGetColor32__FUs
0x800ebefc	72	2	_CustomCarTexGetHWColor__FUi
0x800ebf44	92	2	_CustomCarTexCopyHWPalette__FPUiPUsUi
0x800ebfa0	92	2	_CustomCarTexGenerateHWPalette__FPUsPUiUi
0x800ebffc	88	2	_CustomCarTexGenerateHWSplitPalette__FPUsPUiUi
0x800000f8	4	0	__OSBusClock
0x00000000	0	4	CustomCarMem.cpp
0x800ee8d0	0	0	gcc2_compiled.
0x800ee914	68	2	_CustomCarMemGetSponsorLogo__Fi
0x802a2ee0	68	1	_piCustomCarModelOffset.339
0x800ee958	432	2	_CustomCarMemConvertResId__F13CustomCarTexEi9CarModelEUc7SeriesE
0x8030f0d0	4	0	_CustomCarFontsKerning
0x8030f0d4	4	0	_CustomCarSmallFontsKerning
0x8030f0d8	4	0	_CustomCarLargeFontsKerning
0x8030f0c8	4	0	_CustomCarMemPitBuffer32
0x8030f0cc	4	0	_CustomCarMemPitBuffer8
0x8030ee30	4	0	_CustomCarTexCustomNumber
0x00000000	0	4	LLCustomCar.cpp
0x800efba0	0	0	gcc2_compiled.
0x800efba4	456	2	_LLCustomCarTexSwizzleTexture__FPvUiUiUc
0x800efd6c	236	2	_LLCustomCarTexUnSwizzleTexture8Bit__FPvUiUi
0x800efe58	256	2	_LLCustomCarTexUnSwizzleTexture32Bit__FPvUiUi
0x00000000	0	4	CustomCarCol.cpp
0x800f0038	0	0	gcc2_compiled.
0x800000f8	4	0	__OSBusClock
0x00000000	0	4	Loading.cpp
0x800f04a0	0	0	gcc2_compiled.
0x802a2f28	1	1	_Loading_bLoading
0x802a2f29	1	1	_Loading_bRenderBanner
0x802a2f2a	1	1	_Loading_bRenderLoadingBar
0x802a2f2b	1	1	_Loading_bFlipOk
0x802a2f2c	1	1	_Loading_bFinishUp
0x802a2f2d	1	1	_Loading_bControllerTipShown
0x802a2f2e	1	1	_Loading_bResetDB
0x800f04a0	44	2	_LoadingAllocateFromEnd__Fv
0x800f04cc	44	2	_LoadingAllocateRestoreDefault__Fv
0x800f04f8	32	2	_LoadingIsFadeFinished__Fv
0x8030f270	4	0	_Loading_iFadeCounter
0x800f0518	32	2	_LoadingIsFinished__Fv
0x8030f264	4	0	_Loading_iBarFraction
0x800f0538	168	2	_LoadingGetHYTResourceID__Fv
0x800f05e0	104	2	_LoadingGetTipResourceID__Fv
0x800f0648	88	2	_LoadingGetBannerResourceID__Fv
0x800f06a0	152	2	_LoadingSetPolyVertices__FP13LoadingPoly_tUiUiUiUi
0x800f0738	44	2	_LoadingSetPolyTexCoords__FP13LoadingPoly_tffff
0x800f0764	496	2	_LoadingSetupFrontEndScreen__Fv
0x8030f0e4	124	0	_Loading_BackgroundPoly
0x8030f160	124	0	_Loading_LoadingBarPoly
0x8030f0e0	4	0	_Loading_LoadingImageFile
0x8030f258	4	0	_Loading_iLeftX
0x8030f25c	4	0	_Loading_iRightX
0x8030f260	4	0	_Loading_iBarStep
0x800f0954	524	2	_LoadingSetupColdbootScreen__Fv
0x800f0b60	708	2	_LoadingSetupBannerScreen__Fv
0x8030f1dc	124	0	_Loading_BannerPoly
0x8030f268	4	0	_Loading_iSegmentBegin
0x8030f26c	4	0	_Loading_iSegmentEnd
0x8030f274	4	0	_Loading_iFadeIncrement
0x8030f278	4	0	_Loading_iFadeFastIncrement
0x00000000	0	4	LLLoading.cpp
0x800f1460	0	0	gcc2_compiled.
0x802a2f30	4	1	_LLLoading_pShader
0x802a2f34	4	1	_LLLoading_pAsyncPoly
0x802a2f38	1	1	_LLLoading_bPrepped
0x802a2f3c	4	1	_LLLoading_pUpdateCallback
0x800f1460	400	2	_LLLoadingRenderPrevFrame__Fv
0x800f15f0	412	2	_LLLoadingVSyncCallback__Fv
0x800f178c	140	2	_LLLoadingBeginVSyncCallback__Fv
0x800f1818	60	2	_LLLoadingEndVSyncCallback__Fv
0x8030f27c	28	0	_LLLoading_MatOldProj
0x00000000	0	4	cremap.cpp
0x800f1dd0	0	0	gcc2_compiled.
0x800f1dd0	276	2	CREMAP_findcolour__FPCUiT0Us
0x8030fa9c	1	0	firsttime
0x8030fa98	4	0	lastcolor
0x8030f298	2048	0	CRsquare
0x800000f8	4	0	__OSBusClock
0x00000000	0	4	wu.cpp
0x800f203c	0	0	gcc2_compiled.
0x800f203c	496	2	M3d__FPiN30Pf
0x800f222c	168	2	Vol__FP5WUBOXPA64_A64_A64_i
0x800f22d4	348	2	Bottom__FP5WUBOXUcPA64_A64_A64_i
0x800f2430	332	2	Top__FP5WUBOXUciPA64_A64_A64_i
0x800f257c	412	2	Var__FP2WUP5WUBOX
0x800f2718	608	2	Maximize__FP2WUP5WUBOXUciiPiiiii
0x800f2978	588	2	Cut__FP2WUP5WUBOXT1
0x800f2bc4	140	2	Mark__FP5WUBOXiP16WuInverseTable_t
0x800f2c50	292	2	AllocWuData__Fv
0x8030faa0	4	0	wuwuwu
0x800000f8	4	0	__OSBusClock
0x00000000	0	4	Prologue.cpp
0x800f332c	0	0	gcc2_compiled.
0x800000f8	4	0	__OSBusClock
0x00000000	0	4	BakeableCar.cpp
0x800f34b8	0	0	gcc2_compiled.
0x00000000	0	4	BakeableBanner.cpp
0x800f47f8	0	0	gcc2_compiled.
0x00000000	0	4	CreateACarAPI.cpp
0x800f4c54	0	0	gcc2_compiled.
0x00000000	0	4	CreateADriver.cpp
0x800f5170	0	0	gcc2_compiled.
0x802a33b8	1	1	_CAD_bUsePrologueUniformColors
0x800f5170	40	2	_CreateADriverCombineColors__FP15CustomCarColorTUc
0x800f5198	72	2	_CreateADriverGetInfo__Fv
0x8030faa4	232	0	_CAD_Info
0x800f51e0	660	2	_CreateADriverUpdatePalette__FP15TexMatTypeHdr_tUi
0x800f5474	748	2	_CreateADriverRefreshColors__Fi
0x800f5760	288	2	_CreateADriverGetDB__Fv
0x00000000	0	4	DbgMulti_AITune.cpp
0x800000f8	4	0	__OSBusClock
0x00000000	0	4	DbgMulti_Audio.cpp
0x800000f8	4	0	__OSBusClock
0x00000000	0	4	DbgMulti_System.cpp
0x800000f8	4	0	__OSBusClock
0x00000000	0	4	DbgMulti_Particles.cpp
0x00000000	0	4	DbgMulti_RaceMon.cpp
0x00000000	0	4	LLController.cpp
0x800000f8	4	0	__OSBusClock
0x00000000	0	4	ChalEvent.cpp
0x00000000	0	4	racemon.cpp
0x800f5cdc	0	0	gcc2_compiled.
0x802a33c8	4	1	_RMO_uTick
0x802a33cc	1	1	_RMOIsInitialized
0x800f6808	32	2	_RMOGetReferenceLineInfo__Fv
0x800f6ed4	116	2	_RMOUpdateLapPercentage__Fv
0x800f64f0	104	2	_RMOMarkActiveCars__Fv
0x800f6558	232	2	_RMOGetLapInfo__Fv
0x800f5f24	400	2	_RMOProcessQuarterRate__Fi
0x800f60b4	444	2	_RMOProcessHalfRate__Fi
0x800f6828	528	2	_RMOGetCurrentSoundSection__Fi
0x800f6640	456	2	_RMOCheckForStuckCars__Fi
0x800f6a38	1180	2	_RMOCheckYellowFlagConditions__Fi
0x800f6308	272	2	_RMOProcessControlAndStability__Fi
0x8027b804	12	1	_RMO_aControlMap
0x800f6418	216	2	_RMOIsCarActive__Fi
0x00000000	0	4	racemondata.cpp
0x800f72f4	0	0	gcc2_compiled.
0x802a33d0	4	1	_RMO_pCars
0x802a33d4	4	1	_RMO_pPrevCars
0x802a33d8	4	1	_RMO_pRace
0x802a33dc	4	1	_RMO_pPrevRace
0x8031227c	1936	0	_RMO_CarHist
0x80312a0c	1232	0	_RMO_CarHistDb
0x8030fbf4	9856	0	_RMO_Cars
0x80312274	8	0	_RMO_Race
0x80312ee4	24	0	_RMO_RaceHistDb
0x80312edc	8	0	_RMO_RaceHist
0x800f8674	128	2	_RMODumpCarPreRaceStats__Fi
0x800f875c	1304	2	_RMODumpCarInRaceStats__Fi
0x800f8c74	316	2	_RMODumpRaceStats__Fv
0x800f8db0	372	2	_RMOUpdateAllStarEarnings__FiScsUc7SeriesE
0x80312efc	512	0	_RMOCautionLaps
0x803130fc	4	0	_RMOCautionFlagsCount
0x00000000	0	4	racemontraffic.cpp
0x800f986c	0	0	gcc2_compiled.
0x800f986c	84	2	_RMOTrafficGetGeometricLapDist__Fii
0x800f98c0	52	2	_RMOTrafficEmptyFlankerLists__Fi
0x80313218	4	0	pCurTraffic
0x800f98f4	156	2	_RMOTrafficAddFlankerToList__FiiUc
0x800f9990	24	2	_RMOTrafficSetNumInsideFlankers__FiUi
0x800f99a8	24	2	_RMOTrafficSetNumOutsideFlankers__FiUi
0x800f99c0	140	2	_RMOTrafficUpdateNumInsideFlankers__Fi
0x800f9a4c	140	2	_RMOTrafficUpdateNumOutsideFlankers__Fi
0x800f9ad8	92	2	_RMOTrafficCarCheckFlankInit__FUi
0x80313214	4	0	pRelative
0x80313210	4	0	pTraffic
0x80313220	4	0	pDataBuffers
0x80313224	4	0	_RMOTraffic_aCarIdx
0x80313228	4	0	_RMOTraffic_aMapCarIdx
0x8031321c	4	0	pPrevTraffic
0x800fafb4	328	2	_RMOTrafficClear__Fv
0x800f9ed0	512	2	_RMOTrafficProcess__FUi
0x800fa348	252	2	_RMOTrafficSort__Fv
0x800fb0fc	484	2	_RMOTrafficCheckFlank__FP5Car_tT0
0x800fa0d0	184	2	_insertSort__FPScii
0x800fa188	276	2	_partition__FPScii
0x800fa29c	172	2	_quickSort__FPScii
0x800fa58c	24	2	_RMOTrafficSetInsideCar__FiP5Car_t
0x800fa5a4	24	2	_RMOTrafficSetOutsideCar__FiP5Car_t
0x800fa5bc	24	2	_RMOTrafficSetInsideCarInOut__Fif
0x800fa5d4	24	2	_RMOTrafficSetOutsideCarInOut__Fif
0x80313164	172	0	_RMOLeaderboard
0x8031322c	172	0	_RMO_apScoringTowerLeaderboard
0x800000f8	4	0	__OSBusClock
0x00000000	0	4	racemonpassing.cpp
0x800fb2e0	0	0	gcc2_compiled.
0x802a33e0	4	1	_RMOP_aPassing
0x802a33e4	1	1	_RMOP_bAllowFullFieldPassing
0x800fb2e0	132	2	_RMOPAnyCarsBetween__FPC20RMOTrafficFlankers_tT0
0x800fb364	48	2	_RMOPIsCarBeingOvertaken__Fii
0x800fb394	68	2	_RMOPIsCarWrongWay__FPC5Car_t
0x803132d8	4	0	_RMOP_Constants
0x800fb3d8	256	2	_RMOPUpdateLocationInfo__Fi
0x00000000	0	4	blackflagmon.cpp
0x800fbe40	0	0	gcc2_compiled.
0x00000000	0	4	RTIntervalMgr.cpp
0x800fc770	0	0	gcc2_compiled.
0x00000000	0	4	carobj.cpp
0x800fd034	0	0	gcc2_compiled.
0x802a33f8	2	1	_NumCarDecals
0x802a33fc	4	1	_CarObj_uNumCars
0x802a3400	4	1	_CarObj_pWinningCar
0x8027c260	44	1	CarObj_ZoneToNode
0x800fd048	236	2	_CarObjInitCar__FP5Car_tPUc
0x800fd134	32	2	_CarObjShutdownCar__FP5Car_t
0x800fd154	212	2	_CarObjResetCar__FP5Car_tPUc
0x800fd228	112	2	_CarObjDBEnvScrollInit__Fv
0x800fd38c	428	2	_GetCarDecalsFromDB__Fv
0x00000000	0	4	carlodlimit.cpp
0x800fdb08	0	0	gcc2_compiled.
0x800fdb08	28	2	_CarLodLimSkipAdjust__Fv
0x800fdb24	668	2	_CarLodLimAdjustPerVpt__FPP5Car_tiUiUiP5Car_tUc
0x00000000	0	4	SeriesData.cpp
0x800fdf84	0	0	gcc2_compiled.
0x00000000	0	4	DamageConfig.cpp
0x800fdfa0	0	0	gcc2_compiled.
0x802a3468	252	1	s_aDamageTargetChannels_MapCupCarToSeries
0x802a3564	48	1	s_aDamageTargetUndersideChannels_MapCupCarToSeries
0x802a3594	4	1	s_aSeriesChannelCount
0x802a3598	4	1	s_aSeriesUndersideChannelCount
0x8027c28c	480	1	s_aZone
0x8027c46c	9072	1	s_aTarget
0x00000000	0	4	llcarobj.cpp
0x800fe14c	0	0	gcc2_compiled.
0x802a35a0	10	1	_CarObj_ModelResNames
0x802a35aa	4	1	_CarObj_UndersideModelResNames
0x802a35ae	10	1	_TruckObj_ModelResNames
0x802a35b8	4	1	_TruckObj_UndersideModelResNames
0x802a35bc	10	1	_ModifiedObj_ModelResNames
0x802a35c6	4	1	_ModifiedObj_UndersideModelResNames
0x802a35ca	10	1	_LLCarObj_ProdFordGT_ModelResNames
0x802a35d4	10	1	_LLCarObj_ProdDodgeViper_ModelResNames
0x802a35de	10	1	_LLCarObj_ProdDodgeNeon_ModelResNames
0x802a35e8	10	1	_LLCarObj_ProdChevyCorvetteC06_ModelResNames
0x802a35f2	10	1	_LLCarObj_ProdDodgeMagnum_ModelResNames
0x802a35fc	10	1	_LLCarObj_ProdFordMustangGT_ModelResNames
0x802a3606	10	1	_LLCarObj_ProdDaytonaPrototype_ModelResNames
0x802a3610	10	1	_LLCarObj_ProdFordLightning_ModelResNames
0x802a361a	14	1	_LLCarObj_uCommonTexResNames
0x802a3628	20	1	_LLCarObj_UnivTexFilter
0x802a363c	288	1	_LLCarObj_MatDefs
0x802a375c	288	1	_LLCarObj_CustomMatDefs
0x802a387c	288	1	_LLCarObj_NtMatDefs
0x802a399c	288	1	_LLCarObj_NtCustomMatDefs
0x800fe14c	452	2	_SetSeriesSpecificOptions__F7SeriesE9CarModelE
0x80313334	16	0	_SeriesRenderOpts
0x800fe310	20	2	_LLCarObjInitTkShadowParm__FP5Car_t
0x800fe324	120	2	_LLCarObjAllocDmgPartLists__FP5Car_t
0x800fe39c	100	2	_LLCarObjFreeDmgPartLists__FP5Car_t
0x800fe400	840	2	_LLCarObjMakeCustomCarTex__FPss
0x80315a70	352	0	_LLCarObj_CustomPitBnrs
0x800fe748	732	2	_LLCarObjMakeDecalMats__FPs
0x800fea24	140	2	_LLCarObjMakeNonDecalMats__Fv
0x800feab0	208	2	_LLCarObjReplicateDriverCluts__FP15TexMatTypeHdr_t
0x800feb80	408	2	_LLCarObjLoadCarDecals__FPss
0x800fed18	36	2	_LLCarObjMakeMaterials__FPs
0x800fed3c	144	2	_LLCarObjResetMaterials__Fv
0x800fedcc	480	2	_LLCarObjLoadTex__FPss
0x800fefac	1064	2	_LLCarObjMakeDriverClut__FP5Car_t
0x800ff3d4	516	2	_LLCarObjRebuildDmgPartsAll__Fv
0x800ff5d8	568	2	_LLCarObjSortCars__Fv
0x800ff810	84	2	_LLCarObjIsHiPri__FP5Car_t
0x800ff864	616	2	_LLCarObjUpdateTexCache__Fv
0x800ffacc	364	2	_LLCarObjVicLaneUpdateTexCache__Fv
0x800ffc38	112	2	_LLCarObjUpdateTkShadowAll__Fv
0x800ffca8	288	2	_LLCarObjAssignShaders__Fv
0x800ffdc8	504	2	_LLCarObjBlendCars__Fv
0x800fffc0	588	2	_LLCarObjRenderFlyingParts__Fv
0x8027ea14	40	1	_LLCarObj_FlyingPartsPNMtx
0x8010020c	200	2	_LLCarObjRenderFlapsUniversal__FP5Car_t
0x8027e9ec	16	1	LLCarXform_FlapsPNMtx
0x801002d4	136	2	_LLCarObjRenderFlapsDecal__FP5Car_t
0x8010035c	648	2	_LLCarObjRenderDmgParts__FP5Car_ti
0x801005e4	192	2	_LLCarObjRenderMatteParts__FP5Car_t
0x8027ea04	4	1	_LLCarObj_ZeroClr
0x8027ea00	4	1	_LLCarObj_NightEnvAlphaClr
0x8027e9fc	4	1	_LLCarObj_EnvAlphaClr
0x801006a4	592	2	_LLCarObjRenderBody__FP5Car_ti
0x801008f4	416	2	_LLCarObjRenderTires__FP5Car_ti
0x8027e9dc	16	1	LLCarXform_TirePNMtx
0x80100a94	508	2	_LLCarObjRenderHiUniversal__FP5Car_ti
0x80100c90	160	2	_LLCarObjRenderLowUniversal__FP5Car_ti
0x80100d30	48	2	_LLCarObjRenderUniversal__FP5Car_ti
0x80100d60	400	2	_LLCarObjRenderPaceCar__FP5Car_ti
0x80100f2c	408	2	_LLCarObjRenderModeMultiPlayerQualify__Fv
0x801010c4	348	2	_LLCarObjRenderModeDefault__Fv
0x8027ea08	10	1	_CarObj_PaceCarResNames
0x00000000	0	4	llcarxform.cpp
0x801022c4	0	0	gcc2_compiled.
0x802a3ac0	204	1	_LLCarObj_aRoofFlapOffsetsL
0x802a3b8c	204	1	_LLCarObj_aRoofFlapOffsetsR
0x801022c4	96	2	_LLCarXformSetEnvScrollAlphaMtx__Fv
0x80102324	196	2	_LLCarXformSetupEnvScrollInfo__Fv
0x801023e8	624	2	_LLCarXformBindEnvScroll__FP5Car_tP5Mat_t
0x8027eaa8	16	1	LLCarXform_TirePNMtx
0x8027eab8	16	1	LLCarXform_FlapsPNMtx
0x00000000	0	4	llcarpaldmg.cpp
0x80102c84	0	0	gcc2_compiled.
0x00000000	0	4	llcarlod.cpp
0x80103044	0	0	gcc2_compiled.
0x802a3e68	96	1	_LLCarLod_LocalVtx
0x80103044	728	2	_LLCarLodSelect__Fv
0x8027ebac	500	1	_LLCarLod_fRanges
0x00000000	0	4	trackobj.cpp
0x8010358c	0	0	gcc2_compiled.
0x802a3ec8	1	1	_TrackObj_bStretchEnabled
0x00000000	0	4	pitbnr.cpp
0x80103868	0	0	gcc2_compiled.
0x802a3ed0	4	1	_PitBnr_iNumPitBnr
0x80103868	376	2	_PitBnrDBGetTexRes__Fv
0x80315c60	688	0	_PitBnr_PitBnrParms
0x801039e0	260	2	_PitBnrDBGetColors__Fv
0x80103ae4	388	2	_PitBnrDBFillEmpty__Fv
0x00000000	0	4	lltrackobj.cpp
0x80103d84	0	0	gcc2_compiled.
0x802a3ed8	4	1	_LLTrack_uNumGeomInstMatrices
0x802a3edc	4	1	_LLTrack_pGeomInstMatrices
0x802a3ee0	4	1	_LLTrackObj_Vpt
0x802a3ee4	20	1	_LLTrackObjFilterParm
0x802a3ef8	4	1	_LLTrack_pEnvMapTexRes
0x802a3efc	4	1	_LLTrack_pEnvMapTexture
0x802a3f00	4	1	_LLTrack_pEnvMapClut
0x802a3f04	4	1	_LLTrack_pDefLists
0x802a3f08	2	1	_LLTrack_DefListCount
0x80315fbc	40	0	_LLTrack_EnvMapTexLib
0x80103ee8	76	2	_LLTrackObj_InstDefListInit__FP9TMModel_T
0x80103f34	64	2	_LLTrackObj_InstDefListShutdown__Fv
0x80103f74	140	2	_LLTrackObjFindXform__FP16TMTexXFormList_tP20TMTextureXformsDef_t
0x80104000	252	2	_LLTrackObjCollapseTexXforms__FP16TMTexXFormList_tP16TMMaterialList_t
0x801040fc	160	2	_LLTrackObj_ForcePitItemInstanceOff__FUi
0x80315fe4	1720	0	_LLTrack_aSavedXFormRef
0x8010419c	156	2	_LLTrackObj_ForcePitItemInstanceOn__FUi
0x80315f7c	64	0	_LLTrackLocalToWorldMatrix
0x00000000	0	4	light.cpp
0x80104c18	0	0	gcc2_compiled.
0x802a3f10	1	1	_Light_bCurParmsInit
0x80104c18	440	2	_LightInitSpecParms__Fv
0x8027f224	40	1	_Light_DefaultParm
0x803166ec	128	0	_Light_GXLightObj
0x00000000	0	4	llpitbnr.cpp
0x80105468	0	0	gcc2_compiled.
0x802a3f18	4	1	_PitBnr_pGenMat
0x802a3f1c	4	1	_PitBnr_pMats
0x802a3f20	48	1	_PitBnr_MatDef
0x802a3f50	4	1	_PitBnr_pBoxMats
0x802a3f54	48	1	_PitBnr_BoxMatDef
0x80105468	152	2	_LLPitBnrIsCarIdPlayer__Fi
0x80105500	384	2	_LLPitBnrSetTeamColor__FP15TexMatTypeHdr_tUsUcP6Vec4_t
0x80105680	16	2	_LLPitBnrSortCompare__FPCvT0
0x80105690	628	2	_LLPitBnrLoadTextures__FP12PitBnrParm_ti
0x8031679c	172	0	_PitBnr_TexResIdx
0x80316848	172	0	_PitBnr_pTexRes
0x8031676c	4	0	_PitBnr_resFile
0x803168f4	1720	0	_PitBnr_pTexLibs
0x80316770	4	0	_PitBnr_pGenTexRes
0x80316774	40	0	_PitBnr_GenTexLib
0x80105904	200	2	_LLPitBnrLoadCustomTexture__FP12PitBnrParm_ti
0x801059cc	236	2	_LLPitBnrUnloadTextures__Fv
0x80316fac	4	0	_PitBnr_pGenBoxMat
0x80105ab8	160	2	_LLPitBnrDefaultAssign__FP9TMModel_TP12PitBnrParm_ti
0x80105b58	256	2	_LLPitBnrAssign__FP9TMModel_TP12PitBnrParm_ti
0x80105c58	656	2	_LLPitBnrLoadBoxTextures__FP12PitBnrParm_ti
0x80316fe0	172	0	_PitBnr_pBoxCluts
0x80316fb8	40	0	_PitBnr_BoxTexLib
0x80316fb4	4	0	_PitBnr_pBoxTexRes
0x80316fb0	4	0	_PitBnr_pGenBoxClut
0x80105ee8	148	2	_LLPitBnrUnloadBoxTextures__Fv
0x80105f7c	148	2	_LLPitBnrAssignBoxMaterials__FUiUiPC12PitBnrParm_t
0x80106010	104	2	_LLPitBnrBoxDefaultAssign__FP9TMModel_TP12PitBnrParm_ti
0x80106078	552	2	_LLPitBnrBoxAssign__FP9TMModel_TP12PitBnrParm_ti
0x00000000	0	4	cacheman.cpp
0x800000f8	4	0	__OSBusClock
0x00000000	0	4	skyobj.cpp
0x802a3f88	4	1	_SkyObj_iDomeResID
0x802a3f8c	4	1	_SkyObj_iCloudResID
0x802a3f90	4	1	_pSkyObj
0x802a3f94	1	1	_SkyObj_Active
0x802a3f98	12	1	_Sky_SunColor_Noon
0x802a3fa4	12	1	_Sky_SunColor_Low
0x802a3fb0	32	1	_SkyObj_iDomeResIDList
0x802a3fd0	32	1	_SkyObj_iCloudResIDList
0x8027f360	80	1	_SkyObj_iDomeResSkyTypeMap
0x8027f3b0	80	1	_SkyObj_iCloudResSkyTypeMap
0x80106764	80	2	_SkyObjLoadModels__Fv
0x801067b4	108	2	_SkyObjResetBlendColors__Fv
0x8031b0ac	20	0	_SkyObj_ColorBlend
0x80106820	256	2	_SkyObjUpdateBlendColors__FUi
0x8031b08c	4	0	_SkyObj_PrevMinute
0x00000000	0	4	llfog.cpp
0x80106e3c	0	0	gcc2_compiled.
0x800000f8	4	0	__OSBusClock
0x00000000	0	4	llskyobj.cpp
0x80106f58	0	0	gcc2_compiled.
0x802a3ff0	4	1	_LLSkyObj_pDomeInfo
0x802a3ff4	4	1	_LLSkyObj_fFarPlane
0x802a3ff8	48	1	_LLSkyObj_DomeMatDef
0x802a4028	4	1	_LLSkyObj_pDefLists
0x802a402c	2	1	_LLSkyObj_DefListCount
0x80106f58	76	2	_LLSkyObj_InstDefListInit__FP9TMModel_T
0x80106fa4	64	2	_LLSkyObj_InstDefListShutdown__Fv
0x80106fe4	204	2	_LLSkyObjDrawBegin__FUi
0x801070b0	44	2	_LLSkyObjDrawEnd__FUi
0x801070dc	224	2	_LLSkyObjSetupViewport__FUi
0x801071bc	124	2	_LLSkyObjRestoreViewport__FUi
0x00000000	0	4	llcloud.cpp
0x801075d0	0	0	gcc2_compiled.
0x802a4030	4	1	_LLCloud_pRenderInfo
0x802a4034	4	1	_LLCloud_pDefLists
0x802a4038	2	1	_LLCloud_DefListCount
0x801075d0	76	2	_LLCloud_InstDefListInit__FP9TMModel_T
0x8010761c	64	2	_LLCloud_InstDefListShutdown__Fv
0x8010765c	212	2	_LLCloudDrawModelBegin__FP12TMViewport_tUi
0x80107730	44	2	_LLCloudDrawModelEnd__Fv
0x00000000	0	4	llbezier.cpp
0x80107aa0	0	0	gcc2_compiled.
0x80107aa0	692	2	_LLBezierNearestPointSearch__FPC6Vec4_tPC6Vec3_tfP6Vec4_tPf
0x80107d54	880	2	_LLBezierNearestPointNewtonRaphson__FPC6Vec4_tPC6Vec3_tT0fP6Vec4_tPfT5
0x800000f8	4	0	__OSBusClock
0x8031b0d4	432	0	Vtemp
0x00000000	0	4	ptkdbg.cpp
0x00000000	0	4	llptkdbg.cpp
0x00000000	0	4	llskidmarks.cpp
0x801081c4	0	0	gcc2_compiled.
0x802a4048	32	1	_LLSkid_TexCoord
0x802a4068	4	1	_LLSkid_pShader
0x8031b284	120	0	_LLSkid_TexLibs
0x8031b2fc	12	0	_LLSkid_pTextures
0x8031b308	12	0	_LLSkid_pCluts
0x00000000	0	4	llscuffs.cpp
0x80108814	0	0	gcc2_compiled.
0x802a4070	32	1	_LLScuff_TexCoord
0x802a4090	12	1	_LLScuff_pTextures
0x802a409c	4	1	_LLScuff_pShader
0x8031b314	120	0	_LLScuff_TexLibs
0x00000000	0	4	llIBLine.cpp
0x80108dcc	0	0	gcc2_compiled.
0x800000f8	4	0	__OSBusClock
0x00000000	0	4	llparticles.cpp
0x80108f84	0	0	gcc2_compiled.
0x802a40a0	48	1	_LLParticle_UnitQuad
0x802a40d0	1	1	_LLParticle_bInitialized
0x802a40d4	4	1	_LLParticle_pShader
0x802a40d8	4	1	_LLParticle_pShaderNoTex
0x00000000	0	4	particles.cpp
0x801098d0	0	0	gcc2_compiled.
0x802a40e0	1	1	_Particles_bInit
0x802a40e1	1	1	_Particles_bFrozen
0x802a40e4	40	1	_PSysInitParms
0x802a410c	6	1	_ATexInitParms
0x802a4114	56	1	_AnimTexRes
0x802a414c	28	1	_pAnimTexObj
0x802a4168	8	1	_Particles_SysCache
0x802a4170	4	1	_Particles_pColPlaneArray
0x802a4174	4	1	_Particles_fTickLengthSec
0x802a4178	4	1	_Particles_fUpdatesPerSec
0x801098d0	1260	2	_ParticlesDistEmitGenNew__FP15ParticleSysObjTf
0x80109dbc	712	2	_ParticlesGrowthStuntUpdate__FP15ParticleSysObjTf
0x8010a084	1944	2	_ParticlesFlamesGenNew__FP15ParticleSysObjTf
0x8027f86c	12	1	_Particles_FlamesRandPos
0x8010a81c	724	2	_ParticlesFlamesUpdate__FP15ParticleSysObjTf
0x8010aaf0	264	2	_ParticlesInitCustomBehavior__Fv
0x8010abf8	32	2	_ParticlesShutdownCustomBehavior__Fv
0x8010ac18	140	2	_ParticlesInitDrawCache__Fv
0x8010aca4	80	2	_ParticlesShutdownDrawCache__Fv
0x8010acf4	16	2	_PartSortCompare__FPCvT0
0x8010ad04	424	2	_partCreatePools__FUi
0x8027f7a4	200	1	_ParticleRes
0x8010aeac	56	2	_partLoadAnimTexLib__Fv
0x8010aee4	40	2	_partUnLoadAnimTexLib__Fv
0x00000000	0	4	FlameTrail.cpp
0x8010b7d0	0	0	gcc2_compiled.
0x8010b7d0	404	2	_FlameTrailDropEmitter__FG6Vec3_tG11PTrackLoc_t
0x8031ba94	4	0	_FlameTrail_iNumEmitters
0x8031b838	576	0	_FlameTrail_aEmitters
0x8010b964	156	2	_FlameTrailCalculateWorldDropPoint__Fi
0x8031ba78	28	0	_FlameTrail_aCars
0x8010ba00	80	2	_FlameTrailInitDataStructures__Fv
0x8010ba50	92	2	_FlameTrailClearDataStructures__Fv
0x8027f898	12	1	DROP_POINT_OFFSET
0x800000f8	4	0	__OSBusClock
0x00000000	0	4	eventparticles.cpp
0x8010be30	0	0	gcc2_compiled.
0x8010be30	564	2	_evParticlesHandleWheelSmoke__FP23RaceEventCarParticles_T
0x8027f8fc	1632	1	_EvParticles_Pos
0x8027ff5c	96	1	_EvParticles_PrimaryType
0x8010c064	344	2	_evParticlesHandleSmokeCore__FP23RaceEventCarParticles_T
0x8010c1bc	456	2	_evParticlesHandleSandDustPeel__FP23RaceEventCarParticles_T
0x8010c384	364	2	_evParticlesHandleColPuff__FP23RaceEventCarParticles_T
0x8010c4f0	476	2	_evParticlesHandleEngineSmoke__FP23RaceEventCarParticles_T
0x8010c6cc	792	2	_evParticlesHandleEngineFire__FP23RaceEventCarParticles_T
0x8010c9e4	364	2	_evParticlesHandleFuelTankFire__FP23RaceEventCarParticles_T
0x8010cb50	264	2	_evParticlesHandleFuelTankSmoke__FP23RaceEventCarParticles_T
0x8010cc58	252	2	_evParticlesHandleBackFire__FP23RaceEventCarParticles_T
0x8010cd54	448	2	_evParticlesHandleCornerDust__FP23RaceEventCarParticles_T
0x8010cf14	100	2	_evParticlesHandleSparks__FP23RaceEventCarParticles_T
0x8010cf78	64	2	_evParticlesHandleSparksBottomOut__FP23RaceEventCarParticles_T
0x8010cfb8	248	2	_evParticlesHandleTireDebris__FP23RaceEventCarParticles_T
0x8010d0b0	292	2	_evParticlesHandleColDebris__FP23RaceEventCarParticles_T
0x8027ffbc	96	1	_EvParticles_HandleFunc
0x800000f8	4	0	__OSBusClock
0x00000000	0	4	sparks.cpp
0x8010d50c	0	0	gcc2_compiled.
0x802a4180	1	1	_Sparks_bInit
0x802a4184	4	1	_Sparks_iTickCount
0x802a4188	40	1	_Sparks_fVelCompCoeffs
0x8010d50c	124	2	_SparksMapParticleTypeToSparkType__Fii
0x8010d588	116	2	_SparksMapSparkTypeToParticleType__Fi
0x8010d5fc	248	2	_CarIsSlidingOnGroundUpsideDown__FP5Car_t
0x8010d6f4	352	2	_SparksAllowSparkEvent__FiP5Car_t
0x8010d854	176	2	_SparksChooseBottomOutLocation__FP6Vec3_tPUi
0x8010d904	552	2	_SparksSystemUpdate__FiiP6Vec3_ti
0x8031ba98	1760	0	_Sparks_pCarSystems
0x8031c178	176	0	_Sparks_uCarBottomoutSystemTypes
0x8031c228	64	0	_Sparks_IdentMatrix
0x80280074	12	1	_Sparks_CollisionWall2Offset
0x80280068	12	1	_Sparks_CollisionWallOffset
0x00000000	0	4	shadowtmpl.cpp
0x8010e748	0	0	gcc2_compiled.
0x8010e748	24	2	_SdwRelocate__FP10SdwModel_tPv
0x800000f8	4	0	__OSBusClock
0x00000000	0	4	carshadow.cpp
0x8010e804	0	0	gcc2_compiled.
0x8010e804	236	2	_CarSdw_SetSeriesSpecificOptions__F7SeriesE9CarModelE
0x8010e8f0	108	2	_CarSdwSetLightInfo__Fv
0x8010e95c	232	2	_CarSdwInfoInit__FP10SdwModel_t
0x8010ea44	108	2	_CarSdwInfoShutdown__Fv
0x8010eab0	92	2	_CarSdwConstInit__Fv
0x8010eb0c	1072	2	_CarSdwSetDayCarInfo__FP5Car_tUi
0x8028029c	4	1	_CarSdw_BotClr
0x802802a0	4	1	_CarSdw_MainClr
0x8010ef3c	460	2	_CarSdwDayDrawAll__Fv
0x8010f108	2164	2	_CarSdwSetNightCarInfo__FP5Car_tUi
0x802802a4	4	1	_CarSdw_NightClr
0x8010f97c	480	2	_CarSdwNightDrawAll__Fv
0x802801cc	208	1	_CarSdw_strTemplateNames
0x00000000	0	4	llcarshadows.cpp
0x801100b8	0	0	gcc2_compiled.
0x802a41b8	48	1	_llCShadow_MatDef
0x801100b8	268	2	_LLCShadow_SetSeriesSpecificOptions__F7SeriesE9CarModelE
0x8031c34c	84	0	llCShadow_Info
0x00000000	0	4	llmotblur.cpp
0x801106a0	0	0	gcc2_compiled.
0x802a41e8	1	1	_LLMotBlur_bActive
0x802a41ec	64	1	_LLMotBlur_VertexDef
0x802a422c	32	1	_LLMotBlur_DefaultParm
0x802a424c	4	1	_LLMotBlur_pShader
0x8031c3a0	4	0	_LLMotBlur_iPauseFrames
0x8031c3a4	1	0	_LLMotBlur_bEnable
0x8031c3a8	96	0	_LLMotBlur_Vertex
0x8031c408	8	0	_LLMotBlur_Alpha
0x00000000	0	4	llshimmer.cpp
0x801109e8	0	0	gcc2_compiled.
0x802a4250	4	1	_LLShimmer_pShader
0x802a4254	1	1	_LLShimmer_bEnabled
0x00000000	0	4	shimmer.cpp
0x80110ce8	0	0	gcc2_compiled.
0x802a4258	4	1	_Shimmer_pVertices
0x802a425c	4	1	_Shimmer_pIndices
0x802a4260	4	1	_Shimmer_fFadeOutBegin
0x802a4264	4	1	_Shimmer_fFadeOutEnd
0x802a4268	1	1	_Shimmer_bShimmerAllowed
0x8031c410	4	0	_Shimmer_uPrevUpdateTime
0x00000000	0	4	tracklights.cpp
0x801112f4	0	0	gcc2_compiled.
0x802a4270	4	1	_hCautionLights
0x802a4274	4	1	_TrackLightsNum
0x802a4278	1	1	_bCautionLightsOn
0x802a4279	1	1	_bCautionLightsBlinkOn
0x802a427c	4	1	_CautionLightsTicks
0x801112f4	128	2	_TrackLightsTurnOffCaution__Fv
0x8028041c	16	1	_TrackLightsCautionColor
0x8028042c	16	1	_TrackLightsRedColor
0x8028043c	16	1	_TrackLightsGreenColor
0x8011186c	156	2	_TrackLightsStoplightsSetStatus__FUcUc
0x00000000	0	4	trackshadow.cpp
0x80111958	0	0	gcc2_compiled.
0x80111958	344	2	_TrackShadowNearestCurve__FiUiP16PtkShadowChunk_tP5Car_t
0x80111ab0	1268	2	_TrackShadowQuadInfoUpdate__FP17TrackShadowInfo_tP5Car_t
0x8031c414	44	0	_TrackShadow_Constants
0x00000000	0	4	lltrackshadow.cpp
0x80112aac	0	0	gcc2_compiled.
0x80112aac	280	2	_LtkshadowComputeConstants__Fv
0x8031c540	288	0	_Ltkshadow_Info
0x80112bc4	208	2	_LtkshadowCreateHtShearIndTex__Ff
0x8031c440	256	0	_Ltkshadow_uHtShearIndTex
0x80112c94	140	2	_LtkshadowInitHtShearIndTex__Fv
0x800000f8	4	0	__OSBusClock
0x00000000	0	4	lllog.cpp
0x00000000	0	4	llfemalefan.cpp
0x80113870	0	0	gcc2_compiled.
0x802a4288	4	1	_LLVLFemaleFan_pSkeleton
0x802a428c	1	1	_LLVLFemaleFan_bInitialized
0x802a4290	4	1	_LLVLFemaleFan_fTMSkelScale
0x802a4294	480	1	_LLVLFemaleFan_MaterialDefs
0x802a4474	8	1	_LLVLFemaleFan_MatDefList
0x802a447c	8	1	_LLVLFemaleFan_strPantTextureNames
0x802a4484	20	1	_LLVLFemaleFan_strHairTextureNames
0x802a4498	24	1	_LLVLFemaleFan_strPhotoTextureNames
0x8031c698	8	0	_LLVLFemaleFan_MaterialList
0x8031c6a0	40	0	_LLVLFemaleFan_TexLib
0x80113a28	76	2	_LLVLFemaleFanScaleTMSkel__FP12TMSkeleton_tf
0x8031c660	56	0	_LLVLFemaleFan_Model
0x00000000	0	4	llmalefan.cpp
0x80113d28	0	0	gcc2_compiled.
0x802a44d8	4	1	_LLVLMaleFan_pSkel
0x802a44dc	1	1	_LLVLMaleFan_bInitialized
0x802a44e0	4	1	_LLVLMaleFan_fTMSkelScale
0x802a44e4	576	1	_LLVLMaleFan_MaterialDefs
0x802a4724	8	1	_LLVLMaleFan_MatDefList
0x802a4738	8	1	_LLVLMaleFan_strPantTextureNames
0x802a4740	12	1	_LLVLMaleFan_strHairTextureNames
0x802a474c	24	1	_LLVLMaleFan_strPhotoTextureNames
0x8031c700	8	0	_LLVLMaleFan_MaterialList
0x8031c708	40	0	_LLVLMaleFan_TexLib
0x802808f8	16	1	_LLVLMaleFan_aBodyTypes
0x80280908	32	1	_LLVLMaleFan_aHeadTypes
0x80280928	32	1	_LLVLMaleFan_aShirtTypes
0x80280948	32	1	_LLVLMaleFan_aShadesTypes
0x8011403c	76	2	_LLVLMaleFanScaleTMSkel__FP12TMSkeleton_tf
0x8031c6c8	56	0	_LLVLMaleFan_Model
0x00000000	0	4	llautographobj.cpp
0x8011433c	0	0	gcc2_compiled.
0x802a4790	1056	1	_LLAutographGarage_MasterSceneMtrlDefs
0x802a4bb0	8	1	_LLAutographGarage_MasterSceneMtrlDefsList
0x8031c730	8	0	_LLAutographGarage_MasterSceneMatList
0x8031c738	40	0	_LLAutographGarage_MasterSceneTexLib
0x00000000	0	4	auxtexcache.cpp
0x801145d0	0	0	gcc2_compiled.
0x802a4bb8	4	1	_ARTC_iNumPools
0x801145d0	108	2	_ARTCAuxRamDownloadCompleted__FUl
0x8031c760	136	0	_ARTC_Pools
0x8011463c	144	2	_ARTCAuxRamDownloadAsync__FP10ARTCPool_tPUcUiUi
0x801146cc	172	2	_ARTCInitiateSwapIn__FP10ARTCPool_tii
0x80114930	36	2	_ARTCGetTexObjData__FP9_GXTexObj
0x80114778	256	2	_ARTCBlockForTransfers__Fv
0x80114878	148	2	_ARTCReleaseAllTextures__FP10ARTCPool_t
0x8011490c	36	2	_ARTCGetTlutObjData__FP10_GXTlutObj
0x00000000	0	4	geominst.cpp
0x80115200	0	0	gcc2_compiled.
0x800000f8	4	0	__OSBusClock
0x00000000	0	4	GeomInstClip.cpp
0x801154a0	0	0	gcc2_compiled.
0x802a4bc0	4	1	_GeomInstClip_DefLists
0x802a4bc4	2	1	_GeomInstClip_DefListCount
0x802a4bc8	16	1	_ClipObj_LodRanges
0x802a4bd8	4	1	_pClipObjTable
0x801154a0	512	2	_GeomInstNoClipProcessSubRegion__FP21TMInstanceDefHeader_tP24TMInstanceRegionHeader_tP18TMInstanceRegion_tfUi
0x8031c800	64	0	_GeomInstClip_LocalToCamMat
0x8031c840	64	0	_GeomInstClip_ProjMat
0x801156a0	488	2	_GeomInstClipProcessSubRegion__FP21TMInstanceDefHeader_tP24TMInstanceRegionHeader_tP18TMInstanceRegion_tfUi
0x00000000	0	4	GeomInstRender.cpp
0x801159a4	0	0	gcc2_compiled.
0x802a4be4	4	1	_GeomInstRender_DefLists
0x802a4be8	2	1	_GeomInstRender_DefListCount
0x802a4bec	4	1	_GeomInstRender_pFadeDistScales
0x802a4bf0	4	1	_GeomInstRender_uNumFadeDistScales
0x801159a4	512	2	_GeomInstRenderFade__FP15TMInstanceDef_TP6Vec2_tUi
0x00000000	0	4	llcarblend.cpp
0x80115f70	0	0	gcc2_compiled.
0x802a4bf8	4	1	_LLCarBlend_TgtDmgBuf
0x802a4bfc	4	1	_LLCarBlend_underTgtDmgBuf
0x80280c04	12	1	_LLCarBlend_uModifiedBufSize
0x80280bf8	12	1	_LLCarBlend_uCarBufSize
0x8031d340	36	0	_LLCarBlend_Assign
0x00000000	0	4	llcarobjcustom.cpp
0x800000f8	4	0	__OSBusClock
0x00000000	0	4	renderstates.cpp
0x801166f4	0	0	gcc2_compiled.
0x800000f8	4	0	__OSBusClock
0x00000000	0	4	shaders.cpp
0x80116784	0	0	gcc2_compiled.
0x800000f8	4	0	__OSBusClock
0x00000000	0	4	commonsh.c
0x801167ec	0	0	gcc2_compiled.
0x802a4c00	28	1	_CommonSh_ColorNoLightDef
0x802a4c1c	28	1	_CommonSh_OnePassNoLightDef
0x802a4c4c	28	1	_CommonSh_OnePassLDef
0x802a4c7c	28	1	_CommonSh_OnePassSLDef
0x802a4cc0	28	1	_CommonSh_OnePassSLADef
0x802a4d04	28	1	_CommonSh_OnePassVSLDef
0x802a4d48	28	1	_CommonSh_TVCDef
0x802a4d78	28	1	_CommonSh_T3LDef
0x802a4da8	28	1	_CommonSh_T2LDef
0x802a4dd8	28	1	_CommonSh_OnePassDef
0x801167ec	108	2	_CommonShBindColorNL
0x80116858	160	2	_CommonShBindOnePass
0x801168f8	200	2	_CommonShBindOnePassNL
0x801169c0	200	2	_CommonShBindOnePassL
0x80116a88	380	2	_CommonShBindOnePassSL
0x80116c04	516	2	_CommonShBindOnePassSLA
0x80116e08	380	2	_CommonShBindOnePassVSL
0x80116f84	336	2	_CommonShBindTVC
0x801170d4	200	2	_CommonShBindT3L
0x8011719c	200	2	_CommonShBindT2L
0x80117264	276	2	_CommonShCreateShaders
0x8031d364	16	0	_CommonSh_ShaderLib
0x00000000	0	4	carsh.c
0x801173f8	0	0	gcc2_compiled.
0x802a4e08	28	1	_CarSh_UnivLDef
0x802a4e38	28	1	_CarSh_TireLDef
0x802a4e68	28	1	_CarSh_ShadowNLDef
0x802a4e98	28	1	_CarSh_DecalLDef
0x802a4f54	28	1	_CarSh_LowDecalLDef
0x802a4fac	28	1	_CarSh_WinLDef
0x802a5054	28	1	_CarSh_LowWinLDef
0x802a50c0	28	1	_CarSh_RearViewLDef
0x802a512c	28	1	_CarSh_LowRearViewLDef
0x802a5170	28	1	_CarSh_NightDecalLDef
0x802a522c	28	1	_CarSh_NightLowDecalLDef
0x802a5284	28	1	_CarSh_NightWinLDef
0x802a5318	28	1	_CarSh_NightLowWinLDef
0x802a5370	28	1	_CarSh_NightRearViewLDef
0x802a53dc	28	1	_CarSh_NightLowRearViewLDef
0x802a5420	28	1	_CarSh_FEDecal3LDef
0x801173f8	212	2	_CarShBindUnivL
0x801174cc	212	2	_CarShBindTireL
0x801175a0	212	2	_CarShBindShadowNL
0x80117674	380	2	_CarShBindFEDecal3L
0x801177f0	1688	2	_CarShBindDecalL
0x80117e88	52	2	_CarShUnbindDecalL
0x80117ebc	720	2	_CarShBindLowDecalL
0x8011818c	1248	2	_CarShBindWinL
0x8011866c	52	2	_CarShUnbindWinL
0x801186a0	716	2	_CarShBindLowWinL
0x8011896c	900	2	_CarShBindRearViewL
0x80118cf0	52	2	_CarShUnbindRearViewL
0x80118d24	556	2	_CarShBindLowRearViewL
0x80118f50	1656	2	_CarShBindNightDecalL
0x801195c8	52	2	_CarShUnbindNightDecalL
0x801195fc	688	2	_CarShBindNightLowDecalL
0x801198ac	1124	2	_CarShBindNightWinL
0x80119d10	92	2	_CarShUnbindNightWinL
0x80119d6c	644	2	_CarShBindNightLowWinL
0x80119ff0	92	2	_CarShUnbindNightLowWinL
0x8011a04c	868	2	_CarShBindNightRearViewL
0x8011a3b0	52	2	_CarShUnbindNightRearViewL
0x8011a3e4	400	2	_CarShBindNightLowRearViewL
0x8011a574	504	2	_CarShCreateShaders
0x8031d374	16	0	_CarSh_ShaderLib
0x00000000	0	4	tracksh.c
0x8011a7ec	0	0	gcc2_compiled.
0x802a5460	1	1	_bTrackShLightSpec
0x802a5461	1	1	_bFirstDecalMat
0x802a5464	4	1	_TrackShTevScale
0x802a5468	4	1	_TrackShSpecVtxColor
0x802a546c	28	1	_TrackSh_FlatPShaderDef
0x802a5488	28	1	_TrackSh_FlatLitPShaderDef
0x802a54a4	28	1	_TrackSh_FlatVLitPShaderDef
0x802a54c0	28	1	_TrackSh_OnePassPShaderDef
0x802a54f0	28	1	_TrackSh_OnePassLitPShaderDef
0x802a5520	28	1	_TrackSh_OnePassVLitPShaderDef
0x802a5550	28	1	_TrackSh_OnePassVLitBugFixPShaderDef
0x802a5580	28	1	_TrackSh_OnePassPShaderDef_Cloud
0x802a55b0	28	1	_TrackSh_MultiPassPShaderDef
0x802a561c	28	1	_TrackSh_MultiPassLitPShaderDef
0x802a5688	28	1	_TrackSh_MultiPassVLitPShaderDef
0x802a56f4	28	1	_TrackSh_MultiPassVLitBugFixPShaderDef
0x802a5760	28	1	_TrackSh_MultiPassSpecPShaderDef
0x802a57cc	28	1	_TrackSh_MultiPassDStretchPShaderDef
0x802a5838	28	1	_TrackSh_MultiPassDStretchLitPShaderDef
0x802a58a4	28	1	_TrackSh_MultiPassDStretchVLitPShaderDef
0x802a5910	28	1	_TrackSh_MultiPassDStretchVLitBugFixPShaderDef
0x802a597c	28	1	_TrackSh_MultiPassDStretchSpecPShaderDef
0x802a59e8	28	1	_TrackSh_EnvironmentPShaderDef
0x802a5a40	76	1	_TrackSh_pPixelShaderDefs
0x802a5a8c	76	1	_TrackSh_pPixelBeginFuncs
0x8011b6dc	244	2	_TMShaderFlat_Begin
0x8011b7d0	400	2	_TMShaderFlatLit_Begin
0x8011b960	216	2	_TMShaderFlatVLit_Begin
0x8011ba38	316	2	_TrackShOnePassPixelBegin
0x8011bb74	348	2	_TrackShOnePassLitPixelBegin
0x8011bcd0	412	2	_TrackShOnePassVLitPixelBegin
0x8011be6c	828	2	_TrackShOnePassVLitBugFixPixelBegin
0x8011c1a8	316	2	_TrackShOnePassPixelBegin_Cloud
0x8011c2e4	132	2	_TrackShMultiPassPixelBegin
0x8011c368	164	2	_TrackShMultiPassLitPixelBegin
0x8011c40c	112	2	_TrackShMultiPassVLitPixelBegin
0x8011c47c	136	2	_TrackShMultiPassVLitBugFixPixelBegin
0x8011c724	164	2	_TrackShMultiPassSpecPixelBegin
0x8011c504	132	2	_TrackShMultiPassDStretchPixelBegin
0x8011c588	164	2	_TrackShMultiPassDStretchLitPixelBegin
0x8011c62c	112	2	_TrackShMultiPassDStretchVLitPixelBegin
0x8011c69c	136	2	_TrackShMultiPassDStretchVLitBugFixPixelBegin
0x8011c7c8	164	2	_TrackShMultiPassDStretchSpecPixelBegin
0x8011c86c	32	2	_TrackShEnvironmentPixelBegin
0x802a5ad8	76	1	_TrackSh_pPixelUnbindFuncs
0x8011b2f8	140	2	_TrackShPixelUnbind
0x8011b384	44	2	_TrackShDynStretchPixelUnbind
0x802a5b40	64	1	_TrackSh_ColorRemapData
0x8011a7ec	356	2	_TrackShSetupSplitPaletteTEV
0x8011a950	836	2	_TrackShBindMultiPassDecalPasses
0x8011ac94	988	2	_TrackShBindMultiPassBugFixPasses
0x8011b070	56	2	_TrackShBindMultiPassNormalPasses
0x8011b0a8	88	2	_TrackShBindOnePassDecalMatFunc
0x8031d3f0	32	0	_TrackSh_ColorRemapTex
0x802a5b80	4	1	iPrevPasses.240
0x8011b100	116	2	_TrackShBindMultiPassDecalTexMatFunc
0x802a5b84	4	1	iPrevPasses.244
0x8011b174	116	2	_TrackShBindMultiPassBugFixTexMatFunc
0x8011b1e8	128	2	_TrackShBindMultiPassDecalMatFunc
0x8011b268	144	2	_TrackShBindMultiPassBugFixMatFunc
0x8011b3b0	316	2	_TrackShBindMultiPassDStretchMatFunc
0x8031d3e0	16	0	_TrackSh_TilingValue
0x8011b4ec	332	2	_TrackShBindMultiPassDStretchBugFixMatFunc
0x8011b638	164	2	_TrackShBindBaseDecalShader
0x8031d384	16	0	_TrackSh_PixelShaderLib
0x8031d394	76	0	_TrackSh_pPixelShader
0x00000000	0	4	llframebuffer.cpp
0x8011ca38	0	0	gcc2_compiled.
0x802a5ba0	4	1	_LLFrameBuffer_pFrameBuffer
0x802a5ba4	16	1	_LLFrameBuffer_apQuarterBuffers
0x8031d418	1	0	_LLFrameBuffer_bUseQuarter
0x8031d41c	4	0	_LLFrameBuffer_iActiveQuarter
0x8031d419	1	0	_LLFrameBuffer_bWantToUseQuarter
0x8031d410	4	0	_LLFrameBuffer_iBufferWidth
0x8031d414	4	0	_LLFrameBuffer_iBufferHeight
0x00000000	0	4	materialalloc.cpp
0x8011cdf8	0	0	gcc2_compiled.
0x800000f8	4	0	__OSBusClock
0x00000000	0	4	dmblend.cpp
0x800000f8	4	0	__OSBusClock
0x00000000	0	4	dmcluster.cpp
0x802a5bb8	16	1	_DMCluster_TaylorConst
0x802a5bc8	4	1	_DMCluster_SprBuffer
0x00000000	0	4	dmfog.cpp
0x800000f8	4	0	__OSBusClock
0x00000000	0	4	dmgeom.cpp
0x8011ce7c	0	0	gcc2_compiled.
0x802a5bd0	48	1	_DMGeom_UnitMat
0x00000000	0	4	dmlighting.cpp
0x800000f8	4	0	__OSBusClock
0x00000000	0	4	dmlod.cpp
0x802a5c00	32	1	_DMLod_LodThreshold
0x802a5c20	4	1	_DMLod_nObjects
0x8031d460	512	0	_DMLod_pObjects
0x8031d440	32	0	_DMLod_LodCount
0x00000000	0	4	dmmaterial.cpp
0x00000000	0	4	dmmorph.cpp
0x8011d3cc	0	0	gcc2_compiled.
0x800000f8	4	0	__OSBusClock
0x00000000	0	4	dmrender.cpp
0x802a5c50	12	1	_DMRenderDmaListFuncs
0x802a5c5c	4	1	_DMRender_pRenderBin
0x8031d660	384	0	_DMRender_DefaultState
0x8031d7e0	256	0	_DM_FrameRegs
0x00000000	0	4	dynmodel.cpp
0x800000f8	4	0	__OSBusClock
0x00000000	0	4	animextn.cpp
0x8011d8ec	0	0	gcc2_compiled.
0x8011d8ec	540	2	_AnimExtnRelocateMotion__FP16AnimFileFormat_t
0x8011db08	244	2	_AnimExtnRelocateCompressTable__FP16AnimFileFormat_t
0x8031da60	1	0	_AnimExtn_iCurrBuffer
0x8031d8e0	384	0	_AnimExtn_ARamTransferBuffer
0x800000f8	4	0	__OSBusClock
0x00000000	0	4	animintf.cpp
0x8011dc3c	0	0	gcc2_compiled.
0x8011dc3c	4	2	_AnimIntfSetupFrameCache__Fv
0x8011dc40	4	2	_AnimIntfShutdownFrameCache__Fv
0x8031da84	6	0	_AnimIntf_FileSysInfo
0x80280d1c	24	1	_AnimtIntf_uResidentAnimList
0x00000000	0	4	bitstream.cpp
0x8011de54	0	0	gcc2_compiled.
0x800000f8	4	0	__OSBusClock
0x00000000	0	4	motionblend.cpp
0x8011dfe8	0	0	gcc2_compiled.
0x00000000	0	4	charanim.cpp
0x8011e0bc	0	0	gcc2_compiled.
0x8011e0bc	120	2	_CharAnimStdStart__FP23AnimFileStateAnimList_tP12AnimObjHdr_tP13AnimChannel_tPvUs
0x8011e134	64	2	_CharAnimStdStateSel__FP23AnimFileStateAnimList_tUsP12AnimObjHdr_tP13AnimChannel_tPvUi
0x800000f8	4	0	__OSBusClock
0x00000000	0	4	llmotobj.cpp
0x8011e344	0	0	gcc2_compiled.
0x802a5c68	1	1	_bLLMotObjInitialized
0x8011e344	108	2	_LLMotObjObjSetRefPose__FP11CharFrame_tP10CharSkel_t
0x8011e3b0	44	2	_LLMotObjAllocJointBuffer__FUi
0x8011e3dc	360	2	_LLMotObjCreate__FP13LLMotObjDef_tP14LLMotObjParm_t
0x8011e544	84	2	_LLMotObjDestroy__FP13LLMotObjDef_t
0x8011e598	48	2	_LLMotObjGetNumInitClusters__Fv
0x00000000	0	4	llmotanim.cpp
0x8011e940	224	2	_LLMotAnimReadHeader__FP13MotionFrame_tPUc
0x8011ed28	560	2	_LLMotAnimUnpackMotionFrame__FP11CharFrame_tP20AnimMotWeightFrame_tP13AnimCmpInfo_tUc
0x00000000	0	4	llpitcrew.cpp
0x8011f104	0	0	gcc2_compiled.
0x802a5f50	4	1	_pLLPitCrewSkel
0x802a5f54	1	1	_bCrewInitialized
0x802a5f58	4	1	_SkelScale
0x802a5f5c	4	1	_TMSkelScale
0x802a5f60	480	1	_LLPitCrew_MaterialDefs
0x802a6140	8	1	_LLPitCrew_MatDefList
0x802a6148	336	1	_LLPitCrew_MrCleanMaterialDefs
0x802a6298	8	1	_LLPitCrew_MrCleanMatDefList
0x8011f104	76	2	_LLPitCrewScaleSkel__FP10CharSkel_tf
0x8011f150	76	2	_LLPitCrewScaleTMSkel__FP12TMSkeleton_tf
0x8011f19c	448	2	_LLPitCrewSetTeamColor__FP15TexMatTypeHdr_tUsUcP6Vec4_t
0x8031da8c	56	0	_LLPitCrew_Model
0x8031dac4	4	0	_LLPitCrew_uPitCrewModel
0x8031dac8	4	0	_LLPitCrew_pNewMatDefs
0x8031dad4	40	0	_LLPitCrew_TexLib
0x8031dacc	8	0	_LLPitCrew_MaterialList
0x00000000	0	4	llprop.cpp
0x8011f734	0	0	gcc2_compiled.
0x802a62a0	1	1	_bPropInitialized
0x802a62a4	8	1	_LLPropSkelResources
0x802a62ac	8	1	_pLLPropSkel
0x802a62b4	28	1	_LLPropModelResources
0x802a62d0	14	1	_LLPropModelSkel
0x802a62e0	336	1	_LLProp_PitMtrlDefs
0x802a6430	8	1	_LLProp_PitMtrlDefList
0x802a6438	4	1	_LLPropSkelScale
0x802a643c	4	1	_LLPropTMSkelScale
0x8011f734	76	2	_LLPropScaleSkel__FP10CharSkel_tf
0x8011f780	76	2	_LLPropScaleTMSkel__FP12TMSkeleton_tf
0x8031dafc	364	0	_LLPropModels
0x8031dc70	40	0	_LLProp_TexLibs
0x8031dc68	8	0	_LLProp_MatLists
0x00000000	0	4	llpitofficial.cpp
0x800000f8	4	0	__OSBusClock
0x00000000	0	4	llracegirl.cpp
0x8011fb84	0	0	gcc2_compiled.
0x802a6440	4	1	_LLRaceGirl_pSkeleton
0x802a6444	1	1	_LLRaceGirl_bInitialized
0x802a6448	4	1	_TMSkelScale
0x802a644c	336	1	_LLRaceGirl_MaterialDefs
0x802a659c	8	1	_LLRaceGirl_MatDefList
0x8011fb84	76	2	_LLRaceGirlScaleTMSkel__FP12TMSkeleton_tf
0x8031dd00	8	0	_LLRaceGirl_Info
0x8031dc98	56	0	_LLRaceGirl_Model
0x8031dcd8	40	0	_LLRaceGirl_TexLib
0x8031dcd0	8	0	_LLRaceGirl_MaterialList
0x00000000	0	4	motanim.cpp
0x800000f8	4	0	__OSBusClock
0x00000000	0	4	pitcrew.cpp
0x8011feb8	0	0	gcc2_compiled.
0x8011feb8	300	2	_PitCrewAddFunc__FP8ObjHdr_tPv
0x8011ffe4	52	2	_PitCrewDelFunc__FP8ObjHdr_t
0x80120018	56	2	_PitCrewDraw__FP8ObjHdr_ti
0x80120050	88	2	_PitCrewBeginAnim__FP8ObjHdr_ti
0x801200a8	100	2	_PitCrewEndAnim__FP8ObjHdr_ti
0x8012010c	1228	2	_PitCrewProcessAnim__FP8ObjHdr_ti
0x801205d8	156	2	_PitCrewGetTextureID__Fv
0x00000000	0	4	prop.cpp
0x80120788	0	0	gcc2_compiled.
0x80120788	244	2	_PropAddFunc__FP8ObjHdr_tPv
0x8012087c	64	2	_PropDelFunc__FP8ObjHdr_t
0x801208bc	280	2	_PropDraw__FP8ObjHdr_ti
0x801209d4	88	2	_PropBeginAnim__FP8ObjHdr_ti
0x80120a2c	100	2	_PropEndAnim__FP8ObjHdr_ti
0x80120a90	120	2	_PropGetWorldPosition__FP6Prop_tP6Vec3_t
0x80120b08	1792	2	_PropProcessAnim__FP8ObjHdr_ti
0x00000000	0	4	pitofficial.cpp
0x800000f8	4	0	__OSBusClock
0x00000000	0	4	pitaction.cpp
0x80121338	0	0	gcc2_compiled.
0x802a65e0	196	1	_CrewParm
0x802a66a4	544	1	_PropParm
0x802a68c4	176	1	_PitCameraGroups
0x802a6974	88	1	_PitFumbleCameraGroups
0x802a69cc	1	1	_bPAEnabled
0x802a69cd	1	1	_PitAction_bIsActive
0x802a69ce	1	1	_PitAction_bIsInit
0x80121338	924	2	_PitActionSetLocalToWorld__FP5Car_tP6Vec3_tN31Ui
0x8031dd40	288	0	_PATeams
0x801216d4	284	2	_PitActionSetupAnimParms__FUi
0x801217f0	20	2	_PitActionIsFumbleSequence__FUs
0x8031de60	32	0	_PitAct_FumbleInfo
0x801219e4	344	2	_PitActionResetFromFumble__FP14AnmsPlayInfo_t
0x80121b3c	224	2	_PitActionTriggerPitFumble__F19PitMgrFumbSeqGroupEiUsi
0x80122b50	244	2	_PitActionHandleAnimState__FP14AnmsPlayInfo_tUi
0x801228dc	260	2	_PitActionUnloadAllAnims__Fv
0x00000000	0	4	pitcamera.cpp
0x80123ab0	0	0	gcc2_compiled.
0x802a69d8	4	1	_PitCamFOV
0x8031dff0	4	0	_PitCameraGroup
0x80123abc	68	2	_PitCamGetGroupRandomCamera__FSc
0x8031de80	368	0	_PitCamPlayerSettings
0x00000000	0	4	animscript.cpp
0x80124070	0	0	gcc2_compiled.
0x80124070	8	2	_AnmsGetAnimFileResIndex__FUs
0x80124088	68	2	_AnmsInitCache__Fv
0x8031dffc	28	0	_Anms_SeqCache
0x801240cc	108	2	_AnmsShutdownCache__Fv
0x80124138	48	2	_AnmsSeqFileIsCached__Fi
0x80124168	48	2	_AnmsEmbFileIsCached__Fi
0x80124198	28	2	_AnmsGetCachedSeqFile__FiPPvPi
0x801241b4	28	2	_AnmsGetCachedEmbFile__FiPPvPi
0x8031dff4	4	0	_Anms_pAnmsSeqInfo
0x8031dff8	1	0	_Anms_uTotalNumSeqBuffers
0x8031dffa	2	0	_Anms_uActiveSeqBuffer
0x800000f8	4	0	__OSBusClock
0x00000000	0	4	animcam.cpp
0x802a69e0	1	1	_AnimCam_bEnabled
0x802a69e4	4	1	_AnimCam_fCamFOV
0x802a69e8	1	1	_AnimCam_bInit
0x802a69ec	4	1	_AnimCam_fAccFactor
0x802a69f0	4	1	_AnimCam_fVelFactor
0x8031e048	144	0	_AnimCam_CameraInfo
0x8031e018	4	0	_AnimCam_CamGroupDefs
0x8031e0d8	4	0	_AnimCam_pCamObjList
0x8031e01c	4	0	_AnimCam_CamObj
0x8031e020	40	0	_AnimCam_AnimPlayInfo
0x00000000	0	4	dmshadow.cpp
0x801251d0	0	0	gcc2_compiled.
0x802a69f8	4	1	_DMSdw_pSdwObjArray
0x802a69fc	4	1	_DMSdw_pSdwObjList
0x801251d0	112	2	_DMSdwAddToList__FP8MotObj_t
0x80125240	100	2	_DMSdwRemoveFromList__FP8MotObj_t
0x801252a4	496	2	_DMSdwCalcNightShadowMatricies__FPC6Vec3_tfP5Mat_tPC6Vec2_t
0x8031e0dc	36	0	_DMSdw_Info
0x80125494	240	2	_DMSdwConstructShadowMatrix__FP6Vec3_tfP5Mat_t
0x80125584	124	2	_DMSdwInitDBData__Fv
0x80125600	132	2	_DMSdwInitLightInfo__Fv
0x80125684	44	2	_DMSdwInitShadowParams__Fv
0x00000000	0	4	lldmshadow.cpp
0x80125998	0	0	gcc2_compiled.
0x80125998	340	2	_LLDMShadowRender__FP13LLMotObjDef_t
0x8031e100	5	0	_LLDMSdw_Info
0x00000000	0	4	IBLine.cpp
0x80125c74	0	0	gcc2_compiled.
0x802a6a08	4	1	_IBL_pVertexPairs
0x80125c74	340	2	_IBLCalcDrawRange__FPiT0Sc
0x8031e108	48	0	_IBL_aPlayerData
0x8031e138	4	0	_IBL_iNumSegs
0x80125dc8	156	2	_IBLRampColor__FScfUcf
0x80125e64	148	2	_IBLConvertColor__FScf
0x8031e13c	4	0	_IBL_iNumVertexPairs
0x00000000	0	4	ShareDraft.cpp
0x8012650c	0	0	gcc2_compiled.
0x802a6a10	4	1	_ShareDraft_fDecreaseRate
0x802a6a14	4	1	_ShareDraft_pPlayerStatus
0x802a6a18	1	1	_ShareDraft_bUseExternalBonusParams
0x802a6a19	1	1	_ShareDraft_bUseExternalPenaltyParams
0x802a6a1a	1	1	_ShareDraft_bUseExternalTweakParams
0x802a6a1c	4	1	_ShareDraft__fDraftTimer
0x8012650c	80	2	_ShareDraftGetHeroVillianIndex__FSc
0x8012655c	124	2	_ShareDraftMinDraftToShareDraft__FSc
0x80281384	28	1	_ShareDraft_aMinDraftToShareDraftInCareer
0x801265d8	124	2	_ShareDraftMinDraftToIntimidate__FSc
0x802813a0	28	1	_ShareDraft_aMinDraftToIntimidateInCareer
0x80126654	272	2	_ShareDraftUpdateDraftPartners__Fv
0x8031e140	44	0	_ShareDraft_ModuleData
0x80126764	772	2	_ShareDraftUpdateMeters__Fv
0x802813bc	28	1	_ShareDraft_aCareerShareDraftMeterRates
0x802813d8	28	1	_ShareDraft_aCareerIntimidateMeterRates
0x80126a68	88	2	_TimerBegin__Fv
0x80126ac0	76	2	_TimerExpired__Fff
0x80126b0c	128	2	_ShareDraftShouldInit__Fv
0x80126b8c	52	2	_ShareDraftSelectDraftingCar__FSc
0x80126bc0	292	2	_ShareDraftInitConstants__Fv
0x80281340	40	1	_ShareDraft_CareerRespectCurve
0x80281318	40	1	_ShareDraft_RespectCurve
0x80126ce4	36	2	_ShareDraftApplyRatingChange__FP5Car_tT0Sc
0x80126d08	876	2	_ShareDraftUpdateInsideDraftRespectChange__FScP5Car_tT1
0x802813f4	40	1	_ShareDraft_afDraftVsRespectCurve_Cooperation
0x8028141c	40	1	_ShareDraft_afDraftVsRespectCurve_Intimidation
0x80281368	28	1	_ShareDraft_aCareerRespectModifier
0x80127074	216	2	_ShareDraftUpdateOutsideDraftRespectChange__FScP5Car_tT1
0x8012714c	196	2	_ShareDraftUpdateMsgState__FP5Car_tSc
0x80127210	272	2	_ShareDraftResetPlayerStatus__FScUc
0x8031e16c	4	0	_ShareDraft__eDraftMode
0x8012769c	60	2	_ShareDraftIsActive__FSc
0x00000000	0	4	SeasonMgr.cpp
0x80127a24	0	0	gcc2_compiled.
0x802a6a20	1	1	_SeasonMgr_Active
0x802a6a24	12	1	_SeasonMgr_CurAppt
0x802a6a30	12	1	_SeasonMgr_NextAppt
0x80127a30	76	2	_SeasonMgrGetNumPotentialRetirees__Fv
0x80127a7c	80	2	_SeasonMgrIsDriverRetiring__Fi
0x80127acc	152	2	_SeasonMgrSelectDriversThatWonEightChampionshipsForRetirement__Fv
0x80127b64	316	2	_SeasonMgrSelectDriversThatAreTooOldForRetirement__Fv
0x80127ca0	276	2	_SeasonMgrSelectDriversThatSuckForRetirement__Fv
0x80127db4	496	2	_SeasonMgrSelectDriversThatSuckComparedToPlayerForRetirement__Fv
0x80127fa4	496	2	_SeasonMgrRetireSelectedDrivers__Fv
0x80128194	144	2	_SeasonMgrUpdateAttendanceAfterAppt__FPC18SeasonAppointmentT
0x80128224	124	2	_SeasonMgrUpdateChampionshipStatusAfterAppt__Fv
0x801282a0	40	2	_SeasonMgrIsApptLastBeforeChase__FPC18SeasonAppointmentT
0x801282c8	440	2	_SeasonMgrProcessChaseForTheCup__FPC18SeasonAppointmentT
0x00000000	0	4	CareerMgr.cpp
0x801290b4	0	0	gcc2_compiled.
0x801290b4	76	2	_CareerMgrUpdateContractMgr__Fv
0x80129100	88	2	_CareerMgrSetupCustomCar__FUs
0x80129158	220	2	_CareerMgrSetNumPlayers__FUs
0x80129234	104	2	_CareerMgrStartTestingSession__FPC18SeasonAppointmentT
0x8012929c	60	2	_CareerMgrFinishTestingSession__FPC18SeasonAppointmentT
0x801294c0	144	2	_CareerMgrStartNewYear__FUi7SeriesE
0x800000f8	4	0	__OSBusClock
0x00000000	0	4	CareerMgrDriver.cpp
0x800000f8	4	0	__OSBusClock
0x00000000	0	4	CharityEvents.cpp
0x800000f8	4	0	__OSBusClock
0x00000000	0	4	agent.cpp
0x8012a0dc	0	0	gcc2_compiled.
0x802a6a40	2	1	_nextID
0x00000000	0	4	AgentOkMessage.cpp
0x8012ad38	0	0	gcc2_compiled.
0x800000f8	4	0	__OSBusClock
0x00000000	0	4	AgentHelpMessage.cpp
0x8012ad84	0	0	gcc2_compiled.
0x800000f8	4	0	__OSBusClock
0x00000000	0	4	AgentSponsorMessage.cpp
0x8012b41c	0	0	gcc2_compiled.
0x8012b804	180	2	_AgentCheckSponsorMessagesBySeries__F7SeriesE
0x800000f8	4	0	__OSBusClock
0x00000000	0	4	AgentContractMessage.cpp
0x8012b8dc	0	0	gcc2_compiled.
0x800000f8	4	0	__OSBusClock
0x00000000	0	4	AgentTestingMessage.cpp
0x8012bba4	0	0	gcc2_compiled.
0x800000f8	4	0	__OSBusClock
0x00000000	0	4	AgentTextMessage.cpp
0x8012c08c	0	0	gcc2_compiled.
0x800000f8	4	0	__OSBusClock
0x00000000	0	4	AgentCharityMessage.cpp
0x8012c1ec	0	0	gcc2_compiled.
0x800000f8	4	0	__OSBusClock
0x00000000	0	4	AgentGarageMessage.cpp
0x8012c4bc	0	0	gcc2_compiled.
0x800000f8	4	0	__OSBusClock
0x00000000	0	4	AgentSillySeasonMessage.cpp
0x8012c650	0	0	gcc2_compiled.
0x800000f8	4	0	__OSBusClock
0x00000000	0	4	AgentSkillPointsMessage.cpp
0x8012c7a4	0	0	gcc2_compiled.
0x800000f8	4	0	__OSBusClock
0x00000000	0	4	AgentHeroVillainMessage.cpp
0x8012c844	0	0	gcc2_compiled.
0x800000f8	4	0	__OSBusClock
0x00000000	0	4	AgentConfrontMessage.cpp
0x8012c9ec	0	0	gcc2_compiled.
0x800000f8	4	0	__OSBusClock
0x00000000	0	4	AgentStandingsMessage.cpp
0x8012cca0	0	0	gcc2_compiled.
0x802a6a44	16	1	_aGoodRank
0x802a6a54	16	1	_aMedRank
0x8012cf24	172	2	_AgentCheckStandingsMessagesBySeries__F7SeriesE
0x00000000	0	4	AgentRatingsMessage.cpp
0x8012d038	0	0	gcc2_compiled.
0x800000f8	4	0	__OSBusClock
0x00000000	0	4	SeriesStatus.cpp
0x8012d390	0	0	gcc2_compiled.
0x800000f8	4	0	__OSBusClock
0x00000000	0	4	ContractManager.cpp
0x8012d820	0	0	gcc2_compiled.
0x802a6a64	4	1	LOW_POINT.249
0x802a6a68	4	1	SCALE.250
0x802a6a6c	4	1	MINIMUM.251
0x802a6a70	4	1	LOW_POINT.261
0x802a6a74	4	1	SCALE.262
0x802a6a78	4	1	MINIMUM.263
0x802a6a7c	4	1	SLOPE.360
0x802a6a80	1	1	MINIMUM.361
0x802a6a81	1	1	MAXIMUM.362
0x802a6a84	4	1	LOW_POINT.366
0x802a6a88	4	1	SCALE.367
0x802a6a8c	4	1	MINIMUM.368
0x802a6a90	4	1	LOW_POINT.372
0x802a6a94	4	1	MAXIMUM.373
0x8012f1f4	84	2	__static_initialization_and_destruction_0
0x8012f248	44	2	_GLOBAL_.I.ContractHistoryNumRows__16ContractManagerCi
0x8012f274	44	2	_GLOBAL_.D.ContractHistoryNumRows__16ContractManagerCi
0x00000000	0	4	SponsorManager.cpp
0x8012f2a0	0	0	gcc2_compiled.
0x80130ba0	84	2	__static_initialization_and_destruction_0
0x800000f8	4	0	__OSBusClock
0x80130bf4	44	2	_GLOBAL_.I.SponsorHistoryNumRows__15SponsorManagerC
0x80130c20	44	2	_GLOBAL_.D.SponsorHistoryNumRows__15SponsorManagerC
0x00000000	0	4	envmgr.cpp
0x80130c4c	0	0	gcc2_compiled.
0x802a6a98	4	1	_Env_pCurrent
0x802a6a9c	4	1	_EnvTimeScaleFactor
0x8031e19c	4	0	lastTime.336
0x8031e1a0	4	0	_.tmp_0.337
0x80130c4c	344	2	_EnvUpdateRealTime__Fv
0x80130da4	140	2	_EnvInitRealTime__Fv
0x80130e30	184	2	_EnvGenDirVec__FP6Vec3_tff
0x80130ee8	492	2	_EnvUpdateWind__Fv
0x8031e1bc	100	0	_Env_Original
0x801310d4	244	2	_EnvUpdateSun__Fv
0x801311c8	256	2	_EnvUpdateMoon__Fv
0x801312c8	68	2	_EnvUpdateDayStage__Fv
0x8013187c	164	2	__static_initialization_and_destruction_0
0x80131920	44	2	_GLOBAL_.I.ENV_MIDNIGHT
0x00000000	0	4	optics.cpp
0x8013194c	0	0	gcc2_compiled.
0x802a6ac4	4	1	_pEffectBlock
0x802a6ac8	4	1	_pElementPool
0x802a6acc	2	1	_ElementPoolSize
0x802a6ad0	36	1	_OpticsResourceList
0x8013194c	124	2	_OpticsGetEffectFromPool__Fv
0x801319c8	68	2	_OpticsReturnEffectToPool__FP15OpticalEffect_T
0x80131a0c	128	2	_OpticsGetElementFromPool__Fv
0x8031e738	864	0	_pOpticsElementPool
0x80131a8c	64	2	_OpticsReturnElementToPool__FP15OpticsElement_T
0x80131acc	32	2	_OpticsLoadTexture__FP16OpticsResource_T
0x80131aec	56	2	_OpticsUnloadTexture__FP16OpticsResource_T
0x80131b24	84	2	_OpticsLoadRes__F14OpticsResTypeT
0x80131b78	72	2	_OpticsUnloadRes__F14OpticsResTypeT
0x00000000	0	4	pacecarlights.cpp
0x801322f0	0	0	gcc2_compiled.
0x802a6d50	4	1	_PaceCarPointer
0x802a6d54	80	1	OPTICS_PARM_EFFECT_HEAD_LIGHT
0x802a6da4	80	1	OPTICS_PARM_EFFECT_BRAKE_LIGHT
0x802a6df4	80	1	OPTICS_PARM_EFFECT_RED_FLASHING_LIGHT
0x802a6e44	396	1	_PaceCarLightDefinitions
0x802a6fd0	1	1	_PaceLightsInit
0x8031ea98	36	0	_PaceCar_PaceCarLights
0x8031eabc	4	0	_PaceCar_PaceCarLightsOn
0x00000000	0	4	carlights.cpp
0x80132784	0	0	gcc2_compiled.
0x802a7384	240	1	_CarLights_EffectTemplate
0x00000000	0	4	pollbuffer.cpp
0x80132e44	0	0	gcc2_compiled.
0x802a7478	1	1	_PollInit
0x802a747c	4	1	_pReqBlock
0x00000000	0	4	lloptics.cpp
0x80132fd8	0	0	gcc2_compiled.
0x802a7488	8	1	_LLOptics_CenterScreen
0x80132fd8	44	2	_LLOpticsClampRangeFloat__FPfff
0x80133004	528	2	_LLOpticsRender3D__F17VptManagerVptTypeP6Vec3_tP6Vec4_tff
0x80332844	48	0	_LLOptics_Points
0x80133214	572	2	_LLOpticsRender2D__F17VptManagerVptTypeP6Vec3_tP6Vec4_tff
0x80133450	472	2	_LLOpticsBatchRenderResGroup__F17VptManagerVptTypeUiP18LLOpticsRenderItem
0x8031f2c0	36	0	_LLOptics_RenderListSize
0x8031f2e4	79200	0	_LLOptics_RenderList
0x80133a88	44	2	_LLOpticsDrawEffect__FP18LLOpticsRenderParmP15OpticalEffect_TiP6Vec4_tfUc
0x80133ab4	328	2	_LLOpticsSetupCoordAdjVars__F17VptManagerVptTypePfN31
0x00000000	0	4	visibilitytest.cpp
0x802a7490	1	1	_VisTest_Initialized
0x80332874	32	0	_VisTest_RequestCount
0x80332894	24576	0	_VisTest_RequestInfo
0x00000000	0	4	llpollbuffer.cpp
0x80134670	0	0	gcc2_compiled.
0x80134670	324	2	_LLPollCalcTrxPos__FP11PollRequest
0x801347b4	56	2	_LLPollBuffer__FP11PollRequest
0x800000f8	4	0	__OSBusClock
0x00000000	0	4	trackmap.cpp
0x8013485c	0	0	gcc2_compiled.
0x802a7498	1	1	_TrackMap_bIsInit
0x802a7499	1	1	_TrackMap_3PlayerShowTrackMap
0x8013485c	56	2	_TrackMapLoadDBData__Fv
0x803388dc	4	0	_TrackMap_uID
0x803388e0	4	0	_Trackmap_File
0x803388d8	4	0	_TrackMap_bShowMapPlayer
0x00000000	0	4	lltrackmap.cpp
0x80134b6c	0	0	gcc2_compiled.
0x802a74c0	1	1	_LLTrackMap_bIsInit
0x802a74c4	4	1	_LLTrackMap_pShader
0x802a7548	32	1	_LLTrackMap_GenericTexCoord
0x802a7568	32	1	_LLTrackMap_aNumberTexCoords
0x802a7588	32	1	_LLTrackMap_CarNumberPositionOffset
0x802a75a8	4	1	_LLTrackMap_CurNumber
0x803389a0	176	0	_LLTrackMap_apNumberTextures
0x80338a50	80	0	_LLTrackMap_NumberParams
0x803388e4	32	0	_LLTrackMap_CarNumberSizes
0x80338904	92	0	_LLTrackMap_Def
0x80135168	340	2	_LLTrackMapStartRender__FP10TMTexLib_tP5Mat_tPfP6Vec2_t
0x801352bc	52	2	_LLTrackMapEndRender__FP5Mat_tPf
0x8013508c	128	2	_LLTrackMapCreateTexture__Fv
0x8013510c	92	2	_LLTrackMapReleaseTextures__Fv
0x80338960	64	0	_LLTrackMap_UnitMatrix
0x80136444	196	2	__static_initialization_and_destruction_0
0x80136508	44	2	_GLOBAL_.I._LLTrackMap_CarTranslateAdj
0x00000000	0	4	cameraflash.cpp
0x80136534	0	0	gcc2_compiled.
0x802a75b0	80	1	OPTICS_PARM_EFFECT_CAMERA_FLASH
0x802a7600	4	1	_CameraFlash_NumActiveLights
0x802a7604	4	1	_CameraFlash_RandomStream
0x802a7608	4	1	_CameraFlashFrequency
0x802a760c	4	1	_CameraFlashLastEvent
0x802a7610	4	1	_CameraFlashLastDecrement
0x802a7614	4	1	_CameraFlashLastIncrement
0x80136534	280	2	_CameraFlashUpdateFrequency__Fv
0x8013664c	504	2	_CameraFlash_GetRandomCrowdPos__FP6Vec3_t
0x80338aa0	480	0	_CameraFlash_Lights
0x00000000	0	4	lltracklights.cpp
0x80136b64	0	0	gcc2_compiled.
0x802a7618	4	1	_LLTracklight_uTexRes
0x802a761c	4	1	_LLTracklight_pLightGlowTex
0x802a7620	32	1	_LLTracklight_TexCoord
0x802a7640	4	1	_LLTracklight_pShader
0x80338c80	40	0	_LLTracklight_TexLib
0x80338ca8	64	0	_LLTracklight_UnitMatrix
0x00000000	0	4	llrearviewmirror.cpp
0x80136edc	0	0	gcc2_compiled.
0x802859c8	16	1	_LLRV_BorderClr
0x800000f8	4	0	__OSBusClock
0x00000000	0	4	lgForceFeedback.cpp
0x80137414	0	0	gcc2_compiled.
0x802a7648	1	1	_lgFFActive
0x802a764c	4	1	_lgFFConvBumpMin
0x802a7650	4	1	_lgFFConvBumpMax
0x802a7654	4	1	HACKInitTime
0x80137414	168	2	_lgFFUpdateConditionalForce__FUiPUiiiii
0x801374bc	152	2	_lgFFUpdateConstantForce__FUiPUiiiUi
0x80137554	168	2	_lgFFUpdatePeriodicForce__FUiPUiiiiii
0x80338ce8	128	0	_lgFFInfo
0x80285ab4	20	1	_lgFFDefaultPeriod
0x80285ac8	20	1	_lgFFJitterSpeedMagModifier
0x80285aa0	20	1	_lgFFDefaultMagnitude
0x80285a8c	20	1	_lgRandMagScale
0x80285a78	20	1	_lgRandPeriodScale
0x00000000	0	4	llglibrenderinit.cpp
0x80138390	0	0	gcc2_compiled.
0x800000f8	4	0	__OSBusClock
0x00000000	0	4	rumble.cpp
0x80138420	0	0	gcc2_compiled.
0x80138420	48	2	_RumbleStartActuator__FUiUiUcUs
0x80338d68	196	0	_RumbleData
0x80138450	40	2	_RumbleStopActuator__FUiUi
0x80138478	132	2	_RumbleSetup__Fv
0x80138830	56	2	_RumbleInitSurface__Fv
0x80138c58	368	2	_RumbleProcessSurfaceSingle__FUi
0x80338e2c	16	0	_RumbleSurface
0x80138868	104	2	_RumbleStartSurfaceRumble__FUii
0x801388d0	328	2	_RumbleContinueSurfaceRumble__FUii
0x80138a18	56	2	_RumbleStopSurfaceRumble__FUi
0x80285afc	16	1	_RumblePit
0x800000f8	4	0	__OSBusClock
0x00000000	0	4	llrumble.cpp
0x80138e74	0	0	gcc2_compiled.
0x800000f8	4	0	__OSBusClock
0x00000000	0	4	nmfileio.cpp
0x80138fe4	0	0	gcc2_compiled.
0x802a7658	1036	1	_MainInit_FileInitParms
0x802a7a64	68	1	_MainInit_vDevicePath
0x802a7aa8	36	1	_MainInit_vDeviceList
0x80285b68	4	1	_fileIODependencyList
0x80139058	108	2	__static_initialization_and_destruction_0
0x801390c4	44	2	_GLOBAL_.I.GSGetDependencyList__C17FlowModuleFileIOC
0x801390f0	44	2	_GLOBAL_.D.GSGetDependencyList__C17FlowModuleFileIOC
0x00000000	0	4	nmdma.cpp
0x8013911c	0	0	gcc2_compiled.
0x80285b70	8	1	_DMADependencyList
0x8013914c	108	2	__static_initialization_and_destruction_0
0x801391b8	44	2	_GLOBAL_.I.GSGetDependencyList__C14FlowModuleDMAC
0x801391e4	44	2	_GLOBAL_.D.GSGetDependencyList__C14FlowModuleDMAC
0x00000000	0	4	nmdmamem.cpp
0x80139210	0	0	gcc2_compiled.
0x80285b80	8	1	_DMAMemDependencyList
0x80139240	108	2	__static_initialization_and_destruction_0
0x801392ac	44	2	_GLOBAL_.I.GSGetDependencyList__C17FlowModuleDMAMemC
0x801392d8	44	2	_GLOBAL_.D.GSGetDependencyList__C17FlowModuleDMAMemC
0x00000000	0	4	nmdmaresizeFEToRace.cpp
0x80139304	0	0	gcc2_compiled.
0x80285b9c	8	1	_DMAResizeFEToRaceDependencyList
0x80139334	108	2	__static_initialization_and_destruction_0
0x801393a0	44	2	_GLOBAL_.I.GSGetDependencyList__C28FlowModuleDMAResizeFEToRaceC
0x801393cc	44	2	_GLOBAL_.D.GSGetDependencyList__C28FlowModuleDMAResizeFEToRaceC
0x00000000	0	4	nmdmaresizeRaceToFE.cpp
0x801393f8	0	0	gcc2_compiled.
0x80285bb8	8	1	_DMAResizeRaceToFEDependencyList
0x80139428	108	2	__static_initialization_and_destruction_0
0x80139494	44	2	_GLOBAL_.I.GSGetDependencyList__C28FlowModuleDMAResizeRaceToFEC
0x801394c0	44	2	_GLOBAL_.D.GSGetDependencyList__C28FlowModuleDMAResizeRaceToFEC
0x00000000	0	4	nmglib.cpp
0x801394ec	0	0	gcc2_compiled.
0x802a7ad0	36	1	_GlibInitBlock
0x80285bc8	8	1	_GlibDependencyList
0x801395e4	108	2	__static_initialization_and_destruction_0
0x80139650	44	2	_GLOBAL_.I.GSGetDependencyList__C15FlowModuleGlibC
0x8013967c	44	2	_GLOBAL_.D.GSGetDependencyList__C15FlowModuleGlibC
0x00000000	0	4	nmUSBKeyboard.cpp
0x801396a8	0	0	gcc2_compiled.
0x80285be0	4	1	_USBKeyboardDependencyList
0x80285be4	4	1	_USBKeyboardAntiDependencyList
0x801396dc	108	2	__static_initialization_and_destruction_0
0x80139748	44	2	_GLOBAL_.I.GSGetDependencyList__C22FlowModuleUSBKeyboardC
0x80139774	44	2	_GLOBAL_.D.GSGetDependencyList__C22FlowModuleUSBKeyboardC
0x00000000	0	4	Career_Economy.cpp
0x801397a0	0	0	gcc2_compiled.
0x80139ad4	84	2	__static_initialization_and_destruction_0
0x800000f8	4	0	__OSBusClock
0x80139b28	44	2	_GLOBAL_.I.__15EconomyManagerC
0x80139b54	44	2	_GLOBAL_.D.__15EconomyManagerC
0x00000000	0	4	Career_TeamMgr.cpp
0x80139b80	0	0	gcc2_compiled.
0x80139bd4	180	2	_CTMSetStats__F10CrewStat_eSc
0x80139d1c	64	2	_CTMIncreaseStat__F10CrewStat_ei
0x00000000	0	4	CareerPlayerRatings.cpp
0x8013a2c8	0	0	gcc2_compiled.
0x8013a2c8	120	2	_CPRFluctuateRatingChange__Fi
0x8013a340	216	2	_CPRUpdateHvsV__F7SeriesE
0x80286010	20	1	_CPR_fHVSVModifier
0x8013a53c	164	2	_CPRSetRating__FiUi
0x8013a454	232	2	_CPRUpdateFanSupportFromHvsV__F7SeriesE
0x8013a63c	112	2	_CPRCapFanSupport__FPi
0x8013a608	52	2	_CPRCapPrestige__FPi
0x8013a5e0	40	2	_CPRCapHvsV__FPi
0x80338eb0	4	0	_CPRLastApptPrestige
0x80338eb4	4	0	_CPRLastApptFanSupport
0x80338eb8	4	0	_CPRLastApptHvsV
0x800000f8	4	0	__OSBusClock
0x00000000	0	4	CareerGarageMgr.cpp
0x8013b108	0	0	gcc2_compiled.
0x8013b158	112	2	_CGMSetStats__F7SeriesE9CarStat_ei
0x8013b1c8	68	2	_CGMIncreaseStat__F7SeriesE9CarStat_ei
0x00000000	0	4	Merchandise.cpp
0x8013b63c	0	0	gcc2_compiled.
0x8013b63c	200	2	_Merchandise_GetFanSupportPercent__F7SeriesE
0x8013c20c	84	2	__static_initialization_and_destruction_0
0x800000f8	4	0	__OSBusClock
0x8013c260	44	2	_GLOBAL_.I.__19MerchandiseManagerC
0x8013c28c	44	2	_GLOBAL_.D.__19MerchandiseManagerC
0x00000000	0	4	CareerHiredDriverMgr.cpp
0x8013c2b8	0	0	gcc2_compiled.
0x8013c6c4	84	2	__static_initialization_and_destruction_0
0x8013c718	44	2	_GLOBAL_.I._19HiredDriverManagerC.s_uMinPopularity
0x8013c744	44	2	_GLOBAL_.D._19HiredDriverManagerC.s_uMinPopularity
0x00000000	0	4	Showdown.cpp
0x8013c770	0	0	gcc2_compiled.
0x802a7b50	2	1	_Showdown_iRecentCardUnlocked
0x8013c770	60	2	_ShowdownGetRaceId__Fi
0x8013c7ac	232	2	_ShowdownFindChallengerBasedOnGrudge__Fv
0x8013c894	120	2	_ShowdownFindChallengerBasedOnPopularity__Fv
0x8013c90c	44	2	_ShowdownFindChallenger__Fv
0x8013c938	144	2	_ShowdownAddRaceToSchedule__Fi
0x8013c9c8	368	2	_ShowdownNotifyPlayerOfChallenge__Fi
0x80286b18	96	1	_Showdown_SpeechIds
0x8013cb38	52	2	_ShowdownSetOffered__Fi
0x80286abc	91	1	_Showdown_strDisplay
0x80286ab0	11	1	_Showdown_strSummary
0x00000000	0	4	scenariodef.cpp
0x8013ce64	0	0	gcc2_compiled.
0x802a7b58	4	1	_pScenarioStruct
0x802a7b5c	1	1	_bScenarioInit
0x8013ceb4	216	2	_ScenarioDefAssociateEvents__Fv
0x00000000	0	4	lightningscenario.cpp
0x8013da20	0	0	gcc2_compiled.
0x802a7b60	4	1	_fScenarioChallengeTimer
0x802a7b64	4	1	_fScenarioExitTimer
0x802a7b68	1	1	_bScenarioExpunge
0x802a7b6c	4	1	_eExpungeReason
0x8013da20	120	2	_ScenarioSetStartingPositionAsPregreen__FP5Car_ti15PtkInitPosTypeE
0x8013da98	872	2	_ScenarioSetStartingPosition__FP5Car_t
0x8013de00	212	2	_ScenarioSetPaceCar__Fv
0x8013ded4	260	2	_ScenarioCheckForEvents__FiPP15ScenarioEvent_tPi
0x8013e2b0	200	2	_ScenarioGetPendingCarEvents__FiPP15ScenarioEvent_tPi
0x8013eaf8	120	2	_ScenarioGetCarLinePercent__Fi
0x8013dfd8	324	2	_ScenarioProcessEvents__FiP15ScenarioEvent_tiP12AIManeuver_t
0x8013e11c	12	2	_ScenarioProcessEventTurn__FP15ScenarioEvent_tP17AIMScenarioData_t
0x8013e128	12	2	_ScenarioProcessEventAccelBrake__FP15ScenarioEvent_tP17AIMScenarioData_t
0x8013e134	12	2	_ScenarioProcessEventTractionLoss__FP15ScenarioEvent_tP17AIMScenarioData_t
0x8013e140	4	2	_ScenarioProcessEventTractionRestore__FP15ScenarioEvent_tP17AIMScenarioData_t
0x8013e144	160	2	_ScenarioProcessEventTireWear__FP15ScenarioEvent_t
0x8013e1e4	112	2	_ScenarioProcessEventForceCaution__FP15ScenarioEvent_t
0x8013e254	92	2	_ScenarioProcessEventSpeech__FP15ScenarioEvent_t
0x8013e378	124	2	_ScenarioUpdateCompletionStatus__Fv
0x8013e3f4	172	2	_ScenarioProcessTask__FP14ScenarioTask_t
0x8013e53c	184	2	_ScenarioProcessFinishPositionTask__FP14ScenarioTask_t
0x8013e5f4	236	2	_ScenarioProcessPartnerFinishPositionTask__FP14ScenarioTask_t
0x8013e6e0	204	2	_ScenarioProcessLapDownCheckAboveXTask__FP14ScenarioTask_t
0x8013e7ac	128	2	_ScenarioProcessMercyRuleTask__FP14ScenarioTask_t
0x8013ea90	104	2	_ScenarioProcessNoDamageTask__FP14ScenarioTask_t
0x8013e82c	200	2	_ScenarioProcessRecklessDrivingTask__FP14ScenarioTask_t
0x8013e8f4	104	2	_ScenarioProcessNeverLeaveTrackTask__FP14ScenarioTask_t
0x8013e95c	308	2	_ScenarioProcessMaintainShareDraft__FP14ScenarioTask_t
0x8013e4a0	156	2	_ScenarioGetFailString__FP14ScenarioTask_t
0x00000000	0	4	allstar.cpp
0x8013fd54	0	0	gcc2_compiled.
0x802a7b70	4	1	_fAllStarTimer
0x802a7b74	1	1	_iAllStarNumPlayers
0x802a7b75	1	1	_iAllStarNumParticipants
0x802a7b76	1	1	_bAllStarGatoradeComplete
0x802a7b77	1	1	_bAllStarGatoradeActuallyRun
0x802a7b78	1	1	_iAllStarEliminatedOffset
0x802a7b79	1	1	_iAllStarNumEliminatedDrivers
0x802a7b7a	1	1	_iAllStarNumInHeat
0x802a7b7b	1	1	_iAllStarPlayerHeat
0x802a7b7c	4	1	_fAllStarWinstonPaceTimer
0x802a7b80	4	1	_fAllStarWinstonCameraFPS
0x802a7b84	1	1	_bAllStarUpdateBestLap
0x802a7b85	1	1	_uAllStarOriginalNumPlayers
0x802a7b88	12	1	_AllStar_BudShootoutAppt
0x802a7b94	12	1	_AllStar_AllStarOpenAppt
0x802a7ba0	12	1	_AllStar_AllStarChallengeAppt
0x8013fd54	172	2	_AllStarRecordPlayerInfo__Fv
0x803390b4	16	0	_iAllStarOriginalCarID
0x803390c4	16	0	_AllStarOriginalControlChan
0x8013fe00	332	2	_AllStarRestorePlayerInfo__Fv
0x8013ff4c	116	2	_AllStarAICarsPresent__Fv
0x8013ffc0	56	2	_AllStarInvalidateAICars__Fv
0x8013fff8	96	2	_AllStarUpdatePlayerCarInRace__FiiUc
0x80338ef4	4	0	_bAllStarClearPlayer
0x80338ef8	176	0	_AllStar_aParticipantCarIds
0x80140058	36	2	_AllStarAddAICarToRace__Fi
0x8014007c	80	2	_AllStarAICarAlreadyAdded__Fi
0x801400cc	128	2	_AllStarSetSelectedAICarPlayerIds__Fv
0x8014014c	360	2	_AllStarSelectCarsFinish__Fv
0x801402b4	324	2	_AllStarRemapPlayers__Fv
0x801403f8	112	2	_AllStarTeleportToRestart__FP5Car_tSc
0x80140468	140	2	_AllStarTeleportToWinstonPace__FP5Car_tSc
0x801404f4	112	2	_AllStarTransitionToAdvanceSegment__Fi
0x80140f94	88	2	_AllStarWinstonSelectionSegOne__Fv
0x80140fec	48	2	_AllStarWinstonSelectionSegTwo__Fv
0x80140564	500	2	_AllStarTransitionToWinstonPace__Fi
0x80339004	172	0	_iAllStarWinstonOrder
0x803390b0	4	0	_eAllStarWinstonPaceStage
0x80140758	668	2	_AllStarTransitionToRestart__Fi
0x801409f4	216	2	_AllStarTransitionToRace__Fi
0x80140acc	4	2	_AllStarTransitionToPostrace__Fi
0x80140ad0	116	2	_AllStarIsShootoutFieldFull__FSc
0x80140b44	116	2	_AllStarIsWinstonOpenFieldFull__FSc
0x80140bb8	288	2	_AllStarIsDriverEligibleWinston__Fi
0x80140cd8	144	2	_AllStarIsWinstonFieldFull__FSc
0x80140d68	556	2	_AllStarWinstonSelection__FScSc
0x80338fa8	92	0	_AllStarEliminatedDrivers
0x80338ef0	4	0	_bAllStarPlayerEliminated
0x80339100	44	0	_bAllStarPitStopComplete
0x803390d4	44	0	_bAllStarEnteredUnderGreen
0x80338ec4	44	0	_bAllStarCarDisqualified
0x802892d8	2	1	_iAllStarNumInGatoradeHeats
0x00000000	0	4	scenario.cpp
0x8014387c	0	0	gcc2_compiled.
0x00000000	0	4	scenarioaiaction.cpp
0x80143fb4	0	0	gcc2_compiled.
0x00000000	0	4	scenariocar.cpp
0x80144094	0	0	gcc2_compiled.
0x800000f8	4	0	__OSBusClock
0x00000000	0	4	scenariocarmgr.cpp
0x80145048	0	0	gcc2_compiled.
0x00000000	0	4	scenariorule.cpp
0x80145b20	0	0	gcc2_compiled.
0x00000000	0	4	scenariorulemgr.cpp
0x80145c2c	0	0	gcc2_compiled.
0x00000000	0	4	scenarioactconstrainlines.cpp
0x8014636c	0	0	gcc2_compiled.
0x00000000	0	4	ScActionDoNothing.cpp
0x801467cc	0	0	gcc2_compiled.
0x00000000	0	4	ScActionMirrorSpeed.cpp
0x80146864	0	0	gcc2_compiled.
0x00000000	0	4	ScRuleBlockingAward.cpp
0x80146cf8	0	0	gcc2_compiled.
0x00000000	0	4	ScRuleBlockingCars.cpp
0x80146f7c	0	0	gcc2_compiled.
0x00000000	0	4	ScRuleBlockingPenalty.cpp
0x801479d0	0	0	gcc2_compiled.
0x00000000	0	4	ScRuleDamage.cpp
0x80147c74	0	0	gcc2_compiled.
0x00000000	0	4	ScRuleDamageMonitor.cpp
0x80147e8c	0	0	gcc2_compiled.
0x00000000	0	4	ScRuleDistance.cpp
0x80148214	0	0	gcc2_compiled.
0x00000000	0	4	ScRuleDraftingAward.cpp
0x80148574	0	0	gcc2_compiled.
0x00000000	0	4	ScRuleDraftingPenalty.cpp
0x801487e4	0	0	gcc2_compiled.
0x00000000	0	4	ScRuleMercy.cpp
0x80148a54	0	0	gcc2_compiled.
0x00000000	0	4	ScRuleMinPoints.cpp
0x80148cf8	0	0	gcc2_compiled.
0x00000000	0	4	ScRuleMinSpeed.cpp
0x80148eec	0	0	gcc2_compiled.
0x00000000	0	4	ScRuleMinTime.cpp
0x801490d4	0	0	gcc2_compiled.
0x00000000	0	4	ScRuleOffTrackPenalty.cpp
0x801492d8	0	0	gcc2_compiled.
0x00000000	0	4	ScRulePassingAward.cpp
0x8014967c	0	0	gcc2_compiled.
0x00000000	0	4	ScRulePassingPenalty.cpp
0x80149914	0	0	gcc2_compiled.
0x00000000	0	4	ScRuleRecklessDriving.cpp
0x80149bb4	0	0	gcc2_compiled.
0x00000000	0	4	ScRuleStayOnTrack.cpp
0x80149db0	0	0	gcc2_compiled.
0x00000000	0	4	ScRuleTimeLimit.cpp
0x80149f20	0	0	gcc2_compiled.
0x00000000	0	4	ChaseMgr.cpp
0x8014a2a4	0	0	gcc2_compiled.
0x802a7c38	1	1	_ChaseMgr_uPlayersInitialRank
0x802a7c39	1	1	_ChaseMgr_bContinueNextRace
0x802a7c3c	120	1	_ChaseMgr_aSchedule
0x8014a2a4	52	2	_ChaseMgrSkillPointsForSkillLevel__F11SkillLevelE
0x8014a2d8	52	2	_ChaseMgrSkillPointsForPitMode__FSc
0x8014a30c	52	2	_ChaseMgrSkillPointsForDamage__FSc
0x8014a340	8	2	_ChaseMgrSkillPointsForInitialRank__FUc
0x8014a348	52	2	_ChaseMgrSkillPointsForDrivingAssists__FUc
0x8014a37c	12	2	_ChaseMgrGetInitialPointsForOutOfContentionRank__FUc
0x8014a388	112	2	_ChaseMgrGetPlayerSelectedDriverIds__FPiPUc
0x8014a3f8	212	2	_ChaseMgrSelectOutOfContentionDriverIds__FPiPUc
0x8014a4cc	60	2	_ChaseMgrDriverIdAlreadySelected__FiPCiUc
0x8014a508	48	2	_ChaseMgrRewardPlayerForWinning__Fv
0x00000000	0	4	SeasonStatMgr.cpp
0x8014a8b4	0	0	gcc2_compiled.
0x802a7cb8	1	1	_SSMInit
0x8014a8b4	296	2	_SSMUpdateAIFanSupport__FiSc
0x8014a9dc	48	2	_SSMWipePoleWinnerStats__Fv
0x8014aa0c	192	2	_SSMCapturePoleWinnerStats__Fv
0x8014aacc	388	2	_SSMUpdateDriverEarnings__Fii7SeriesE
0x8014ac50	48	2	_SSMWipeRaceStats__Fv
0x8014ac80	48	2	_SSMWipeAwardsStandings__Fv
0x8014acb0	48	2	_SSMWipeAwardsWeekly__Fv
0x8014ace0	48	2	_SSMWipeDriverSeasonPoles__Fv
0x8014ad10	48	2	_SSMWipeDriverSeasonStats__Fv
0x8014ad40	52	2	_SSMWipeDriverRaceStatsPerSeries__F7SeriesE
0x8014ad74	48	2	_SSMWipeDriverRaceStats__Fv
0x8014ada4	52	2	_SSMWipeDriverQualifyingStatsForSeries__F7SeriesE
0x8014add8	140	2	_SSMCalculateWeeklyAwards__Fv
0x8014ae64	332	2	_SSMCalculateYearlyAwardsStandings__Fv
0x8014bd68	1348	2	_SSMUpdateSeasonStats__FiUssiUc7SeriesE
0x8014c450	408	2	_SSMBreakTie_Secondary__FScP14TieBreakList_tUcss7SeriesE
0x8014c5e8	56	2	_SSMSwap_TiebreakerEntries__FP14TieBreakList_tT0
0x00000000	0	4	SeasonDate.cpp
0x8014c8e0	0	0	gcc2_compiled.
0x800000f8	4	0	__OSBusClock
0x00000000	0	4	SeasonSchedule.cpp
0x8014ccb8	0	0	gcc2_compiled.
0x8014ccb8	96	2	_CheckIfAppointmentHasSessionsInPast__FUiUc4DayE
0x8014e1b8	84	2	__static_initialization_and_destruction_0
0x8014e20c	44	2	_GLOBAL_.I._15SeasonScheduleC.s_uMaxNumApptsPerDay
0x8014e238	44	2	_GLOBAL_.D._15SeasonScheduleC.s_uMaxNumApptsPerDay
0x00000000	0	4	speedzonemgr.cpp
0x8014e264	0	0	gcc2_compiled.
0x802a7cc0	4	1	_iCachedScenarioId
0x8014e264	180	2	_SpeedZoneMgrCreatePlaylist__Fv
0x00000000	0	4	speedzonescenario.cpp
0x8014e62c	0	0	gcc2_compiled.
0x00000000	0	4	szblockarrow.cpp
0x8014f568	0	0	gcc2_compiled.
0x802a7cd8	4	1	_SZBlockArrow_pInfo
0x8028daf8	4	1	_SZBlockArrow_InProgressColor
0x8028daf4	4	1	_SZBlockArrow_DefaultColor
0x00000000	0	4	llszblockarrow.cpp
0x8014f97c	0	0	gcc2_compiled.
0x802a7ce0	4	1	_LLSZBlockArrow_pInfo
0x8028db40	32	1	_LLSZBlockArrow_TexCoord
0x8028db10	48	1	_LLSZBlockArrow_Vtx
0x00000000	0	4	llvictorylanestage.cpp
0x8014fc50	0	0	gcc2_compiled.
0x800000f8	4	0	__OSBusClock
0x00000000	0	4	llvictorylanecrew.cpp
0x8014fc60	0	0	gcc2_compiled.
0x802a7ce8	4	1	_LLVLCrew_pSkel
0x802a7cec	4	1	_LLVLDriver_pSkel
0x802a7cf0	4	1	_LLVLRival_pSkel
0x802a7cf4	4	1	_LLVLOtherDriver_pSkel
0x802a7cf8	1	1	_LLVLCrew_bInitialized
0x802a7cfc	4	1	_LLVLCrew_TMSkelScale
0x802a7d00	480	1	_LLVLCrew_MaterialDefs
0x802a7ee8	480	1	_LLVLRival_MaterialDefs
0x802a80c8	480	1	_LLVLOtherDriver_MaterialDefs
0x802a82a8	8	1	_LLVLRival_MatDefList
0x802a82b0	8	1	_LLVLOtherDriver_MatDefList
0x8014fc60	76	2	_LLVLCrewScaleTMSkel__FP12TMSkeleton_tf
0x8014fe6c	196	2	_LLVLCrewSetSwappableGeom__FP13LLMotObjDef_tP18LLVLCrewGeomData_t
0x8028dc88	12	1	_VLCrewBodyTypes
0x8028dc94	16	1	_VLCrewHatTypes
0x80150118	408	2	_LLVLCrewSetRivalTextures__FP13LLMotObjDef_t
0x8033921c	780	0	_LLVLCrew_Data
0x801502b0	408	2	_LLVLCrewSetOtherDriverTextures__FP13LLMotObjDef_t
0x80339130	56	0	_LLVLCrew_Model
0x80339168	56	0	_LLVLCrew_DriverModel
0x80339210	4	0	_LLVLCrew_uDriverModelID
0x803391a0	56	0	_LLVLCrew_RivalModel
0x80339214	4	0	_LLVLCrew_uRivalModelID
0x803391d8	56	0	_LLVLCrew_OtherDriverModel
0x80339218	4	0	_LLVLCrew_uOtherDriverModelID
0x00000000	0	4	llvictorylaneprop.cpp
0x80151358	0	0	gcc2_compiled.
0x802a82b8	1	1	_LLVLProp_bInitialized
0x802a82bc	4	1	_LLVLProp_SkelResources
0x802a82c0	4	1	_LLVLProp_pSkel
0x802a82c4	24	1	_LLVLProp_ModelResources
0x802a82dc	24	1	_LLVLProp_TextureResources
0x802a82f4	12	1	_LLVLProp_ModelSkel
0x802a8300	144	1	_LLVLProp_HelmetMtrlDefs
0x802a8390	144	1	_LLVLProp_TrophyMtrlDefs
0x802a8420	96	1	_LLVLProp_PedestalMtrlDefs
0x802a8480	48	1	_LLVLProp_TireMtrlDefs
0x802a84b0	672	1	_LLVLProp_StageMtrlDefs
0x802a8750	1056	1	_LLVLProp_GarageMtrlDefs
0x802a8b70	48	1	_LLVLProp_MtrlDefList
0x802a8ba0	4	1	_LLVLProp_fTMSkelScale
0x80151358	76	2	_LLVLPropScaleTMSkel__FP12TMSkeleton_tf
0x801513a4	76	2	_LLVLProp_CopyTexture__FP17TexTextureChunk_tT0
0x801513f0	48	2	_LLVLProp_CopyPalette__FP17TexPaletteChunk_tT0
0x80151420	308	2	_LLVLProp_LoadSeriesTexture__FP15TexMatTypeHdr_t
0x8033978c	1	0	_LLVLProp_bPatchSeriesTexture
0x80339788	4	0	_LLVLProp_uTextureSeriesResourceID
0x80339528	312	0	_LLVLProp_Models
0x80339690	240	0	_LLVLProp_TexLib
0x80339780	4	0	_LLVLProp_iTextureStageRaceResourceID
0x80339784	4	0	_LLVLProp_iTextureGarageRaceResourceID
0x80339660	48	0	_LLVLProp_MatList
0x8028e05c	384	1	_LLVLProp_aCarPosition
0x00000000	0	4	victorylane.cpp
0x80151b94	0	0	gcc2_compiled.
0x802a8ba8	36	1	_AnimVL_DynBufferDef
0x802a8bcc	24	1	_AnimVL_FileSetup
0x802a8be4	12	1	_VLAnim_iSeqBufSizes
0x802a8bf0	56	1	_VL_WinAnimDefs
0x802a8c28	56	1	_VL_LossHeroAnimDefs
0x802a8c60	56	1	_VL_LossNeutralAnimDefs
0x802a8c98	56	1	_VL_LossVillainAnimDefs
0x802a8cd0	56	1	_VL_LossCloseAnimDefs
0x802a8d08	56	1	_VL_ConfrontAnimDefs
0x802a8d40	56	1	_VL_ChampionAnimDefs
0x802a8d78	336	1	_VL_CrewParms
0x802a8ec8	320	1	_VL_PropParms
0x802a9008	20	1	_VL_RaceGirlParms
0x802a901c	20	1	_VL_SkelResources
0x802a9030	4	1	_VL_iGrudgeDriverID
0x802a9034	4	1	_VL_pGrudgeCar
0x802a9038	4	1	_VL_iFirstPlaceDriverID
0x802a903c	4	1	_VL_pFirstPlaceCar
0x802a9040	1	1	_VL_bUserButtonThrough
0x80151b94	216	2	_VLInitShadowLightInfo__Fv
0x803397a4	664	0	_VL_Data
0x80151c6c	72	2	_VLSelectRaceGirlResources__FPUiT0
0x80151cb4	244	2	_VLSaveCarDamage__Fv
0x80151da8	492	2	_VLInitOptiEffects__Fv
0x80153e84	556	2	_VictoryLaneCalcWinningDriver__Fv
0x8028e72c	912	1	_VL_Triggers
0x801526a8	1108	2	_VLInitSeqObjsAnimInfo__Fv
0x80339a74	276	0	_VLAnimSeqObjs
0x8028e54c	480	1	_VL_aSceneParameters
0x80152afc	808	2	_VLInitSeqObjs__Fv
0x80152e68	1476	2	_VLGetInitDataFromDB__Fv
0x8015342c	1436	2	_VLInitAnimData__Fv
0x80153a74	352	2	_VLApplyCarDamage__Fv
0x80153ddc	4	2	_VLInitSoundData__Fv
0x80153de0	4	2	_VLShutdownSoundData__Fv
0x80153de4	160	2	_VLStartMusic__Fv
0x80339a3c	56	0	_VL_EndOfAnimDefs
0x00000000	0	4	victorylaneanim.cpp
0x80154bf8	0	0	gcc2_compiled.
0x80339b88	124	0	_VLAnim_Data
0x00000000	0	4	victorylanecrew.cpp
0x801550d8	0	0	gcc2_compiled.
0x801550d8	248	2	_VLCrewAddFunc__FP8ObjHdr_tPv
0x801551d0	72	2	_VLCrewDelFunc__FP8ObjHdr_t
0x80339c10	4	0	_VLCrew_pDbgCrew
0x80339c0c	4	0	_VLCrew_uDbgSeqIff
0x80155218	72	2	_VLCrewDraw__FP8ObjHdr_ti
0x80155260	88	2	_VLCrewBeginAnim__FP8ObjHdr_ti
0x801552b8	100	2	_VLCrewEndAnim__FP8ObjHdr_ti
0x8015531c	176	2	_VLCrewProcessAnim__FP8ObjHdr_ti
0x00000000	0	4	victorylaneprop.cpp
0x80155730	0	0	gcc2_compiled.
0x802a9170	960	1	_VLProp_CarOrientation
0x802a9538	12	1	_VLProp_CarModelOffset
0x80155730	328	2	_VLPropAddFunc__FP8ObjHdr_tPv
0x80155878	64	2	_VLPropDelFunc__FP8ObjHdr_t
0x801558b8	136	2	_VLPropDraw__FP8ObjHdr_ti
0x80155940	88	2	_VLPropBeginAnim__FP8ObjHdr_ti
0x80155998	100	2	_VLPropEndAnim__FP8ObjHdr_ti
0x801559fc	880	2	_VLPropProcessAnim__FP8ObjHdr_ti
0x80339c18	12	0	_VLProp_OrientX
0x80339c24	12	0	_VLProp_OrientY
0x80339c30	12	0	_VLProp_OrientZ
0x00000000	0	4	victorylaneracegirl.cpp
0x80155ed8	0	0	gcc2_compiled.
0x80155ed8	204	2	_VLRaceGirlAddFunc__FP8ObjHdr_tPv
0x8028eaf8	8	1	_VLRaceGirl_aShadesTypes
0x80155fa4	52	2	_VLRaceGirlDelFunc__FP8ObjHdr_t
0x80155fd8	88	2	_VLRaceGirlBeginAnim__FP8ObjHdr_ti
0x80156030	100	2	_VLRaceGirlEndAnim__FP8ObjHdr_ti
0x80156094	220	2	_VLRaceGirlProcessAnim__FP8ObjHdr_ti
0x80156170	72	2	_VLRaceGirlDraw__FP8ObjHdr_ti
0x00000000	0	4	autograph.cpp
0x801562c0	0	0	gcc2_compiled.
0x802a9550	1	1	_Autograph_bActive
0x802a9551	1	1	_Autograph_bShouldOfferGame
0x802a9554	4	1	_Autograph_uIntroTimeLeft
0x802a9558	4	1	_Autograph_iCurrentLevel
0x802a955c	4	1	_Autograph_SoundCrowdNoiseHandle
0x802a9560	2	1	_Autograph_iSoundLastPatchIndex
0x802a9562	2	1	_Autograph_uSoundFeedbackCounter
0x802a9564	2	1	_Autograph_uSoundFeedbackMax
0x802a9568	12	1	_Autograph_CamPos
0x802a9574	12	1	_Autograph_CamOrient
0x802a9580	24	1	_AnimAG_FileSetup
0x80339c44	4	0	_Autograph_CurrentHit
0x80339c48	4	0	_Autograph_CurrentAttempted
0x80339c4c	4	0	_Autograph_Multiplier
0x00000000	0	4	autograph_garage.cpp
0x801569b0	0	0	gcc2_compiled.
0x802a9598	4	1	_AutographGarage_uCrowdLimit
0x802a959c	4	1	_AutographGarage_uDbgCrowdSize
0x802a95a0	1	1	_AutographGarage_uProbFemale
0x802a95a1	1	1	_AutographGarage_bMalesOnly
0x802a95a2	1	1	_AutographGarage_bFemalesOnly
0x802a95a4	8	1	_AutographGarage_PropStateDef
0x80339c60	4	0	_AutographGarage_PropStateSelFuncArray
0x802a95ac	4	1	_AutographGarage_pCrowdLocators
0x802a95b4	4	1	_VL_Data_Crowd_pCrowdObjList
0x802a95b8	4	1	_VL_Data_Crowd_uNumMales
0x802a95bc	4	1	_VL_Data_Crowd_uNumFemales
0x802a95c0	4	1	_AutographGarage_uMaxCrowdSize
0x802a95c4	4	1	_AG_uLevelTicks
0x802a95c8	4	1	_AG_uCurrentLevel
0x802a95cc	4	1	_AG_uCurrentCrowdSize
0x802a95d0	4	1	_AG_uCurrentSuccessPct
0x802a95d4	4	1	_AG_uDurationOfIntroInTicks
0x801569b0	136	2	_AutographGarage_AnimObjAddFunc__FP8ObjHdr_tPv
0x80156a38	64	2	_AutographGarage_AnimObjDelFunc__FP8ObjHdr_t
0x80156a78	40	2	_AutographGarage_AnimObjDraw__FP8ObjHdr_ti
0x80156aa0	60	2	_AutographGarage_AnimObjBeginAnim__FP8ObjHdr_ti
0x80156adc	100	2	_AutographGarage_AnimObjEndAnim__FP8ObjHdr_ti
0x80156b40	220	2	_AutographGarage_AnimObjProcessAnim__FP8ObjHdr_ti
0x80156d14	96	2	_AutographGarage_LoadLocatorFile__FUiPP16TMLocatorChunk_t
0x80156d74	76	2	_AutographGarage_AddAnimObjInstance__FP19AutographPropParm_t
0x80156dc0	188	2	_AutographGarage_InitSceneData__Fv
0x801575c0	176	2	_AutographGarage_CalcCrowdSize__Fv
0x8028ec0c	64	1	_AG_aCrowdSize
0x8028ec4c	456	1	_AG_aCrowdMood
0x00000000	0	4	autographfemalefan.cpp
0x80157ba0	0	0	gcc2_compiled.
0x802a95d8	8	1	_VLFemaleFan_StateDef
0x80339d70	96	0	_VLFemaleFan_StateSelFuncArray
0x802a95e0	1	1	_VLFemaleFan_bInit
0x802a95e4	4	1	_VLFemaleFan_iNumTotObjs
0x802a95e8	4	1	_VLFemaleFan_pObjList
0x802a95ec	96	1	_VLFemaleFan_pStateHandler
0x80157ba0	4	2	_VLFemaleFanAnimClappingStateHandler__FP13VLFemaleFan_t
0x80157ba4	200	2	_VLFemaleFanAddFunc__FP8ObjHdr_tPv
0x80157c6c	36	2	_VLFemaleFanDelFunc__FP8ObjHdr_t
0x80157c90	132	2	_VLFemaleFanRotLocalToWorld__FP13LLMotObjDef_tP6Vec3_tP5Mat_t
0x80157d14	80	2	_VLFemaleFanAnimObjBeginAnim__FP8ObjHdr_ti
0x80157d64	100	2	_VLFemaleFanAnimObjEndAnim__FP8ObjHdr_ti
0x80157dc8	160	2	_VLFemaleFanProcessAnim__FP8ObjHdr_ti
0x80157e68	344	2	_VLFemaleFanTransitionHandler__FP13VLFemaleFan_t
0x80157fc0	56	2	_VLFemaleFanDraw__FP8ObjHdr_ti
0x00000000	0	4	autographmalefan.cpp
0x801583f0	0	0	gcc2_compiled.
0x802a9650	8	1	_VLMaleFan_StateDef
0x80339dd0	96	0	_VLMaleFan_StateSelFuncArray
0x802a9658	1	1	_VLMaleFan_bInit
0x802a965c	4	1	_VLMaleFan_iNumTotObjs
0x802a9660	4	1	_VLMaleFan_pObjList
0x802a9664	96	1	_VLMaleFan_pStateHandler
0x801583f0	4	2	_VLMaleFanAnimClappingStateHandler__FP11VLMaleFan_t
0x801583f4	200	2	_VLMaleFanAddFunc__FP8ObjHdr_tPv
0x801584bc	36	2	_VLMaleFanDelFunc__FP8ObjHdr_t
0x801584e0	132	2	_VLMaleFanRotLocalToWorld__FP13LLMotObjDef_tP6Vec3_tP5Mat_t
0x80158564	80	2	_VLMaleFanAnimObjBeginAnim__FP8ObjHdr_ti
0x801585b4	100	2	_VLMaleFanAnimObjEndAnim__FP8ObjHdr_ti
0x80158618	160	2	_VLMaleFanProcessAnim__FP8ObjHdr_ti
0x801586b8	356	2	_VLMaleFanTransitionHandler__FP11VLMaleFan_t
0x8015881c	56	2	_VLMaleFanDraw__FP8ObjHdr_ti
0x00000000	0	4	CEventObserverHandler.cpp
0x80158c4c	0	0	gcc2_compiled.
0x00000000	0	4	CEventObserver.cpp
0x80158eb4	0	0	gcc2_compiled.
0x00000000	0	4	CReplayEventObserver.cpp
0x80158f40	0	0	gcc2_compiled.
0x8028ee38	40	1	_RplyObs_aEventList
0x00000000	0	4	TibExt.cpp
0x80159048	0	0	gcc2_compiled.
0x800000f8	4	0	__OSBusClock
0x00000000	0	4	RevealC.cpp
0x00000000	0	4	RevealInputImplC.cpp
0x00000000	0	4	RevealRenderImplC.cpp
0x00000000	0	4	llRevealInputImplC.cpp
0x00000000	0	4	llRevealRenderImplC.cpp
0x00000000	0	4	DbgInput.cpp
0x00000000	0	4	DbgMenu.cpp
0x00000000	0	4	DbgMenu_Audio.cpp
0x00000000	0	4	DbgMenu_Cameras.cpp
0x00000000	0	4	DbgMenu_Career.cpp
0x00000000	0	4	DbgMenu_Displays.cpp
0x00000000	0	4	DbgMenu_InGame.cpp
0x00000000	0	4	DbgMenu_Metrics.cpp
0x00000000	0	4	DbgMenu_Online.cpp
0x00000000	0	4	DbgMenu_PTrack.cpp
0x00000000	0	4	DbgMenu_Render.cpp
0x00000000	0	4	DbgMenu_System.cpp
0x800000f8	4	0	__OSBusClock
0x00000000	0	4	DbgMenu_Unlock.cpp
0x00000000	0	4	DbgMenu_Utilities.cpp
0x00000000	0	4	D:/DOCUME~1/tom/LOCALS~1/Temp/crt2D1.tmp
0x802a9710	0	0	__SN_Libsn_version_59
0x802a9718	0	0	LinkFiddle
0x00000000	0	4	D:/DOCUME~1/tom/LOCALS~1/Temp/ppc2D2.tmp
0x80343568	0	0	NOA_ProgramExc
0x80159138	0	0	DBcallback
0x80159950	0	0	cmdThreadList
0x00000000	0	4	D:/DOCUME~1/tom/LOCALS~1/Temp/fil2D3.tmp
0x8015b288	0	0	cmdFS_STOP
0x8015b234	0	0	cmdFS_ACK
0x8015b29c	0	0	cmdFS_HostDisconnect
0x8015b254	0	0	FS_Continue
0x8015b448	0	0	PCsync
0x00000000	0	4	D:/DOCUME~1/tom/LOCALS~1/Temp/pro2D4.tmp
0x8015ba44	0	0	SNSelect
0x8015baac	0	0	SNRead8
0x8015ba70	0	0	SNWiggleSelect
0x8015baec	0	0	SNWrite8
0x8015bb20	0	0	SNRead32
0x8015ba5c	0	0	SNDeselect
0x8015b9f0	0	0	SNHandler
0x8015ba98	0	0	SNSync
0x8015bb5c	0	0	SNWrite32
0x00000000	0	4	inituser.c
0x00000000	0	4	D:/DOCUME~1/tom/LOCALS~1/Temp/tea2DA.tmp
0x00000000	0	4	FSasync.c
0x8015bfec	0	0	gcc2_compiled.
0x802a99d4	4	1	g_FSCBFunc
0x802a99d8	4	1	g_nEXI2TCCnt
0x8015bff4	140	2	DoFSReadHeader
0x803436d4	4	0	g_bDoFSACK
0x8015c080	92	2	InitReadCounts
0x803436d0	4	0	g_nTotalBytesRemaining
0x803436c8	4	0	g_nBlockCnt
0x803436cc	4	0	g_nRemainderCnt
0x8015c0dc	140	2	PCreadAsyncNext
0x803436c4	4	0	g_pBuffer
0x803436c0	4	0	g_hHandle
0x8015c20c	160	2	ReadSyncNext
0x8015c2ac	388	2	CompletePCreadAsync
0x8015c4d8	216	2	PCrwSyncFSACK
0x8015c430	168	2	PCrwAsyncFSACK
0x803436e0	12	0	g_FsResult
0x803436d8	4	0	g_nFSLastError
0x8015c678	316	2	EXI2TCHandler
0x00000000	0	4	sndvd.c
0x8015c824	0	0	gcc2_compiled.
0x802a99e0	4	1	g_hDVD
0x8015c824	32	2	DisDvdBP
0x8015c844	36	2	EnaDvdBP
0x8015c868	136	2	ForceDvdTcIrq
0x8015c8f0	68	2	ForceDvdDeIrq
0x8015c934	128	2	DvdCallback
0x80343748	4	0	g_nDvdReadLength
0x80343744	4	0	g_nDvdCurrOffset
0x80343740	4	0	g_nDvdError
0x80343720	32	0	g_aBuffer
0x8015c9b4	32	2	CheckSeekOffset
0x8015c9d4	180	2	DSIExcHandler
0x8015ca34	0	0	NotDvdDsi
0x8015ca88	628	2	DSIHandler
0x8034374c	4	0	g_nBaseOffset
0x80343700	4	0	g_nDvdAudioCfg
0x80343751	1	0	g_nLidState
0x80343750	1	0	g_nEmuState
0x00000000	0	4	spchdata.c
0x00000000	0	4	spchevnt.c
0x8015ce54	0	0	gcc2_compiled.
0x8015ce54	16	2	ExactMatch_NumBytes
0x8015ce64	8	2	VoxEvent_GetNumRules
0x8015ce6c	12	2	VoxEvent_GetNumContexts
0x8015ce78	12	2	VoxEvent_GetFilterPriorityFlag
0x8015ce84	12	2	VoxEvent_GetKeepTillExpiresFlag
0x8015ce90	12	2	VoxEvent_GetExactParmMatchFlag
0x8015ce9c	12	2	VoxEvent_GetFollowGroupFlag
0x8015cea8	12	2	VoxEvent_GetInterruptFlag
0x8015ceb4	28	2	iSPCH_GetGlobalMatchParmAddr
0x8015ced0	20	2	iSPCH_GetOffset16
0x8015cee4	28	2	iSPCH_GetRuleDataAddr
0x8015cf00	76	2	iSPCH_GetSentenceRulesAddr
0x8015cf4c	96	2	iSPCH_GetContextDataAddr
0x8015cfac	152	2	VoxEvent_GetFollowEventData
0x8015d060	104	2	iSPCH_SearchEventDat__FP7VoxDatai
0x8015d2f0	92	2	iSPCH_TestEventPriority__FP9EventSpecP8VoxEvent
0x8015d410	296	2	iSPCH_FindEventSlot__FUiUi
0x8015d538	36	2	iSPCH_CheckLastEventIndex__FUi
0x803b1860	4	1	gAddEventStatus
0x8015d814	16	2	iSPCH_InitFollowData__FP19SPCHType_FollowData
0x8015d824	80	2	iSPCH_EventInFollowGroup__FUsP19SPCHType_FollowData
0x8015d874	412	2	iSPCH_ChooseEventSearch__FP19SPCHType_FollowDataUi
0x8015da10	192	2	iSPCH_ChooseEvent__FUi
0x8015dc38	196	2	iSPCH_ClearOldEvents__Fi
0x8015dcfc	64	2	iSPCH_Callback_EventRule__FP9EventSpec
0x803b1864	4	1	gSPCHPlayStatus
0x00000000	0	4	spchinit.c
0x8015e07c	36	2	iSPCH_InitCallbacks__Fv
0x00000000	0	4	spchpick.c
0x8015e1ac	0	0	gcc2_compiled.
0x8015e1ac	36	2	BANKHDR_GetValidParmMask
0x8015e1d0	56	2	BANKHDR_GetCycleBitsAddr
0x8015e208	84	2	BANKHDR_GetSampleRepeatAddr
0x8015e25c	64	2	BANKHDR_GetArrayBankBitsAddr
0x8015e29c	16	2	iSPCH_GetPhraseParmInfo
0x8015e2ac	12	2	VoxSentence_GetNumPhrases
0x8015e2b8	12	2	VoxSentence_GetShortRule
0x8015e2c4	60	2	VoxSentence_GetContextFlagsAddr
0x8015e300	52	2	VoxSentence_GetMatchParmIO
0x8015e334	8	2	VoxEvent_GetNumRules
0x8015e33c	12	2	VoxEvent_GetNumInARow
0x8015e348	12	2	VoxEvent_GetNumContexts
0x8015e354	12	2	VoxEvent_GetFilterLengthFlag
0x8015e360	12	2	VoxEvent_GetExactParmMatchFlag
0x8015e36c	12	2	VoxEvent_GetInterruptFlag
0x8015e378	16	2	iSPCH_GetOffset8
0x8015e388	20	2	iSPCH_GetOffset16
0x8015e39c	28	2	iSPCH_GetRuleDataAddr
0x8015e3b8	76	2	iSPCH_GetSentenceRulesAddr
0x8015e404	96	2	iSPCH_GetContextDataAddr
0x8015e464	92	2	VoxEvent_GetSentenceParmMask
0x8015e4c0	76	2	VoxEvent_GetParmTypesMask
0x8015e520	160	2	iSPCH_PostMatchParmValue__FP11VoxSentenceP9VoxPhrasePUc
0x8015e5c0	104	2	iSPCH_HasMatchParmToPost__FP9VoxPhrase
0x8015e628	300	2	iSPCH_MatchSample__FP11VoxSentenceP9VoxPhrasePUiPUc
0x8015e754	248	2	iSPCH_GetPhraseBank__FP9VoxPhrasePUiP14PhrasePickInfo
0x8015e84c	92	2	iSPCH_ClearCycleBit__FP10VOXBANKHDRi
0x8015e8a8	56	2	iSPCH_TestBit__FPUci
0x8015e8e0	88	2	iSPCH_CheckTemplateSample__FP14PhrasePickInfoP10VOXBANKHDRi
0x8015e938	140	2	iSPCH_SampleExists__FP14PhrasePickInfoP10VOXBANKHDRi
0x8015e9c4	48	2	iSPCH_AddSampleToValidPicks__FP16SentencePickInfoi
0x8015e9f4	172	2	iSPCH_BankHasValidSamples__FP9VoxPhraseP10VOXBANKHDRPUi
0x8015eaa0	408	2	iSPCH_ChooseSamples__FP16SentencePickInfoP11VoxSentenceP14PhrasePickInfoP9VoxPhrasePUi
0x8015ec38	32	2	iSPCH_ConvertTime__Fi
0x8015ec58	148	2	iSPCH_SentenceLength__FP11VoxSentenceP16SentencePickInfo
0x802a99f4	32	1	multiple
0x8015ed08	36	2	VOXSENTENCE_GetWeight__FP11VoxSentence
0x8015ed2c	304	2	iSPCH_OrderSentences__FP8VoxEventPc
0x8015ee5c	104	2	iSPCH_RepeatEvent__FP8VoxEventUi
0x8015eec4	96	2	iSPCH_ShortRuleStatus__FP11VoxSentencei
0x8015ef24	88	2	iSPCH_InitMatchParmIO__FP11VoxSentence
0x8015ef7c	184	2	iSPCH_MatchParmInputsSet__FP11VoxSentenceP9VoxPhrase
0x8015f034	444	2	iSPCH_TestMatchParms__FP16SentencePickInfoP11VoxSentence
0x8015f1f0	316	2	iSPCH_SentenceGetChoices__FP16SentencePickInfoP11VoxSentencePUii
0x8015f32c	152	2	iSPCH_RandomizeSentencePicks__FP11VoxSentenceP16SentencePickInfo
0x8015f3c4	164	2	iSPCH_IterateChoice__FP11VoxSentenceP16SentencePickInfo
0x8015f468	256	2	iSPCH_ChooseSentenceIteratively__FP11VoxSentenceP16SentencePickInfoi
0x8015f568	68	2	iSPCH_PickPhraseSample__FP14PhrasePickInfo
0x8015f5ac	288	2	iSPCH_PostGlobalMatchParms__FP9EventSpecP16SentencePickInfoP11VoxSentence
0x8015f6cc	224	2	iSPCH_SentenceMakeChoice__FP9EventSpecP16SentencePickInfoP11VoxSentenceii
0x8015f7ac	328	2	iSPCH_ConstantRuleSet__FP9EventSpecP8VoxEventP11VoxSentence
0x80343954	1280	0	gEventChoice
0x8015f8f4	520	2	iSPCH_MakeSampleRequests__FP8VoxEventP11VoxSentenceP9EventSpec
0x8015fafc	44	2	iSPCH_InitSentencePickInfo__FP16SentencePickInfo
0x8015fc64	340	2	iSPCH_SaveChosenSentence__FP16SentencePickInfoUiP8VoxEventP11VoxSentenceiPUi
0x8015fec4	64	2	iSPCH_TestValidParm__FUiUii
0x8015ff04	116	2	iSPCH_MakeValidParmsMask__FP8VoxEventPUi
0x8015ff78	188	2	iSPCH_SentenceIsContextMatch__FP8VoxEventP11VoxSentencePUi
0x80160034	68	2	iSPCH_CheckFrequency__FP11VoxSentence
0x00000000	0	4	spchrand.c
0x8016048c	84	2	iSPCH_EACseedrandom__FUi
0x801604e0	164	2	iSPCH_FindRandInQueue__FUsiUs
0x80160584	60	2	iSPCH_AddRandToQueue__FUsUs
0x00000000	0	4	spchrule.c
0x8016074c	0	0	gcc2_compiled.
0x8016074c	16	2	iSPCH_GetPhraseParmInfo
0x8016075c	12	2	VoxSentence_GetNumPhrases
0x80160768	8	2	VoxEvent_GetNumRules
0x80160770	16	2	iSPCH_GetOffset8
0x80160780	20	2	iSPCH_GetOffset16
0x80160794	28	2	iSPCH_GetRuleDataAddr
0x801607b0	76	2	iSPCH_GetSentenceRulesAddr
0x801607fc	172	2	iSPCH_SentenceUsesParm__FP11VoxSentencei
0x80160be0	192	2	iSPCH_GetSentenceRuleSettings__FP8VoxEventiPUiT2
0x00000000	0	4	spchsamp.c
0x00000000	0	4	sptick.c
0x00000000	0	4	sputil.c
0x00000000	0	4	author.cpp
0x00000000	0	4	spchbank.c
0x80160dfc	0	0	gcc2_compiled.
0x80160dfc	36	2	BANKHDR_GetValidParmMask
0x80160e20	56	2	BANKHDR_GetCycleBitsAddr
0x80160e58	84	2	BANKHDR_GetSampleRepeatAddr
0x80160f24	384	2	iSPCH_FindInsertPosition__FP10VOXBANKHDR
0x00000000	0	4	smemhigh.cpp
0x801615dc	0	0	gcc2_compiled.
0x00000000	0	4	sdata.c
0x00000000	0	4	csis.cpp
0x802a9a6c	2	1	_4Csis.gUniqueKeyId
0x8016269c	40	2	__static_initialization_and_destruction_0
0x801626c4	44	2	_GLOBAL_.I._4Csis.gIsInited
0x00000000	0	4	allsrc.c
0x803b27b8	4	1	g_lgInitialized
0x80344128	18720	1	g_lgDevices
0x801626f0	36	2	SteeringResetCallback
0x80162714	132	2	AutoCalibrateAxisSigned
0x80162798	116	2	AutoCalibrateAxisUnsigned
0x8016280c	388	2	HandlePedals
0x80162990	280	2	HandleTriggers
0x80164640	924	2	SimThread_Step
0x80162aa8	268	2	SteeringSamplingCallback
0x80162bb4	416	2	InitDevice
0x8016364c	112	2	VDevice_Init
0x8016393c	52	2	VDevice_Initialize
0x80163970	52	2	VDevice_Shutdown
0x80163794	188	2	VDevice_DownloadEffect
0x80163850	68	2	VDevice_UpdateEffect
0x801638bc	64	2	VDevice_StartEffect
0x801638fc	64	2	VDevice_StopEffect
0x80163894	40	2	VDevice_DestroyEffect
0x801635c8	132	2	zero_mem_aligned
0x803b27bc	4	1	g_bGammaInitialized
0x801644fc	324	2	SimThread_Init
0x801636bc	216	2	VDevice_RecalcGammaTable
0x803b3010	4	1	@806
0x803b3014	4	1	@807
0x803b3018	4	1	@808
0x803b301c	4	1	@809
0x80348a48	129	1	g_iGammaLookup
0x803b3020	8	1	@811
0x801639a4	112	2	VDevice_GetFreeEffect
0x80163a14	264	2	Effect_Init
0x80163b1c	812	2	Effect_UpdateEffect
0x80163e48	72	2	Effect_StartEffect
0x80163e90	20	2	Effect_StopEffect
0x803b27c0	4	1	jumbleeffectid$887
0x803b27c4	4	1	createcount$888
0x803b27c8	4	1	g_bWaveTablesInitialized
0x803b3028	4	1	@957
0x80348acc	128	1	g_iQuarterSineTable
0x803b302c	4	1	@958
0x80348b4c	128	1	g_iRampUpTable
0x80164284	196	2	Effect_PerformEnvelope
0x80164348	180	2	Effect_PolarToRect
0x801643fc	160	2	Effect_UpdateSpring
0x8016449c	96	2	Effect_UpdateDamper
0x80163ea4	992	2	Effect_Update
0x803b3030	4	1	@1340
0x802a9a70	40	1	a$1341
0x80348bcc	40	1	ia$1342
0x803b3034	4	1	@1370
0x00000000	0	4	AptXml.cpp
0x802a9a98	616	1	wordlist.1599
0x00000000	0	4	AptXmlNode.cpp
0x80165848	0	0	gcc2_compiled.
0x802a9d00	616	1	wordlist.1599
0x00000000	0	4	AptBoolean.cpp
0x80166aa0	0	0	gcc2_compiled.
0x00000000	0	4	AptFloat.cpp
0x80166d00	0	0	gcc2_compiled.
0x00000000	0	4	AptInteger.cpp
0x80166f64	0	0	gcc2_compiled.
0x00000000	0	4	AptExtObject.cpp
0x801671c4	0	0	gcc2_compiled.
0x00000000	0	4	EAString.cpp
0x80167694	0	0	gcc2_compiled.
0x00000000	0	4	StringPool.cpp
0x80168f28	0	0	gcc2_compiled.
0x8016ec78	196	2	__static_initialization_and_destruction_0
0x8016ed3c	44	2	_GLOBAL_.I._10StringPool.spPool
0x8016ed68	44	2	_GLOBAL_.D._10StringPool.spPool
0x00000000	0	4	Apt.cpp
0x8016ed94	0	0	gcc2_compiled.
0x8016ed98	44	2	_passthruToMemFree__FPvUi
0x803b27e8	4	0	bInitialized
0x8016f534	136	2	_addScreenGrabToSavedInputs__Fv
0x8016f5bc	400	2	_tick__FUi
0x8016f74c	3508	2	_playbackSavedInputs__FUi
0x80170500	508	2	_AptInternalUpdate__FUi
0x801706fc	80	2	_AptInternalRender__Fv
0x803b27ec	4	0	gbInputGremlinsEnabled
0x80170dac	136	2	__static_initialization_and_destruction_0
0x80170e34	44	2	_GLOBAL_.I.gNullInput
0x80170e60	44	2	_GLOBAL_.D.gNullInput
0x00000000	0	4	AptActionInterpreter.cpp
0x80170e8c	0	0	gcc2_compiled.
0x802a9f74	88	1	gaszPropertyNames
0x801722f0	316	2	_updateObjectMethods__FP8AptValuePC9EAStringCi
0x801733d8	532	2	_getNameString__FP6AptCIHR9EAStringC14NameStringType
0x801751d0	452	2	_concatAsStrings__FP8AptValueT0
0x80180bb0	160	2	__static_initialization_and_destruction_0
0x80180c50	44	2	_GLOBAL_.I.FSCOMMAND
0x80180c7c	44	2	_GLOBAL_.D.FSCOMMAND
0x00000000	0	4	AptAnimation.cpp
0x80180ca8	0	0	gcc2_compiled.
0x00000000	0	4	AptArray.cpp
0x80183b24	0	0	gcc2_compiled.
0x802aa2b0	224	1	wordlist.1599
0x80184d7c	76	2	_isIndex__FPCc
0x801855e0	216	2	defaultSortCompareFunc__FPCvT0
0x803b18e8	4	1	gpfnScriptSortFunctionFunction
0x803b18ec	4	1	gpfnScriptSortFunctionContext
0x801856b8	332	2	scriptFunctionSortFunc__FPCvT0
0x801858a8	344	2	defaultSortOnCompareFunc__FPCvT0
0x80185f20	124	2	__static_initialization_and_destruction_0
0x80185f9c	44	2	_GLOBAL_.I.in_word_set__17ArrayMembersIndexPCcUi
0x80185fc8	44	2	_GLOBAL_.D.in_word_set__17ArrayMembersIndexPCcUi
0x00000000	0	4	AptCharacter.cpp
0x80185ff4	0	0	gcc2_compiled.
0x802aa390	416	1	wordlist.1599
0x802908a8	72	1	aSpriteGperfToActionFlag
0x80187bb8	100	2	fnorm_angle__Ff
0x00000000	0	4	AptCharacterInstButton.cpp
0x8018dc14	0	0	gcc2_compiled.
0x00000000	0	4	AptCharacterInstSprite.cpp
0x8018dea8	0	0	gcc2_compiled.
0x00000000	0	4	AptCIH.cpp
0x8018e9e0	0	0	gcc2_compiled.
0x00000000	0	4	AptDate.cpp
0x8018f360	0	0	gcc2_compiled.
0x802aa5c0	296	1	wordlist.1599
0x802aa6e8	58	1	lookup.1600
0x00000000	0	4	AptDisplayList.cpp
0x80194560	0	0	gcc2_compiled.
0x80195b94	176	2	_drawCharacterInst__FP19AptRenderingContextP6AptCIH22AptMaskRenderOperation
0x80195c44	868	2	_drawCharacterInstOpti__FP19AptRenderingContextP6AptCIH22AptMaskRenderOperation
0x00000000	0	4	AptGC.cpp
0x80196c48	0	0	gcc2_compiled.
0x00000000	0	4	AptInput.cpp
0x801970a8	0	0	gcc2_compiled.
0x801970a8	244	2	_getCharacterGridPosition__FRC9EAStringCPiT1
0x8019719c	364	2	_getButtonScore__F12AptInputTypeiiii
0x80197308	596	2	_getBestButton__F12AptInputTypeP6AptCIHT1
0x802aa724	84	1	_aInputFlags
0x801978bc	76	2	_matrix_vecMult__FPfP9AptMatrixT0
0x80197908	164	2	_pointInTri__FPfff
0x802aa778	40	1	_aListenerEvents
0x00000000	0	4	AptLoad.cpp
0x80198f60	0	0	gcc2_compiled.
0x00000000	0	4	AptMath.cpp
0x8019b53c	0	0	gcc2_compiled.
0x00000000	0	4	AptMiscObjects.cpp
0x8019b6e4	0	0	gcc2_compiled.
0x802aa7a0	24	1	lengthtable.1599
0x802aa7b8	192	1	wordlist.1600
0x802aa878	50	1	lookup.1601
0x802aa8ac	144	1	wordlist.1608
0x802aa93c	50	1	lookup.1609
0x802aa970	136	1	wordlist.1616
0x802919c8	80	1	BUTTONACTIONCODE_TO_KEYCODE
0x00000000	0	4	AptMovie.cpp
0x801a1708	0	0	gcc2_compiled.
0x00000000	0	4	AptNativeHash.cpp
0x801a203c	0	0	gcc2_compiled.
0x00000000	0	4	AptRand.cpp
0x801a2b54	0	0	gcc2_compiled.
0x803b1a84	4	1	s_RandLeft
0x801a2b54	368	2	_randReloadMersenneTwister__Fv
0x80348fc4	2500	0	s_RandState
0x803b27f4	4	0	s_RandNext
0x00000000	0	4	AptRenderingContext.cpp
0x801a2d80	0	0	gcc2_compiled.
0x00000000	0	4	AptSound.cpp
0x801a3338	0	0	gcc2_compiled.
0x802aa9f8	96	1	wordlist.1599
0x00000000	0	4	AptSpriteMembers.cpp
0x801a39e0	0	0	gcc2_compiled.
0x802aaa58	1696	1	wordlist.2211
0x00000000	0	4	AptString.cpp
0x801a3b28	0	0	gcc2_compiled.
0x802ab0f8	104	1	wordlist.1599
0x802ab160	23	1	lookup.1600
0x80349988	2048	0	szBuf.2270
0x00000000	0	4	AptTextFormat.cpp
0x801a634c	0	0	gcc2_compiled.
0x802ab178	296	1	wordlist.1599
0x00000000	0	4	AptValue.cpp
0x801a6af4	0	0	gcc2_compiled.
0x802ab2a0	288	1	wordlist.1611
0x802ab3c0	38	1	lookup.1612
0x801a7228	8	2	_constructorObject__FP8AptValuei
0x801a7230	552	2	_gObjRegistrationFunc__FP8AptValuei
0x801a7458	2612	2	_constructBuiltInObjects__Fv
0x00000000	0	4	AptGlobalExtensionObject.cpp
0x00000000	0	4	AptGlobalObject.cpp
0x801a9648	0	0	gcc2_compiled.
0x00000000	0	4	AptScriptColour.cpp
0x801a9808	0	0	gcc2_compiled.
0x00000000	0	4	AptScriptFunction.cpp
0x801aabf0	0	0	gcc2_compiled.
0x00000000	0	4	AptXmlAttributes.cpp
0x801aaf28	0	0	gcc2_compiled.
0x00000000	0	4	AptValueVector.cpp
0x801ab094	0	0	gcc2_compiled.
0x00000000	0	4	Adapt.cpp
0x801ab1d8	0	0	gcc2_compiled.
0x801abbb4	52	2	_VptCallback__FPv
0x00000000	0	4	AdaptAnimation.cpp
0x801ac82c	0	0	gcc2_compiled.
0x800000f8	4	0	__OSBusClock
0x00000000	0	4	AdaptExtMessage.cpp
0x801acca4	0	0	gcc2_compiled.
0x801ad114	104	2	__static_initialization_and_destruction_0
0x801ad1dc	44	2	_GLOBAL_.I._15AdaptExtMessage.s_eState
0x801ad208	44	2	_GLOBAL_.D._15AdaptExtMessage.s_eState
0x00000000	0	4	AdaptFmv.cpp
0x801ad234	0	0	gcc2_compiled.
0x802ab3e8	32	1	strBuffer.402
0x801adab0	64	2	__static_initialization_and_destruction_0
0x801adaf0	44	2	_GLOBAL_.I._8AdaptFmv.ADAPTFMV_TYPE
0x801adb1c	44	2	_GLOBAL_.D._8AdaptFmv.ADAPTFMV_TYPE
0x00000000	0	4	AdaptFonts.cpp
0x801adb48	0	0	gcc2_compiled.
0x800000f8	4	0	__OSBusClock
0x00000000	0	4	AdaptLibrary.cpp
0x801ade34	0	0	gcc2_compiled.
0x00000000	0	4	AdaptMessage.cpp
0x801ae358	0	0	gcc2_compiled.
0x800000f8	4	0	__OSBusClock
0x00000000	0	4	AdaptOpaque.cpp
0x801aeae8	0	0	gcc2_compiled.
0x801af268	84	2	__static_initialization_and_destruction_0
0x800000f8	4	0	__OSBusClock
0x801af2bc	44	2	_GLOBAL_.I.__11AdaptOpaqueP14AdaptInterfacePFPv_v
0x801af2e8	44	2	_GLOBAL_.D.__11AdaptOpaqueP14AdaptInterfacePFPv_v
0x00000000	0	4	AdaptProject.cpp
0x801af314	0	0	gcc2_compiled.
0x800000f8	4	0	__OSBusClock
0x00000000	0	4	AdaptRenderChain.cpp
0x801afcbc	0	0	gcc2_compiled.
0x800000f8	4	0	__OSBusClock
0x00000000	0	4	AdaptRenderState.cpp
0x801afdec	0	0	gcc2_compiled.
0x00000000	0	4	AdaptRenderUnit.cpp
0x801afdec	0	0	gcc2_compiled.
0x00000000	0	4	AdaptSound.cpp
0x801b06d8	0	0	gcc2_compiled.
0x00000000	0	4	AdaptString.cpp
0x801b0804	0	0	gcc2_compiled.
0x801b0bb4	4	2	_AdaptStringStateCommit__FQ216AdaptRenderState7ConfigE
0x8034a34c	355	0	strTemp.399
0x00000000	0	4	AdaptSwappable.cpp
0x801b10c4	0	0	gcc2_compiled.
0x802ab408	32	1	strBuffer.414
0x801b1778	64	2	__static_initialization_and_destruction_0
0x801b17b8	44	2	_GLOBAL_.I._15AdaptSwappableC.ADAPTSWAPPABLE_TYPE
0x801b17e4	44	2	_GLOBAL_.D._15AdaptSwappableC.ADAPTSWAPPABLE_TYPE
0x00000000	0	4	AdaptSwappableImage.cpp
0x801b1810	0	0	gcc2_compiled.
0x00000000	0	4	AdaptCustomRender.cpp
0x801b1bdc	0	0	gcc2_compiled.
0x801b1bdc	4	2	_CustomDrawCommitState__FQ216AdaptRenderState7ConfigE
0x800000f8	4	0	__OSBusClock
0x00000000	0	4	AdaptFmvNGC.cpp
0x801b1c30	0	0	gcc2_compiled.
0x801b1c30	184	2	_SetupRenderState__Fv
0x8034a4c4	16	0	_AdaptFMV_ColorScale
0x8034a4d4	16	0	_AdaptFMV_ColorAdd
0x800000f8	4	0	__OSBusClock
0x00000000	0	4	AdaptRenderUnitNGC.cpp
0x801b209c	0	0	gcc2_compiled.
0x00000000	0	4	AdaptSwappableImageNGC.cpp
0x801b2a30	0	0	gcc2_compiled.
0x801b2a30	184	2	_SetupRenderState__Fv
0x800000f8	4	0	__OSBusClock
0x00000000	0	4	AdaptTextureNGC.cpp
0x801b2e40	0	0	gcc2_compiled.
0x00000000	0	4	AdaptTexture.cpp
0x801b2fe4	0	0	gcc2_compiled.
0x00000000	0	4	ChecksumCRC32.c
0x801b3038	0	0	gcc2_compiled.
0x802ab428	20	1	_ChecksumCRC32_State
0x802935a8	28	1	_ChecksumCRC32_Type
0x801b30b4	132	2	_ChecksumCRC32_Init
0x801b3138	92	2	_ChecksumCRC32_Shutdown
0x801b3194	28	2	_ChecksumCRC32_IsInitialized
0x801b31b0	44	2	_ChecksumCRC32_Start
0x801b31dc	116	2	_ChecksumCRC32_CalculateBuffer
0x801b3250	88	2	_ChecksumCRC32_Stop
0x801b32a8	60	2	_ChecksumCRC32_GetSize
0x801b3038	52	2	_ChecksumCRC32_Calculate
0x801b306c	72	2	_ChecksumCRC32_CreateLookupTable
0x803b283c	0	0	uCRCResult.24
0x00000000	0	4	Keyboard.cpp
0x801b32f0	0	0	gcc2_compiled.
0x800000f8	4	0	__OSBusClock
0x00000000	0	4	KeyboardAbstract.cpp
0x801b33dc	0	0	gcc2_compiled.
0x00000000	0	4	KeyboardTest.cpp
0x803b1b68	4	1	pKeyboardSPI
0x00000000	0	4	KeyboardUSPIAbstract.cpp
0x801b379c	0	0	gcc2_compiled.
0x00000000	0	4	SCOpHandler.cpp
0x801b3cc0	0	0	gcc2_compiled.
0x00000000	0	4	ServiceManagerConcrete.cpp
0x801b3f58	0	0	gcc2_compiled.
0x803b1b70	4	1	_pServiceList
0x803b1b74	4	1	_pServiceMemBuffer
0x803b1b78	4	1	_pCurrentServiceNode
0x801b3f58	40	2	_InsertFunc__FPCvT0
0x801b3f80	52	2	_SearchByIDFunc__FPCvPvT1
0x801b3fb4	152	2	_ServiceManagerUnregisterService__FP12ServiceNodeT
0x801b404c	92	2	_RemoveByModuleFunc__FPvN20
0x801b40a8	60	2	_FindFunc__FPvN20
0x801b40e4	60	2	_ServiceManagerStartupService__FP12ServiceNodeT
0x00000000	0	4	anim.c
0x801b4788	0	0	gcc2_compiled.
0x803b1b7c	1	1	_Anim_ModuleActive
0x803b1b80	4	1	_Anim_pUserOpcodeCallback
0x803b1b84	4	1	_Anim_pUserOpcodeSkipCallback
0x803b1b88	4	1	_Anim_SeqVersion
0x803b2840	1	0	_Anim_UserDataStackPosition
0x8034a4f0	12	0	_Anim_UserCallbackState
0x8034a4e4	12	0	_Anim_pCurrentUserData
0x803b2841	1	0	_Anim_UserStateStackPosition
0x00000000	0	4	animchan.c
0x801b4988	0	0	gcc2_compiled.
0x801b4988	236	2	_AnimChanFindChannel
0x800000f8	4	0	__OSBusClock
0x00000000	0	4	animemot.c
0x801b4fbc	0	0	gcc2_compiled.
0x801b4fbc	48	2	_AnimFileRelocateCustom
0x803b2844	4	0	_AnimFile_RelocateFunc
0x800000f8	4	0	__OSBusClock
0x00000000	0	4	animfile.c
0x801b54e0	0	0	gcc2_compiled.
0x803b1b98	4	1	_AnimFile_FreeFunc
0x803b1b9c	1	1	_AnimFile_bResSync
0x801b54e0	112	2	_AnimFileGetFreeVirtualSlot
0x801b5550	156	2	_AnimfileResourceCallback
0x801b55ec	672	2	_AnimFileUnloadFileUnloadBySlot
0x801b588c	372	2	_AnimFileLoadSeqResident
0x801b5fe4	304	2	_AnimFileStateQuery
0x00000000	0	4	animmot.c
0x801b68fc	0	0	gcc2_compiled.
0x801b68fc	32	2	_AnimMotGetStateIndex
0x801b691c	64	2	_AnimMotGetCmpTbl
0x8034a4fc	1060	0	_AnimMot_FrameList
0x800000f8	4	0	__OSBusClock
0x00000000	0	4	animseq.c
0x801b6c10	0	0	gcc2_compiled.
0x801b6c10	88	2	_GetOpcodeParameter
0x801b6c68	724	2	_ParseForFrame
0x801b6f3c	336	2	_AnimSeqParseToEnd
0x801b708c	260	2	_AnimSeqStart
0x800000f8	4	0	__OSBusClock
0x00000000	0	4	animst.c
0x801b7334	0	0	gcc2_compiled.
0x803b1ba0	4	1	_AnimSt_pObjTypeStateDefs
0x801b7334	144	2	_AnimStCallSelectAnimFunc
0x8034a920	3044	0	_AnimSt_pStatAnimList
0x801b73c4	276	2	_AnimStOrganizeInfo
0x801b74d8	104	2	_AnimStEndState
0x801b7540	764	2	_AnimStGetFreeSlotIndex
0x801b783c	88	2	_AnimStMakeUniqueTransitionState
0x803b2848	4	0	_AnimSt_NumObjTypes
0x00000000	0	4	animtran.c
0x801b7ed8	0	0	gcc2_compiled.
0x801b7f0c	176	2	_AnimTranFindBestChannel
0x801b7fbc	140	2	_AnimTranSetTransOutWgt
0x800000f8	4	0	__OSBusClock
0x00000000	0	4	animwgt.c
0x801b873c	0	0	gcc2_compiled.
0x801b873c	4	2	_AnimWgtConstantFunction
0x801b8740	136	2	_AnimWgtLinearFunction
0x801b87c8	36	2	_AnimWgtWaitToStopFunction
0x801b87ec	368	2	_AnimWgtLinearInAndOutFunction
0x00000000	0	4	animcache.c
0x00000000	0	4	animframecache.c
0x801b8db4	0	0	gcc2_compiled.
0x801b8db4	84	2	_AnimFrameCacheRemoveNode
0x801b8e08	156	2	_AnimFrameCacheGetFromCache
0x801b8ea4	52	2	_AnimFrameCacheAllocCacheEntry
0x801b8ed8	276	2	_AnimFrameCacheAddToCache
0x801b8fec	124	2	_AnimFrameCacheCreateCache
0x803b284c	4	0	_AnimFrameCache_CustomFunc
0x800000f8	4	0	__OSBusClock
0x00000000	0	4	AnimSequencer.c
0x801b9128	0	0	gcc2_compiled.
0x00000000	0	4	AnimSeqCamera.c
0x803b1bbc	2	1	_uLastGroupIndex
0x803b1bbe	2	1	_uLastSubGroupIndex
0x803b1bc0	2	1	_uLastIndex
0x803b1bc4	4	1	_pLastSeq
0x00000000	0	4	animseqncr.c
0x801b92f0	0	0	gcc2_compiled.
0x801b92f0	8	2	_AnimSeqncrRelocatePtr
0x800000f8	4	0	__OSBusClock
0x00000000	0	4	animTexLib.c
0x801b96a0	0	0	gcc2_compiled.
0x801b98e0	144	2	_AnimTexObjInit
0x00000000	0	4	llanimtexlib.c
0x801b9dbc	0	0	gcc2_compiled.
0x801b9dbc	352	2	_LLAnimTexBuildTexCoords
0x800000f8	4	0	__OSBusClock
0x00000000	0	4	auxram.c
0x801ba098	0	0	gcc2_compiled.
0x803b2850	4	0	_AuxRam_ARBlocks
0x803b2854	4	0	_AuxRam_DMACount
0x800000f8	4	0	__OSBusClock
0x00000000	0	4	ctype.c
0x801ba294	0	0	gcc2_compiled.
0x00000000	0	4	memory.c
0x801ba2d4	0	0	gcc2_compiled.
0x800000f8	4	0	__OSBusClock
0x00000000	0	4	printf.c
0x800000f8	4	0	__OSBusClock
0x00000000	0	4	sprintf.c
0x801ba3e0	0	0	gcc2_compiled.
0x801ba3e0	224	2	_WriteInt
0x801ba4c0	600	2	_WriteFloat
0x801ba718	768	2	_WriteSci
0x801baa18	168	2	_WriteHex
0x801baac0	204	2	_WriteString
0x800000f8	4	0	__OSBusClock
0x00000000	0	4	string.c
0x801bb1a4	0	0	gcc2_compiled.
0x803b1bc8	4	1	holder.66
0x00000000	0	4	strmath.c
0x801bb514	0	0	gcc2_compiled.
0x80293c00	68	1	pow10.3
0x00000000	0	4	camera.c
0x801bb898	0	0	gcc2_compiled.
0x803b1bcc	1	1	_Cam_ModuleActive
0x801bb898	96	2	_CamAddFunc
0x803b285c	4	0	_Cam_pCameraList
0x803b2860	4	0	_Cam_DefaultAspect
0x801bb8f8	56	2	_CamDeleteFunc
0x801bb930	120	2	_CamProcessFunc
0x803b2858	1	0	_Cam_ObjTypeIndex
0x803b2859	1	0	_Cam_NumCameraTypes
0x00000000	0	4	camfocus.c
0x801bbef4	0	0	gcc2_compiled.
0x801bbef4	148	2	_CamFocusUpdate
0x00000000	0	4	camfree.c
0x801bc198	0	0	gcc2_compiled.
0x00000000	0	4	skeleton.c
0x801bc3ac	0	0	gcc2_compiled.
0x802ab498	64	1	_SkelLocalLocalFuncBlock
0x801bc3ac	4	2	_SkelNullFunc
0x801bc3b0	116	2	_SkelEulerLToQuatL
0x801bc568	132	2	_SkelQuatLToEulerL
0x802ab4d8	64	1	_SkelLocalGlobalFuncBlock
0x801bc50c	92	2	_SkelEulerLToMatrixG
0x801bc6ec	88	2	_SkelQuatLToMatrixG
0x802ab518	64	1	_SkelGlobalGlobalFuncBlock
0x801bc424	232	2	_SkelEulerLToMatrixGHierarchy
0x801bc5ec	256	2	_SkelQuatLToMatrixGHierarchy
0x801bc744	68	2	_SkelRelocateHierarchyNode
0x802ab558	128	1	_defaultCollisionPartSize
0x00000000	0	4	context.c
0x801bc95c	0	0	gcc2_compiled.
0x803b1bd0	1	1	_Context_ModuleActive
0x803b1bd4	4	1	_pCon_Channel
0x803b1bd8	4	1	_Con_pMsgFunc
0x801bc95c	108	2	_ConClearChannel
0x803b2868	4	0	_Con_DataSize
0x801bc9c8	80	2	_ConUpdateChannel
0x801bca18	96	2	_ConPatchInverseDeadZone
0x801bca78	364	2	_ConProcessContextEntry
0x8034b504	32	0	_Context_CS
0x803b2864	4	0	_Con_NumChannels
0x803b286c	4	0	_pCon_Data
0x00000000	0	4	Curve.c
0x801bd334	0	0	gcc2_compiled.
0x803b1bdc	1	1	_Curve_ModuleActive
0x00000000	0	4	CurveList.c
0x801bd3d8	0	0	gcc2_compiled.
0x801bd3d8	296	2	_CurveListEvaluateHermiteCurve
0x801bd500	328	2	_CurveListEvaluateBezierCurve
0x800000f8	4	0	__OSBusClock
0x00000000	0	4	polynomial.c
0x801bd778	0	0	gcc2_compiled.
0x801bd778	56	2	_PolynomialEvaluateHorner
0x801bd7b0	668	2	_PolynomialCalculateHornerRoot
0x801bda4c	196	2	_PolynomialFindHornerRoot
0x800000f8	4	0	__OSBusClock
0x00000000	0	4	lldma.c
0x800000f8	4	0	__OSBusClock
0x00000000	0	4	dmamem.c
0x00000000	0	4	dma.c
0x803b1be4	1	1	_Dma_ModuleActive
0x803b2870	4	0	_Dma_MemHeap
0x00000000	0	4	ds.c
0x801bdf6c	0	0	gcc2_compiled.
0x803b1be8	1	1	_DS_ModuleActive
0x803b1bec	4	1	_DS_Alignment
0x00000000	0	4	list.c
0x801be044	0	0	gcc2_compiled.
0x801be044	72	2	_DSGetListNodeSize
0x801be08c	104	2	_DSGetListMemSize
0x801be0f4	84	2	_DSRemoveListNode
0x800000f8	4	0	__OSBusClock
0x00000000	0	4	linklist.c
0x801be844	0	0	gcc2_compiled.
0x801be844	32	2	_DSListInsertLinkAtHead
0x801be864	32	2	_DSListInsertLinkAtTail
0x801be884	24	2	_DSListInsertLink
0x801be89c	140	2	_DSListInsertLinkedNode
0x801be928	16	2	_DSListInitLinkedList
0x801be938	56	2	_DSListDelLinkedList
0x801be970	248	2	_DSListAddLinkedNode
0x801bea68	40	2	_DSListInitLinkedNode
0x801bea90	128	2	_DSListGetLinkedNode
0x801beb10	96	2	_DSListRemoveLinkedNode
0x801beb70	172	2	_DSListTraverseLinkedList
0x801bec1c	148	2	_DSListSearchLinkedList
0x801becb0	8	2	_DSListOptimizeLinkedList
0x800000f8	4	0	__OSBusClock
0x00000000	0	4	node.c
0x801bed44	0	0	gcc2_compiled.
0x801bed44	100	2	_DSGetNodeHandlerMemSize
0x801beda8	72	2	_DSPopNode
0x801bedf0	60	2	_DSPushNode
0x801bee2c	92	2	_DSFormatNodeHandlerStack
0x800000f8	4	0	__OSBusClock
0x00000000	0	4	stack.c
0x801bf06c	0	0	gcc2_compiled.
0x800000f8	4	0	__OSBusClock
0x00000000	0	4	splytree.c
0x801bf37c	0	0	gcc2_compiled.
0x801bf37c	172	2	_DSListTraverseSplayTreeRight
0x801bf508	52	2	_DSListGetSplayNext
0x801bf428	172	2	_DSListTraverseSplayTreeLeft
0x801bf4d4	52	2	_DSListGetSplayPrev
0x801bf53c	496	2	_DSListSplay
0x801bf72c	44	2	_DSListInitSplayTree
0x801bf758	56	2	_DSListDelSplayTree
0x801bf790	388	2	_DSListAddSplayNode
0x801bf914	40	2	_DSListInitSplayNode
0x801bf93c	216	2	_DSListGetSplayNode
0x801bfa14	228	2	_DSListRemoveSplayNode
0x801bfaf8	48	2	_DSListTraverseSplayTree
0x801bfb28	172	2	_DSListSearchSplayTree
0x801bfbd4	8	2	_DSListOptimizeSplayTree
0x800000f8	4	0	__OSBusClock
0x00000000	0	4	bintree.c
0x801bfc68	0	0	gcc2_compiled.
0x801bfc68	164	2	_DSListTraverseBinaryTreeRight
0x801bfed8	68	2	_DSListGetBinaryNext
0x801bfd0c	164	2	_DSListTraverseBinaryTreeLeft
0x801bfe94	68	2	_DSListGetBinaryPrev
0x801bfdb0	228	2	_DSListInsertBinaryNode
0x8034b524	20	0	_FakeNode.39
0x801bff1c	116	2	_DSListGetBinaryParent
0x801bff90	72	2	_DSListResetBinaryTree
0x801bffd8	60	2	_DSListOptTrvFunc
0x801c0014	36	2	_DSListAddBinNodeOpt
0x801c052c	376	2	_DSListAddBinaryNode
0x801c0038	188	2	_DSListAddBinTreeOpt
0x801c00f4	240	2	_DSListDoOptBinaryTree
0x801c06cc	224	2	_DSListGetBinaryNode
0x801c093c	64	2	_DSListTraverseBinaryTree
0x801c01e4	32	2	_DSListCalcOptimalDepth
0x801c0204	324	2	_DSListRemoveBinaryNodeLeft
0x801c0348	288	2	_DSListRemoveBinaryNodeRight
0x801c0468	80	2	_DSListRemoveBinaryLeaf
0x801c04b8	28	2	_DSListInitBinaryTree
0x801c04d4	88	2	_DSListDelBinaryTree
0x801c0a30	336	2	_DSListOptimizeBinaryTree
0x801c06a4	40	2	_DSListInitBinaryNode
0x801c07ac	400	2	_DSListRemoveBinaryNode
0x801c097c	180	2	_DSListSearchBinaryTree
0x800000f8	4	0	__OSBusClock
0x00000000	0	4	flowman.cpp
0x801c0c0c	0	0	gcc2_compiled.
0x00000000	0	4	flowgroup.cpp
0x801c13d4	0	0	gcc2_compiled.
0x00000000	0	4	flowmodule.cpp
0x801c1784	0	0	gcc2_compiled.
0x00000000	0	4	fileio.c
0x801c1ae8	0	0	gcc2_compiled.
0x803b1c00	4	1	_File_uNumOpenFiles
0x803b1c04	4	1	_File_uMaxFilesOpenedAtOnce
0x801c1ae8	24	2	_FileRequestInsertFunc
0x801c1b00	24	2	_FileAsyncCallback
0x801c1b18	88	2	_GetNewFileRequest
0x801c1b70	72	2	_DeleteFileRequestNode
0x00000000	0	4	llfileio.c
0x801c2944	0	0	gcc2_compiled.
0x803b1c30	1	1	_File_CDVDCheck
0x803b1c31	1	1	_File_HostActive
0x803b1c32	1	1	_bFileFontInitialized
0x802ab64c	16	1	_File_FontColor
0x803b1c34	4	1	_File_strGameName
0x801c2944	584	2	_FileOpenStream
0x801c2b8c	352	2	_FileStartAsyncRequest
0x801c2cec	164	2	_FileStartIO
0x803b287c	4	0	_File_DstFilename
0x803b2878	4	0	_File_SrcFilename
0x801c2e88	72	2	_FileCDVDCallback
0x801c3094	8	2	_FileOpenWriteStream
0x803b2874	4	0	device.237
0x801c3474	596	2	_FileDisplayErrorString
0x803b2884	4	0	_FileErrorFont
0x803b2880	4	0	_File_Infos
0x00000000	0	4	llFileioFont.c
0x801c3d20	0	0	gcc2_compiled.
0x00000000	0	4	fs_cli.c
0x801c3d20	0	0	gcc2_compiled.
0x801c3d20	132	2	_fsFindOpenFile
0x801c3da4	48	2	_fsReadEndFunc
0x8034d88c	12	0	_File_ReadSemaphore
0x801c3dd4	112	2	_CdReadCompleteThreadFunc
0x8034d880	12	0	_File_SubmitReadRequest
0x8034b540	792	0	_CdReadCompleteThread
0x8034b880	8192	0	CdReadCompleteThreadStack
0x800000f8	4	0	__OSBusClock
0x00000000	0	4	filemc.c
0x803b1c38	4	1	_FileMC_SyncCB
0x801c4138	72	2	_FileMCReadCurrentSector
0x8034d8c0	8336	0	_FileMCCurrentInfo
0x00000000	0	4	filehost.c
0x801c477c	0	0	gcc2_compiled.
0x800000f8	4	0	__OSBusClock
0x00000000	0	4	Font.c
0x801c47ac	0	0	gcc2_compiled.
0x801c47ac	84	2	_FontGetFontListPtr
0x8034f970	40	0	_Font_State
0x801c4800	36	2	_FontSearchFontNum
0x801c4824	128	2	_FontLookupGlyph
0x801c48a4	116	2	_FontGetKernAmount
0x8034f950	32	0	_Font_CS
0x00000000	0	4	LLFont.c
0x801c54c8	0	0	gcc2_compiled.
0x801c54c8	456	2	_FontLLSetupGlyph
0x801c5690	504	2	_FontLLRender
0x8034f9e0	12	0	_LLFontOutsideOutlineObj
0x8034fa00	12	0	_LLFontInsideOutlineObj
0x8034f9a0	32	0	_LLFontOutsideOutlinePal
0x8034f9c0	32	0	_LLFontInsideOutlinePal
0x800000f8	4	0	__OSBusClock
0x00000000	0	4	glib.c
0x801c5e64	0	0	gcc2_compiled.
0x00000000	0	4	llglib.c
0x801c5f2c	0	0	gcc2_compiled.
0x803b1c50	1	1	_Glib_bClear
0x803b1c54	4	1	_Glib_VsyncSwap
0x803b1c58	4	1	_Glib_iDmaFrame
0x803b1c5c	4	1	_Glib_pCallback
0x803b1c60	4	1	_Glib_pCallbackAfter
0x803b1c64	4	1	_Glib_pDmaCallbackBefore
0x801c5f2c	48	2	_GlibLogBase2
0x801c5f5c	4	2	_GlibSnapFrameBuffer
0x802ae60c	60	1	GXNtsc480ProgFilt
0x801c5f84	16	2	_GlibLLDrawDone
0x803b1c6f	1	1	_Glib_bBreakPoint
0x801c5f94	88	2	_Glib_VIRetraceCallback
0x803b2891	1	0	_Glib_Progressive
0x803b288c	4	0	_Glib_fbSize
0x803b2890	1	0	_Glib_DoubleBuffered
0x801c6924	60	2	_GlibSetupScissor
0x803b2898	1	0	_Break
0x801c6518	56	2	_GlibSetBreakpoint
0x803b1c70	1	1	_bVIInt
0x801c6920	4	2	_GlibScissor
0x803b2894	4	0	_Glib_VsyncField
0x8034fa20	2560	0	garbage
0x803b2888	2	0	_Glib_ScreenWidthLog2
0x803b288a	2	0	_Glib_ScreenHeightLog2
0x803b1c74	4	1	_Glib_iPass
0x00000000	0	4	llrender.c
0x801c6998	0	0	gcc2_compiled.
0x803b1c78	4	1	_Glib_pActiveBin
0x803b1c7c	1	1	_GlibRender_bBufferAquired
0x00000000	0	4	llrenderbin.c
0x801c6b10	0	0	gcc2_compiled.
0x800000f8	4	0	__OSBusClock
0x00000000	0	4	maths.c
0x801c6bf4	0	0	gcc2_compiled.
0x803b1c98	1	1	_Math_ModuleActive
0x00000000	0	4	rand.c
0x801c6c9c	0	0	gcc2_compiled.
0x801c6c9c	80	2	_MathRandInitFastLinear
0x801c6d88	80	2	_MathRandInitSlowLinear
0x801c6fb4	80	2	_MathRandInitSubtractive
0x801c6cec	8	2	_MathRandResetFastLinear
0x801c6dd8	132	2	_MathRandResetSlowLinear
0x801c7004	320	2	_MathRandResetSubtractive
0x801c6cf4	44	2	_MathRandCopyFastLinear
0x801c6e5c	144	2	_MathRandCopySlowLinear
0x801c7144	108	2	_MathRandCopySubtractive
0x801c6d20	104	2	_MathRandFastLinear
0x801c6eec	200	2	_MathRandSlowLinear
0x801c71b0	184	2	_MathRandSubtractive
0x802ae6c0	12	1	_MathRand_Size
0x00000000	0	4	orient.c
0x801c7408	68	2	_Orient_DoAngleLerp
0x800000f8	4	0	__OSBusClock
0x00000000	0	4	llangle.c
0x801c7580	0	0	gcc2_compiled.
0x802ae6cc	36	1	_Math_ArcTanTable
0x801c7580	84	2	_MathSin
0x80350420	32	0	_Math_TaylorConst
0x00000000	0	4	llmath.c
0x801c7ae0	0	0	gcc2_compiled.
0x00000000	0	4	angle.c
0x801c7b7c	0	0	gcc2_compiled.
0x800000f8	4	0	__OSBusClock
0x00000000	0	4	matrix.c
0x801c7cbc	0	0	gcc2_compiled.
0x803b1c9c	1	1	_Mat_ModuleActive
0x803b1ca0	4	1	_Mat_pStacks
0x803b1ca4	4	1	_Mat_NumStacks
0x00000000	0	4	llmatrix.c
0x801c7f1c	0	0	gcc2_compiled.
0x80350440	1024	0	_LLMatrix_SlotArray
0x800000f8	4	0	__OSBusClock
0x00000000	0	4	Memory.c
0x801c8c14	0	0	gcc2_compiled.
0x803b1cac	4	1	_Mem_heapCreatedByLib
0x803b1cb0	4	1	_Mem_pHeapList
0x803b1cb4	4	1	_Mem_pHeapDefault
0x803b1cb8	4	1	_Mem_iHeapCount
0x803b1cbc	4	1	_Mem_HeapPrint
0x803b1cc0	2	1	_Mem_uHeapDebug
0x803b1cc2	1	1	_Mem_uConsistCheck
0x803b1cc3	1	1	_Mem_uMemoryFill
0x803b1cc4	1	1	_Mem_bForceLabel
0x803b1cc8	4	1	_Mem_uDebugOptions
0x803b1ccc	1	1	_Mem_bTimeStampIsCounter
0x803b1cd0	4	1	_Mem_uSerialCounter
0x803b1cd4	4	1	_Mem_CheckSentinelAll
0x803b1cd8	4	1	_Mem_CheckSentinel
0x803b1cdc	4	1	_Mem_HeapBreakdown
0x801c8c14	88	2	_FindHeapByIdent
0x801c8c6c	208	2	_FindHeapByAddr
0x80350840	256	0	_Mem_pAddrToHeap
0x801c8d3c	276	2	_BuildHeapAddrTable
0x801c8e50	152	2	_FreeListInsert
0x801c8ee8	348	2	_FreeListDelete
0x801c9044	292	2	_ShortenBlock
0x801c9168	556	2	_SplitBlock
0x801c9394	152	2	_FindAndSplit
0x801c942c	176	2	_FindAndSplitHead
0x801c94dc	540	2	_SplitBlockTail
0x801c96f8	168	2	_FindAndSplitTail
0x801c97a0	376	2	_DebugSetup
0x801c9918	400	2	_PrintInfo
0x802ae6f0	16	1	pKind.63
0x801c9aa8	376	2	_PrintBlock
0x801c9c20	180	2	_PrintFree2
0x801c9cd4	88	2	_PrintFree
0x801c9d2c	4	2	_PrintDefault
0x801c9d30	560	2	_MemCheckSentinelAll
0x801c9f60	268	2	_MemCheckSentinel
0x801ca06c	460	2	_MemHeapBreakdown
0x801cab18	724	2	_MemAllocInternal
0x801cb0cc	688	2	MemHReallocMem
0x00000000	0	4	llmemory.c
0x801cb734	0	0	gcc2_compiled.
0x800000f8	4	0	__OSBusClock
0x00000000	0	4	MemExtern.c
0x801cb958	0	0	gcc2_compiled.
0x801cb958	4	2	_DestroyHeap
0x801cb95c	8	2	_DisplayHeap
0x801cb964	116	2	_VerifyHeap
0x801cb9d8	68	2	_VerifyAddr
0x801cba1c	116	2	_HeapInfo
0x801cba90	380	2	_Alloc
0x801cbc0c	288	2	_Free
0x801cbd2c	8	2	_Resize
0x801cbd34	72	2	_Sizeof
0x802ae700	36	1	_Mem_HookList
0x00000000	0	4	TibNew.cpp
0x801cbe40	0	0	gcc2_compiled.
0x800000f8	4	0	__OSBusClock
0x00000000	0	4	memorycard.c
0x803b1ce0	4	1	_iFileCacheSize
0x803b1ce4	4	1	_MemCDeviceChangeCallback
0x801cbf88	60	2	_MemCCacheGetFileOffsetAndChunkSize
0x80350950	232	0	_MemCOp
0x80350940	16	0	_MemCDevices
0x80350a38	28	0	_MemCCard
0x801cc428	24	2	_MemCHackDetectSharedFile
0x80350a60	81920	0	_MemCWorkArea
0x801cd468	440	2	_MemCAsyncRead
0x801cd64c	564	2	_MemCAsyncWrite
0x00000000	0	4	moviercmp.cpp
0x801cdef4	0	0	gcc2_compiled.
0x803b1ce8	1	1	_MovieRcmp_bClearFB
0x803b1cec	4	1	_CodecMADCOW_CreateFunction
0x803b1cf0	4	1	_CodecVP6_CreateFunction
0x801cdef4	44	2	_MovieRcmpAllocMem__FPCciiii
0x801cdf20	36	2	_MovieRcmpFreeMem__FPv
0x801cdf44	108	2	_MovieRcmpProcessAudio__FP20MovieRcmpAudioInfo_t
0x801cdfb0	8	2	_MovieRcmpGetShapeFromFrame__FPv
0x801cdfb8	604	2	_MovieRcmpGetChunk__FPQ24RCMP7DECODERPQ24RCMP8STREAMERPPQ24RCMP5CHUNK
0x801ce214	88	2	_MovieRcmpReleaseChunk__FPQ24RCMP7DECODERPQ24RCMP8STREAMERPQ24RCMP5CHUNK
0x00000000	0	4	llmoviercmp.cpp
0x801ceb30	0	0	gcc2_compiled.
0x800000f8	4	0	__OSBusClock
0x00000000	0	4	rcmpbase.cpp
0x801cec98	0	0	gcc2_compiled.
0x801cf00c	84	2	__static_initialization_and_destruction_0
0x801cf094	44	2	_GLOBAL_.I.__Q24RCMP11RCMP_SYSTEM
0x801cf0c0	44	2	_GLOBAL_.D.__Q24RCMP11RCMP_SYSTEM
0x00000000	0	4	rcmp_mad_codec.cpp
0x801cf0ec	0	0	gcc2_compiled.
0x801cf0ec	32	2	GetChunkType__FPQ24RCMP5CHUNK
0x00000000	0	4	rcmp_mad_codec_chunk_types.cpp
0x801cfb5c	0	0	gcc2_compiled.
0x80294b6c	12	1	_80_GLOBAL_.N..._.._.._Source_Common_MovieRcmp_rcmp_mad_codec_chunk_types.cppkvaaaa.ChunkTypes
0x00000000	0	4	maddec.cpp
0x801cfb90	0	0	gcc2_compiled.
0x801cfb90	700	2	madinit__Fv
0x80366270	512	0	clipbiastbl
0x80294b78	1520	1	encodetbl1
0x80295168	2048	1	encodetbl2
0x803b28a8	4	0	initflag
0x801cfe4c	88	2	discardbits__Fi
0x801cfea4	68	2	getdelta__Fv
0x801cfee8	92	2	dcblock__FPii
0x801cff44	152	2	getluma__FPCUciPii
0x801cffdc	152	2	getchroma__FPCUciPii
0x801d0074	288	2	setluma__FPCiPUci
0x801d0194	160	2	setchroma__FPCiPUci
0x80295968	256	1	quanttbl
0x803b28ac	4	0	motionframe
0x80365c70	1024	0	luma
0x80366070	512	0	chroma
0x00000000	0	4	maddeca.cpp
0x801d06ac	0	0	gcc2_compiled.
0x801d06ac	88	2	discardbits__Fi
0x80295a68	256	1	zigzag
0x00000000	0	4	madidct.cpp
0x801d0870	0	0	gcc2_compiled.
0x801d0870	628	2	IdctColumn
0x801d0ae4	480	2	IdctRow
0x80366570	256	0	work
0x00000000	0	4	render.c
0x801d0e28	0	0	gcc2_compiled.
0x803b28b0	4	0	paintindex
0x803b28b4	4	0	screenx
0x803b28b8	4	0	screeny
0x803b28bc	4	0	videowidth
0x803b28c0	4	0	videoheight
0x803b28c4	4	0	rendermode
0x803b28c8	4	0	rendermethod
0x800000f8	4	0	__OSBusClock
0x00000000	0	4	yuvconv.c
0x801d0ef0	0	0	gcc2_compiled.
0x802ae828	2048	1	luty
0x802af028	2048	1	lutcb
0x802af828	2048	1	lutcr
0x00000000	0	4	rcmp_vp6_codec_chunk_types.cpp
0x801d1ca8	0	0	gcc2_compiled.
0x00000000	0	4	object.c
0x801d1cf0	0	0	gcc2_compiled.
0x801d1cf0	52	2	_ObjDefaultInsertFunc
0x801d1d24	172	2	_ObjProcessListSingleFunc
0x801d1dd0	204	2	_ObjProcessListObjsFirst
0x801d1e9c	200	2	_ObjProcessListFuncsFirst
0x801d1f64	188	2	_ObjProcessList
0x801d2020	120	2	_ObjNewTypeList
0x801d2098	88	2	_ObjDelTypeList
0x801d20f0	64	2	_ObjDelListTraverseFunc
0x801d2130	36	2	_ObjListTraverseFunc
0x00000000	0	4	particleLib.c
0x801d26f4	0	0	gcc2_compiled.
0x803b1d00	1	1	gPartLibIsInit
0x803b1d04	4	1	gPartLibVersion
0x802b004c	12	1	gGravNorm
0x801d26f4	156	2	_ParticlePoolInit
0x8036670c	12	0	worldPoolMan
0x80366670	156	0	partLibState
0x801d2790	72	2	_ParticlePoolShutdown
0x801d27d8	316	2	_ParticlePoolBorrow
0x801d2914	120	2	_checkParticleLives
0x801d298c	1428	2	_genNewParticles
0x801d5180	40	2	_partGetRandom
0x801d51a8	44	2	_partGetRandomRange
0x803b28cc	4	0	gSysSpeedCompVal
0x801d320c	96	2	_particleIntegrateTimestep
0x801d2f20	60	2	_deactivateAllParticles
0x801d2f5c	264	2	_updateSelfControlSys
0x801d3064	424	2	_updateParticles
0x801d326c	60	2	_sumParticleForces
0x801d32a8	200	2	_sumGasMotionForces
0x801d3370	164	2	_sumSolidMotionForces
0x801d3a08	292	2	_particleObjAdd
0x801d3c64	64	2	_particleObjDel
0x801d3754	36	2	_Vec4Copy
0x801d45ac	172	2	PartReadVec4
0x801d469c	336	2	PartReadEmitter
0x801d47ec	168	2	PartReadCollision
0x00000000	0	4	psysEmitter.c
0x801d51d4	0	0	gcc2_compiled.
0x800000f8	4	0	__OSBusClock
0x00000000	0	4	psysCollision.c
0x801d55c4	0	0	gcc2_compiled.
0x801d55c4	168	2	_calcGroundCollision
0x801d566c	224	2	_calcPlaneCollision
0x800000f8	4	0	__OSBusClock
0x00000000	0	4	colorRamp.c
0x801d599c	0	0	gcc2_compiled.
0x801d599c	132	2	_colorRampInsertIndex
0x801d5a20	72	2	_colorRampAppend
0x801d5a68	184	2	_colorRampInterp
0x801d5b20	44	2	_colorRampCopyNode
0x800000f8	4	0	__OSBusClock
0x00000000	0	4	periph.c
0x801d5e8c	0	0	gcc2_compiled.
0x801d5e8c	24	2	_PerCalcPad
0x801d5ea4	228	2	_PerCreateDriverList
0x801d5f88	44	2	_PerDestroyDriverList
0x801d5fb4	332	2	_PerCreateDeviceArray
0x803b28d4	4	0	_Per_DataTSize
0x801d6100	52	2	_PerDestroyDeviceArray
0x80366718	32	0	_Per_CS
0x803b28d0	4	0	_Per_SeqFunction
0x00000000	0	4	llperiph.c
0x801d66dc	0	0	gcc2_compiled.
0x800000f8	4	0	__OSBusClock
0x00000000	0	4	PJoyDrvr.c
0x801d6a08	0	0	gcc2_compiled.
0x801d6a08	240	2	_PerJoyDriverInit
0x801d6af8	28	2	_PerJoyDriverShutdown
0x801d6b14	1932	2	_PerJoyDriverPoll
0x801d72a0	124	2	_PerJoyDriverGetData
0x801d731c	164	2	_PerJoyDriverSendData
0x80366738	16	0	Motor
0x00000000	0	4	PLGWheelDrvr.c
0x801d7410	0	0	gcc2_compiled.
0x801d7410	228	2	_PerLGWheelDriverInit
0x801d74f4	68	2	_PerLGWheelDriverShutdown
0x801d7590	1072	2	_PerLGWheelDriverPoll
0x801d79c0	124	2	_PerLGWheelDriverGetData
0x801d7a3c	24	2	_PerLGWheelDriverSendData
0x801d7a54	104	2	_PerLGWheelOpenDevice
0x801d7538	88	2	_PerLGWheelCloseDevice
0x80366748	50	0	lgBufferData
0x00000000	0	4	llquat.c
0x803b3054	3	1	Quat_NextTraceIndex
0x00000000	0	4	remap.c
0x801d810c	0	0	gcc2_compiled.
0x803b1d18	1	1	_Remap_ModuleActive
0x8036677c	32	0	_Remap_CS
0x803b28d8	4	0	_Remap_NumTables
0x803b28dc	4	0	_Remap_NumEntries
0x803b28e0	4	0	_Remap_NumInputs
0x803b28ec	4	0	_pRemap_TableArray
0x803b28e4	4	0	_Remap_BytesPerTable
0x803b28e8	4	0	_Remap_ArraySize
0x00000000	0	4	Resource.c
0x801d8548	0	0	gcc2_compiled.
0x803b1d2c	4	1	_Res_AsyncDebugProc
0x803b1d30	4	1	_Res_AsyncDebugParm
0x803b1d34	4	1	_ResLoopingCallback
0x803b1d38	4	1	_ResErrorCallback
0x803b1d3c	1	1	_Res_bCachingEnabled
0x803b1d40	4	1	_Res_uTimedAsyncTick
0x803b1d44	4	1	_Res_iTimedAsyncPut
0x803b1d48	4	1	_Res_iTimedAsyncGet
0x803b1d4c	1	1	_Res_bLooseFileSupport
0x803b1d50	4	1	_Res_uMemAllocFlags
0x801d8548	116	2	_ResGetDirInfo
0x801d85bc	84	2	_ResGetBlockOffset
0x801d8610	72	2	_ResBlockLoadCompFileAsync
0x801d8658	308	2	_ResBlockLoadCompFileAsyncBlockCallback
0x803b28fc	4	0	_Res_pBlockLoadBuffer
0x803b28f0	4	0	pGCmpInfo.210
0x8036679c	28	0	InBlock.211
0x803667b8	28	0	OutBlock.212
0x803b28f4	4	0	BytesRead.213
0x803b28f8	4	0	pCurUserData.214
0x801d878c	24	2	_ProcCalcPad
0x801d87a4	40	2	_ResFileInsertFunc
0x801d880c	720	2	_ResAsyncCallbackFunc
0x801d8adc	140	2	_ResGetBaseBlockSize
0x801d8b68	2500	2	_ResLoadRes
0x801d952c	1528	2	_ResLoadResAsync
0x803667d4	64	0	_Res_iTimedAsyncFifo
0x801d9b24	164	2	_ResLockRes
0x801d9bc8	152	2	_ResUnlockRes
0x801d9c60	72	2	_ResReadTerfBlock
0x801d9ca8	72	2	_ResReadBlock
0x801d9cf0	1428	2	_ResInitResourceFile
0x801da284	884	2	_ResInitRamResourceFile
0x801da5f8	540	2	_ResGetResourceBuffer
0x801da814	84	2	_ResUnprotectAll
0x00000000	0	4	terfhash.c
0x801dd1c4	0	0	gcc2_compiled.
0x800000f8	4	0	__OSBusClock
0x00000000	0	4	reswrite.c
0x801dd46c	88	2	_ResBlockToHashType
0x801dd8d4	140	2	_ProcGetBaseBlockSize
0x801dd984	40	2	_ProcCalcPad
0x801dde70	96	2	_FileOutXFillByte
0x801ddf20	124	2	_FileOutLong
0x801dd9ac	528	2	_ProcPatchHashBlock
0x801ddbbc	236	2	_ProcPatchDirBlock
0x801ddca8	260	2	_ProcPatchCompBlock
0x801dd960	36	2	_ProcGetBlockSize
0x801dde40	48	2	_FileOutByte
0x801dded0	80	2	_FileOutWord
0x801dddac	148	2	_ProcSetDirInfo
0x800000f8	4	0	__OSBusClock
0x00000000	0	4	ResTracker.c
0x801ddf9c	0	0	gcc2_compiled.
0x803b1d58	4	1	ResTrackerSize
0x803b1d5c	4	1	_ResTrackMemory
0x803b1d60	4	1	_ResTrackBaseMemory
0x803b1d64	4	1	_ResCount
0x803b1d68	1	1	_bResTrackTideCompatible
0x803b1d6c	4	1	_ResTrackPauseCount
0x00000000	0	4	resquickload.c
0x801de300	0	0	gcc2_compiled.
0x803b1d78	4	1	_ResQuickload_pFileList
0x803b1d7c	4	1	_aFilenameRemappings
0x801de300	232	2	_ResQuickloadReadFileInfo
0x801de3e8	32	2	_ResQuickloadCompareFile1T
0x801de408	156	2	_ResQuickloadGetFile
0x801de4a4	92	2	_ResQuickloadCompareDataEntry
0x801de500	328	2	_ResQuickloadGetData
0x801de648	24	2	_ResQuickloadIsActive
0x00000000	0	4	rescache.c
0x801de908	0	0	gcc2_compiled.
0x803b1d80	1	1	_ResCache_bSync
0x803b1d84	4	1	_ResCache_Device
0x801de908	132	2	_ResCacheWriteCallback
0x00000000	0	4	resloosefile.c
0x801dedbc	0	0	gcc2_compiled.
0x803b1d88	4	1	_ResLooseFile_PrevRes.195
0x803b1d8c	4	1	_ResLooseFile_PrevIndex.196
0x801dedbc	176	2	_ResLooseFileGetName
0x00000000	0	4	hash.c
0x801def74	0	0	gcc2_compiled.
0x00000000	0	4	sound.cpp
0x801defe4	0	0	gcc2_compiled.
0x801defe4	32	2	_SndBankTraverseFindState__FPvN20
0x801df004	100	2	_SndBankFinishDMA__FP13SndBankInfo_t
0x801df068	12	2	_SndALoadBankCallback__FPvUiT0UiT0
0x801df074	372	2	_SndProcessBanks__Fv
0x80366814	100	0	_Snd_ModuleInfo
0x801df1e8	268	2	_SndLoadBank__FPvUiUiT0UiUi
0x801df2f4	208	2	_SndALoadBank__FPvPP13SndBankInfo_tUiUiT0UiUiPFP13SndBankInfo_t_v
0x801df3c4	4	2	_SndAbort__FPCc
0x801df3c8	52	2	_SndIAllocatorMemLabelCB__FUc
0x803b2908	4	0	pIAllocator
0x801e0754	32	2	_SndAemsBankTraverseFindPointer__FPvN20
0x801e0774	108	2	_SndAemsBankAlloc__FPvii
0x801e07e0	64	2	_SndAemsBankRealloc__FP17SndAemsBankInfo_t
0x803b2900	8	0	outStr.540
0x00000000	0	4	llsound.c
0x801e0bbc	0	0	gcc2_compiled.
0x803b1d90	4	1	_Snd_AllocHeapID
0x00000000	0	4	sort.c
0x801e0c80	0	0	gcc2_compiled.
0x801e0c80	44	2	_SortInitInterface
0x00000000	0	4	bubble.c
0x801e0dcc	0	0	gcc2_compiled.
0x801e0dcc	340	2	_SortBubbleSort
0x801e0f20	140	2	_BubbleSwapEl
0x800000f8	4	0	__OSBusClock
0x00000000	0	4	quick.c
0x801e0fd8	0	0	gcc2_compiled.
0x801e0fd8	444	2	_SortQuickSort
0x801e1228	140	2	_QuickSwapEl
0x801e1194	148	2	_SortQuickSortWrapper
0x800000f8	4	0	__OSBusClock
0x00000000	0	4	Speech.cpp
0x801e12e0	0	0	gcc2_compiled.
0x803b1da0	1	1	_Spch_Active
0x801e12e0	76	2	_Spch_AbortMessage__FPCce
0x801e132c	32	2	_Spch_GetTick__Fv
0x801e134c	92	2	_SpchLogReset__Fv
0x80366878	1256	0	_SpchLog_EventLog
0x801e13a8	144	2	_SpchLogAddEvent__FiiiPUi
0x803b2914	4	0	_Spch_pPassFunction
0x803b2910	4	0	pIAllocator
0x803b290c	4	0	_pSpch_BankMem
0x803b2918	4	0	_Spch_pNameFunction
0x803b291c	1	0	bVerboseLogging
0x00000000	0	4	stream.c
0x801e1904	0	0	gcc2_compiled.
0x801e1904	32	2	getint
0x801e1924	64	2	validatehandle
0x801e1964	64	2	inbetween
0x801e19a4	128	2	decbufferusage
0x801e1a24	132	2	getfreerequest
0x803b2920	4	0	requestidcounter
0x801e1aa8	124	2	queuerequest
0x801e1b24	80	2	locaterequest
0x801e1b74	128	2	freerequest
0x801e1bf4	124	2	filterchunk
0x801e1c70	512	2	parsechunks
0x801e1e70	252	2	readcallback
0x801e1f90	304	2	startnextrequest
0x801e20c0	796	2	restartstream
0x801e1f6c	36	2	_StreamReadCallback
0x80366d60	32	0	_Stream_SeekReadCS
0x800000f8	4	0	__OSBusClock
0x00000000	0	4	mutex.c
0x801e32b8	0	0	gcc2_compiled.
0x800000f8	4	0	__OSBusClock
0x00000000	0	4	system.c
0x801e335c	0	0	gcc2_compiled.
0x803b1dac	4	1	_Sys_LastError
0x803b1db0	4	1	_Sys_ErrorList
0x803b1db4	4	1	_Sys_ThreadIndexList
0x803b1db8	4	1	_Sys_NumThreads
0x803b1dc0	4	1	_Sys_uVSyncCounter
0x801e335c	16	2	_SysInsertByPriorityCallback
0x803b2928	4	0	_Sys_CallbackList
0x801e336c	56	2	_SysTraverseErrorList
0x803b2924	4	0	_Sys_TimerList
0x80366d80	32	0	_SysCS
0x00000000	0	4	llsystem.c
0x801e38b4	0	0	gcc2_compiled.
0x803b1dc8	4	1	_Sys_CritSectCtr
0x803b1dcc	4	1	_Sys_MainThreadID
0x803b1dd0	4	1	_Sys_uRTTicks
0x803b1dd4	4	1	_Sys_uRTSeconds
0x803b1dd8	1	1	_Sys_ResetCheckEnable
0x803b1dd9	1	1	_Sys_bDelayedReset
0x803b1dda	1	1	_Sys_bResetButtonHit
0x803b1ddc	4	1	_Sys_PreviousResetFunc
0x801e38b4	36	2	_SysVIPreRetraceCallback
0x801e38d8	120	2	_SysSetupReset
0x801e3950	64	2	_SysResetCallback
0x803b1de0	1	1	bFirstTime.228
0x80366da0	24	0	_Sys_CritSectMutex
0x80366db8	12	0	_Sys_Clock
0x00000000	0	4	t3db.c
0x801e4314	0	0	gcc2_compiled.
0x801e4314	120	2	_TDbTblDefaultDbFind
0x801e4c0c	204	2	Partition
0x801e4cd8	96	2	QuickSortUint32
0x00000000	0	4	t3db_io.c
0x801e5eb0	0	0	gcc2_compiled.
0x802b00c0	1024	1	crc32_table
0x801e5eb0	88	2	_TDbIOInitCRCTable
0x801e5f08	156	2	_TDbIOWriteBuffer
0x801e5fa4	156	2	_TDbIOReadBuffer
0x801e6040	248	2	_TDbIODatabaseSaveSize
0x801e6138	996	2	_TDbIOReadTableAppend
0x801e651c	540	2	_TDbIOReadTableRow
0x801e6c00	1040	2	_TDbIOReadIndex
0x801e6738	1224	2	_TDbIOReadTableNew
0x801e7010	244	2	_TDbIOReadExprNode
0x801e7104	360	2	_TDbIOWriteExprNode
0x801e726c	256	2	_TDbIOWriteIndex
0x801e736c	704	2	_TDbIOWriteTable
0x00000000	0	4	t3db_TblRaw.c
0x00000000	0	4	T3DB_Compiler.c
0x801e8014	0	0	gcc2_compiled.
0x80366dc4	80	0	__T3DB_Compiler_SQLStack
0x801e86e4	60	2	TDBInitParseInfo
0x801eb604	1288	2	_T3DBParse_Start
0x801e8720	288	2	_T3DBEnumColumnLiterals
0x801e8840	232	2	_T3DBCreateOutputTable
0x801e8928	216	2	_T3DBParse_Ref32
0x801e8a00	188	2	_T3DBParse_TableColumn
0x801e8abc	1280	2	_T3DBParse_Into
0x801e8fbc	252	2	_T3DBParse_TableColumnName
0x801e90b8	416	2	_T3DBParse_TableColumnNames
0x801e9258	432	2	_T3DBParse_Join
0x801e9c20	608	2	_T3DBParse_Equivalent
0x801e9408	352	2	_T3DBParse_Comparsion
0x801e9568	1372	2	_T3DBParse_Value
0x801e9ac4	176	2	_T3DBParse_Logical
0x801e9b74	172	2	_T3DBParse_SubEquivalent
0x801e9e80	156	2	_T3DBParse_Where
0x801e9f1c	296	2	_T3DBParse_From
0x801ea044	1344	2	_T3DBParse_VariableName
0x801ea584	400	2	_T3DBParse_VariableNames
0x801ea714	104	2	_T3DBParse_Set
0x801ea77c	596	2	_T3DBParse_Aggregate
0x801ea9d0	436	2	_T3DBParse_Select
0x801eab84	888	2	_T3DBParse_Declare
0x801eaefc	64	2	_T3DBParse_Delete
0x801eaf3c	368	2	_T3DBParse_Fetch
0x801eb524	224	2	_T3DBFillPartialTableColRefs
0x801eb0ac	252	2	_T3DBParse_Update
0x801eb1a8	576	2	_T3DBParse_Insert
0x801eb3e8	224	2	_T3DBFillFetchedValues
0x801eb4c8	92	2	_T3DBParse_PatchTableRef
0x801ebd5c	660	2	_T3DBExec_Aggregate
0x00000000	0	4	T3DB_Lexer.c
0x801ebff0	0	0	gcc2_compiled.
0x00000000	0	4	t3db_bitdata.c
0x801ed3d4	0	0	gcc2_compiled.
0x00000000	0	4	t3db_index.c
0x801ed508	0	0	gcc2_compiled.
0x801edd48	440	2	_TDbIdxCompare
0x801ed96c	128	2	_TDbIdxTreeRotate
0x801ed9ec	260	2	_TDbIdxTreeInsertFixup
0x801edf00	220	2	_TDbIdxCreateKey
0x00000000	0	4	t3db_mem.c
0x801eea84	0	0	gcc2_compiled.
0x00000000	0	4	t3db_expr.c
0x801eed94	0	0	gcc2_compiled.
0x801eed94	20	2	_TDbOpNone
0x801eeda8	88	2	_TDbOpRelatLT_STRING
0x801eee00	92	2	_TDbOpRelatLE_STRING
0x801eee5c	84	2	_TDbOpRelatEQ_STRING
0x801eeeb0	88	2	_TDbOpRelatGT_STRING
0x801eef08	92	2	_TDbOpRelatGE_STRING
0x801eef64	92	2	_TDbOpRelatNE_STRING
0x801eefc0	72	2	_TDbOpLogicAND_STRING
0x801ef008	72	2	_TDbOpLogicOR_STRING
0x801ef050	92	2	_TDbOpLogicXOR_STRING
0x801ef0ac	48	2	_TDbOpLogicNOT_STRING
0x801ef0dc	80	2	_TDbOpRelatLT_BINARY
0x801ef12c	84	2	_TDbOpRelatLE_BINARY
0x801ef180	76	2	_TDbOpRelatEQ_BINARY
0x801ef1cc	80	2	_TDbOpRelatGT_BINARY
0x801ef21c	84	2	_TDbOpRelatGE_BINARY
0x801ef270	84	2	_TDbOpRelatNE_BINARY
0x801ef2c4	36	2	_TDbOpRelatLT_INT
0x801ef2e8	40	2	_TDbOpRelatLE_INT
0x801ef310	36	2	_TDbOpRelatEQ_INT
0x801ef334	36	2	_TDbOpRelatGT_INT
0x801ef358	40	2	_TDbOpRelatGE_INT
0x801ef380	40	2	_TDbOpRelatNE_INT
0x801ef3a8	64	2	_TDbOpRelatIR_INT
0x801ef3e8	60	2	_TDbOpRelatNR_INT
0x801ef424	48	2	_TDbOpLogicAND_INT
0x801ef454	48	2	_TDbOpLogicOR_INT
0x801ef484	64	2	_TDbOpLogicXOR_INT
0x801ef4c4	28	2	_TDbOpLogicNOT_INT
0x801ef4e0	28	2	_TDbOpSMathADD_INT
0x801ef4fc	28	2	_TDbOpSMathSUB_INT
0x801ef518	28	2	_TDbOpSMathMUL_INT
0x801ef534	48	2	_TDbOpSMathDIV_INT
0x801ef564	52	2	_TDbOpSMathPCT_INT
0x801ef598	36	2	_TDbOpSMathMINOF_INT
0x801ef5bc	36	2	_TDbOpSMathMAXOF_INT
0x801ef5e0	120	2	_TDbOpFMathFDIV_INT
0x801ef658	36	2	_TDbOpRelatLT_UINT
0x801ef67c	36	2	_TDbOpRelatLE_UINT
0x801ef6a0	36	2	_TDbOpRelatGT_UINT
0x801ef6c4	36	2	_TDbOpRelatGE_UINT
0x801ef6e8	60	2	_TDbOpRelatIR_UINT
0x801ef724	60	2	_TDbOpRelatNR_UINT
0x801ef760	28	2	_TDbOpSMathADD_UINT
0x801ef77c	28	2	_TDbOpSMathSUB_UINT
0x801ef798	28	2	_TDbOpSMathMUL_UINT
0x801ef7b4	48	2	_TDbOpSMathDIV_UINT
0x801ef7e4	44	2	_TDbOpSMathPCT_UINT
0x801ef810	36	2	_TDbOpSMathMINOF_UINT
0x801ef834	36	2	_TDbOpSMathMAXOF_UINT
0x801ef858	28	2	_TDbOpBMathAND_UINT
0x801ef874	28	2	_TDbOpBMathOR_UINT
0x801ef890	28	2	_TDbOpBMathXOR_UINT
0x801ef8ac	24	2	_TDbOpBMathNOT_UINT
0x801ef8c4	112	2	_TDbOpFMathFDIV_UINT
0x801ef934	36	2	_TDbOpRelatLT_FLOAT
0x801ef958	40	2	_TDbOpRelatLE_FLOAT
0x801ef980	36	2	_TDbOpRelatGT_FLOAT
0x801ef9a4	40	2	_TDbOpRelatGE_FLOAT
0x801ef9cc	128	2	_TDbOpRelatIR_FLOAT
0x801efa4c	128	2	_TDbOpRelatNR_FLOAT
0x801efacc	28	2	_TDbOpSMathADD_FLOAT
0x801efae8	28	2	_TDbOpSMathSUB_FLOAT
0x801efb04	28	2	_TDbOpSMathMUL_FLOAT
0x801efb20	44	2	_TDbOpSMathDIV_FLOAT
0x801efb4c	40	2	_TDbOpSMathPCT_FLOAT
0x801efb74	40	2	_TDbOpSMathMINOF_FLOAT
0x801efb9c	40	2	_TDbOpSMathMAXOF_FLOAT
0x801efbc4	52	2	_TDbOpFMathROUND_FLOAT
0x801efbf8	64	2	_TDbOpFMathSQRT_FLOAT
0x801efc38	132	2	_TDbOpFMathMKPCT_FLOAT
0x801efcbc	188	2	_TDbOpFMathMKPCT_INT
0x801efd78	180	2	_TDbOpFMathMKPCT_UINT
0x802b04c0	560	1	_tDbExprGrid
0x00000000	0	4	t3db_query.c
0x801f0d94	0	0	gcc2_compiled.
0x801f0d94	300	2	_TDbQryUpdateQIdxsFromLits
0x801f22dc	432	2	_TDbQryCreateQIdxKey
0x801f248c	108	2	_TDbQryFreeQIdx
0x801f11c8	128	2	_TDbQrySetInUse
0x801f1248	60	2	_TDbQryClearInUse
0x801f1284	372	2	_TDbQryQIdxRowDelete
0x801f13f8	1892	2	_TDbQryPrepComplexFilter
0x801f1d48	204	2	_TDbQryScoreIndexComplex
0x801f2928	352	2	_TDbQryCompareIndexExpr
0x801f1e14	488	2	_TDbQryScoreIndex
0x801f2838	240	2	_TDbQryCompareIndexCol
0x801f1ffc	736	2	_TDbQryCreateTIdx
0x801f24f8	832	2	_TDbQryCreateQIdx
0x802b06f0	24	1	swapArray.195
0x801f2a88	428	2	_TDbQryFindJoinColumn
0x00000000	0	4	t3db_table.c
0x801f66f0	0	0	gcc2_compiled.
0x801f66f0	428	2	_TDbTblFillColHeader
0x00000000	0	4	t3dbUtil.c
0x80366e14	10	0	_tDbVersion.144
0x00000000	0	4	t3db_blob.c
0x801f7eb8	0	0	gcc2_compiled.
0x801f7eb8	112	2	_TDbBlobHuffDecode
0x00000000	0	4	t3db_data.c
0x801f8050	0	0	gcc2_compiled.
0x00000000	0	4	tdbext.c
0x801f812c	0	0	gcc2_compiled.
0x803b1e18	4	1	_dbExtOverrideHeapId
0x803b1e1c	1	1	_dbExtInit
0x803b1e1d	1	1	_dbHeapShared
0x803b1e20	4	1	_TDbExt_uMemFlags
0x80366e20	24	0	_dbExtHeapDef
0x00000000	0	4	tdbiofio.c
0x801f8384	0	0	gcc2_compiled.
0x801f8384	112	2	_IO_Open
0x801f83f4	68	2	_IO_Close
0x801f84bc	116	2	_IO_Read
0x801f8438	132	2	_IO_Write
0x801f8530	104	2	_IO_Seek
0x801f8598	8	2	_IO_CalcPadding
0x00000000	0	4	tdbiomem.c
0x801f85a0	0	0	gcc2_compiled.
0x801f85a0	56	2	_IO_Open
0x801f85d8	52	2	_IO_Close
0x801f8688	128	2	_IO_Read
0x801f860c	124	2	_IO_Write
0x801f8708	60	2	_IO_Seek
0x801f8744	8	2	_IO_CalcPadding
0x00000000	0	4	tdbiores.c
0x801f874c	0	0	gcc2_compiled.
0x801f874c	164	2	_IO_Open
0x801f87f0	156	2	_IO_Close
0x801f8968	220	2	_IO_Read
0x801f888c	220	2	_IO_Write
0x801f8a44	36	2	_IO_Seek
0x801f8a68	8	2	_IO_CalcPadding
0x801f8b3c	180	2	_IOWrite_Open
0x801f8bf0	152	2	_IOWrite_Close
0x801f8d44	8	2	_IOWrite_Read
0x801f8c88	188	2	_IOWrite_Write
0x801f8acc	112	2	_EnterWriteState
0x801f8a70	92	2	_EnterReadState
0x00000000	0	4	texture.c
0x801f8d4c	0	0	gcc2_compiled.
0x803b1e28	1	1	_Tex_ModuleActive
0x803b1e30	4	1	_Tex_NumFileTypes
0x801f8f3c	132	2	_TexRawCreate
0x801f8d4c	220	2	_TexRawConvert
0x801f8fc0	228	2	_TexMipmapCreate
0x801f8e28	276	2	_TexMipmapConvert
0x803b1e38	4	1	_Tex_NumEffectTypes
0x803b1e3c	4	1	_Tex_pEffectTypes
0x803b292c	4	0	_Tex_MaxFileTypes
0x803b2930	4	0	_Tex_MaxEffectTypes
0x00000000	0	4	lltextur.c
0x800000f8	4	0	__OSBusClock
0x00000000	0	4	tmmodelres.c
0x801f9c80	0	0	gcc2_compiled.
0x801f9c80	96	2	_TMModelResGetChunkDef
0x803b293c	4	0	_TMModelRes_nChunks
0x803b2938	4	0	_TMModelRes_pChunkDefList
0x801f9ce0	144	2	_TMModelResRelocateChunk
0x803b2934	4	0	_TMModelRes_NumChunkTypes
0x800000f8	4	0	__OSBusClock
0x00000000	0	4	tmswappart.c
0x801f9f78	0	0	gcc2_compiled.
0x800000f8	4	0	__OSBusClock
0x00000000	0	4	tmmodel.c
0x801fa134	0	0	gcc2_compiled.
0x800000f8	4	0	__OSBusClock
0x00000000	0	4	tmxform.c
0x800000f8	4	0	__OSBusClock
0x00000000	0	4	tmmaterial.c
0x801fa868	0	0	gcc2_compiled.
0x803b1e40	4	1	_TMMaterial_pSelect
0x801fa868	104	2	_TMMaterialGetTexState
0x801fa8d0	100	2	_TMMaterialGetConstantData
0x801fa934	264	2	_TMMaterialAllocTexState
0x00000000	0	4	tmmateriallist.c
0x803b1e48	4	1	_TMMaterialList_pNodes
0x801faeec	92	2	_TMMaterialListAllocNode
0x801faf48	84	2	_TMMaterialListFreeNode
0x00000000	0	4	tmrender.c
0x801fb250	0	0	gcc2_compiled.
0x803b1e50	1	1	_TMRender_bInitialized
0x803b1e54	4	1	_TMRender_pDefaultTexture
0x802b079c	16	1	_TMRender_TexXFormIdx
0x803b1e58	4	1	_TMRender_pRemapClutData16
0x803b1e5c	4	1	_TMRender_pRemapClutData256
0x803b1e60	1	1	_TMRender_b32BitIndirectClutsEnabled
0x801fb250	236	2	_TMRenderBindBindTexXForm
0x80366e64	40	0	_TMRender_RemapClut16
0x80366e8c	40	0	_TMRender_RemapClut256
0x80366e38	44	0	_TMRender_NullTexture
0x00000000	0	4	tmrendergeom.c
0x801fbe78	0	0	gcc2_compiled.
0x801fbe78	156	2	_TMRenderGeomSubmit
0x801fbf14	308	2	_TMRenderGeom
0x800000f8	4	0	__OSBusClock
0x00000000	0	4	tmshader.c
0x803b1e68	4	1	_TMShader_pSelect
0x00000000	0	4	tmshaderlib.c
0x801fc2f8	0	0	gcc2_compiled.
0x803b1e70	4	1	_TMShaderLib_pNodes
0x801fc2f8	84	2	_TMShaderLibAddShader
0x80366eb4	16	0	_TMShaderLib_Registry
0x803b2940	4	0	_TMShaderLib_pNullShader
0x00000000	0	4	tmtexlib.c
0x801fc59c	0	0	gcc2_compiled.
0x801fc59c	176	2	_TMTexLibInitTexNodes
0x801fc64c	136	2	_TMTexLibInitCluts
0x801fc6d4	284	2	_TMTexLibInitTextures
0x80366ec4	16	0	_TMTexLib_Registry
0x800000f8	4	0	__OSBusClock
0x00000000	0	4	tmtexture.c
0x801fce1c	0	0	gcc2_compiled.
0x80296110	12	1	s_texWrapModeRemap
0x00000000	0	4	tmname.c
0x801fd334	0	0	gcc2_compiled.
0x00000000	0	4	tmmemory.c
0x801fd444	0	0	gcc2_compiled.
0x800000f8	4	0	__OSBusClock
0x00000000	0	4	tmregistry.c
0x801fd4b0	0	0	gcc2_compiled.
0x801fd4b0	20	2	_TMRegistryCopyEntry
0x800000f8	4	0	__OSBusClock
0x00000000	0	4	tmshaderdef.c
0x800000f8	4	0	__OSBusClock
0x00000000	0	4	tmshaderstock.c
0x801fda50	0	0	gcc2_compiled.
0x802b07ac	28	1	_TMShaderStock_NullDef
0x802b07c8	28	1	_TMShaderStock_FlatDef
0x802b0814	28	1	_TMShaderStock_OnePassDef
0x802b0844	28	1	_TMShaderStock_OnePassTXDef
0x802b0888	28	1	_TMShaderStock_TwoPassDef
0x802b08cc	28	1	_TMShaderStock_SpecularEnvMapDef
0x801fda50	80	2	_TMShaderStockBind_Null
0x801fdaa0	80	2	_TMShaderStockBind_Flat
0x801fdaf0	80	2	_TMShaderStockBind_OnePass
0x801fdb40	240	2	_TMShaderStockBind_TwoPass
0x801fdc30	76	2	_TMShaderStockBind_Replace
0x801fdc7c	204	2	_TMShaderStockBind_SpecularEnvMap
0x801fdd48	212	2	_TMShaderStockCreateShaders
0x801fde1c	56	2	_TMShaderStockBind_OnePassTXDef
0x80366ee4	36	0	_TMShaderStock_NullShader
0x80366ed4	16	0	_TMShaderStock_ShaderLib
0x00000000	0	4	tmshaderparm.c
0x801fdf08	0	0	gcc2_compiled.
0x802b0910	13	1	_TMShaderParm_SizeTable
0x00000000	0	4	tmshadercode.c
0x801fdf18	0	0	gcc2_compiled.
0x00000000	0	4	tmmaterialdef.c
0x800000f8	4	0	__OSBusClock
0x00000000	0	4	tmclusterdef.c
0x800000f8	4	0	__OSBusClock
0x00000000	0	4	tmclusterobj.c
0x801fe138	0	0	gcc2_compiled.
0x803b2944	8	0	_TMClusterObj_pMatrixBuffer
0x803b2950	4	0	_TMClusterObj_nMatrices
0x803b294c	4	0	_TMClusterObj_iCurMatrixBuffer
0x803b2954	4	0	_TMClusterObj_iCurMatrix
0x800000f8	4	0	__OSBusClock
0x00000000	0	4	tmtev.c
0x801fe468	0	0	gcc2_compiled.
0x800000f8	4	0	__OSBusClock
0x00000000	0	4	tmclip.c
0x801fe5fc	0	0	gcc2_compiled.
0x802b0920	12	1	_TMClip_ZeroVec
0x801fe5fc	484	2	_TMClipExpandXformBBox
0x801fe7e0	360	2	_TMClipVertexListProj
0x801fe948	552	2	_TMClipVertexListProjExtent
0x80366f08	64	0	_TMClip_Projection
0x80366f48	64	0	_TMClip_LocalToCamera
0x00000000	0	4	tmbuffer.c
0x801ff050	0	0	gcc2_compiled.
0x800000f8	4	0	__OSBusClock
0x00000000	0	4	tmlightdef.c
0x801ff1c4	0	0	gcc2_compiled.
0x800000f8	4	0	__OSBusClock
0x00000000	0	4	tmblend.c
0x801ff214	0	0	gcc2_compiled.
0x801ff214	252	2	_TMBlendBuildTargetList
0x801ff310	124	2	_TMBlendClampTargets
0x801ff38c	44	2	_TMBlendReset
0x801ff3b8	280	2	_TMBlendGeom
0x80366f88	284	0	_TMBlend_BlendState
0x800000f8	4	0	__OSBusClock
0x00000000	0	4	tmblendchannel.c
0x801ff75c	0	0	gcc2_compiled.
0x801ff75c	44	2	_TMBlendChannelGetInData
0x803670c0	184	0	_TMBlendChannel_State
0x801ff788	76	2	_TMBlendChannelSetSpr
0x80367180	16384	0	_TMBlendChannel_Scratchpad
0x800000f8	4	0	__OSBusClock
0x00000000	0	4	tmblendop.c
0x801ff974	0	0	gcc2_compiled.
0x801ff974	96	2	_TMBlendOpAccumulate_3s16
0x801ff9d4	104	2	_TMBlendOpAccumulate_3s16C
0x801ffa3c	140	2	_TMBlendOpAccumulateInterp_4s16C
0x801ffac8	68	2	_TMBlendOpExtract_3s16
0x801ffb0c	160	2	_TMBlendOpExtract_3f32
0x801ffbac	200	2	_TMBlendOpIntract_3f32
0x801ffc74	152	2	_TMBlendOpIntract_3s16
0x801ffd0c	108	2	_TMBlendOpAccumulate_3s8
0x801ffd78	116	2	_TMBlendOpAccumulate_3s8C
0x801ffdec	156	2	_TMBlendOpAccumulateInterp_4s8C
0x801ffe88	80	2	_TMBlendOpExtract_3s8
0x801ffed8	152	2	_TMBlendOpIntract_3s8
0x800000f8	4	0	__OSBusClock
0x00000000	0	4	tmextentsdef.c
0x800000f8	4	0	__OSBusClock
0x00000000	0	4	TMTexXForm.c
0x80200284	0	0	gcc2_compiled.
0x803b1e78	4	1	_ptexFormList
0x00000000	0	4	tmchannellist.c
0x80200380	0	0	gcc2_compiled.
0x800000f8	4	0	__OSBusClock
0x00000000	0	4	tmviewport.c
0x802005c0	0	0	gcc2_compiled.
0x800000f8	4	0	__OSBusClock
0x00000000	0	4	lltmviewport.c
0x802006b8	0	0	gcc2_compiled.
0x800000f8	4	0	__OSBusClock
0x00000000	0	4	tmprof.c
0x800000f8	4	0	__OSBusClock
0x00000000	0	4	tmdebuginfo.c
0x802006cc	0	0	gcc2_compiled.
0x800000f8	4	0	__OSBusClock
0x00000000	0	4	TmInstance.c
0x80200764	0	0	gcc2_compiled.
0x803b1e80	4	1	_TMInstance_pSelect
0x00000000	0	4	TMMorphAnim.c
0x80200960	0	0	gcc2_compiled.
0x800000f8	4	0	__OSBusClock
0x00000000	0	4	tmskeleton.c
0x80200a18	0	0	gcc2_compiled.
0x800000f8	4	0	__OSBusClock
0x00000000	0	4	tmgeometry.c
0x803b1e88	4	1	_TMGeom_ChannelBuffer
0x803b1e8c	4	1	_TMGeom_BufferPosition
0x803b1e90	4	1	_TMGeom_BufferEnd
0x80200c5c	176	2	_TMGeometryIsSameFormat
0x80200d0c	224	2	_TMGeometryHashFormat
0x00000000	0	4	trash.c
0x80200f38	0	0	gcc2_compiled.
0x8036b180	40	0	_Trash
0x800000f8	4	0	__OSBusClock
0x00000000	0	4	UIGFmv.c
0x802010b8	0	0	gcc2_compiled.
0x803b1e9c	4	1	_UIGFMV_HeapId
0x00000000	0	4	LLUIGFmv.c
0x80201454	0	0	gcc2_compiled.
0x803b1ea4	1	1	_bAbortPlayback
0x803b1ea5	1	1	_bIsFinished
0x80201cdc	224	2	LLUIGFMVSizzle32to32
0x80201794	252	2	LLUIGFmvInitTexture
0x80201e08	232	2	_PackTile_RGBA8
0x80201dbc	76	2	_GetLayerValue
0x00000000	0	4	UIGLibraries.c
0x80201ef8	0	0	gcc2_compiled.
0x803b1ea8	8	1	_pLibraryInfo
0x803b1eb0	4	1	_UIGLibraryMemInfoFunc
0x80202900	136	2	_UIGLibraryClose
0x802020fc	228	2	_UIGLibraryOpen
0x80202bf4	76	2	UIGLibraryInitType
0x80202890	52	2	_UIGLibraryAsyncCallback
0x80202afc	248	2	UIGLibraryLoadType
0x80202a9c	96	2	UIGLibraryUnLoadType
0x80202d54	4	2	_UIGLibraryFlushCache
0x80202c40	76	2	UIGLibraryShutdownType
0x80202c8c	64	2	UIGLibraryProcessType
0x00000000	0	4	UIGColorStyle.c
0x803b1eb8	4	1	_PaletteData
0x803b2964	4	0	_UIGColorStyle_pCacheColorStyle
0x803b2960	4	0	_UIGColorStyle_pCacheLibrary
0x803b2958	4	0	_UIGColorStyle_uCacheFile
0x803b295c	4	0	_UIGColorStyle_uCacheItem
0x00000000	0	4	UIGTextureNode.c
0x80202ddc	0	0	gcc2_compiled.
0x800000f8	4	0	__OSBusClock
0x00000000	0	4	LLUIGTextureNode.c
0x80202ed0	0	0	gcc2_compiled.
0x800000f8	4	0	__OSBusClock
0x00000000	0	4	UIGFont.c
0x8020337c	0	0	gcc2_compiled.
0x800000f8	4	0	__OSBusClock
0x00000000	0	4	vector.c
0x803b1ec0	1	1	_Vec_ModuleActive
0x00000000	0	4	llvector.c
0x802035d8	0	0	gcc2_compiled.
0x800000f8	4	0	__OSBusClock
0x00000000	0	4	llclip.c
0x800000f8	4	0	__OSBusClock
0x00000000	0	4	viewport.c
0x80203f04	0	0	gcc2_compiled.
0x803b1ec8	1	1	_Vpt_ModuleActive
0x803b1ed4	1	1	_Vpt_IsProcessing
0x80203f04	16	2	_VptInsertByPriorityCallback
0x80203f14	96	2	_VptTraverseRemoveCallback
0x80203f74	16	2	_VptInsertByPriorityViewport
0x80203f84	44	2	_VptCalculateOrthoValues
0x00000000	0	4	llviewpt.c
0x8020467c	0	0	gcc2_compiled.
0x803b1ed8	4	1	_Vpt_pTrashCan
0x803b1edc	4	1	_Vpt_TrashLatency
0x8020467c	292	2	_VptSetupScissor
0x00000000	0	4	vram.c
0x803b1ee0	2	1	_Vram_MaxBlocks
0x803b1ee4	4	1	_Vram_Blocks
0x803b1ee8	4	1	_Vram_NextHandle
0x803b1eec	1	1	_Vram_ModuleActive
0x8036b1a8	64	0	_Vram_pHeaps
0x00000000	0	4	llvram.c
0x802b0938	56	1	_Vram_Map_PSMT4
0x802b0970	56	1	_Vram_Map_PSMT8
0x802b09a8	56	1	_Vram_Map_PSMCT16
0x802b09e0	56	1	_Vram_Map_PSMCT24
0x802b0a18	56	1	_Vram_Map_PSMCT32
0x802b0a50	60	1	_Vram_pGSVramMapping
0x8036b1e8	32	0	_Vram_GSTexFlush
0x00000000	0	4	PPCArch.c
0x00000000	0	4	OS.c
0x802b0a90	0	0	...data.0
0x802b0a90	68	1	@1
0x803b2968	4	1	BootInfo
0x803b296c	4	1	BI2DebugFlag
0x803b2970	4	1	BI2DebugFlagHolder
0x8036b220	32	1	DriveInfo
0x8036b220	0	0	...bss.0
0x8036b240	48	1	DriveBlock
0x803b2978	8	1	ZeroF
0x803b2980	8	1	ZeroPS
0x803b2988	4	1	AreWeInitialized
0x80204f74	296	2	ClearArena
0x8020509c	60	2	InquiryCallback
0x802b0ad4	13	1	@86
0x802b0ae4	22	1	@87
0x802b0afc	12	1	@88
0x802b0b08	9	1	@89
0x802b0b14	16	1	@90
0x802b0b24	11	1	@91
0x802b0b30	14	1	@92
0x802b0b40	13	1	@93
0x802b0b50	13	1	@94
0x802b0b60	13	1	@95
0x802b0b70	25	1	@96
0x803b1ef4	6	1	@97
0x802b0b8c	14	1	@98
0x802b0b9c	21	1	@99
0x802054b0	640	2	OSExceptionInit
0x803b298c	4	1	OSExceptionTable
0x802b0bb4	60	1	__OSExceptionLocations
0x802b0bf0	27	1	@133
0x802b0c0c	46	1	@134
0x802b0c3c	47	1	@135
0x802b0c6c	27	1	@136
0x80205730	36	2	__OSDBIntegrator
0x80205754	4	2	__OSDBJump
0x80205788	156	2	OSExceptionVector
0x803b1efc	4	1	@144
0x00000000	0	4	OSAlarm.c
0x803b29a8	8	1	AlarmQueue
0x802b0c88	0	0	...data.0
0x802b0c88	137	1	@50
0x802b0d14	89	1	@51
0x802b0d70	89	1	@52
0x802b0dcc	82	1	@53
0x802b0e20	80	1	@54
0x80205f70	80	2	DecrementerExceptionHandler
0x8020596c	592	2	InsertAlarm
0x80205d40	560	2	DecrementerExceptionCallback
0x00000000	0	4	OSArena.c
0x803b29b0	4	1	__OSArenaHi
0x803b1f00	4	1	__OSArenaLo
0x00000000	0	4	OSAudioSystem.c
0x802b0e70	128	1	DSPInitCode
0x00000000	0	4	OSCache.c
0x802b0ef0	0	0	...data.0
0x802b0ef0	41	1	@63
0x802b0f1c	24	1	@84
0x802b0f34	27	1	@85
0x802b0f50	48	1	@86
0x802b0f80	60	1	@87
0x802b0fbc	55	1	@88
0x802b0ff4	63	1	@89
0x802b1034	41	1	@90
0x802b1060	29	1	@91
0x802b1080	25	1	@92
0x802b109c	25	1	@104
0x802b10b8	25	1	@105
0x802b10d4	22	1	@106
0x802b10ec	46	1	@107
0x00000000	0	4	OSContext.c
0x8020679c	292	2	__OSLoadFPUContext
0x802068c0	296	2	__OSSaveFPUContext
0x802b1120	0	0	...data.0
0x802b1120	68	1	@61
0x802b1164	48	1	@62
0x802b1194	47	1	@63
0x802b11c4	47	1	@64
0x802b11f4	17	1	@65
0x802b1208	33	1	@66
0x802b122c	18	1	@67
0x802b1240	25	1	@68
0x802b125c	18	1	@69
0x802b1270	29	1	@70
0x802b1290	38	1	@71
0x802b12b8	28	1	@72
0x80206f40	132	2	OSSwitchFPUContext
0x802b12d4	35	1	@76
0x00000000	0	4	OSError.c
0x802b12f8	0	0	...data.0
0x802b12f8	22	1	@13
0x802b1310	38	1	@14
0x802b1338	28	1	@15
0x8036b270	0	0	...bss.0
0x802b1354	29	1	@74
0x802b1374	23	1	@75
0x803b1f0c	2	1	@76
0x802b138c	49	1	@77
0x802b13c0	16	1	@78
0x802b13d0	96	1	@79
0x802b1430	76	1	@80
0x802b147c	98	1	@81
0x802b14e0	96	1	@82
0x802b1540	31	1	@83
0x802b1560	31	1	@84
0x802b1580	27	1	@85
0x802b159c	53	1	@86
0x802b15d4	64	1	@87
0x00000000	0	4	OSInterrupt.c
0x803b29b8	4	1	InterruptHandlerTable
0x802b1618	44	1	InterruptPrioTable
0x80207ed4	80	2	ExternalInterruptHandler
0x802077a8	728	2	SetInterruptMask
0x00000000	0	4	OSLink.c
0x802b1648	37	1	@62
0x802b1670	39	1	@189
0x00000000	0	4	OSMemory.c
0x802b1698	16	1	ResetFunctionInfo
0x80207f3c	60	2	OnReset
0x80207f78	108	2	MEMIntrruptHandler
0x80207fe4	128	2	Config24MB
0x80208064	128	2	Config48MB
0x802080e4	24	2	RealMode
0x00000000	0	4	OSMutex.c
0x00000000	0	4	OSReset.c
0x803b29d0	8	1	ResetFunctionQueue
0x803b29d8	4	1	bootThisDol
0x80208504	112	2	Reset
0x00000000	0	4	OSResetSW.c
0x803b29e0	4	1	ResetCallback
0x803b29e4	4	1	Down
0x803b29e8	4	1	LastState
0x803b29f0	8	1	HoldUp
0x803b29f8	8	1	HoldDown
0x00000000	0	4	OSRtc.c
0x8036b2c0	84	1	Scb
0x8036b2c0	0	0	...bss.0
0x80208ca4	96	2	WriteSramCallback
0x80208d04	280	2	WriteSram
0x80209010	828	2	UnlockSram
0x00000000	0	4	OSSemaphore.c
0x00000000	0	4	OSSync.c
0x802098b8	32	2	SystemCallVector
0x00000000	0	4	OSThread.c
0x803b2a00	4	1	RunQueueBits
0x8036b318	256	1	RunQueue
0x8036b318	0	0	...bss.0
0x803b2a04	4	1	RunQueueHint
0x803b2a08	4	1	Reschedule
0x8036b418	792	1	IdleThread
0x8036b730	792	1	DefaultThread
0x8036ba48	712	1	IdleContext
0x803b1f10	4	1	SwitchThreadCallback
0x8020993c	4	2	DefaultSwitchThreadCallback
0x80209b34	104	2	UnsetRun
0x80209bd8	448	2	SetEffectivePriority
0x80209de8	552	2	SelectThread
0x802b16a8	0	0	...data.0
0x802b16a8	95	1	@831
0x802b1708	11	1	@832
0x803b1f14	1	1	@833
0x802b1714	95	1	@834
0x802b1774	70	1	@835
0x802b17bc	126	1	@836
0x802b183c	126	1	@837
0x802b18bc	122	1	@838
0x802b1938	122	1	@839
0x802b19b4	81	1	@840
0x802b1a08	113	1	@841
0x802b1a7c	57	1	@842
0x802b1ab8	73	1	@843
0x802b1b04	81	1	@844
0x802b1b58	82	1	@845
0x802b1bac	89	1	@846
0x802b1c08	66	1	@847
0x802b1c4c	58	1	@848
0x802b1c88	58	1	@849
0x802b1cc4	68	1	@850
0x802b1d08	68	1	@851
0x802b1d4c	59	1	@852
0x802b1d88	63	1	@853
0x802b1dc8	103	1	@854
0x802b1e30	69	1	@855
0x802b1e78	61	1	@856
0x00000000	0	4	OSTime.c
0x802b1eb8	48	1	YearDays
0x802b1ee8	48	1	LeapYearDays
0x8020acdc	412	2	GetDates
0x00000000	0	4	__ppc_eabi_init.cpp
0x8020b09c	84	2	__init_cpp
0x00000000	0	4	OSReboot.c
0x803b2a10	4	1	SaveStart
0x803b2a14	4	1	SaveEnd
0x8036bd20	32	1	Header
0x8036bd20	0	0	...bss.0
0x803b2a18	4	1	Prepared
0x8020b184	16	2	Run
0x8020b194	12	2	Callback
0x00000000	0	4	db.c
0x802b1f18	24	1	@9
0x00000000	0	4	dvdfs.c
0x803b2a28	4	1	BootInfo
0x803b2a2c	4	1	FstStart
0x803b2a30	4	1	FstStringStart
0x803b2a34	4	1	MaxEntryNum
0x803b2a38	4	1	currentDirectory
0x803b1f20	8	1	@118
0x802b1f30	0	0	...data.0
0x802b1f30	200	1	@119
0x802b1ff8	55	1	@140
0x8020b9e4	352	2	entryToPath
0x802b2030	52	1	@239
0x8020bcc8	48	2	cbForReadAsync
0x802b2064	47	1	@265
0x802b2094	39	1	@271
0x802b20bc	58	1	@311
0x802b20f8	102	1	@342
0x802b2160	85	1	@343
0x802b21b8	92	1	@344
0x802b2214	97	1	@375
0x802b2278	80	1	@376
0x802b22c8	87	1	@377
0x00000000	0	4	dvd.c
0x802b2320	0	0	...data.0
0x802b2320	69	1	@1
0x803b2a48	4	1	executing
0x8036cd40	32	1	BB2
0x8036cd40	0	0	...bss.0
0x8036cd60	32	1	CurrDiskID
0x803b2a4c	4	1	IDShouldBe
0x803b2a50	4	1	bootInfo
0x803b1f2c	4	1	autoInvalidation
0x803b2a54	4	1	PauseFlag
0x803b2a58	4	1	PausingFlag
0x803b2a5c	4	1	AutoFinishing
0x803b2a60	4	1	FatalErrorFlag
0x803b2a64	4	1	CurrCommand
0x803b2a68	4	1	Canceling
0x803b2a6c	4	1	CancelCallback
0x803b2a70	4	1	ResumeFromHere
0x803b2a74	4	1	CancelLastError
0x803b2a78	4	1	LastError
0x803b2a7c	4	1	NumInternalRetry
0x803b2a80	4	1	ResetRequired
0x803b2a84	4	1	CancelAllSyncComplete
0x803b2a88	4	1	ResetCount
0x803b2a8c	4	1	FirstTimeInBootrom
0x8036cd80	48	1	DummyCommandBlock
0x8036cdb0	40	1	ResetAlarm
0x803b1f30	4	1	checkOptionalCommand
0x8020bcf8	4	2	defaultOptionalCommandChecker
0x803b2a90	4	1	DVDInitialized
0x802b2368	10	1	@18
0x803b1f34	6	1	@23
0x802b2374	52	1	@24
0x8020bdc8	148	2	stateReadingFST
0x8020be5c	140	2	cbForStateReadingFST
0x8020bf94	52	2	stateTimeout
0x8020cd5c	560	2	stateReady
0x8020bfc8	40	2	stateGettingError
0x8020bee8	172	2	cbForStateError
0x8020c0a4	660	2	cbForStateGettingError
0x8020bff0	180	2	CategorizeError
0x8020c438	40	2	stateGoToRetry
0x8020c338	104	2	cbForUnrecoveredError
0x8020cc50	40	2	stateMotorStopped
0x8020cae4	204	2	stateCoverClosed
0x8020c3a0	152	2	cbForUnrecoveredErrorRetry
0x8020c460	344	2	cbForStateGoToRetry
0x8020c5b8	224	2	stateCheckID
0x8020c6cc	52	2	stateCheckID2a
0x8020c7ac	276	2	cbForStateCheckID1
0x8020c698	52	2	stateCheckID3
0x8020c9a4	252	2	cbForStateCheckID3
0x8020c700	116	2	cbForStateCheckID2a
0x8020c774	56	2	stateCheckID2
0x8020c8c0	228	2	cbForStateCheckID2
0x8020cf8c	800	2	stateBusy
0x8020caa0	68	2	AlarmHandler
0x8020cbb0	48	2	stateCoverClosed_CMD
0x8020cbe0	112	2	cbForStateCoverClosed
0x8020cc78	228	2	cbForStateMotorStopped
0x802b23a8	64	1	@344
0x8020d2ac	1592	2	cbForStateBusy
0x802b23e8	12	1	ImmCommand
0x803b1f3c	4	1	DmaCommand
0x803b2a94	4	1	immCount$345
0x803b2a98	4	1	dmaCount$347
0x802b23f4	65	1	@768
0x803b1f40	1	1	@769
0x802b2438	52	1	@907
0x8020e1b4	36	2	cbForCancelSync
0x802b246c	52	1	@1011
0x00000000	0	4	dvdqueue.c
0x8036cdd8	32	1	WaitingQueue
0x8036cdd8	0	0	...bss.0
0x803b1f48	1	1	@63
0x803b1f4c	5	1	@64
0x803b1f54	5	1	@65
0x802b24a0	0	0	...data.0
0x802b24a0	12	1	@66
0x803b1f5c	7	1	@67
0x803b1f64	7	1	@68
0x802b24ac	11	1	@69
0x802b24b8	13	1	@70
0x802b24c8	19	1	@71
0x802b24dc	20	1	@72
0x802b24f0	18	1	@73
0x802b2504	19	1	@74
0x802b2518	15	1	@75
0x802b2528	20	1	@76
0x803b1f6c	8	1	@77
0x802b253c	15	1	@78
0x802b254c	64	1	CommandNames
0x802b258c	36	1	@97
0x802b25b0	15	1	@98
0x803b1f74	6	1	@99
0x803b1f7c	2	1	@100
0x802b25c0	21	1	@101
0x802b25d8	43	1	@102
0x00000000	0	4	dvderror.c
0x802b2608	72	1	ErrorTable
0x8020e5ec	284	2	ErrorCode2Num
0x00000000	0	4	dvdidutils.c
0x00000000	0	4	dvdFatal.c
0x803b2aa0	4	1	FatalFunc
0x802b2650	0	0	...data.0
0x802b2650	110	1	@4
0x802b26c0	126	1	@5
0x802b2740	127	1	@6
0x802b27c0	153	1	@7
0x802b285c	141	1	@8
0x802b28ec	135	1	@9
0x802b2974	128	1	@10
0x802b29f4	137	1	@11
0x803b3058	4	1	@12
0x803b305c	4	1	@13
0x00000000	0	4	fstload.c
0x803b2aa8	4	1	status
0x8036cdf8	63	1	bb2Buf
0x803b2aac	4	1	bb2
0x803b2ab0	4	1	idTmp
0x8020e8ac	216	2	cb
0x8036ce38	48	1	block$18
0x803b1f88	2	1	@37
0x802b2a80	0	0	...data.0
0x802b2a80	26	1	@38
0x802b2a9c	22	1	@39
0x802b2ab4	20	1	@40
0x802b2ac8	20	1	@41
0x803b1f8c	4	1	@42
0x803b1f90	3	1	@43
0x802b2adc	20	1	@44
0x00000000	0	4	dvdlow.c
0x803b2ab8	4	1	StopAtNextInt
0x803b2abc	4	1	LastLength
0x803b2ac0	4	1	Callback
0x803b2ac4	4	1	ResetCoverCallback
0x803b2ac8	8	1	LastResetEnd
0x803b2ad0	4	1	ResetOccurred
0x803b2ad4	4	1	WaitingCoverClose
0x803b2ad8	4	1	Breaking
0x803b2adc	4	1	WorkAroundType
0x803b2ae0	4	1	WorkAroundSeekLocation
0x803b2ae8	8	1	LastReadFinished
0x803b2af0	8	1	LastReadIssued
0x803b2af8	4	1	LastCommandWasRead
0x803b1f98	4	1	FirstRead
0x8036ce68	60	1	CommandList
0x8036ce68	0	0	...bss.0
0x803b2afc	4	1	NextCommandNumber
0x8036cea8	40	1	AlarmForWA
0x8036ced0	40	1	AlarmForTimeout
0x8036cef8	40	1	AlarmForBreak
0x8036cf20	12	1	Prev
0x8036cf2c	12	1	Curr
0x8020ef00	272	2	Read
0x8020ee0c	132	2	AlarmHandler
0x8020ee90	112	2	AlarmHandlerForTimeout
0x8020f010	128	2	SeekTwiceBeforeRead
0x00000000	0	4	VM.c
0x803b2b00	4	1	g_vmSizeVMMainMemory
0x803b2b04	4	1	g_vmBaseVMMainMemory
0x803b2b08	4	1	g_vmSizeVMARAM
0x803b1fa0	4	1	g_vmBaseVMARAM
0x803b2b0c	4	1	g_vmNumPagesInMRAM
0x803b2b10	4	1	g_cbLogStats
0x803b2b14	4	1	g_vmInitialized
0x803b2b18	4	1	nextPageToCheck$357
0x00000000	0	4	VMPageReplacement.c
0x803b2b20	4	1	g_vmNextPageToSwap
0x803b1fa8	4	1	g_vmFreePagesExist
0x803b1fac	4	1	g_vmPageReplacementPolicy
0x00000000	0	4	VMMapping.c
0x803b2b28	4	1	g_baseARAMtoVM
0x803b2b2c	4	1	g_baseVMtoARAM
0x803b2b30	4	1	g_totalAllocatedVM
0x803b2b34	4	1	g_nextARAMPageToCheck$233
0x802b2af0	103	1	@311
0x00000000	0	4	VMBase.c
0x803b2b38	4	1	g_vmBasePageTable
0x803b2b3c	4	1	g_vmBaseVMReversePageTable
0x803b2b40	4	1	g_vmBaseLockedPageTable
0x803b2b44	4	1	cbVMSwapPageIn
0x803b2b48	4	1	g_baseInitialized
0x803b2b4c	4	1	g_originalSR7
0x803b2b50	4	1	g_originalSDR1
0x802109a0	72	2	__VMBASESetupSDR1
0x80210b64	244	2	__VMBASEDSIExceptionHandler
0x80210d0c	244	2	__VMBASEISIExceptionHandler
0x00000000	0	4	vi.c
0x802b2b58	0	0	...data.0
0x802b2b58	68	1	@1
0x803b2b58	4	1	IsInitialized
0x803b2b5c	4	1	retraceCount
0x803b2b60	4	1	flushFlag
0x803b2b64	8	1	retraceQueue
0x803b2b6c	4	1	PreCB
0x803b2b70	4	1	PostCB
0x803b2b74	4	1	PositionCallback
0x803b2b78	4	1	encoderType
0x803b2b7c	2	1	displayOffsetH
0x803b2b7e	2	1	displayOffsetV
0x803b2b80	4	1	changeMode
0x803b2b88	8	1	changed
0x8036cf38	118	1	regs
0x8036cf38	0	0	...bss.0
0x803b2b90	4	1	shdwChangeMode
0x803b2b98	8	1	shdwChanged
0x8036cfb0	118	1	shdwRegs
0x8036d028	88	1	HorVer
0x803b2ba0	4	1	CurrTiming
0x803b2ba4	4	1	CurrTvMode
0x803b2ba8	4	1	NextBufAddr
0x803b2bac	4	1	CurrBufAddr
0x803b2bb0	4	1	FBSet
0x802b2b9c	380	1	timing
0x802b2d18	50	1	taps
0x8021283c	104	2	getCurrentFieldEvenOdd
0x80210ea4	628	2	__VIRetraceHandler
0x802b2d4c	108	1	@97
0x802111a0	160	2	getTiming
0x80211944	724	2	setFbbRegs
0x80211c18	416	2	setVerticalRegs
0x803b2bb4	4	1	message$343
0x802b2db8	41	1	@347
0x802b2de4	41	1	@348
0x802b2e10	41	1	@349
0x802b2e3c	41	1	@350
0x802b2e68	41	1	@351
0x802b2e94	41	1	@352
0x803b1fb4	5	1	@534
0x802b2ec0	75	1	@535
0x80212800	60	2	GetCurrentDisplayPosition
0x802b2f0c	28	1	@736
0x00000000	0	4	Padclamp.c
0x802962e0	0	0	...rodata.0
0x802962e0	10	1	ClampRegion
0x80212cf8	304	2	ClampStick
0x803b3080	4	1	@160
0x803b3088	8	1	@161
0x803b3090	8	1	@162
0x803b3098	8	1	@164
0x00000000	0	4	Pad.c
0x802b2f28	0	0	...data.0
0x802b2f28	69	1	@1
0x803b2bb8	4	1	Initialized
0x803b2bbc	4	1	EnabledBits
0x803b2bc0	4	1	ResettingBits
0x803b1fc4	4	1	ResettingChan
0x803b2bc4	4	1	RecalibrateBits
0x803b2bc8	4	1	WaitingBits
0x803b2bcc	4	1	CheckingBits
0x803b2bd0	4	1	PendingBits
0x803b1fc8	4	1	XPatchBits
0x803b1fcc	4	1	AnalogMode
0x803b1fd0	4	1	Spec
0x803b1fd4	4	1	MakeStatus
0x80214350	1016	2	SPEC2_MakeStatus
0x8036d080	16	1	Type
0x8036d080	0	0	...bss.0
0x8036d090	48	1	Origin
0x803b2bd4	4	1	CmdTypeAndStatus
0x803b1fd8	4	1	CmdReadOrigin
0x803b1fdc	4	1	CmdCalibrate
0x8036d0c0	16	1	CmdProbeDevice
0x802b2f70	16	1	ResetFunctionInfo
0x80214748	404	2	OnReset
0x803b2bd8	4	1	SamplingCallback
0x8021333c	812	2	PADTypeAndStatusCallback
0x80212f3c	420	2	UpdateOrigin
0x802130e0	196	2	PADOriginCallback
0x802131a4	192	2	PADOriginUpdateCallback
0x80213264	216	2	PADProbeCallback
0x80213668	308	2	PADReceiveCheckCallback
0x80214068	372	2	SPEC0_MakeStatus
0x802141dc	372	2	SPEC1_MakeStatus
0x803b2bdc	4	1	recalibrated$397
0x802148dc	96	2	SamplingHandler
0x00000000	0	4	ar.c
0x802b2f80	0	0	...data.0
0x802b2f80	68	1	@1
0x803b2be8	4	1	__AR_Callback
0x803b2bec	4	1	__AR_Size
0x803b2bf0	4	1	__AR_InternalSize
0x803b2bf4	4	1	__AR_ExpansionSize
0x803b2bf8	4	1	__AR_StackPointer
0x803b2bfc	4	1	__AR_FreeBlocks
0x803b2c00	4	1	__AR_BlockLength
0x803b2c04	4	1	__AR_init_flag
0x80214c48	120	2	__ARHandler
0x80214cf0	6132	2	__ARChecksize
0x00000000	0	4	arq.c
0x802b2fc8	0	0	...data.0
0x802b2fc8	69	1	@1
0x803b2c08	4	1	__ARQRequestQueueHi
0x803b2c0c	4	1	__ARQRequestTailHi
0x803b2c10	4	1	__ARQRequestQueueLo
0x803b2c14	4	1	__ARQRequestTailLo
0x803b2c18	4	1	__ARQRequestQueueTemp
0x803b2c1c	4	1	__ARQRequestTailTemp
0x803b2c20	4	1	__ARQRequestPendingHi
0x803b2c24	4	1	__ARQRequestPendingLo
0x803b2c28	4	1	__ARQCallbackHi
0x803b2c2c	4	1	__ARQCallbackLo
0x803b2c30	4	1	__ARQChunkSize
0x803b2c34	4	1	__ARQ_init_flag
0x00000000	0	4	ai.c
0x802b3010	0	0	...data.0
0x802b3010	68	1	@1
0x803b2c38	4	1	__AIS_Callback
0x803b2c3c	4	1	__AID_Callback
0x803b2c40	4	1	__CallbackStack
0x803b2c44	4	1	__OldStack
0x803b2c48	4	1	__AI_init_flag
0x803b2c4c	4	1	__AID_Active
0x80217164	484	2	__AI_SRC_INIT
0x80216d30	212	2	__AI_set_stream_sample_rate
0x803b2c50	8	1	bound_32KHz
0x803b2c58	8	1	bound_48KHz
0x803b2c60	8	1	min_wait
0x803b2c68	8	1	max_wait
0x803b2c70	8	1	buffer
0x80217060	172	2	__AIDHandler
0x80216fe4	124	2	__AISHandler
0x8021710c	88	2	__AICallbackStackSwitch
0x00000000	0	4	mtx.c
0x803b1ff8	8	1	Unit01
0x803b30e0	4	1	@96
0x803b30e4	4	1	@97
0x803b30e8	4	1	@190
0x803b30ec	4	1	@191
0x803b30f0	4	1	@206
0x803b30f4	4	1	@215
0x803b30f8	4	1	@227
0x803b30fc	4	1	@230
0x00000000	0	4	mtxvec.c
0x00000000	0	4	mtx44.c
0x802b3058	16	1	mtxUnit
0x803b3140	4	1	@99
0x803b3144	4	1	@100
0x803b3148	4	1	@101
0x803b314c	4	1	@102
0x803b3150	4	1	@105
0x803b3154	4	1	@106
0x803b3158	4	1	@205
0x00000000	0	4	vec.c
0x803b3180	4	1	@113
0x803b3188	8	1	@114
0x803b3190	8	1	@115
0x803b3198	4	1	@116
0x803b319c	4	1	@118
0x803b31a0	4	1	@119
0x803b31a4	4	1	@161
0x00000000	0	4	GXInit.c
0x802b3080	0	0	...data.0
0x802b3080	68	1	@1
0x8036d100	128	1	FifoObj
0x8036d100	0	0	...bss.0
0x8036d180	1456	1	gxData
0x802b30e0	32	1	DefaultTexData
0x802b3100	208	1	GXDefaultVATList
0x802b31d0	28	1	GXDefaultProjData
0x802b31ec	192	1	GXTexRegionAddrTable
0x802b32ac	16	1	GXResetFuncInfo
0x80217694	400	2	__GXShutdown
0x80217574	252	2	__GXDefaultTexRegionCallback
0x80217670	36	2	__GXDefaultTlutRegionCallback
0x803b2c98	4	1	peCount$35
0x803b2ca0	8	1	time$36
0x803b2ca8	4	1	calledOnce$37
0x803b2cac	4	1	resetFuncRegistered$70
0x803b31ac	4	1	@289
0x803b31b0	4	1	@290
0x803b31b4	4	1	@291
0x803b31b8	4	1	@292
0x803b31bc	4	1	@293
0x803b31c0	4	1	@353
0x803b31c4	4	1	@354
0x803b31c8	8	1	@356
0x00000000	0	4	GXFifo.c
0x803b2cb0	4	1	CPUFifo
0x803b2cb4	4	1	GPFifo
0x803b2cb8	4	1	__GXCurrentThread
0x803b2cbc	1	1	CPGPLinked
0x803b2cc0	4	1	GXOverflowSuspendInProgress
0x803b2cc4	4	1	BreakPointCB
0x803b2cc8	4	1	__GXOverflowCount
0x8021902c	48	2	__GXWriteFifoIntEnable
0x8021905c	48	2	__GXWriteFifoIntReset
0x802188ec	308	2	GXCPInterruptHandler
0x80218ff8	52	2	__GXFifoLink
0x80218fd4	36	2	__GXFifoReadDisable
0x80218fb0	36	2	__GXFifoReadEnable
0x00000000	0	4	GXAttr.c
0x802b32c0	104	1	@176
0x802b3328	104	1	@223
0x803b2008	4	1	tbl1$263
0x803b200c	4	1	tbl2$264
0x803b2010	4	1	tbl3$265
0x802b3390	104	1	@304
0x802b33f8	68	1	@498
0x802b343c	68	1	@525
0x802b3480	68	1	@601
0x802b34e0	84	1	@819
0x802b34c4	28	1	@820
0x00000000	0	4	GXMisc.c
0x803b2cd0	4	1	TokenCB
0x803b2cd4	4	1	DrawDoneCB
0x803b2cd8	1	1	DrawDone
0x803b2cdc	8	1	FinishQueue
0x8021af34	136	2	GXTokenInterruptHandler
0x8021b000	128	2	GXFinishInterruptHandler
0x802b3538	9	1	@427
0x802b3544	33	1	@428
0x802b3568	35	1	@447
0x00000000	0	4	GXGeometry.c
0x00000000	0	4	GXFrameBuf.c
0x803b31d0	4	1	@176
0x803b31d8	8	1	@231
0x00000000	0	4	GXLight.c
0x803b3200	4	1	@134
0x803b3204	4	1	@135
0x803b3208	4	1	@136
0x803b320c	4	1	@137
0x803b3210	4	1	@138
0x803b3214	4	1	@139
0x803b3218	4	1	@140
0x803b321c	4	1	@141
0x803b3220	4	1	@142
0x803b3224	4	1	@143
0x803b3228	4	1	@144
0x802b3d10	28	1	@145
0x803b322c	4	1	@160
0x803b3230	8	1	@177
0x803b3238	8	1	@178
0x803b3240	4	1	@179
0x00000000	0	4	GXTexture.c
0x803b2018	8	1	GXTexMode0Ids
0x803b2020	8	1	GXTexMode1Ids
0x803b2028	8	1	GXTexImage0Ids
0x803b2030	8	1	GXTexImage1Ids
0x803b2038	8	1	GXTexImage2Ids
0x803b2040	8	1	GXTexImage3Ids
0x803b2048	8	1	GXTexTlutIds
0x803b2050	6	1	GX2HWFiltConv
0x803b2058	8	1	HW2GXFiltConv
0x802b3d30	244	1	@46
0x8021c4a0	100	2	__GXGetTexTileShift
0x802b3e24	244	1	@104
0x802b3f18	244	1	@145
0x803b3248	4	1	@220
0x803b3250	8	1	@222
0x802b400c	60	1	@224
0x803b3258	4	1	@288
0x803b325c	4	1	@289
0x803b3260	4	1	@290
0x803b3264	4	1	@291
0x803b3268	4	1	@292
0x803b326c	4	1	@293
0x803b3270	4	1	@384
0x803b3274	4	1	@385
0x803b3278	8	1	@389
0x8021d08c	160	2	__SetSURegs
0x00000000	0	4	GXBump.c
0x803b3280	4	1	@149
0x803b3284	4	1	@282
0x803b3288	4	1	@283
0x803b3290	8	1	@285
0x00000000	0	4	GXTev.c
0x802b4048	0	0	...data.0
0x802b4048	20	1	TEVCOpTableST0
0x802b405c	20	1	TEVCOpTableST1
0x802b4070	20	1	TEVAOpTableST0
0x802b4084	20	1	TEVAOpTableST1
0x802b4098	36	1	c2r$364
0x00000000	0	4	GXPixel.c
0x803b32b8	4	1	@221
0x803b32bc	4	1	@222
0x803b32c0	4	1	@223
0x803b32c8	8	1	@224
0x803b32d0	4	1	@225
0x803b32d8	8	1	@226
0x803b32e0	4	1	@227
0x803b32e8	8	1	@229
0x803b32f0	8	1	@252
0x803b32f8	4	1	@253
0x803b3300	8	1	@254
0x803b3308	4	1	@255
0x803b3310	8	1	@257
0x802b40c0	32	1	p2f$362
0x00000000	0	4	GXDisplayList.c
0x8036d730	36	1	DisplayListFifo
0x8036d730	0	0	...bss.0
0x803b2ce8	4	1	OldCPUFifo
0x8036d754	1456	1	__savedGXdata
0x00000000	0	4	GXTransform.c
0x803b3318	4	1	@26
0x803b331c	4	1	@27
0x803b3320	4	1	@28
0x803b3324	4	1	@201
0x803b3328	4	1	@219
0x00000000	0	4	GXPerf.c
0x802b413c	144	1	@280
0x802b40e0	92	1	@281
0x802b41cc	92	1	@387
0x00000000	0	4	CARDBios.c
0x802b4228	0	0	...data.0
0x802b4228	70	1	@1
0x803b2cf0	2	1	__CARDEncode
0x802b4270	16	1	ResetFunctionInfo
0x80220af4	80	2	OnReset
0x8036dd08	0	0	...bss.0
0x8021feb4	556	2	Retry
0x8021fe10	164	2	TimeoutHandler
0x802200e0	272	2	UnlockedCallback
0x802201f0	436	2	__CARDStart
0x00000000	0	4	CARDBlock.c
0x80220b4c	212	2	WriteCallback
0x80220c20	200	2	EraseCallback
0x00000000	0	4	CARDDir.c
0x80220f50	208	2	WriteCallback
0x80221020	200	2	EraseCallback
0x00000000	0	4	CARDCheck.c
0x8022135c	644	2	VerifyID
0x802215e0	576	2	VerifyDir
0x80221820	644	2	VerifyFAT
0x00000000	0	4	CARDMount.c
0x802b4280	32	1	SectorSizeTable
0x802b42a0	32	1	LatencyTable
0x8022213c	204	2	IsCard
0x802223bc	1040	2	DoMount
0x80222aec	156	2	DoUnmount
0x00000000	0	4	CARDFormat.c
0x80222c34	324	2	FormatCallback
0x00000000	0	4	CARDOpen.c
0x00000000	0	4	CARDCreate.c
0x802239ec	304	2	CreateCallbackFat
0x00000000	0	4	CARDRead.c
0x80223f3c	304	2	ReadCallback
0x00000000	0	4	CARDWrite.c
0x802241f8	368	2	WriteCallback
0x80224368	176	2	EraseCallback
0x00000000	0	4	CARDDelete.c
0x80224574	164	2	DeleteCallback
0x00000000	0	4	CARDStat.c
0x802248e4	504	2	UpdateIconOffsets
0x00000000	0	4	CARDRename.c
0x00000000	0	4	CARDNet.c
0x00000000	0	4	CARDUnlock.c
0x802b42c0	352	1	CardData
0x803b2070	4	1	next
0x80224dac	364	2	bitrev
0x80224f18	324	2	ReadArrayUnlock
0x8022505c	196	2	DummyLen
0x80225c78	112	2	InitCallback
0x80225ce8	804	2	DoneCallback
0x00000000	0	4	CARDRdwr.c
0x8022600c	220	2	BlockReadCallback
0x8022614c	220	2	BlockWriteCallback
0x00000000	0	4	CARDStatEx.c
0x00000000	0	4	EXIBios.c
0x802b4420	0	0	...data.0
0x802b4420	69	1	@1
0x8036df48	192	1	Ecb
0x803b2cf8	4	1	IDSerialPort1
0x8022628c	244	2	SetExiInterruptMask
0x80226a78	372	2	__EXIProbe
0x80227124	200	2	EXIIntrruptHandler
0x802271ec	536	2	TCIntrruptHandler
0x80227404	208	2	EXTIntrruptHandler
0x80227890	40	2	UnlockedHandler
0x802b4468	15	1	@450
0x802b4478	16	1	@451
0x802b4488	16	1	@452
0x802b4498	16	1	@453
0x802b44a8	17	1	@454
0x802b44bc	17	1	@455
0x802b44d0	12	1	@456
0x803b207c	5	1	@457
0x803b2084	6	1	@458
0x803b208c	7	1	@459
0x803b2094	5	1	@460
0x803b209c	7	1	@461
0x802b44dc	9	1	@462
0x802b44e8	13	1	@463
0x802b44f8	18	1	@464
0x803b20a4	4	1	@465
0x802b450c	14	1	@466
0x802b451c	14	1	@467
0x803b20a8	8	1	@468
0x00000000	0	4	EXIUart.c
0x803b2d00	4	1	Chan
0x803b2d04	4	1	Dev
0x803b2d08	4	1	Enabled
0x803b2d0c	4	1	BarnacleEnabled
0x80227c68	396	2	ProbeBarnacle
0x00000000	0	4	SIBios.c
0x802b4530	0	0	...data.0
0x802b4530	68	1	@1
0x802b4574	20	1	Si
0x8036e008	128	1	Packet
0x8036e008	0	0	...bss.0
0x8036e088	160	1	Alarm
0x802b4588	16	1	Type
0x8036e128	32	1	TypeTime
0x8036e148	32	1	XferTime
0x8036e168	64	1	TypeCallback
0x8036e1a8	16	1	RDSTHandler
0x8036e1b8	16	1	InputBufferValid
0x8036e1c8	32	1	InputBuffer
0x8036e1e8	16	1	InputBufferVcount
0x80228298	764	2	CompleteTransfer
0x80228be4	524	2	__SITransfer
0x803b2d10	4	1	cmdTypeAndStatus$78
0x80228594	836	2	SIInterruptHandler
0x80229394	664	2	GetTypeCallback
0x80229004	212	2	SIGetResponseRaw
0x802288d8	152	2	SIEnablePollingInterrupt
0x8022919c	140	2	AlarmHandler
0x8036e1f8	16	1	cmdFixDevice$327
0x803b2d14	4	1	cmdTypeAndStatus$372
0x802b4598	12	1	@457
0x803b20b4	5	1	@458
0x802b45a4	15	1	@459
0x802b45b4	15	1	@460
0x802b45c4	13	1	@461
0x802b45d4	10	1	@462
0x802b45e0	16	1	@463
0x802b45f0	20	1	@464
0x802b4604	18	1	@465
0x802b4618	20	1	@466
0x802b462c	9	1	@467
0x802b4638	9	1	@468
0x803b20bc	8	1	@469
0x00000000	0	4	SISamplingRate.c
0x803b2d20	4	1	SamplingRate
0x802b4648	0	0	...data.0
0x802b4648	48	1	XYNTSC
0x802b4678	48	1	XYPAL
0x802b46a8	51	1	@16
0x00000000	0	4	SISteering.c
0x802b46e0	16	1	ResetFunctionInfo
0x80229ca4	180	2	OnReset
0x803b2d28	4	1	initialized$3
0x80229ba4	4	2	DefaultCallback
0x80229ba8	72	2	ResetProc
0x803b2d2c	4	1	count$46
0x00000000	0	4	SISteeringXfer.c
0x80229d58	240	2	__SISteeringHandler
0x80229e48	284	2	TypeAndStatusCallback
0x00000000	0	4	SISteeringAuto.c
0x803b2d38	4	1	SamplingCallback
0x8022a1f0	96	2	SamplingHandler
0x00000000	0	4	AmcExi2Stubs.c
0x00000000	0	4	DebuggerDriver.c
0x803b2d40	4	1	MTRCallback
0x803b2d44	4	1	DBGCallback
0x803b2d48	4	1	SendMailData
0x803b2d4c	4	1	RecvDataLeng
0x803b2d50	4	1	pEXIInputFlag
0x803b2d54	1	1	EXIInputFlag
0x803b20c8	1	1	SendCount
0x8022ab54	664	2	DBGEXIImm
0x8022a8f0	220	2	DBGWrite
0x8022a9cc	220	2	DBGRead
0x8022a844	172	2	DBGReadStatus
0x8022aaa8	172	2	DBGReadMailbox
0x8022a808	60	2	MWCallback
0x8022a7c8	64	2	DBGHandler
0x00000000	0	4	libgcc2.c
0x802b46f0	4	1	p.3
0x8036e2a8	4	0	initialized.10
0x00000000	0	4	libgcc2.c
0x8022aeb4	0	0	gcc2_compiled.
0x00000000	0	4	libgcc2.c
0x8022aef4	0	0	gcc2_compiled.
0x00000000	0	4	libgcc2.c
0x8022af34	0	0	gcc2_compiled.
0x803b332c	256	1	__clz_tab
0x00000000	0	4	libgcc2.c
0x00000000	0	4	libgcc2.c
0x8022b4b0	0	0	gcc2_compiled.
0x00000000	0	4	libgcc2.c
0x8022b4f4	0	0	gcc2_compiled.
0x00000000	0	4	libgcc2.c
0x8022b6ac	0	0	gcc2_compiled.
0x00000000	0	4	libgcc2.c
0x8022b708	0	0	gcc2_compiled.
0x00000000	0	4	libgcc2.c
0x8022b7b8	0	0	gcc2_compiled.
0x00000000	0	4	libgcc2.c
0x8022b7f8	0	0	gcc2_compiled.
0x803b342c	256	1	__clz_tab
0x00000000	0	4	libgcc2.c
0x8022bd2c	0	0	gcc2_compiled.
0x00000000	0	4	libgcc2.c
0x8022bd4c	0	0	gcc2_compiled.
0x803b352c	256	1	__clz_tab
0x00000000	0	4	libgcc2.c
0x8022c230	0	0	gcc2_compiled.
0x803b362c	256	1	__clz_tab
0x00000000	0	4	eabi.asm
0x00000000	0	4	libgcc2.c
0x8022c760	0	0	gcc2_compiled.
0x00000000	0	4	libgcc2.c
0x8022c79c	0	0	gcc2_compiled.
0x802b4700	4	1	get_eh_context
0x8022c7d8	52	2	eh_context_initialize
0x8022c80c	108	2	eh_context_static
0x8036e2ac	16	0	eh.39
0x8036e2bc	4	0	initialized.40
0x8036e2c0	8	0	top_elt.41
0x00000000	0	4	e_acos.c
0x8022c878	0	0	gcc2_compiled.
0x803b3730	8	1	one
0x803b3738	8	1	pi
0x803b3740	8	1	pio2_hi
0x803b3748	8	1	pio2_lo
0x803b3750	8	1	pS0
0x803b3758	8	1	pS1
0x803b3760	8	1	pS2
0x803b3768	8	1	pS3
0x803b3770	8	1	pS4
0x803b3778	8	1	pS5
0x803b3780	8	1	qS1
0x803b3788	8	1	qS2
0x803b3790	8	1	qS3
0x803b3798	8	1	qS4
0x00000000	0	4	e_fmod.c
0x8022caf4	0	0	gcc2_compiled.
0x803b37a0	8	1	one
0x803b37a8	16	1	Zero
0x00000000	0	4	e_log.c
0x8022ce4c	0	0	gcc2_compiled.
0x803b37b8	8	1	ln2_hi
0x803b37c0	8	1	ln2_lo
0x803b37c8	8	1	two54
0x803b37d0	8	1	Lg1
0x803b37d8	8	1	Lg2
0x803b37e0	8	1	Lg3
0x803b37e8	8	1	Lg4
0x803b37f0	8	1	Lg5
0x803b37f8	8	1	Lg6
0x803b3800	8	1	Lg7
0x803b3808	8	1	zero
0x00000000	0	4	e_pow.c
0x8022d0dc	0	0	gcc2_compiled.
0x803b3810	16	1	bp
0x803b3820	16	1	dp_h
0x803b3830	16	1	dp_l
0x803b3840	8	1	zero
0x803b3848	8	1	one
0x803b3850	8	1	two
0x803b3858	8	1	two53
0x803b3860	8	1	huge
0x803b3868	8	1	tiny
0x803b3870	8	1	L1
0x803b3878	8	1	L2
0x803b3880	8	1	L3
0x803b3888	8	1	L4
0x803b3890	8	1	L5
0x803b3898	8	1	L6
0x803b38a0	8	1	P1
0x803b38a8	8	1	P2
0x803b38b0	8	1	P3
0x803b38b8	8	1	P4
0x803b38c0	8	1	P5
0x803b38c8	8	1	lg2
0x803b38d0	8	1	lg2_h
0x803b38d8	8	1	lg2_l
0x803b38e0	8	1	ovt
0x803b38e8	8	1	cp
0x803b38f0	8	1	cp_h
0x803b38f8	8	1	cp_l
0x803b3900	8	1	ivln2
0x803b3908	8	1	ivln2_h
0x803b3910	8	1	ivln2_l
0x00000000	0	4	e_sqrt.c
0x8022d8ac	0	0	gcc2_compiled.
0x803b3918	8	1	one
0x803b3920	8	1	tiny
0x00000000	0	4	s_fabs.c
0x8022dac0	0	0	gcc2_compiled.
0x00000000	0	4	s_floor.c
0x8022dafc	0	0	gcc2_compiled.
0x803b3928	8	1	huge
0x00000000	0	4	s_sin.c
0x8022dc58	0	0	gcc2_compiled.
0x00000000	0	4	ef_acos.c
0x8022dd38	0	0	gcc2_compiled.
0x803b3930	4	1	one
0x803b3934	4	1	pi
0x803b3938	4	1	pio2_hi
0x803b393c	4	1	pio2_lo
0x803b3940	4	1	pS0
0x803b3944	4	1	pS1
0x803b3948	4	1	pS2
0x803b394c	4	1	pS3
0x803b3950	4	1	pS4
0x803b3954	4	1	pS5
0x803b3958	4	1	qS1
0x803b395c	4	1	qS2
0x803b3960	4	1	qS3
0x803b3964	4	1	qS4
0x00000000	0	4	ef_asin.c
0x8022df84	0	0	gcc2_compiled.
0x803b3968	4	1	one
0x803b396c	4	1	huge
0x803b3970	4	1	pio2_hi
0x803b3974	4	1	pio2_lo
0x803b3978	4	1	pio4_hi
0x803b397c	4	1	pS0
0x803b3980	4	1	pS1
0x803b3984	4	1	pS2
0x803b3988	4	1	pS3
0x803b398c	4	1	pS4
0x803b3990	4	1	pS5
0x803b3994	4	1	qS1
0x803b3998	4	1	qS2
0x803b399c	4	1	qS3
0x803b39a0	4	1	qS4
0x00000000	0	4	ef_atan2.c
0x8022e1b0	0	0	gcc2_compiled.
0x803b39a4	4	1	tiny
0x803b39a8	4	1	zero
0x803b39ac	4	1	pi_o_4
0x803b39b0	4	1	pi_o_2
0x803b39b4	4	1	pi
0x803b39b8	4	1	pi_lo
0x00000000	0	4	ef_exp.c
0x8022e3d0	0	0	gcc2_compiled.
0x803b39bc	4	1	one
0x803b39c0	8	1	halF
0x803b39c8	4	1	huge
0x803b39cc	4	1	twom100
0x803b39d0	4	1	o_threshold
0x803b39d4	4	1	u_threshold
0x803b39d8	8	1	ln2HI
0x803b39e0	8	1	ln2LO
0x803b39e8	4	1	invln2
0x803b39ec	4	1	P1
0x803b39f0	4	1	P2
0x803b39f4	4	1	P3
0x803b39f8	4	1	P4
0x803b39fc	4	1	P5
0x00000000	0	4	ef_fmod.c
0x8022e5fc	0	0	gcc2_compiled.
0x803b3a00	4	1	one
0x803b3a04	8	1	Zero
0x00000000	0	4	ef_log.c
0x8022e7c4	0	0	gcc2_compiled.
0x803b3a0c	4	1	ln2_hi
0x803b3a10	4	1	ln2_lo
0x803b3a14	4	1	two25
0x803b3a18	4	1	Lg1
0x803b3a1c	4	1	Lg2
0x803b3a20	4	1	Lg3
0x803b3a24	4	1	Lg4
0x803b3a28	4	1	Lg5
0x803b3a2c	4	1	Lg6
0x803b3a30	4	1	Lg7
0x803b3a34	4	1	zero
0x00000000	0	4	ef_pow.c
0x8022ea44	0	0	gcc2_compiled.
0x803b3a38	8	1	bp
0x803b3a40	8	1	dp_h
0x803b3a48	8	1	dp_l
0x803b3a50	4	1	zero
0x803b3a54	4	1	one
0x803b3a58	4	1	two
0x803b3a5c	4	1	two24
0x803b3a60	4	1	huge
0x803b3a64	4	1	tiny
0x803b3a68	4	1	L1
0x803b3a6c	4	1	L2
0x803b3a70	4	1	L3
0x803b3a74	4	1	L4
0x803b3a78	4	1	L5
0x803b3a7c	4	1	L6
0x803b3a80	4	1	P1
0x803b3a84	4	1	P2
0x803b3a88	4	1	P3
0x803b3a8c	4	1	P4
0x803b3a90	4	1	P5
0x803b3a94	4	1	lg2
0x803b3a98	4	1	lg2_h
0x803b3a9c	4	1	lg2_l
0x803b3aa0	4	1	ovt
0x803b3aa4	4	1	cp
0x803b3aa8	4	1	cp_h
0x803b3aac	4	1	cp_l
0x803b3ab0	4	1	ivln2
0x803b3ab4	4	1	ivln2_h
0x803b3ab8	4	1	ivln2_l
0x00000000	0	4	ef_sqrt.c
0x8022f138	0	0	gcc2_compiled.
0x803b3abc	4	1	one
0x803b3ac0	4	1	tiny
0x00000000	0	4	sf_atan.c
0x8022f230	0	0	gcc2_compiled.
0x803b3ac4	16	1	atanhi
0x803b3ad4	16	1	atanlo
0x803b3ae4	44	1	aT
0x803b3b10	4	1	one
0x803b3b14	4	1	huge
0x00000000	0	4	sf_ceil.c
0x8022f440	0	0	gcc2_compiled.
0x803b3b18	4	1	huge
0x00000000	0	4	sf_cos.c
0x8022f504	0	0	gcc2_compiled.
0x803b3b1c	4	1	one
0x00000000	0	4	sf_fabs.c
0x8022f5e0	0	0	gcc2_compiled.
0x00000000	0	4	sf_floor.c
0x8022f604	0	0	gcc2_compiled.
0x803b3b20	4	1	huge
0x00000000	0	4	sf_sin.c
0x8022f6cc	0	0	gcc2_compiled.
0x00000000	0	4	sf_tan.c
0x8022f7a8	0	0	gcc2_compiled.
0x00000000	0	4	s_scalbn.c
0x8022f828	0	0	gcc2_compiled.
0x803b3b28	8	1	two54
0x803b3b30	8	1	twom54
0x803b3b38	8	1	huge
0x803b3b40	8	1	tiny
0x00000000	0	4	sf_scalbn.c
0x8022f97c	0	0	gcc2_compiled.
0x803b3b48	4	1	two25
0x803b3b4c	4	1	twom25
0x803b3b50	4	1	huge
0x803b3b54	4	1	tiny
0x00000000	0	4	k_cos.c
0x8022fa98	0	0	gcc2_compiled.
0x803b3b58	8	1	one
0x803b3b60	8	1	C1
0x803b3b68	8	1	C2
0x803b3b70	8	1	C3
0x803b3b78	8	1	C4
0x803b3b80	8	1	C5
0x803b3b88	8	1	C6
0x00000000	0	4	k_sin.c
0x8022fb8c	0	0	gcc2_compiled.
0x803b3b90	8	1	half
0x803b3b98	8	1	S1
0x803b3ba0	8	1	S2
0x803b3ba8	8	1	S3
0x803b3bb0	8	1	S4
0x803b3bb8	8	1	S5
0x803b3bc0	8	1	S6
0x00000000	0	4	e_rem_pio2.c
0x8022fc38	0	0	gcc2_compiled.
0x803b3bc8	264	1	two_over_pi
0x803b3cd0	128	1	npio2_hw
0x803b3d50	8	1	zero
0x803b3d58	8	1	half
0x803b3d60	8	1	two24
0x803b3d68	8	1	invpio2
0x803b3d70	8	1	pio2_1
0x803b3d78	8	1	pio2_1t
0x803b3d80	8	1	pio2_2
0x803b3d88	8	1	pio2_2t
0x803b3d90	8	1	pio2_3
0x803b3d98	8	1	pio2_3t
0x00000000	0	4	kf_cos.c
0x8022ff9c	0	0	gcc2_compiled.
0x803b3da0	4	1	one
0x803b3da4	4	1	C1
0x803b3da8	4	1	C2
0x803b3dac	4	1	C3
0x803b3db0	4	1	C4
0x803b3db4	4	1	C5
0x803b3db8	4	1	C6
0x00000000	0	4	kf_sin.c
0x80230088	0	0	gcc2_compiled.
0x803b3dbc	4	1	half
0x803b3dc0	4	1	S1
0x803b3dc4	4	1	S2
0x803b3dc8	4	1	S3
0x803b3dcc	4	1	S4
0x803b3dd0	4	1	S5
0x803b3dd4	4	1	S6
0x00000000	0	4	kf_tan.c
0x80230134	0	0	gcc2_compiled.
0x803b3dd8	4	1	one
0x803b3ddc	4	1	pio4
0x803b3de0	4	1	pio4lo
0x803b3de4	52	1	T
0x00000000	0	4	ef_rem_pio2.c
0x80230348	0	0	gcc2_compiled.
0x803b3e18	792	1	two_over_pi
0x803b4130	128	1	npio2_hw
0x803b41b0	4	1	zero
0x803b41b4	4	1	half
0x803b41b8	4	1	two8
0x803b41bc	4	1	invpio2
0x803b41c0	4	1	pio2_1
0x803b41c4	4	1	pio2_1t
0x803b41c8	4	1	pio2_2
0x803b41cc	4	1	pio2_2t
0x803b41d0	4	1	pio2_3
0x803b41d4	4	1	pio2_3t
0x00000000	0	4	s_copysign.c
0x80230698	0	0	gcc2_compiled.
0x00000000	0	4	sf_copysign.c
0x802306e8	0	0	gcc2_compiled.
0x00000000	0	4	k_rem_pio2.c
0x8023071c	0	0	gcc2_compiled.
0x803b41d8	16	1	init_jk
0x803b41e8	64	1	PIo2
0x803b4228	8	1	zero
0x803b4230	8	1	one
0x803b4238	8	1	two24
0x803b4240	8	1	twon24
0x00000000	0	4	kf_rem_pio2.c
0x80230fa4	0	0	gcc2_compiled.
0x803b4248	12	1	init_jk
0x803b4254	44	1	PIo2
0x803b4280	4	1	zero
0x803b4284	4	1	one
0x803b4288	4	1	two8
0x803b428c	4	1	twon8
0x00000000	0	4	vprintf.c
0x80231828	0	0	gcc2_compiled.
0x00000000	0	4	bsearch.c
0x8023185c	0	0	gcc2_compiled.
0x00000000	0	4	sn_malloc.c
0x00000000	0	4	vfprintf.c
0x802318f4	0	0	gcc2_compiled.
0x802b4704	37	1	lower.9
0x8036e2c8	164	0	str.13
0x80231f00	212	2	_vfwrite
0x8036e36c	128	0	pch.20
0x803b2718	4	1	cumulative_written.21
0x803b271c	4	1	pch_pointer.22
0x80296600	16	1	blanks.29
0x80296610	16	1	zeroes.30
0x00000000	0	4	vfprintf.c
0x80233a24	0	0	gcc2_compiled.
0x8036e3ec	128	0	pch.3
0x803b2720	4	1	cumulative_written.4
0x803b2724	4	1	pch_pointer.5
0x80233a24	212	2	_vfwrite
0x80296690	16	1	blanks.12
0x802966a0	16	1	zeroes.13
0x00000000	0	4	locale.c
0x802966fc	48	1	lconv
0x803b272c	8	1	lc_ctype.3
0x803b2734	8	1	last_lc_ctype.4
0x00000000	0	4	math_support.c
0x802351a4	0	0	gcc2_compiled.
0x803b4290	8	1	huge
0x803b4298	8	1	one
0x80296760	16	1	Zero
0x803b42a0	8	1	ln2_hi
0x803b42a8	8	1	ln2_lo
0x803b42b0	8	1	two54
0x803b42b8	8	1	Lg1
0x803b42c0	8	1	Lg2
0x803b42c8	8	1	Lg3
0x803b42d0	8	1	Lg4
0x803b42d8	8	1	Lg5
0x803b42e0	8	1	Lg6
0x803b42e8	8	1	Lg7
0x803b42f0	8	1	zero
0x803b42f8	8	1	ivln10
0x803b4300	8	1	log10_2hi
0x803b4308	8	1	log10_2lo
0x00000000	0	4	impure.c
0x802b472c	772	1	impure_data
0x00000000	0	4	mbtowc_r.c
0x80235ab8	0	0	gcc2_compiled.
0x802b4a30	432	1	JIS_state_table
0x802b4be0	432	1	JIS_action_table
0x00000000	0	4	memchr.c
0x80235de4	0	0	gcc2_compiled.
0x00000000	0	4	dummy.c
0x80235ea4	0	0	gcc2_compiled.
0x802b4d90	4	1	first.183
0x00000000	0	4	tors.c
0x00000000	0	4	spchrslv.c
0x80235f70	28	2	iSPCH_GetGlobalMatchParmAddr
0x80236030	256	2	iSPCH_BindData__FPcUi
0x00000000	0	4	spchcsis.cpp
0x80236178	20	2	iSPCH_GetOffset16
0x8023618c	140	2	iSPCH_CsisCb__FPQ24Csis9ParameterPv
0x00000000	0	4	sevent.cpp
0x802362f4	0	0	gcc2_compiled.
0x00000000	0	4	srelease.c
0x80236670	0	0	gcc2_compiled.
0x00000000	0	4	sbpatinf.c
0x00000000	0	4	sbhdrsze.c
0x80236774	0	0	gcc2_compiled.
0x00000000	0	4	smidplay.c
0x00000000	0	4	spat2hdr.c
0x8023678c	0	0	gcc2_compiled.
0x00000000	0	4	smemman.c
0x80236ca8	0	0	gcc2_compiled.
0x00000000	0	4	sattrdef.c
0x80237020	0	0	gcc2_compiled.
0x00000000	0	4	sstovrhd.c
0x802370b8	0	0	gcc2_compiled.
0x00000000	0	4	salloc.c
0x80237144	0	0	gcc2_compiled.
0x802b4db4	4	1	lasthandle.129
0x00000000	0	4	scheckpo.c
0x80237738	0	0	gcc2_compiled.
0x00000000	0	4	sstautov.c
0x8023776c	0	0	gcc2_compiled.
0x00000000	0	4	sbplay.c
0x80237a78	0	0	gcc2_compiled.
0x00000000	0	4	sdfx.c
0x00000000	0	4	smemcpy.cpp
0x80237c70	0	0	gcc2_compiled.
0x00000000	0	4	sgettag.c
0x80237e64	0	0	gcc2_compiled.
0x00000000	0	4	ssthold.c
0x00000000	0	4	sstqreqi.c
0x80237f50	0	0	gcc2_compiled.
0x00000000	0	4	ssys.cpp
0x80237f7c	0	0	gcc2_compiled.
0x00000000	0	4	spktplay.c
0x8023869c	0	0	gcc2_compiled.
0x00000000	0	4	ssysveccsismutex.cpp
0x8023927c	0	0	gcc2_compiled.
0x00000000	0	4	ssysinit.c
0x802392f8	0	0	gcc2_compiled.
0x802b4dd0	4	1	gotcaps
0x802b4dd4	4	1	ret.126
0x00000000	0	4	saems.c
0x802398a8	0	0	gcc2_compiled.
0x802b4f28	4	1	modulebankhandle.402
0x00000000	0	4	spitch.c
0x8023c200	0	0	gcc2_compiled.
0x00000000	0	4	srandom.c
0x8023c294	0	0	gcc2_compiled.
0x00000000	0	4	sfxrevc.c
0x8023c3d0	0	0	gcc2_compiled.
0x802b557c	4	1	fxGlobalsCreated
0x00000000	0	4	sdspmix.c
0x8023c53c	0	0	gcc2_compiled.
0x8036fe80	4	0	numoutputchannels
0x8036e880	5632	0	__MIXChannel
0x00000000	0	4	spoutlat.c
0x8023cd84	0	0	gcc2_compiled.
0x00000000	0	4	sstrmdry.cpp
0x8023cdbc	0	0	gcc2_compiled.
0x00000000	0	4	sfsplit.c
0x00000000	0	4	sstgetpv.c
0x8023ce0c	0	0	gcc2_compiled.
0x00000000	0	4	snddrv.c
0x8023cea4	0	0	gcc2_compiled.
0x802b5d80	4	1	everyother
0x8036fea0	4	0	ptr.447
0x802b5d84	4	1	curTick.460
0x802b5d88	4	1	araminited.470
0x00000000	0	4	sgparse.cpp
0x8023fd18	0	0	gcc2_compiled.
0x00000000	0	4	sst.c
0x8023ff20	0	0	gcc2_compiled.
0x00000000	0	4	sstlowp.c
0x802411e0	0	0	gcc2_compiled.
0x00000000	0	4	slinkmix.c
0x80241230	0	0	gcc2_compiled.
0x00000000	0	4	sfreson.c
0x00000000	0	4	sstrstat.c
0x802412b4	0	0	gcc2_compiled.
0x00000000	0	4	sbasyncm.c
0x802414c8	0	0	gcc2_compiled.
0x00000000	0	4	sfxlevel.c
0x80241758	0	0	gcc2_compiled.
0x00000000	0	4	sseqvol.c
0x00000000	0	4	sstsetgl.c
0x80241810	0	0	gcc2_compiled.
0x00000000	0	4	satospkr.c
0x8024185c	0	0	gcc2_compiled.
0x00000000	0	4	smixer.c
0x80241f88	0	0	gcc2_compiled.
0x00000000	0	4	sstfxlev.c
0x802431b8	0	0	gcc2_compiled.
0x00000000	0	4	sbhdrcpy.c
0x802432b4	0	0	gcc2_compiled.
0x00000000	0	4	sbvalid.c
0x80243328	0	0	gcc2_compiled.
0x00000000	0	4	sseqpaus.c
0x00000000	0	4	sststat.c
0x80243384	0	0	gcc2_compiled.
0x00000000	0	4	sseqavol.c
0x00000000	0	4	sflpf.c
0x80243464	0	0	gcc2_compiled.
0x00000000	0	4	sstvol.c
0x8024361c	0	0	gcc2_compiled.
0x00000000	0	4	smidaz.c
0x00000000	0	4	soutputmap.cpp
0x00000000	0	4	sbremove.c
0x802438e0	0	0	gcc2_compiled.
0x00000000	0	4	susercb.c
0x00000000	0	4	sprofvoc.c
0x00000000	0	4	sinitut.c
0x80243a70	0	0	gcc2_compiled.
0x00000000	0	4	SNDI_cos.c
0x80243ad0	0	0	gcc2_compiled.
0x00000000	0	4	sfhpffir8.c
0x80243b68	0	0	gcc2_compiled.
0x00000000	0	4	sseqgvol.c
0x00000000	0	4	author.cpp
0x00000000	0	4	splysdef.c
0x80243cc0	0	0	gcc2_compiled.
0x00000000	0	4	sautovol.c
0x00000000	0	4	sover.c
0x80243d18	0	0	gcc2_compiled.
0x00000000	0	4	sballoc.c
0x80243d3c	0	0	gcc2_compiled.
0x00000000	0	4	sstop.c
0x80243dc0	0	0	gcc2_compiled.
0x00000000	0	4	s3dlow.c
0x80243e20	0	0	gcc2_compiled.
0x00000000	0	4	sstpmult.c
0x80243eec	0	0	gcc2_compiled.
0x00000000	0	4	sseqstat.c
0x00000000	0	4	smixfram.c
0x80243f48	0	0	gcc2_compiled.
0x00000000	0	4	saemsamb.c
0x80243f90	0	0	gcc2_compiled.
0x80244148	56	2	__static_initialization_and_destruction_0
0x80244180	44	2	_GLOBAL_.I.SNDAEMS_addmodulebank
0x00000000	0	4	smidi.c
0x802441ac	0	0	gcc2_compiled.
0x802b5e20	4	1	lastpartial.135
0x00000000	0	4	sctrldry.cpp
0x80244cb0	0	0	gcc2_compiled.
0x00000000	0	4	ssysserv.c
0x80244d68	0	0	gcc2_compiled.
0x00000000	0	4	smixlowp.c
0x80244ea8	0	0	gcc2_compiled.
0x00000000	0	4	sserver.c
0x80244ff4	0	0	gcc2_compiled.
0x802b5e24	4	1	lastTick.126
0x80245380	40	2	__static_initialization_and_destruction_0
0x802453a8	44	2	_GLOBAL_.I.SNDSYSI_variabletimerservice__Fv
0x00000000	0	4	svol.c
0x802453d4	0	0	gcc2_compiled.
0x00000000	0	4	sclcptch.c
0x80245550	0	0	gcc2_compiled.
0x00000000	0	4	sfilter.c
0x802456b0	0	0	gcc2_compiled.
0x00000000	0	4	smemlmt.c
0x80245794	0	0	gcc2_compiled.
0x00000000	0	4	stretch.c
0x802457dc	0	0	gcc2_compiled.
0x802457dc	284	2	crossfade__FPfN20ii
0x802458f8	332	2	determineaction__FifPPUcPf
0x80245a44	340	2	applyaction__FP16TIMESTRETCHSTATEPPfi
0x80245b98	156	2	transferframes__FP16TIMESTRETCHSTATEPiPPf
0x00000000	0	4	sfbpffir8.c
0x00000000	0	4	sndfxbus.cpp
0x00000000	0	4	smixfilt.c
0x80246154	0	0	gcc2_compiled.
0x00000000	0	4	stpparse.c
0x802461dc	0	0	gcc2_compiled.
0x00000000	0	4	saemsstr.c
0x80246880	0	0	gcc2_compiled.
0x00000000	0	4	sinitxa.c
0x80247674	0	0	gcc2_compiled.
0x00000000	0	4	sst3dpos.c
0x802476bc	0	0	gcc2_compiled.
0x00000000	0	4	sbadd.c
0x80247970	0	0	gcc2_compiled.
0x00000000	0	4	stagpat.c
0x80247bc8	0	0	gcc2_compiled.
0x802b5f68	1	1	freekey.126
0x00000000	0	4	supmutlf.c
0x802484a0	0	0	gcc2_compiled.
0x00000000	0	4	sstcrtap.c
0x8024867c	0	0	gcc2_compiled.
0x00000000	0	4	saemstimupdt.c
0x802486bc	0	0	gcc2_compiled.
0x00000000	0	4	spatkey.c
0x80248734	0	0	gcc2_compiled.
0x00000000	0	4	supxaf.cpp
0x802487e0	0	0	gcc2_compiled.
0x00000000	0	4	sseqres.c
0x00000000	0	4	smasterv.c
0x80248938	0	0	gcc2_compiled.
0x00000000	0	4	sinit16.c
0x802489f8	0	0	gcc2_compiled.
0x00000000	0	4	supxapf.cpp
0x80248a40	0	0	gcc2_compiled.
0x00000000	0	4	sfir8.c
0x80248cb4	0	0	gcc2_compiled.
0x00000000	0	4	slowpass.c
0x80248da0	0	0	gcc2_compiled.
0x00000000	0	4	ssine.c
0x80248e08	0	0	gcc2_compiled.
0x00000000	0	4	ssttmul.c
0x80248e88	0	0	gcc2_compiled.
0x00000000	0	4	smixc.c
0x80248ef8	0	0	gcc2_compiled.
0x00000000	0	4	coda.cpp
0x80248f28	0	0	gcc2_compiled.
0x00000000	0	4	SNDI_sin.c
0x80248f40	0	0	gcc2_compiled.
0x00000000	0	4	sdownmix.cpp
0x80248fd4	0	0	gcc2_compiled.
0x00000000	0	4	stimemul.c
0x80249044	0	0	gcc2_compiled.
0x00000000	0	4	sfsrc.c
0x00000000	0	4	sfamplf.c
0x00000000	0	4	sresopat.c
0x802490e0	0	0	gcc2_compiled.
0x00000000	0	4	sfecho.c
0x00000000	0	4	eaxadecf.cpp
0x80249160	0	0	gcc2_compiled.
0x00000000	0	4	sstgetrp.c
0x80249684	0	0	gcc2_compiled.
0x00000000	0	4	sgetdata.c
0x802496fc	0	0	gcc2_compiled.
0x00000000	0	4	sfmixer.c
0x00000000	0	4	srender.c
0x8024977c	0	0	gcc2_compiled.
0x00000000	0	4	sclnt100.c
0x80249838	0	0	gcc2_compiled.
0x00000000	0	4	slinklst.c
0x80249944	0	0	gcc2_compiled.
0x00000000	0	4	saramman.c
0x80249a70	0	0	gcc2_compiled.
0x00000000	0	4	SNDI_root1x.c
0x00000000	0	4	smixtmul.c
0x80249e14	0	0	gcc2_compiled.
0x00000000	0	4	sflpffir8.c
0x00000000	0	4	spktctoh.c
0x80249e50	0	0	gcc2_compiled.
0x00000000	0	4	smixvec.c
0x00000000	0	4	sfir.c
0x80249ed8	0	0	gcc2_compiled.
0x00000000	0	4	supmutpf.c
0x8024a280	0	0	gcc2_compiled.
0x00000000	0	4	setmemcpy.cpp
0x8024a594	0	0	gcc2_compiled.
0x00000000	0	4	smixhip.c
0x8024a5a4	0	0	gcc2_compiled.
0x00000000	0	4	sfft24.c
0x8024a674	0	0	gcc2_compiled.
0x00000000	0	4	sctlfilt.c
0x8024a6ec	0	0	gcc2_compiled.
0x00000000	0	4	sgetpvol.c
0x8024a754	0	0	gcc2_compiled.
0x00000000	0	4	smixptch.c
0x8024a7e8	0	0	gcc2_compiled.
0x00000000	0	4	sformat.c
0x00000000	0	4	sx87d16.c
0x8024a8a4	0	0	gcc2_compiled.
0x00000000	0	4	mtdecf.cpp
0x8024a8fc	0	0	gcc2_compiled.
0x802b6598	36	1	_3Snd.bitmask
0x802b65bc	256	1	_3Snd.coeff_table
0x802b66bc	512	1	_3Snd.index_table
0x802b68bc	348	1	_3Snd.decode_table
0x8024a954	96	2	getbits__3SndPQ23Snd15UTALKSTATE_CODAi
0x8024abf4	104	2	interpolate__3SndPf
0x8024ac5c	244	2	reftolpc__3SndPfT1
0x8024ad50	1472	2	filter__3SndPQ23Snd15UTALKSTATE_CODAii
0x00000000	0	4	supmutf.c
0x8024bbc4	0	0	gcc2_compiled.
0x00000000	0	4	sbend.c
0x8024bd88	0	0	gcc2_compiled.
0x00000000	0	4	srrange.c
0x8024be38	0	0	gcc2_compiled.
0x00000000	0	4	ssthighp.c
0x8024be94	0	0	gcc2_compiled.
0x00000000	0	4	slib.c
0x8024bee4	0	0	gcc2_compiled.
0x00000000	0	4	spantoaz.c
0x8024c04c	0	0	gcc2_compiled.
0x00000000	0	4	sfrsf.c
0x8024c060	0	0	gcc2_compiled.
0x00000000	0	4	suplf.c
0x8024c39c	0	0	gcc2_compiled.
0x00000000	0	4	shipass.c
0x8024c4a4	0	0	gcc2_compiled.
0x00000000	0	4	supf.c
0x8024c50c	0	0	gcc2_compiled.
0x00000000	0	4	supxalf.cpp
0x8024c62c	0	0	gcc2_compiled.
0x00000000	0	4	suppf.c
0x8024c9c0	0	0	gcc2_compiled.
0x00000000	0	4	SNDI_mult16.c
0x00000000	0	4	scrsfl.c
0x8024cb64	0	0	gcc2_compiled.
0x00000000	0	4	SNDI_findprime.c
0x00000000	0	4	date.c
0x8024cc28	0	0	gcc2_compiled.
0x800000f8	4	0	__OSBusClock
0x00000000	0	4	gflink.c
0x8024cd58	0	0	gcc2_compiled.
0x803b2740	4	1	_charMap
0x8037ca58	4096	0	_swapData
0x8037da58	784	0	_miniPlayArtData
0x803b2d58	1	0	_hackStatus
0x00000000	0	4	gbafan.c
0x803b2748	4	1	_GBAFan_iState
0x803b274c	4	1	_GBAFanButtons
0x803b2750	1	1	_GBAFanEvent
0x8037f0c0	24	0	_GBAFan_ServiceMutex
0x803b2d5c	8	0	_GBAFan_ServiceCond
0x803b2d68	4	0	_GBAFan_iGFLinkState
0x803b2d64	4	0	_GBAFan_uDevice
0x803b2d6c	1	0	_GBAFan_uPct
0x8037dd80	792	0	_GBAFan_ServiceThread
0x8037e0c0	4096	0	_GBAFan_ServiceThreadStack
0x8037f0d8	16	0	_GBAFan_Data
0x00000000	0	4	GCmp.c
0x8024ce88	0	0	gcc2_compiled.
0x803b2758	1	1	_GCmpModuleActive
0x803b275c	4	1	_GCmpNumTypes
0x803b2d70	4	0	_GCmpTypes
0x00000000	0	4	huff.c
0x8024d8d8	0	0	gcc2_compiled.
0x8024db10	496	2	_HuffCoStart
0x8024dd00	216	2	_HuffCoProcess
0x8024ddd8	84	2	_HuffCoStop
0x8024de2c	288	2	_HuffDecStart
0x8024df4c	200	2	_HuffDecProcess
0x8024e014	56	2	_HuffDecStop
0x8024d8d8	16	2	_InsertSortByFreq
0x8024d8e8	64	2	_SearchForSymbol
0x8024d928	140	2	_IsSymbolInTree
0x8024d9b4	268	2	_BuildTree
0x8024dac0	80	2	_DestroyTree
0x00000000	0	4	rle.c
0x8024e04c	0	0	gcc2_compiled.
0x8024e04c	8	2	_RLECoStart
0x8024e054	336	2	_RLECoProcess
0x8024e1a4	4	2	_RLECoStop
0x8024e1a8	8	2	_RLEDecStart
0x8024e1b0	252	2	_RLEDecProcess
0x8024e2ac	4	2	_RLEDecStop
0x00000000	0	4	none.c
0x8024e2b0	0	0	gcc2_compiled.
0x8024e2b0	8	2	_NONECoStart
0x8024e2b8	84	2	_NONECoProcess
0x8024e30c	4	2	_NONECoStop
0x8024e310	8	2	_NONEDecStart
0x8024e318	84	2	_NONEDecProcess
0x8024e36c	4	2	_NONEDecStop
0x00000000	0	4	lzm.c
0x8024e370	0	0	gcc2_compiled.
0x803b2760	1	1	PacifyStatus
0x803b2764	4	1	bitbuf
0x803b2768	4	1	bitbufpos
0x8024f6e4	8	2	_LZMCoStart
0x8024f6ec	808	2	_LZMCoProcess
0x8024fa14	4	2	_LZMCoStop
0x8024fa18	8	2	_LZMDecStart
0x8024fa20	1392	2	_LZMDecProcess
0x8024ff90	4	2	_LZMDecStop
0x8024e370	156	2	sInitTree
0x8024e40c	152	2	sFindNextNode
0x8024e4a4	136	2	sReplaceNode
0x8024e52c	116	2	sRotateNodeLeft
0x8024e5a0	112	2	sRotateNodeRight
0x8024e610	816	2	sDeleteNode
0x8024e940	732	2	sAddNode
0x803b2d74	4	0	LookAheadSize
0x8024ec1c	200	2	sWriteBits
0x803b2d7c	4	0	BitsLeftInChunk
0x8024ece4	140	2	sQuadAlign_Outbuffer
0x8024ed70	204	2	sReadBits
0x8024ee3c	172	2	sReadZeroBits
0x8024eee8	1072	2	sFlushBuffer
0x803b2d78	2	0	NumChunks
0x8024f318	36	2	sCalcLogMagnitude
0x8024f33c	936	2	sFlushMatch
0x00000000	0	4	lzh.c
0x8024ff94	0	0	gcc2_compiled.
0x803b276c	1	1	_LZH_ModuleIsActive
0x802971d8	12	1	_LZH_LLCode
0x8037fa48	1140	0	_LZH_LLCode_HuffCode
0x8037f160	2280	0	_LZH_LLCode_DecodeTable
0x802971e4	12	1	_LZH_PCode
0x8037ffac	120	0	_LZH_PCode_HuffCode
0x8037febc	240	0	_LZH_PCode_DecodeTable
0x802971f0	12	1	_LZHMem_LLCode
0x8038090c	1140	0	_LZHMem_LLCode_HuffCode
0x80380024	2280	0	_LZHMem_LLCode_DecodeTable
0x802971fc	12	1	_LZHMem_PCode
0x80380e70	120	0	_LZHMem_PCode_HuffCode
0x80380d80	240	0	_LZHMem_PCode_DecodeTable
0x80297208	28	1	_LZH_LLCodeExtra
0x80297224	58	1	_LZH_LLCodeBase
0x80297260	30	1	_LZH_PCodeExtra
0x8029727e	62	1	_LZH_PCodeBase
0x8025008c	352	2	_LZHCoStart
0x80250408	236	2	_LZHProcess
0x802501ec	108	2	_LZHCoStop
0x80250258	216	2	_LZHDecStart
0x8025037c	92	2	_LZHDecStop
0x8024ff94	120	2	_LZHInit
0x8025000c	128	2	_LZHShutdown
0x8037f100	32	0	_LZH_CS
0x803b2d84	4	0	_LZH_Usage
0x803b2d90	4	0	_LZHMem_Usage
0x8037f120	32	0	_LZHMem_CS
0x8037f140	32	0	_LZHHuff_CS
0x803b2da4	4	0	_LZH_pWindow
0x803b2dac	4	0	_LZH_pHashTable
0x803b2db4	4	0	_LZH_pHashLink
0x803b2db0	4	0	_LZH_pHashValue
0x803b2db8	4	0	_LZH_pLLCodeBuffer
0x803b2dbc	4	0	_LZH_pPCodeBuffer
0x803b2dc8	4	0	_LZH_pEncodeTree
0x80252f9c	284	2	_LZHHuffGenCodeConvertTables
0x802505b4	188	2	_LZHEncodeNewBlock
0x803b2dc0	2	0	_LZH_CodeBufferSize
0x803b2de2	2	0	_LZH_ByteBufferEnd
0x803b2dfc	4	0	_LZH_Checksum
0x803b2d88	8	0	_LZH_StageInfo
0x803b2da0	2	0	_LZH_WindowBegin
0x803b2d9c	2	0	_LZH_WindowBuffer
0x803b2d9e	2	0	_LZH_WindowEnd
0x803b2da8	2	0	_LZH_WindowBufferSize
0x803b2de4	4	0	_LZH_BitBuffer
0x803b2de0	2	0	_LZH_BitBufferSize
0x803b2dea	2	0	_LZH_ByteBufferBegin
0x80250330	76	2	_LZHMemDecStart
0x803b2d82	1	0	_LZH_IsCompleteOutBuffer
0x80250ea4	476	2	_LZHDecodeNewBlock
0x80251de4	220	2	_LZHMemDecodeNewBlock
0x803b2e00	2	0	_LZHMem_BitBufferSize
0x803b2d94	8	0	_LZHMem_StageInfo
0x803b2e04	4	0	_LZHMem_BitBuffer
0x802503d8	48	2	_LZHMemDecStop
0x803b2d80	1	0	bProcessing.81
0x802504f4	192	2	_LZHMemProcess
0x803b2dd8	4	0	_LZH_pInBlock
0x803b2df0	4	0	_LZH_pInData
0x803b2dec	4	0	_LZH_InRemaining
0x803b2df4	4	0	_LZH_OutRemaining
0x803b2df8	4	0	_LZH_pOutData
0x803b2ddc	4	0	_LZH_pOutBlock
0x803b2d81	1	0	bProcessing.85
0x803b2e08	4	0	_LZHMem_InRemaining
0x803b2e0c	4	0	_LZHMem_pInData
0x803b2e10	4	0	_LZHMem_OutRemaining
0x803b2e14	4	0	_LZHMem_pOutData
0x80253148	196	2	_LZHWriteBits
0x8025328c	132	2	_LZHFlushBitBuffer
0x80250670	96	2	_LZHEncodeNewBlockEOF
0x802506d0	1108	2	_LZHEncodeInput
0x8025320c	128	2	_LZHFlushByteBuffer
0x802530b8	144	2	_LZHUpdateChecksum
0x80250b24	436	2	_LZHEncodeCodeBufferStart
0x8038137c	228	0	_LZH_LLCodeConvert
0x80381460	256	0	_LZH_PCodeConvertLo
0x80381560	256	0	_LZH_PCodeConvertHi
0x8025271c	388	2	_LZHHuffEncodeBuildTree
0x802528a0	560	2	_LZHHuffEncodeGenCodeLen
0x80252b84	160	2	_LZHHuffAssignCodes
0x802526c0	92	2	_LZHHuffWriteHuffData
0x80250cd8	460	2	_LZHEncodeCodeBuffer
0x803b2de8	2	0	_LZH_ByteBufferNextEnd
0x80381ad8	256	0	_LZH_ByteBuffer
0x80251bfc	488	2	_LZHReadBits
0x803b2dc4	4	0	_LZHHuffReadBitsFunc
0x80252ad0	180	2	_LZHHuffReadHuffData
0x80252c24	264	2	_LZHHuffDecodeBuildTree
0x80252d2c	64	2	_LZHHuffDecodeBuildTable
0x80251414	2024	2	_LZHDecodeInputFull
0x80251080	916	2	_LZHDecodeInput
0x802524b4	524	2	_LZHMemReadBits
0x803b2e18	4	0	_LZHMem_Checksum
0x80251ec0	1524	2	_LZHMemDecodeInput
0x80381660	1144	0	_LZH_Heap
0x803b2dd4	2	0	_LZH_HeapSize
0x80253310	144	2	_LZHHeapPush
0x802533a0	236	2	_LZHHeapPop
0x80380ee8	32	0	_LZH_CodeLenCount
0x80380f08	1140	0	_LZH_DecodeTree
0x803b2dcc	2	0	_LZH_NextFreeTable
0x803b2dd0	4	0	_LZH_pDecodeTable
0x80252d6c	560	2	_LZHHuffDecodeBuildTableR
0x00000000	0	4	IFF.c
0x8025348c	0	0	gcc2_compiled.
0x00000000	0	4	OSFatal.c
0x80381bd8	12	1	FatalParam
0x80381bd8	0	0	...bss.0
0x80381be8	712	1	FatalContext
0x803b4318	4	1	@121
0x803b431c	4	1	@122
0x803b4320	4	1	@123
0x803b4324	4	1	@124
0x803b4328	4	1	@125
0x803b432c	4	1	@126
0x803b4330	4	1	@127
0x803b4334	4	1	@128
0x803b4338	4	1	@129
0x803b433c	4	1	@130
0x803b4340	4	1	@131
0x803b4344	4	1	@132
0x803b4348	4	1	@133
0x803b4350	8	1	@135
0x803b2770	4	1	@260
0x00000000	0	4	OSFont.c
0x803b2e20	4	1	FontData
0x803b2e24	4	1	SheetImage
0x803b2e28	4	1	WidthTable
0x803b2e2c	4	1	CharsInSheet
0x802b6c10	384	1	HankakuToCode
0x802b6d90	2442	1	Zenkaku2Code
0x803b2778	2	1	fontEncode$80
0x803b4358	8	1	@153
0x00000000	0	4	GBA.c
0x80381ec0	256	1	SecParams
0x802b7720	16	1	ResetFunctionInfo
0x802536c0	16	2	OnReset
0x80253538	84	2	ShortCommandProc
0x00000000	0	4	GBAGetProcessStatus.c
0x00000000	0	4	GBAJoyBoot.c
0x802b7730	0	0	...data.0
0x802b7730	45	1	D54
0x00000000	0	4	GBARead.c
0x00000000	0	4	GBAWrite.c
0x00000000	0	4	GBAXfer.c
0x802536d0	220	2	__GBAHandler
0x8025384c	292	2	TypeAndStatusCallback
0x00000000	0	4	GBAKey.c
0x802b7760	896	1	D35
0x802b7ae0	9	1	@10
0x802b7aec	26	1	@11
0x00000000	0	4	dsp.c
0x802b7b08	0	0	...data.0
0x802b7b08	69	1	@1
0x803b2e38	4	1	__DSP_init_flag
0x802b7b50	30	1	@19
0x802b7b70	12	1	@20
0x802b7b7c	9	1	@21
0x00000000	0	4	dsp_debug.c
0x00000000	0	4	dsp_task.c
0x803b2e40	4	1	t0
0x803b2e44	4	1	t1
0x803b2e48	4	1	t2
0x802b7b88	0	0	...data.0
0x802b7b88	29	1	@266
0x802b7ba8	45	1	@267
0x802b7bd8	45	1	@268
0x802b7c08	45	1	@269
0x802b7c38	45	1	@270
0x802b7c68	45	1	@271
0x802b7c98	43	1	@294
0x00000000	0	4	AX.c
0x802b7cc8	0	0	...data.0
0x802b7cc8	68	1	@1
0x00000000	0	4	AXAlloc.c
0x803823c0	128	1	__AXStackHead
0x803823c0	0	0	...bss.0
0x80382440	128	1	__AXStackTail
0x803b2e68	4	1	__AXCallbackStack
0x00000000	0	4	AXAux.c
0x803824c0	5760	1	__AXBufferAuxA
0x803824c0	0	0	...bss.0
0x80383b40	5760	1	__AXBufferAuxB
0x803b2e70	4	1	__AXCallbackAuxA
0x803b2e74	4	1	__AXCallbackAuxB
0x803b2e78	4	1	__AXContextAuxA
0x803b2e7c	4	1	__AXContextAuxB
0x803b2e80	4	1	__AXAuxADspWrite
0x803b2e84	4	1	__AXAuxADspRead
0x803b2e88	4	1	__AXAuxBDspWrite
0x803b2e8c	4	1	__AXAuxBDspRead
0x803b2e90	4	1	__AXAuxDspWritePosition
0x803b2e94	4	1	__AXAuxDspReadPosition
0x803b2e98	4	1	__AXAuxDspWritePositionDpl2
0x803b2e9c	4	1	__AXAuxDspReadPositionDpl2
0x803b2ea0	4	1	__AXAuxCpuReadWritePosition
0x00000000	0	4	AXCL.c
0x803851c0	1536	1	__AXCommandList
0x803b2ea8	4	1	__AXCommandListPosition
0x803b2eac	4	1	__AXClWrite
0x803b2eb0	4	1	__AXCommandListCycles
0x803b2eb4	4	1	__AXCompressor
0x00000000	0	4	AXOut.c
0x803857c0	1920	1	__AXOutBuffer
0x803857c0	0	0	...bss.0
0x80385f40	640	1	__AXOutSBuffer
0x803b2ec0	4	1	__AXOutFrame
0x803b2ec4	4	1	__AXAiDmaFrame
0x803b2ec8	4	1	__AXOutDspReady
0x803b2ed0	8	1	__AXOsTime
0x803b2ed8	4	1	__AXUserFrameCallback
0x803b2edc	4	1	__AXDSPInitFlag
0x803b2ee0	4	1	__AXDSPDoneFlag
0x803b2ee4	4	1	__AXDebugSteppingMode
0x803b2ee8	8	1	__AXOutThreadQueue
0x803b2ef0	4	1	__AXOutputBufferMode
0x803861c0	16384	1	__AXDramImage
0x8038a1c0	80	1	__AXDSPTask
0x802558f4	12	2	__AXDSPInitCallback
0x80255900	88	2	__AXDSPResumeCallback
0x80255958	44	2	__AXDSPDoneCallback
0x00000000	0	4	AXSPB.c
0x8038a260	54	1	__AXStudio
0x8038a260	0	0	...bss.0
0x803b2ef8	4	1	__AXSpbAL
0x803b2efc	4	1	__AXSpbAR
0x803b2f00	4	1	__AXSpbAS
0x803b2f04	4	1	__AXSpbAAL
0x803b2f08	4	1	__AXSpbAAR
0x803b2f0c	4	1	__AXSpbAAS
0x803b2f10	4	1	__AXSpbABL
0x803b2f14	4	1	__AXSpbABR
0x803b2f18	4	1	__AXSpbABS
0x00000000	0	4	AXVPB.c
0x8038a2a0	15616	1	__AXPB
0x8038a2a0	0	0	...bss.0
0x8038dfa0	4096	1	__AXITD
0x8038efa0	16384	1	__AXUpdates
0x80392fa0	35584	1	__AXVPB
0x802b7d10	0	0	...data.0
0x802b7d10	20	1	__AXSrcCycles
0x802b7d24	64	1	__AXMainMixCycles
0x802b7d64	128	1	__AXAuxMixCycles
0x803b2f20	4	1	__AXMaxDspCycles
0x803b2f24	4	1	__AXRecDspCycles
0x803b2f28	4	1	__AXNumVoices
0x803b4360	4	1	@239
0x00000000	0	4	AXProf.c
0x803b2f30	4	1	__AXProfile
0x803b2f34	4	1	__AXMaxProfiles
0x803b2f38	4	1	__AXCurrentProfile
0x803b2f3c	4	1	__AXProfileInitialized
0x00000000	0	4	AXComp.c
0x00000000	0	4	DSPCode.c
0x80003100	0	0	__start
0x8025b240	0	1	__CTOR_LIST__
0x8025b500	0	1	__DTOR_LIST__
0x802c1340	0	1	_f_bss
0x802c1340	0	1	__bss_start
0x803b182c	0	1	__bss_end
0x803b182c	0	1	_e_bss
0x803b1840	0	1	__SDATA_START__
0x803b9840	0	1	_SDA_BASE_
0x803c9840	0	1	_SDA2_BASE_
0x803b27a0	0	1	_f_sbss
0x803b27a0	0	1	__sbss_start
0x803b2fed	0	1	__sbss_end
0x803b2fed	0	1	_e_sbss
0x803b2fed	0	1	__SBSS_END__
0x803b3000	0	1	__SDATA2_START__
0x803b4364	0	1	__SBSS2_END__
0x803b4380	0	1	_stack_end
0x803c4380	0	1	_stack_addr
0x803c43a0	0	1	__ArenaLo
0x81780000	0	1	__ArenaHi
0x802972c4	4	1	NascarMain_pArgvZero
0x800034a0	268	2	main
0x800035ac	24	2	QuitNascar__FUc
0x8022ae7c	56	2	__main
0x800182c4	120	2	NascarMainInit__Fv
0x8030b7e0	224	0	flowManager
0x80017f54	40	2	ResManInit__Fv
0x801c0c8c	176	2	Init__12FlowManagerC
0x801c10d8	8	2	SetVerboseFlags__12FlowManagerCUi
0x801c0dc0	164	2	StartGroup__12FlowManagerCii
0x801e422c	16	2	SysEnableReset
0x801c102c	172	2	Process__12FlowManagerC
0x801e423c	156	2	SysCheckReset
0x801c0edc	44	2	IsGroupStarted__C12FlowManagerCi
0x801c0e64	120	2	StopGroup__12FlowManagerCi
0x801c0d3c	132	2	Shutdown__12FlowManagerC
0x8001833c	48	2	NascarMainShutdown__Fv
0x800995cc	44	2	PlatformGoToMemoryManager__Fv
0x802c1340	1	0	_DBDump_fake
0x802c1344	1	0	_DBVerify_fake
0x80204580	168	2	VptSetPerspective
0x8020497c	484	2	VptSetUpRender
0x801bb1a4	60	2	strcpy
0x801bb318	60	2	strchr
0x801bb3c8	48	2	strlen
0x801bb108	156	2	sprintf
0x800035c4	4	2	MemDumpInit__Fv
0x800035c8	4	2	MemDumpShutdown__Fv
0x800035cc	4	2	MemDumpTrackLowPoints__FUc
0x800035d0	12	2	GSGetDependencyList__C10MemBudgetC
0x800035dc	8	2	GSGetAntiDependencyList__C10MemBudgetC
0x800035e4	12	2	GSGetModuleName__C10MemBudgetC
0x800035f0	8	2	GSStart__10MemBudgetC
0x800035f8	8	2	GSStop__10MemBudgetC
0x80003600	60	2	__10MemBudgetC
0x802bb700	96	1	_vt.10MemBudgetC
0x8000363c	48	2	_._10MemBudgetC
0x8000366c	4	2	RegisterAlloc__10MemBudgetC10MemBudgetEUi
0x80003670	4	2	RegisterFree__10MemBudgetC10MemBudgetEUi
0x802c1348	16	0	FMMemBudget
0x801c1784	64	2	__11FlowModuleC
0x801c17c4	188	2	_._11FlowModuleC
0x800ab254	32	2	GSPreModuleStart__13GSFlowModuleCP11FlowModuleC
0x800ab274	4	2	GSPostModuleStart__13GSFlowModuleCP11FlowModuleC
0x800ab278	44	2	GSPreModuleStop__13GSFlowModuleCP11FlowModuleC
0x800ab2a4	4	2	GSPostModuleStop__13GSFlowModuleCP11FlowModuleC
0x802972fc	4	1	eMPCAbortPlayback
0x800039cc	328	2	MoviePlayMPC__FUiPcUcUcPvN34
0x803b1d0c	8	1	Per_BtnMask
0x801d69a4	36	2	PerIsDeviceConnected
0x80077b5c	72	2	InputMgrSetConnected__FUcUc
0x801d6670	108	2	PerGetDeviceTypeT
0x80077c64	24	2	InputMgrGetDevType__FUc
0x80077c7c	24	2	InputMgrGetDevSubType__FUc
0x80077c34	24	2	InputMgrSetDevType__FUcUi
0x80077c4c	24	2	InputMgrSetDevSubType__FUcUi
0x80078348	112	2	InputMgrSupportedPad__FUc
0x801d628c	184	2	PerPollSingleDevice
0x801d648c	180	2	PerGetDeviceData
0x803b2f40	4	1	Per_MaxAxis
0x801d6610	8	2	PerGetNumDevices
0x8020dd80	172	2	DVDGetDriveStatus
0x801cfad0	76	2	MAD_CODEC_create__4RCMPv
0x801ceb24	12	2	MovieRcmpInstallMADCOWCodec
0x801cadec	52	2	MemAllocMem
0x801e23fc	588	2	STREAM_create
0x801e2868	108	2	STREAM_taphandle
0x801e2648	188	2	STREAM_setfilter
0x801daa3c	396	2	ResOpenDevice
0x801e28d4	328	2	STREAM_queuefile
0x801c6800	100	2	GlibSwitchToDouble
0x801ce9f0	308	2	MovieRcmpPlay
0x801c67a8	88	2	GlibSwitchToSingle
0x801e2704	128	2	STREAM_destroy
0x801daea4	996	2	ResClose
0x801cae40	652	2	MemFree
0x80003b14	32	2	PlayMovie__FUiPcUc
0x80003b34	164	2	LLPlayMovie__FUiPcUc
0x80055b54	92	2	MusicIsPlaying__Fv
0x800a7a3c	8	2	CacheIsRunning__Fv
0x80055eb4	140	2	MusicStop__Fv
0x800463ec	224	2	NSndSetFmvVolumeAsMaxVolume__FUc
0x800a7a44	8	2	CacheSuspend__Fv
0x800a7a4c	8	2	CacheResume__Fv
0x80055f40	112	2	MusicPlay__Fv
0x80297304	4	1	_PlayListMgr_SountrackTable
0x80297308	4	1	_PlayListMgr_SongTable
0x8029730c	4	1	_PlayListMgr_PlaylistTable
0x80004024	120	2	PlaylistMgrGetSongName__FPcUiUiUc
0x80003f58	116	2	PlaylistMgrGetSoundtrackName__FPcUiUc
0x8000409c	120	2	PlaylistMgrGetArtistName__FPcUiUiUc
0x80003ea8	48	2	PlaylistMgrGetCurrentPlaylist__FUc
0x80003ed8	48	2	PlaylistMgrGetCurrentPlayOrder__FUc
0x80003f08	48	2	PlaylistMgrGetCurrentPlaylistNumSongs__FUc
0x80003f38	32	2	PlaylistMgrGetSoundtrackNum__Fv
0x80003fcc	88	2	PlaylistMgrGetSongsInSoundtrackNum__FUiUc
0x80004114	120	2	PlaylistMgrGetAlbumName__FPcUiUiUc
0x8000418c	104	2	PlaylistMgrGetEnabled__FUiUiUc
0x800041f4	196	2	PlaylistMgrSetEnabled__FUcUiUiUc
0x800042b8	124	2	PlaylistMgrInit__Fv
0x80004334	72	2	PlaylistMgrShutdown__Fv
0x8000437c	72	2	PlaylistMgrJukeboxModeBegin__Fv
0x800043c4	56	2	PlaylistMgrJukeboxModeEnd__Fv
0x800043fc	232	2	PlaylistMgrJukeboxPlaySong__FUiUiUc
0x800044e4	64	2	PlaylistMgrJukeboxStopSong__Fv
0x80004524	12	2	PlaylistMgrIsJukeboxMode__Fv
0x80004530	80	2	PlaylistMgrConvertSoundtrackID__FiPUc
0x80004580	72	2	PlaylistMgrConvertSongID__FiiPUc
0x800045c8	68	2	PlaylistMgrIsModeSpecific__Fv
0x8000460c	68	2	PlaylistMgrSetModeSpecific__FUiUiUi
0x80004650	92	2	PlaylistMgrResetTables__Fv
0x801e8450	400	2	TDbCompilePerformOp
0x800189cc	44	2	Rand32__Fi
0x801e5b6c	120	2	TDbQryDestroy
0x80056418	24	2	MusicSetPlaylistToNoSongs__Fv
0x80056178	576	2	MusicRefreshSettings__Fv
0x800560ac	100	2	MusicFadeIn__Fi
0x800563b8	96	2	MusicSetPlaylistToOneSong__FiUiUiUc
0x80004a38	192	2	ParticleLimitsAssignPriority__FP5Car_ti
0x8000496c	112	2	ParticleLimitsInit__Fv
0x800049dc	52	2	ParticleLimitsShutdown__Fv
0x80004a10	40	2	ParticleLimitsProcess__Fv
0x8010b344	40	2	ParticleAutoDelZeroEmit__FP15ParticleSysObjT
0x801ba370	112	2	memmove
0x801d4fa8	8	2	ParticleObjSystemPrioritySet
0x801ba2d4	40	2	memset
0x8010b434	12	2	ParticlesGetMaxNumSystems__Fv
0x8000dcf0	60	2	LLPtkIsSliceVisible__FP14ptrack_slice_t
0x80005040	212	2	ScoringTowerInit__Fv
0x80005114	72	2	ScoringTowerShutdown__Fv
0x8000515c	476	2	ScoringTowerProcess__Fv
0x80005338	16	2	ScoringTowerSetUpdateFlag__Fv
0x8029740c	4	1	PTrack_pHdr
0x801c8054	60	2	MatPushUnit
0x801c867c	64	2	MatRotZYX
0x801c89a8	56	2	MatStore
0x801c80a4	52	2	MatMakeUnit
0x801c86bc	164	2	MatTranslate
0x801c81b0	56	2	MatCat
0x801c8090	20	2	MatPop
0x80015a64	12	2	GameGetRaceId__Fv
0x800430b0	12	2	TrackIsNight__Fv
0x802a14e4	13	1	File_ScoringTowers
0x800054d8	192	2	LLScoringTowerInit__FP17ScoringTowerInfoT
0x80005598	112	2	LLScoringTowerShutdown__Fv
0x8030fb94	4	0	CarLeader
0x800f8198	24	2	RMOGetLapNum__Fi
0x800159d4	12	2	GameGetNumLaps__Fv
0x80015708	16	2	GameGetNumRacers__Fv
0x800fae38	12	2	RMOGetScoringTowerLeaderboard__Fv
0x802c160c	43120	0	cars
0x80297338	1	1	_LLScoringTower_bInit
0x8029733c	4	1	_LLScoringTower_pDef
0x80005608	288	2	LLScoringTowerRender__Fv
0x803080b8	8	0	VptManager
0x801be534	116	2	DSGetListNode
0x801feb70	68	2	TMClipProjection
0x801febf4	116	2	TMClipMatrixWorld
0x801fefd4	80	2	TMClipBBox
0x801be66c	176	2	DSNextListNode
0x800a5b08	12	2	VptManagerGetNumVpts__Fv
0x801db288	440	2	ResLoad
0x801fa134	56	2	TMModelReset
0x801f9e18	160	2	TMModelResRelocate
0x801fa378	288	2	TMModelBindModelRes
0x801fc914	180	2	TMTexLibLoad
0x801fc55c	56	2	TMShaderLibGetShader
0x801fca4c	152	2	TMTexLibUnload
0x801dc004	416	2	ResUnLoad
0x801fbcc4	12	2	TMRenderBindMaterialList
0x801fb864	152	2	TMRenderBindShader
0x801fb704	208	2	TMRenderBindModel
0x801c8010	68	2	MatPush
0x801fa814	84	2	TMXform
0x801fb934	348	2	TMRenderBindTexture
0x801fc12c	100	2	TMRenderGeomNode
0x80297390	80	1	VLLight_LightParm
0x800060a4	40	2	VLLightSetTargetPos__FP6Vec3_t
0x80005efc	156	2	VLLightInit__Fv
0x80005f98	96	2	VLLightProcess__Fv
0x80005ff8	56	2	VLLightShutdown__Fv
0x80006030	88	2	VLLightAddNewBBox__FP13VLLightBBox_t
0x80006088	16	2	VLLightSetGenerateState__Fi
0x80006098	12	2	VLLightGetInfo__Fv
0x800060cc	48	2	VLLightSetMotObjLightMode__FUi
0x800060fc	64	2	VLLightGetGlobalAmbientLightScale__FUc
0x8000613c	440	2	VLLightCalcLightValues__FP6Vec4_tN30Uc
0x8001898c	64	2	RangeRandF__Fff
0x80203798	40	2	Vec3Scale
0x80203ab0	52	2	Vec3Sub
0x80203724	88	2	Vec3Normalize
0x801c8b50	52	2	MatGetSlot
0x800062f4	84	2	LLVLLightInit__Fv
0x80006348	64	2	LLVLLightShutdown__Fv
0x80203a58	52	2	Vec3Add
0x8000645c	984	2	LLVLLightRenderSetupMotObj__Fv
0x80006834	640	2	LLVLLightRenderSetupCar__Fv
0x80203cf0	148	2	Vec3Mat33Mul
0x8021c1cc	240	2	GXSetChanAmbColor
0x8021dd68	116	2	GXSetTevKColor
0x8021c2bc	240	2	GXSetChanMatColor
0x801053ac	188	2	LightBindDirParm__F10_GXLightIDP11_GXLightObjP12LightParms_t
0x801ba2fc	48	2	memcpy
0x80293ab8	257	1	_ctype_
0x801ba2b4	32	2	tolower
0x80006af4	32	2	PtkTriVert__FP19ptrack_groundpoly_ti
0x80006b14	32	2	PtkQuadVert__FPC17ptrack_wallquad_ti
0x80006b34	32	2	PTKCalcGroundZ__FP19ptrack_groundpoly_tff
0x8000d818	32	2	PtkPlatformDepProcessShadow__Fv
0x80008c94	280	2	PtkGetLapPos__FUif
0x80009c38	100	2	PtkGetFractSegLength__F10PtkAILineTUiUif
0x80008dac	172	2	PtkProjectPointToPlane__FP6Vec3_tP6Vec4_t
0x8000d3fc	240	2	PtkNormalDist__FP6Vec4_tP11PTrackLoc_t
0x80008eb0	720	2	PtkGetWallQuick__FP6Vec4_tP11PTrackLoc_tT1
0x80009180	1876	2	PtkGetWall__FP6Vec4_tP11PTrackLoc_t
0x8000ba08	1940	2	PtkBrutePointLoc__FP6Vec4_tP11PTrackLoc_t
0x800098d4	80	2	PtkGetNumLines__F10PtkAILineT
0x80009924	32	2	PtkGetNumLineSegs__F10PtkAILineTUi
0x80009944	36	2	PtkGetFirstCV__F10PtkAILineTUi
0x80009968	88	2	PtkGetLastCV__F10PtkAILineTUi
0x800099c0	40	2	PtkGetStartLapPct__F10PtkAILineTUi
0x800099e8	88	2	PtkGetEndLapPct__F10PtkAILineTUi
0x80009a40	64	2	PtkLineLoops__F10PtkAILineTUi
0x80009a80	92	2	PtkGetLength__F10PtkAILineTUi
0x80009adc	44	2	PtkGetSegStartLapPct__F10PtkAILineTUiUi
0x80009b08	44	2	PtkGetSegLength__F10PtkAILineTUiUi
0x80009b34	192	2	PtkGetPartialSegLength__F10PtkAILineTUiUif
0x80009bf4	68	2	PtkShadowGetPartialSegLength__FP16PtkShadowChunk_tP16PtkShadowCurve_tUif
0x80009c9c	104	2	PtkGetLengthFromStart__F10PtkAILineTUiUif
0x80009d04	196	2	PtkShadowGetLengthFromStart__FP16PtkShadowChunk_tP16PtkShadowCurve_tf
0x80009dc8	156	2	PtkGetLengthToEnd__F10PtkAILineTUiUif
0x80009e64	44	2	PtkGetSegCVs__F10PtkAILineTUiUi
0x80009e90	44	2	PtkGetSegCoeffs__F10PtkAILineTUiUi
0x80009ebc	28	2	PtkGetShadowSegCoeffs__FP16PtkShadowChunk_tP16PtkShadowCurve_tUi
0x80009ed8	36	2	PtkGetFirstSegCVs__F10PtkAILineTUi
0x80009efc	92	2	PtkGetLastSegCVs__F10PtkAILineTUi
0x80009f58	132	2	PtkGetSoundSection__F10PtkAILineTUiUif
0x80009fdc	460	2	PtkGetTrackSectionInfo__FG11LineLocId_tP21PtkTrackSectionInfo_t
0x8000a1a8	240	2	PtkGetLineInOut__F10PtkAILineTUiUif
0x8000a298	676	2	PtkGetAIReferenceInOuts__FP5Car_t
0x8000a53c	224	2	PtkGetInsideAICurbInOut__FUif
0x8000a61c	224	2	PtkGetOutsideAICurbInOut__FUif
0x8000a6fc	240	2	PtkGetInsideAICurbInOutRelativeToLine__F10PtkAILineTUiUif
0x8000a7ec	240	2	PtkGetOutsideAICurbInOutRelativeToLine__F10PtkAILineTUiUif
0x8000a8dc	240	2	PtkGetInsideApronInOutRelativeToLine__F10PtkAILineTUiUif
0x8000a9cc	240	2	PtkGetOutsideApronInOutRelativeToLine__F10PtkAILineTUiUif
0x8000aabc	224	2	PtkGetInsideWallInOut__FUif
0x8000ab9c	224	2	PtkGetOutsideWallInOut__FUif
0x8000ac7c	608	2	PtkGetInitPos__FUi15PtkInitPosTypeE12ColumnsWideEP16ptrack_car_pos_t
0x8000aedc	128	2	PtkGetAlt__FP11PTrackLoc_tP6Vec3_t
0x8000af5c	16	2	PtkGetShadowChunk__Fv
0x8000b558	324	2	PtkGetSurfaceInfo__FP6Vec4_tP11PTrackLoc_tP13PtkSurfInfo_tUc
0x8000c89c	2912	2	PtkPointLoc__FP6Vec4_tP11PTrackLoc_t
0x8000b69c	244	2	PtkGetNormal__FPC11PTrackLoc_tP6Vec3_t
0x8000b790	284	2	PtkGetPlaneEqn__FP11PTrackLoc_tP6Vec4_t
0x8000b8ac	36	2	PtkGetTrackLength__Fv
0x8000b8d0	168	2	PTrackLoad__Fv
0x8000b978	144	2	PTrackUnload__Fv
0x8000c19c	1792	2	_FindTriByGoodGuess__FiP6Vec4_tP19ptrack_groundpoly_tiPUi
0x8000d4ec	204	2	PtkGetSurfType__FPC11PTrackLoc_t
0x8000d5b8	100	2	PtkGetWallQuadFromLoc__FPC11PTrackLoc_t
0x8000d68c	88	2	PtkGetAdjHeadQuad__FPC17ptrack_wallquad_t
0x8000d6e4	88	2	PtkGetAdjTailQuad__FPC17ptrack_wallquad_t
0x8000d73c	32	2	PtkUpdateSliceVisInfo__Fv
0x8000d75c	32	2	PtkIsSliceVisible__FP14ptrack_slice_t
0x8000d77c	116	2	PtkGetIBLNode__FUif
0x8000d7f0	20	2	PtkGetFastLineControlPointArray__Fv
0x8000d804	20	2	PtkGetNumFastLineBezierSegments__Fv
0x8000d838	676	2	LLPtkInitSliceVis__Fv
0x8000dadc	72	2	LLPtkShutdownSliceVis__Fv
0x80203b28	52	2	Vec4DotProduct
0x8022f138	248	2	sqrtf
0x80203b00	40	2	Vec3DotProduct
0x8000de40	2720	2	PTrackSetupStruct__FP8ptrack_t
0x80203b5c	64	2	Vec3CrossProduct
0x80203654	28	2	Vec3MagnitudeSqr
0x8022f604	200	2	floorf
0x8022e5fc	456	2	fmodf
0x800f77e0	24	2	RMOSetCarInnerCurbInOut__Fif
0x800f77b0	24	2	RMOSetCarOuterCurbInOut__Fif
0x80042fa4	12	2	TrackIsClockwise__Fv
0x802a14a8	12	1	File_PhysicsTrack
0x801dc984	228	2	ResGetSize
0x8000db24	460	2	LLPtkUpdateSliceVisInfo__Fv
0x8000dd2c	4	2	LLPtkProcessShadow__Fv
0x800430c8	12	2	TrackGetTrackPhysicalID__Fv
0x8025bfc0	4	1	BD_MAX_CARCAR_IMPULSE
0x8025bfc4	1	1	BdyDmg_uTireWobbleAngleDragging
0x80297419	1	1	BD_LIGHT_THRESHOLD
0x8029741a	1	1	BD_HEAVY_THRESHOLD
0x8029741b	1	1	BD_BROKEN_THRESHOLD
0x8029741c	1	1	BD_COSMETIC_THRESHOLD
0x80297420	4	1	BD_AMOUNT_DECREASE_PER_REPAIR_F
0x80297424	4	1	BD_MAX_REPAIR_PENALTY_THRESH_F
0x800119ec	16	2	BDGetCarZoneDamage__FP5Car_ti
0x8000e978	576	2	BDForceDamageReset__FP5Car_t
0x800119dc	16	2	BDSetCarZoneDamage__FP5Car_tiUc
0x80011910	20	2	BDSetCarZoneState__FP5Car_tiUc
0x80011944	12	2	BDGetCarTargetDamage__FP5Car_ti
0x80011938	12	2	BDSetCarTargetDamage__FP5Car_tiUc
0x800119cc	16	2	BDGetCarTargetDamageUnderside__FP5Car_ti
0x800119bc	16	2	BDSetCarTargetDamageUnderside__FP5Car_tiUc
0x80012470	32	2	BDHandleResetHIDPOneCar__FP5Car_t
0x8001226c	272	2	BDResetPaletteDamage__FP5Car_t
0x80011a68	32	2	BDUpdateCarBlendModel__FP5Car_t
0x80011a8c	32	2	BDRebuildCarParts__FP5Car_t
0x80011924	20	2	BDGetCarZoneState__FP5Car_ti
0x8000ef60	360	2	BDForceBlendTargetsForIDP__FP5Car_ti
0x800119fc	108	2	BDGetZoneDamageLevel__FP5Car_ti
0x80012414	92	2	BDSetCarZoneHIDPDetached__FP5Car_ti
0x800121f0	124	2	BDGenerateFlyingPart__FP5Car_tUci
0x80011950	108	2	BDGetTargetDamageLevel__FP5Car_ti
0x8000fb78	856	2	_BDTireWobble__FP5Car_t11DamageZoneEUi
0x80011f00	252	2	BDReplaceTire__FP5Car_ti
0x80011e5c	164	2	BDBlowTire__FP5Car_ti
0x80011e0c	80	2	BDConvQPanelToTireZone__Fi
0x80011aac	104	2	BDBlowUpRadiator__FP5Car_t
0x80011be8	108	2	BDBurnEngine__FP5Car_t
0x80011b78	112	2	BDBlowUpEngine__FP5Car_t
0x80011cc4	236	2	BDBlowUpFuelCell__FP5Car_tUc
0x8001237c	76	2	BDHandleHIDPStateChangesByColPt__FP5Car_tP6Vec3_t
0x80012490	168	2	BDGenerateTireMark__FP5Car_tiUc
0x80011a88	4	2	BDUpdateCarShader__FP5Car_ti
0x80010ab8	4	2	BDInit__Fv
0x80010abc	4	2	BDShutdown__Fv
0x80010ac0	388	2	BDInitCar__FP5Car_tUc
0x80010c44	328	2	BDRepairCar__FP5Car_tf
0x80010d8c	316	2	BDGetDamageMap__FP5Car_tPi
0x80010ec8	260	2	BDGetZoneHit__FP6Vec4_t
0x80010fcc	564	2	BDApplyGeneralDamage__FP5Car_tP6Vec4_tfi
0x800123c8	76	2	BDHandleHIDPStateChangesByZone__FP5Car_ti
0x80011200	148	2	BDApplyTireMark__FP5Car_tP6Vec4_t
0x80011294	224	2	BDApplyScrapeDamage__FP5Car_tP6Vec4_tf
0x80011374	492	2	BDApplyWallScrapeDamage__FP5Car_tP6Vec3_tf
0x80011560	152	2	BDTurnOnPaletteEffect__FP5Car_t15PaletteEffect_e
0x800115f8	140	2	BDTurnOffPaletteEffect__FP5Car_t15PaletteEffect_e
0x80011684	652	2	BDUpdatePlayerRepairs__Fv
0x80011b14	100	2	BDFixRadiator__FP5Car_t
0x80011c54	112	2	BDFixEngine__FP5Car_t
0x80011db0	92	2	BDFixFuelCell__FP5Car_t
0x80011ffc	16	2	BDClearAllTireBlownFlags__FP5Car_t
0x80297428	4	1	gTweak_RetreadWear
0x8001200c	412	2	BDRepairTires__FP5Car_tUc
0x800121a8	72	2	BDRepairAllVitalParts__FP5Car_t
0x80012538	68	2	BDTurnOnEngineDamageSmoke__FP5Car_t
0x8001257c	64	2	BDTurnOnBlackEngineSmoke__FP5Car_tUc
0x800125bc	120	2	BDTurnOnTireParticles__FP5Car_ti
0x80012634	120	2	BDTurnOffTireParticles__FP5Car_ti
0x800126ac	152	2	BDTurnOnTireParticlesPeel__FP5Car_ti
0x80012744	152	2	BDTurnOffTireParticlesPeel__FP5Car_ti
0x800127dc	136	2	BDStartSkid__FP5Car_ti
0x80012864	136	2	BDStopSkid__FP5Car_ti
0x800128ec	52	2	BDAnyAxleIsSignificantlyBent__FP5Car_t
0x80102158	36	2	LLCarObjFullRepair__FP5Car_t
0x800e9774	312	2	GaugesMgr_UpdateDamage__Fi
0x8006cca4	60	2	RSRaceStageIsReplay__Fv
0x801c0f08	44	2	GetActiveStage__C12FlowManagerCi
0x8004c94c	244	2	NSndStartDamageRepairSound__Fv
0x800fdfa0	68	2	GetZone__13DamageConfigCP5Car_tUc
0x8010217c	16	2	LLCarObjDmgRebuildParts__FP5Car_t
0x8001a120	832	2	SetPhysicsDamage__FP5Car_t11DamageZoneEf
0x8001d0d8	136	2	CarAnimCarHasHIDPs__FP5Car_t
0x8001d290	188	2	CarAnimGetHIDPFromBDZone__FP5Car_ti
0x8007f284	52	2	ValidMapZoneToPartType__FR19CarDetachablePart_tii
0x800fdfe4	68	2	GetTarget__13DamageConfigCP5Car_tUc
0x80020b24	112	2	GetShapeIndex__9CarConfig9CarModelE
0x80203bdc	52	2	Vec3Distance
0x8005bce8	36	2	EQEnqueueEvent__FUsUsPvUs
0x80015ac4	12	2	GameGetDamageSetting__Fv
0x80067844	340	2	RaceLogicHandleLimitedRepairs__FP5Car_t
0x800fdf84	28	2	FromCar__11SeriesDataCP5Car_t
0x80102eb8	244	2	LLCarPDmgApplyPaletteDamage__FiiifUc
0x80102148	16	2	LLCarObjUpdateBlendModel__FP5Car_t
0x8006c9a8	24	2	RSRaceTypeIsDemo__Fv
0x800f8048	24	2	RMOGetCarIsInPits__Fi
0x8001908c	172	2	CarPointFromWorldToLocalSpace__FP6Vec4_tP5Car_t
0x80102fac	80	2	LLCarPDmgResetPaletteDamage__Fiii
0x802cbe7c	16	0	gPlayerCars
0x80015788	84	2	GameGetNumPlayersLocal__Fv
0x8004ca60	244	2	NSndDamageBlowEngine__Fv
0x8001ce48	112	2	CarAnimTryActivateHIDPByColPt__FP5Car_tP6Vec3_tPi
0x8001ceb8	92	2	CarAnimTryActivateHIDPByDamageZone__FP5Car_tiPi
0x8001cc88	448	2	CarAnimClearOneCar__FP5Car_t
0x8010d410	80	2	evpTireSmokeGetPartEventTypeBySurface__F8PtkSurfT
0x8010d4b0	92	2	evpGetPartPeelBySurface__F8PtkSurfT
0x800221bc	64	2	SkidStartSkid__FUcUc
0x800221fc	232	2	SkidStopSkid__FUcUc
0x80297430	4	1	COLLISION_SPARKS_LMMAGSQR_MIN
0x80012920	964	2	COLSendEvent__FP5Car_tT016COLCollisionTypeiP6Vec4_tfP10colContact
0x80012ce4	240	2	COLAddContact__FP9colResultP6Vec4_tN21i
0x80012dd4	468	2	UpdateCollisionDetection__Fv
0x80012fa8	472	2	ColGenerateCarCarEvents__FP5Car_tT0P6Vec4_tN42
0x80013180	612	2	ColGenerateCarWallEvents__FP5Car_tP6Vec4_tN31
0x800133e4	572	2	ReportCollision__FP5Car_tP6Vec4_tT1f16COLCollisionType
0x80203c50	52	2	Vec3DistanceSqr
0x8010d460	80	2	evpCollisionSmokeGetPartEventTypeBySurface__F8PtkSurfT
0x8001b484	76	2	CarIncrementGrimeForCollision__FiUc
0x802039f8	96	2	Vec3Equal
0x80015718	16	2	GameGetNumCars__Fv
0x8029fab4	1	1	FP_NumFlyingParts
0x80080dd4	180	2	PhysUpdateCenterOfMassFromModelPosition__FP9PhysObj_t
0x800815d0	208	2	UpdateBoundingBox_Generic__FP9PhysObj_tP8PhysBB_t
0x802fb4c8	10032	0	FP_asFlyingParts
0x8006ca60	12	2	RSGetRaceType__Fv
0x800159b0	12	2	GameGetGameMode__Fv
0x8006ca6c	512	2	RSGetRaceStage__Fv
0x80099320	40	2	ColSweepAndPrune__Fv
0x802a0c48	4	1	CspNumOutputPairs
0x8030228c	3024	0	CspOutputPairs
0x8008d358	1280	2	ColCarNarrowPhaseCarToCar__Fii
0x8008d858	852	2	ColCarNarrowPhaseCarToFlyingPart__FiP12FlyingPart_tUc
0x8008dbac	1168	2	ColCarProcessGroundCollisions__FP5Car_t
0x8008e920	196	2	ColCarWallCollide__FP5Car_t
0x80203608	56	2	Vec3Magnitude
0x802fdd84	4224	0	Physics_Constants
0x800242ac	112	2	ScuffEventBasedPaintMark__FiP6Vec3_tUc
0x800801e4	168	2	TransposeMatrix_Generic__FP5Mat_t
0x80013620	116	2	AllPlayersAssignedCars__Fv
0x80013694	500	2	DriverSelect__Fiii
0x80013888	32	2	DriverRequest__Fiii
0x800138a8	76	2	DriverGetName__FiPcT1
0x800138f4	68	2	DriverGetId__Fi
0x80013938	64	2	DriverGetCarId__Fi7SeriesE
0x80015744	68	2	GameGetNumPlayers__Fv
0x8001637c	8	2	GameIsOnline__Fv
0x80013a28	44	2	PlayerStartup__Fv
0x80013a54	44	2	PlayerShutdown__Fv
0x80013a80	128	2	PlayerAssign__FiiPCciT2PC10IpAddressS
0x80013b00	20	2	PlayerGetPersonaByUniversalID__Fi
0x80013b14	64	2	PlayerGetUniversalIDByLocalID__Fi
0x80013b54	28	2	PlayerGetLocalIDByUniversalID__Fi
0x80013b70	108	2	PlayerGetDriverId__F9PlayerIdE
0x80013bdc	88	2	PlayerGetCarType__F9PlayerIdE
0x80013c34	60	2	PlayerGetCarId__F9PlayerIdE
0x80013c70	148	2	PlayerSetInactive__Fi13PlayerStatusE
0x80013d04	64	2	PlayerIsActive__Fi
0x80013d44	60	2	PlayerGetNumActive__Fv
0x801bb278	72	2	strcmp
0x802c15fc	8	0	gameData
0x80297444	4	1	_GameManager_eGameMode
0x80297448	2	1	_GameManager_uRaceSessions
0x8029744c	16	1	_GameManager_MaxCars
0x800164a4	88	2	GameGetActiveSeries__Fv
0x800169e8	88	2	GameGetActiveProductionCarModel__Fv
0x8001437c	44	2	GameManagerAICarsPresent__Fv
0x80014408	1116	2	GameManagerInit__Fv
0x80016928	60	2	GameGetSeriesFromRaceId__FUs
0x80014988	3428	2	GameManagerResetData__FUc
0x800168ec	60	2	GameGetMaxNumRacersForSeriesPointsRace__F7SeriesE
0x800159c8	12	2	GameGetRaceSessions__Fv
0x80014864	76	2	GameManagerShutdown__Fv
0x800148b0	216	2	GameManagerStopRace__Fv
0x80016300	76	2	GameAllowAssists__Fv
0x800165d4	404	2	GameManagerGetAssists__F9PlayerIdEPUcT1
0x80016768	152	2	GameManagerSetAssists__F9PlayerIdEPUcT1
0x80016058	12	2	GameSetNumLaps__Fi
0x800169a0	72	2	GameManagerIsPittingForFuelAndTiresAllowed__Fv
0x800156ec	12	2	GameIsStarted__Fv
0x800156f8	16	2	GameGetNumAI__Fv
0x80015728	16	2	GameGetNumSelectedCars__Fv
0x80015738	12	2	GameSetNumSelectedCars__FSc
0x800157dc	96	2	GameGetNumPlayersRemote__Fv
0x8001583c	360	2	GameSetRaceId__FUs
0x800159bc	12	2	GameSetRaceSessions__FUs
0x800164fc	112	2	GameSetActiveSeries__F7SeriesE
0x800159a4	12	2	GameSetGameMode__F9GameModeE
0x800159e0	12	2	GameGetTotalLaps__Fv
0x800159ec	108	2	GameGetAvgRaceSpeed__Ff
0x80015a58	12	2	GameGetDifficultySetting__Fv
0x80015a70	12	2	GameGetRaceLength__Fv
0x80015a7c	12	2	GameGetTireWear__Fv
0x80015a88	12	2	GameGetFuelRate__Fv
0x80015a94	12	2	GameGetAIWearScale__Fv
0x80015aa0	12	2	GameGetAIFuelWearPerLap__Fv
0x80015aac	12	2	GameGetAITireWearPerLap__Fv
0x80015ab8	12	2	GameGetPitMode__Fv
0x80015ad0	12	2	GameGetGrimeModifier__Fv
0x80015adc	12	2	GameGetSpeedCompensation__Fv
0x80015ae8	12	2	GameUseYellowFlags__Fv
0x80015af4	20	2	GameIsAutoBrakeEnabled__FSc
0x80015b08	48	2	GameIsAutoBrakePermitted__Fv
0x80015b38	24	2	GameGetStabilityControlType__FSc
0x80015b50	20	2	GameSetAutoBrakeControl__FUcSc
0x80015b64	24	2	GameSetStabilityControlType__F25GMgrStabilityControlTypeTSc
0x80016000	64	2	GameSetNumRacers__FSc
0x80016040	12	2	GameSetRestart__FUc
0x8001604c	12	2	GameDidRestart__Fv
0x8001624c	72	2	GameGetLatestYearWithPrimarySkin__Fi
0x80016294	108	2	GameSelectPrimarySkinFromYear__Fis
0x8001634c	12	2	GameGetAllStarRaceType__Fv
0x80016358	24	2	GameSetAllStarRaceType__F13AllStarRace_e
0x80016370	12	2	GameGetAllStarType__Fv
0x80016384	8	2	GameIsOnlineServer__Fv
0x8001638c	8	2	GameIsOnlineClient__Fv
0x80016394	108	2	GameStartQuickRace__FUcUc
0x80016400	36	2	GameIsCameraShakeEnabled__FSc
0x80016424	36	2	GameSetCameraShakeEnabled__FScUc
0x8001656c	104	2	GameManagerGetController__FUcPUcT1
0x80016800	236	2	GameManagerUseGameplaySettings__FUc
0x80016964	60	2	GameGetAllStarTypeFromRaceId__FUs
0x80018964	40	2	PosRandF__Fv
0x80338ec0	1	0	_19HiredDriverManagerC.s_Instance
0x8013c4c0	72	2	GetHiredBackupDriver__C19HiredDriverManagerC7SeriesE
0x8006c584	296	2	RSInit__Fv
0x8014101c	288	2	AllStarInit__Fv
0x801436fc	56	2	AllStarGetCurRaceAllStarType__Fv
0x8013cda0	60	2	ShowdownGetShowdownId__FUs
0x8013cd5c	68	2	ShowdownGetPlayerCarId__Fi
0x8012993c	68	2	CareerMgrGetPlayerCarId__F7SeriesE
0x8013fbcc	32	2	ScenarioGetNumCars__Fv
0x8013ec9c	288	2	ScenarioSelectCars__Fv
0x800f33ec	204	2	PrologueSelectDrivers__Fv
0x8006f8a8	12	2	RSIM_IsCurrentlySimulating__Fv
0x802a7bbc	4	1	ScnCarMgr_pObj
0x801457b8	300	2	SelectCars__15ScenarioCarMgrC
0x8006c85c	60	2	RSStartRaceType__F11RSRaceTypeE
0x80141e40	1112	2	AllStarSelectShootoutCars__FPSc
0x801423ec	560	2	AllStarSelectWinstonOpenCars__FPSc
0x80142890	1236	2	AllStarSelectWinstonCars__FPSc
0x80129ddc	72	2	RaceIsCharityEvent__Fi
0x80129e24	296	2	CharityEventSelectDrivers__Fi
0x8013cddc	112	2	ShowdownSelectAIDriver__FUs
0x8006b9c8	12	2	SetMarketingMode__FUc
0x8006c6d4	392	2	RSTransition__Fv
0x80017518	336	2	QualifyInit__FScSc
0x8006c6ac	40	2	RSShutdown__Fv
0x801c6634	32	2	GlibSyncFrame
0x8014113c	68	2	AllStarShutdown__Fv
0x8014c8ac	52	2	SeasonStatMgrWipeDriverQualifyingStatsPerSeries__F7SeriesE
0x8013fc2c	32	2	ScenarioGetDifficulty__Fv
0x8013d734	16	2	ScenarioDefGetIsCautionRestart__Fv
0x8013d744	16	2	ScenarioDefGetDoesCautionEventExist__Fv
0x802a7cd0	4	1	SZScn_pObj
0x80143f90	8	2	GetSkillLevel__C9ScenarioC
0x80143f98	28	2	GetAssistSettings__C9ScenarioCPUcP25GMgrStabilityControlTypeTT1
0x80126184	44	2	IBLSetEnable__FScUc
0x801262cc	160	2	IBLRefreshShowStatusBasedOnDB__Fv
0x80142d64	164	2	AllStarWinstonCalcNumSegLaps__F13AllStarRace_es
0x8014308c	12	2	AllStarGatoradeComplete__Fv
0x80143098	448	2	AllStarSelectGatoradeCars__Fv
0x8013d9bc	100	2	ScenarioGetAllStarRaceType__Fv
0x8013fbec	32	2	ScenarioGetTotalLaps__Fv
0x800430bc	12	2	TrackGetTrackID__Fv
0x80128dec	36	2	SeasonMgrGetCurrentAppt__FP18SeasonAppointmentT
0x80141b74	72	2	AllStarGetTypeByRaceId__FUs
0x800f3f34	108	2	SetSeriesAll__12BakeableCarC7SeriesE
0x800430e0	12	2	TrackGetTrackLength__Fv
0x800430d4	12	2	TrackGetTrackType__Fv
0x8006f7b4	12	2	RSIM_IsSimulatingPastEvents__Fv
0x80093630	292	2	UnlockRefreshLegendDrivers__Fv
0x80016ec8	372	2	QualifyAIGetBestWorstTrackPoleTimes__F7SeriesEPfT1
0x80016e74	84	2	QualifyGetTime__F7SeriesEi
0x8001703c	228	2	_QualifyAIGetSeasonBoostParmaters__FPUcT0
0x80017700	120	2	QualifyPlayerAllPlayersHaveQualifyTimes__Fv
0x80017778	1252	2	QualifyPlayerGenerateQualifyingResults__Fv
0x80017668	120	2	QualifyPlayerHasQualifyTime__F7SeriesEiPi
0x800176e0	16	2	QualifyLocalPlayerActivelyQualified__Fi
0x800176f0	16	2	QualifyGetOnlinePlayerCompletedQualifyingLaps__Fi
0x80017f00	84	2	QualifyGenerateRandomPosition__Fv
0x80017c5c	180	2	QualifyGetQualifyPosition__F7SeriesEi
0x80017d10	88	2	QualifyGetNumDriversQualified__F7SeriesE
0x80017ed0	48	2	QualifyClearAllStats__Fv
0x8014ca74	120	2	GetCurYear__11SeasonDateC
0x801e85e0	260	2	TDbSQLDestroyCursor
0x80043050	12	2	TrackGetPoleTime__Fv
0x80128d80	40	2	SeasonMgrGetPctComplete__Fv
0x80092ff0	132	2	UnlockApplyQualifyCard__FiPii
0x80129c44	136	2	CareerMgrGetPlayerRating__Fv
0x80128fcc	12	2	SeasonMgrGetPlayerRating__Fv
0x80070760	52	2	RaceWeekendHasQualify__Fv
0x80297468	40	1	ResFileLookupTable
0x80017f7c	20	2	ResManGetResource__F11ResManFileT
0x80017f90	88	2	ResManOpenResource__F11ResManFileT
0x80017fe8	52	2	ResManCloseResource__F11ResManFileT
0x802a13ec	13	1	File_CarPartsStr
0x802a13dc	13	1	File_CarResFEStr
0x802a13d0	12	1	File_NewCarDataStr
0x802a1540	11	1	File_EffectStr
0x802a14f4	11	1	File_SkyStr
0x8001801c	48	2	SharedMemInit__Fv
0x8001804c	80	2	SharedMemShutdown__Fv
0x80018110	96	2	SharedMemShutdownMem__F10SharedMemE
0x8001809c	116	2	SharedMemInitMem__F10SharedMemEUi
0x80018170	20	2	SharedMemGetBuffer__F10SharedMemE
0x80018184	24	2	SharedMemGetBufferSize__F10SharedMemE
0x8001819c	204	2	SharedMemLockBuffer__F10SharedMemE16SharedMemSystemE
0x80018268	68	2	SharedMemUnlockBuffer__F10SharedMemE16SharedMemSystemE
0x800182ac	24	2	SharedMemBufferIsLocked__F10SharedMemE
0x801cae20	32	2	MemHAllocMem
0x800455d8	64	2	NSndProcess__Fv
0x80099394	300	2	PlatformInitPreLLAPI__Fv
0x801bdf6c	96	2	DSInit
0x801ca318	116	2	MemInit
0x800994c0	148	2	PlatformInitMemHeaps__Fv
0x801e33a4	412	2	SysInit
0x80200f38	136	2	TrashInit
0x801caa40	36	2	MemSetDefaultHeap
0x80099554	116	2	PlatformInitPostLLAPI__Fv
0x801e3540	252	2	SysShutdown
0x800995c8	4	2	PlatformShutdown__Fv
0x801ca38c	104	2	MemShutdown
0x801bdfcc	80	2	DSShutdown
0x8001836c	96	2	Move3d__FP6Vec4_tiif
0x800183cc	188	2	MathBasicEulerToOrientMat__FP9Orient3_tP5Mat_t
0x801c79ec	244	2	MathArcTan2
0x802038a8	168	2	Vec3RotateXYZ
0x801e0d5c	80	2	SortArray
0x80018488	4	2	OscInit__Fv
0x8001848c	4	2	OscShutdown__Fv
0x800188c4	48	2	SpecialQuickSort__FPvUiUi
0x800188f4	48	2	InitRand__FUi
0x80018924	64	2	DeInitRand__Fv
0x80018a40	300	2	RandGetSet__FPUcUsUs
0x80018b6c	100	2	RandStat__Fff
0x801c7268	80	2	MathNewRandomStream
0x801c72b8	32	2	MathDelRandomStream
0x801c72d8	56	2	MathGetRandom
0x801c7310	216	2	MathGetRandomRange
0x801c73e8	32	2	MathGetRandomSeed
0x80018bd0	40	2	DemoTimerReset__Fv
0x80018bf8	128	2	DemoTimerCheck__F10DemoTimerE
0x80018c88	36	2	TIMEGetTime__Fv
0x80018c78	16	2	TIMEGameElapsedDeficitReset__Fv
0x80018cac	88	2	TIMEInit__Fv
0x80018d04	32	2	TIMEShutdown__Fv
0x80018db4	76	2	TIMEUpdate__Fv
0x80018e2c	192	2	TIMETravel__Fi
0x80018e00	16	2	TIMEPause__Fv
0x80018e10	16	2	TIMEResume__Fv
0x80018e20	12	2	TIMEGetScale__Fv
0x801bb21c	92	2	strcat
0x80018ef8	92	2	LLTIME_GetTick__Fv
0x80018eec	4	2	LLTIME_GetTime__FUi
0x80018ef0	4	2	LLTIME_Init__Fv
0x80018ef4	4	2	LLTIME_UnInit__Fv
0x802974b0	8	1	_LLTIME_TimerCounter
0x80018f54	100	2	LLTIME_GetRealTimeDate__FP14RealTimeDate_t
0x8020ac58	24	2	OSGetTime
0x8022bd4c	1252	2	__udivdi3
0x8020ae78	516	2	OSTicksToCalendarTime
0x802974b8	4	1	CarDebugValue
0x80018fb8	60	2	CARSetOrientation__FP5Car_tP9Orient3_t
0x80018ff4	152	2	CarPointFromLocalToWorldSpace__FP6Vec4_tP5Car_t
0x80019138	52	2	CARZeroSpeed__FP5Car_t
0x8001916c	12	2	CARGetSpeed__FPC5Car_t
0x80019178	52	2	GetFirstCar__Fv
0x800191ac	92	2	GetNextCar__FP5Car_t
0x80019208	1616	2	UpdateCarEffects__FP5Car_tUc
0x80019858	372	2	UpdateCarParticles15Hz__FP5Car_tUc
0x8001b4f8	40	2	CarIncrementGrimeForFire__Fi
0x8001b4d0	40	2	CarIncrementGrimeForSmoke__Fi
0x800199cc	180	2	UpdateCarParticles60Hz__FP5Car_tUc
0x80019a80	936	2	UpdateTireWear__FP5Car_tP9CarTire_tP12CarPhysics_tif
0x80019e28	264	2	InitPhysicsDamage__FP5Car_t
0x80019f30	396	2	LimitedRepair__FP5Car_tfUc
0x8001a460	12	2	CarGetDriverFirstName__FP5Car_t
0x8001a46c	12	2	CarGetDriverLastName__FP5Car_t
0x8001a478	76	2	CarGetDefaultCarSetup__FP5Car_tP16DefaultCarSetupT
0x8001a4c4	120	2	CarIsQualified__FP5Car_t
0x8001a53c	216	2	CarSetQualifyingTime__FP5Car_tf
0x8001a6a0	596	2	CarGetQualifyingPosition__FP5Car_t
0x8001a614	140	2	CarGetQualifyingTime__FP5Car_t
0x8001a8f4	248	2	CarUpdateFlaps__FP5Car_t
0x8001a9ec	1164	2	CarUpdateRenderWheels__FP5Car_tUi
0x8001ae78	60	2	CarIsWrecked__FPC5Car_t
0x8001aeb4	44	2	CarIsOnFire__FPC5Car_t
0x8001aee0	88	2	CarIsWreckedOrOutOfGas__FPC5Car_t
0x8001af38	232	2	CarTurnOnFakeTireSmoke__FP5Car_t
0x8001b020	100	2	CarTurnOffFakeTireSmoke__FP5Car_t
0x8001b084	488	2	CarProcessGrime__Fv
0x8001b548	40	2	CarIncrementGrimeForDraft__Fi
0x8001b520	40	2	CarIncrementGrimeForCrappySurfType__Fi
0x8001b26c	80	2	CarGetGrimeUpdateIdx__Fv
0x8001b2bc	68	2	CarGrimeReset__Fv
0x8001b300	72	2	CarGetGrimeState__Fi
0x8001b348	64	2	CarSetGrimeState__FiUc
0x8001b388	72	2	CarGetNonTimeBasedGrimeState__Fi
0x8001b3d0	64	2	CarSetNonTimeBasedGrimeState__FiUc
0x8001b410	116	2	CarApplyGrime__Fi
0x8001b570	120	2	CarLookupCarByDriverID__Fi
0x802cbe8c	4	0	CarPace
0x80081900	224	2	PhysSetOrientation__FP9PhysObj_tPC9Orient3_t
0x8001e48c	12	2	CarIsActive__Fv
0x80021bc4	236	2	GetTireSkiddingFlags__FUcUc
0x8005a06c	452	2	NSpeechPlayTireStatus__FP5Car_tUiUi
0x80077dbc	56	2	InputMgrGetChannelFromPlayer__Fi
0x801384fc	68	2	RumbleStartLarge__FUiUcUs
0x8010e01c	224	2	SparksSystemUpdateAll__FiP6Vec3_t
0x8008c53c	12	2	CarPhysIsWearEnabled__Fv
0x800f76b0	20	2	RMOGetCarState__Fi
0x8005b610	188	2	NSpeechPlayBlownTire__Fii
0x8014c814	152	2	SeasonStatMgrUpdateDriverQualifyingTimeIfBetter__Fi7SeriesEi
0x800f81f0	24	2	RMOSetRacePosition__Fis
0x800ea0bc	200	2	GaugesMgr_SwitchPosition__Fiii
0x800f8108	24	2	RMOGetAmtRaceCompleted__Fi
0x8001c95c	132	2	CarAnimInit__Fv
0x8001c9e0	44	2	CarAnimShutdown__Fv
0x8001cc40	72	2	CarAnimClearAllCars__Fv
0x8001ca0c	132	2	CarAnimBackup__Fv
0x8001ca90	128	2	CarAnimRestore__Fv
0x8001cb10	304	2	CarAnimUpdate__Fv
0x8001cf14	168	2	CarAnimRefreshHIDPs__FP5Car_t
0x8001cfbc	284	2	CarAnimSGNodeInUse__FP5Car_ti
0x8001d160	144	2	CarAnimCarShouldDrawTrunkDetails__FP5Car_t
0x8001d1f0	160	2	CarAnimGetHIDPInfo__FP5Car_ti
0x801c77b0	32	2	MathSinf
0x8022dd38	588	2	acosf
0x801c8220	56	2	MatLoad
0x80203d84	172	2	Vec3Mat34Mul
0x8001d51c	68	2	CarOffsetGetInfo__Fii
0x8001d560	68	2	CarOffsetGetInfoByDamageZone__Fii
0x800fd034	20	2	CarObjMapDamageZoneToSGNode__Fi
0x8001d390	388	2	LLCarAnimDrawHIDPsForCar__FP5Car_tUc
0x80315bd0	144	0	LLCarXform_Info
0x8021eac0	52	2	GXSetCurrentMtx
0x8021b394	68	2	GXSetCullMode
0x8001d514	4	2	CarOffsetInit__Fv
0x8001d518	4	2	CarOffsetShutdown__Fv
0x8029829c	4	1	_CC_pCarPhysics
0x802982a0	4	1	_CC_pCarTires
0x802982a4	4	1	_CC_pCarPhysObj
0x802982a8	4	1	_CC_pCarDamage
0x8001d5a4	32	2	PhysInitControls__FP10CarInput_t
0x8001de5c	492	2	CarInitSimulation__Fv
0x8001e0e8	812	2	CarInit__Fv
0x8001e414	60	2	CarShutdownSimulation__Fv
0x8001e450	60	2	CarShutdown__Fv
0x8001e498	576	2	CarSetPreGreenPositions__Fv
0x80020494	132	2	CarSnapToFastLine__FP5Car_t18AILFastLineIndex_e
0x8001e6d8	380	2	CarSetChallengeDemoPositions__Fv
0x8001e854	672	2	CarSetPracticePositions__Fv
0x8001eaf4	292	2	CarResetLocalPracticePositions__Fv
0x8001ec18	1056	2	CarSetQualifyingPositions__Fv
0x8001f038	328	2	CarSetPreRacePositions__Fv
0x8001f180	464	2	CarSetTutorialPositions__Fv
0x8001f350	552	2	CarSetSpeedzoneDemoPositions__Fv
0x80020090	1016	2	CarInitInfo__FP5Car_t
0x80020600	752	2	CarGetSetupFromDB__FP16DefaultCarSetupTScUcUc12VehicleTypeE9PlayerIdE
0x80020488	12	2	CarGetPhysics__Fv
0x800208f0	304	2	CarSetSetupIntoDB__FP16DefaultCarSetupTScUc9PlayerIdE
0x80020a20	124	2	CarGetSetupGearRatios__FP16DefaultCarSetupTScUcSc12VehicleTypeE9PlayerIdE
0x80025124	728	2	AICarInitData__FP5Car_t
0x800bebf8	92	2	FlashIsRaceWeekend__Fv
0x80043044	12	2	TrackFirstUserPitStall__Fv
0x80026b5c	108	2	AICarInit__Fi
0x80026bc8	72	2	AICarShutdown__Fv
0x8008d338	32	2	ColCarReleaseCollider__FP15ColConvexHull_t
0x80081748	252	2	NewPhysObj__FP9PhysObj_t12PHYSOBJ_TYPEPv
0x8008ab78	1428	2	InitCarPhysics__FP5Car_t
0x80043038	12	2	TrackNumPitsOnFirstRow__Fv
0x8002774c	56	2	AIUpdateCarPosition__FP5Car_t
0x800f8394	24	2	RMOSetRaceStartPosition__FiUc
0x8006e8c0	36	2	RSIM_AsyncProcessUpdate__Fv
0x8003d870	1228	2	AIInitDriverData__FP5Car_t
0x800f72f4	316	2	RMOInitRaceLogicData__FP5Car_tSci
0x800f7430	308	2	RMOInitLogicData__Fv
0x80088dac	1084	2	CarPhysPutOnGroundAndSetPhysData__FP5Car_tf
0x801128ec	32	2	TrackShadowInfoInit__FP17TrackShadowInfo_t
0x8002a87c	844	2	AIStateChange__FP5Car_t11AICarStateE
0x80026224	996	2	AICarCalcAimPoint__FP5Car_t
0x800fd6e0	40	2	CarObjSetVisibility__FP5Car_tUc
0x80030504	256	2	AISPaceStateInitPreRaceLines__Fv
0x8002726c	604	2	AICarTeleportRelativeToLine__FP5Car_t10PtkAILineTUiUifff
0x800f80c0	24	2	RMOSetCarActive__FiUc
0x800f80f0	24	2	RMOSetCarCollidable__FiUc
0x800f8060	24	2	RMOSetCarIsInPits__FiUc
0x800f78f4	24	2	RMOSetCarIsOnRoad__FiUc
0x80029abc	92	2	AILineSetCarOnLine__FP5Car_t10PtkAILineTUc
0x800f76c4	20	2	RMOSetCarState__Fi11AICarStateE
0x80027948	320	2	AICarFullRepair__FP5Car_t
0x800fd714	40	2	CarObjSetGhost__FP5Car_tUc
0x800f8220	24	2	RMOSetCarRaceState__Fis
0x800f8180	24	2	RMOSetLapPctComplete__Fif
0x800f8150	24	2	RMOSetLapTime__Fif
0x800f82d4	24	2	RMOSetPrevLapPctComplete__Fif
0x800430ec	12	2	TrackGetQualifyDistOffset__Fv
0x800430f8	12	2	TrackGetQualifySpeedOffset__Fv
0x8006c9c0	32	2	RSRaceTypeIsRaceWeekend__Fv
0x80043270	908	2	LineTravel__FPC11LineLocId_tfP11LineLocId_tPf
0x80032370	1520	2	AIManeuverUpdateSpeed__FP5Car_t
0x800fd538	336	2	CarObjShouldCarHaveRookieStripe__Fis
0x800fd688	88	2	CarObjConvertTexIDToRookieStripeTexID__Fs
0x8008d2dc	92	2	ColCarNewCollider__F9CarModelE
0x80143734	12	2	AllStarGetOriginalNumPlayers__Fv
0x80143740	104	2	AllStarGetOriginalPlayerID__Fi
0x800f47b8	64	2	GetSkinIDFromCarID__12BakeableCarCi
0x800819e0	176	2	PhysSetOrientationAndPosFromVectors__FP9PhysObj_tP6Vec3_tN31
0x8012966c	416	2	CareerMgrGetUpgrades__FP18CareerMgrUpgradesT
0x8013b4d8	252	2	CareerGarageMgrGetUpgradeValue__Ff14CarAttributesE
0x8014f464	8	2	GetEngineUpgrade__11SZScenarioC
0x80020a9c	72	2	GetTransmission__9CarConfigQ29CarConfig7SourceE9PlayerIdE
0x8002a1c8	1376	2	AILineCalcNearestPoint__Fi10PtkAILineTUcP8AILine_tPC6Vec4_t
0x80026008	540	2	AICarCalcTargetBezierPos__FP5Car_t
0x80043110	48	2	TrackGetNumPitRoads__Fv
0x8004305c	60	2	TrackGetFuelCellSize__Fv
0x80020ae4	64	2	SetTransmission__9CarConfig16TransmissionType9PlayerIdE
0x8025f5f8	4	1	_9CarConfig.s_fCarLengthInFeet
0x802982b0	816	1	_9CarConfig.m_aTirePositions
0x80020b94	20	2	GetTirePositions__9CarConfig9CarModelE
0x80020ba8	68	2	GetSkidMarkWidth__9CarConfig9CarModelE
0x80020c6c	148	2	_AddAICarToSkidList__FP5Car_t
0x80020d00	152	2	_RemoveAICarFromSkidList__FP5Car_t
0x80020d98	132	2	_AICarIsSkidding__FP5Car_t
0x802ce328	404	0	Skid_apsAsphaltChunks
0x802ce4bc	404	0	Skid_apsGrassChunks
0x802ce650	404	0	Skid_apsSandChunks
0x802ce7e8	24	0	SkidFlags
0x80021cb0	84	2	SkidSetOtherFactors__FP9CarTire_t
0x80021da0	736	2	SkidUpdate__Fv
0x80022080	316	2	HandleRaceEventSkid__FP14_NascarEvent_t
0x800222e4	284	2	SkidClearSkids__Fv
0x80022400	40	2	SkidInitSkids__Fv
0x80022428	36	2	SkidDestroySkids__Fv
0x801bb2c0	88	2	strncmp
0x8031b38c	1056	0	_apsActiveRoosterTails
0x8010b388	136	2	ParticleUpdateRoosterTail__FP20RoosterTailComplex_tP5Car_t
0x800a5940	36	2	VptManagerGetCurrentCameraPosition__FPv
0x80203c10	64	2	Vec2DistanceSqr
0x8022aeb4	64	2	__ashldi3
0x801081c4	296	2	LLSkidInstallTextures__Fv
0x801082ec	176	2	LLSkidUninstallTextures__Fv
0x80298600	1	1	Scrape_bChunkListFull
0x80298604	4	1	Scrape_iNumChunks
0x80298608	1	1	PM_bPaintMarkListFull
0x8029860c	4	1	PM_iNumPaintMarks
0x802d94b0	560	0	PM_apsPaintMarks
0x802d8588	3880	0	Scrape_apsChunks
0x800240d4	136	2	ScuffUpdate__Fv
0x8002415c	36	2	ScuffInitScuffs__Fv
0x800241a4	192	2	ScuffClearScuffs__Fv
0x80024180	36	2	ScuffDestroyScuffs__Fv
0x80024264	72	2	HandleRaceEventScuff__FP14_NascarEvent_t
0x80043258	12	2	TrackFreewallSupportsScuffs__Fv
0x80203a8c	36	2	Vec2Sub
0x802036d8	76	2	Vec2Normalize
0x80203ae4	28	2	Vec2DotProduct
0x80108c54	40	2	LLScuffsGetPMuiColor__FP5Car_t
0x80053424	144	2	NSndScrapesStartCarWall__FP5Car_tP6Vec3_tf
0x800534b4	144	2	NSndScrapesContinueWallScrape__FP5Car_tP6Vec3_tf
0x80053544	40	2	NSndScrapesStopCarWall__FP5Car_t
0x80108c7c	200	2	LLScuffInstallTextures__Fv
0x80108d44	136	2	LLScuffUninstallTextures__Fv
0x802d9840	80	0	AI_Globals
0x8002471c	168	2	AIUpdate__Fv
0x800247c4	260	2	AIInit__Fv
0x800248c8	92	2	AIShutdown__Fv
0x80024924	68	2	AISecondsBetweenUpdates__Fv
0x800f80a8	24	2	RMOGetCarActive__Fi
0x800253fc	8	2	AICarGetMotionModel__FP5Car_t
0x800320d0	528	2	AIMRacingSpeedSelection__FP5Car_t
0x800319c0	104	2	AISPregreenQualifyStateUpdateSpeed__FP5Car_t
0x800f7dd0	48	2	RMOGetCarTrackSectionInfo__FiP21PtkTrackSectionInfo_t
0x800f7e48	48	2	RMOGetCarLastTrackSectionInfo__FiP21PtkTrackSectionInfo_t
0x800f76d8	48	2	RMOCarIsInProxyState__Fi
0x800f9e74	92	2	RMOTrafficUpdate__FPP5Car_t
0x8002a130	152	2	AILineCalcNearestPointsOnCurrentLines__Fv
0x8002a7bc	192	2	AIStateProcesses__FPA6_P5Car_t
0x8002a72c	144	2	AIStateTransitions__FPA6_P5Car_t
0x800423fc	784	2	AIErrorUpdate__Fv
0x80042cb8	220	2	AIBDUpdate__Fv
0x8004279c	88	2	AIErrorUpdateSpeeds__Fv
0x80042744	88	2	AIErrorUpdateSteering__Fv
0x8003df08	768	2	AITHProcess__Fv
0x80028888	288	2	AICLProcess__Fv
0x8003dd3c	228	2	AIReadTrackData__Fv
0x800276ec	32	2	AIDeactivateSpeedModifierOverride__Fv
0x80027718	20	2	AIDeactivateGlobalPassingModifier__Fv
0x80027738	20	2	AIDeactivateGlobalBlockingModifier__Fv
0x80033b8c	12	2	AIMSetMaxRacingSpeedToAvoidLookahead__Ff
0x8003de44	192	2	AITHConstructor__Fv
0x8003fa64	80	2	AITrafficConstructor__Fv
0x800420cc	740	2	AIErrorConstructor__Fv
0x80042a98	468	2	AIBDConstructor__Fv
0x8003c978	92	2	AIOBConstructor__Fv
0x80041300	124	2	AIPDConstructor__Fv
0x8003eeac	296	2	AIRPConstructor__Fv
0x800286b4	376	2	AICLConstructor__Fv
0x80040124	500	2	AISCConstructor__Fv
0x80028168	84	2	Create__16AIEventObserverC
0x80298658	4	1	_16AIEventObserverC.s_pInstance
0x8005bd60	116	2	EQObserverRegister__FP14CEventObserverUc
0x8002b668	48	2	AISPlayerResetPitEntries__Fv
0x8003e984	12	2	AIOutputSetMaxThrottle__Ff
0x8003e990	20	2	AIOutputResetMaxThrottle__Fv
0x8005bdd4	44	2	EQObserverUnRegister__FPC14CEventObserver
0x800281bc	88	2	Destroy__16AIEventObserverC
0x80040318	16	2	AISCDestructor__Fv
0x8002882c	92	2	AICLDestructor__Fv
0x8003efd4	100	2	AIRPDestructor__Fv
0x8004137c	4	2	AIPDDestructor__Fv
0x8003c9d4	56	2	AIOBDestructor__Fv
0x80042c6c	76	2	AIBDDestructor__Fv
0x800423b0	76	2	AIErrorDestructor__Fv
0x8003fab4	4	2	AITrafficDestructor__Fv
0x8003df04	4	2	AITHDestructor__Fv
0x800f8208	24	2	RMOGetCarRaceState__Fi
0x800f81d8	24	2	RMOGetRacePosition__Fi
0x8006cce0	12	2	RSGetRaceFlag__Fv
0x80064768	20	2	QCIsZeroLaps__Fv
0x800640c8	28	2	QCStageIsQuickCaution__Fi
0x800f8018	24	2	RMOGetCarIsStuck__Fi
0x800f8078	24	2	RMOGetCarSeenByPlayer__Fi
0x80028010	228	2	AICarWillRaceForPoints__FP5Car_t
0x80026c98	836	2	AICarTeleportOutOfGame__FP5Car_tUc
0x80027ad0	144	2	AICarReturnToRace__FP5Car_t
0x8003e604	896	2	AIOutput__FP5Car_t
0x800254e4	300	2	AICarInPitWindow__FP5Car_t
0x80025094	144	2	_AICarTeleportToLocation__FP5Car_tffG9Orient3_tf
0x80025404	128	2	AICarIsSeriouslyDamaged__FP5Car_t
0x80025484	96	2	AICarIsOutOfRace__FPC5Car_t
0x80025610	620	2	AICarSetSpeed__FP5Car_t
0x8002592c	1756	2	AICarDoSplineMotion__FP5Car_tUi
0x80027d84	652	2	AICarSetFakeRPM__FP5Car_t
0x80027a88	72	2	AICarYawIsStable__FPC5Car_t
0x80026608	1116	2	AICarGenerateNeighborEvents__FP5Car_t
0x80026a64	248	2	AICarGenerateTrackWarningEvents__FP5Car_t
0x80026c10	68	2	AICarIsFacingWrongWay__FPC5Car_t
0x80026c54	68	2	AICarIsFacingInside__FPC5Car_t
0x80026fdc	656	2	AICarTeleportToPitStall__FP5Car_tUcUcUc
0x800274c8	340	2	AICarTeleportToInitPos__FP5Car_tP16ptrack_car_pos_t10PtkAILineTUi
0x8002761c	184	2	AIAbortPlayerPitStop__FP5Car_t
0x800276d4	24	2	AIActivateSpeedModifierOverride__Ff
0x8002770c	12	2	AIActivateGlobalPassingModifier__Ff
0x8002772c	12	2	AIActivateGlobalBlockingModifier__Ff
0x80027784	452	2	AICarRepair__FP5Car_t
0x80027b60	308	2	AICarAggressiveRetaliationCheck__FPC5Car_tT0PfT2
0x80027c94	128	2	AICarProcessWallCollisionEvent__FP5Car_t
0x80027d14	112	2	AICarIsPitting__FPC5Car_t
0x800818c0	64	2	PhysSetPositionAndOrientation__FP9PhysObj_tPC6Vec3_tPC9Orient3_t
0x800f6f48	104	2	RMOResetLapPctForTeleport__Fi
0x800f8000	24	2	RMOSetLastStuckCheckLap__Fif
0x80264da0	16	1	origin
0x800f7720	24	2	RMOSetCarAILap__Fif
0x800f7d58	24	2	RMOSetNextStuckCheckTime__Fif
0x800322e0	144	2	AIManeuverResetSpeedHandicap__FP5Car_t
0x800f8090	24	2	RMOSetCarSeenByPlayer__FiUc
0x800f8030	24	2	RMOSetCarIsStuck__FiUc
0x800f7f04	132	2	RMOSetDriverControl__Fi14DriverControlE
0x800f7f88	24	2	RMOSetCarStability__Fif
0x80031f74	60	2	AIManeuverDataInit__FP12AIManeuver_t
0x80031fb0	40	2	AIManeuverStaticDataInit__FP17AIManeuverStaticT
0x8002abc8	48	2	AIStateDataInit__FP13AIStateData_t11AICarStateE
0x80129c3c	8	2	CareerMgrGetAIEngineUpgradeFactor__FPC5Car_t
0x802a0ba0	4	1	DBC_Buffer
0x80029a38	132	2	AILineIsCarAtEndOfLine__FPC5Car_t
0x80043a68	164	2	BezGetYaw__FPC6Vec3_tf
0x800436f8	180	2	LineGetPos__FPC11LineLocId_tP6Vec3_t
0x801c7b9c	288	2	MathRLerp
0x800437ac	64	2	LineGetYaw__FPC11LineLocId_t
0x801c7b7c	32	2	MathAngleDiff
0x800891e8	1012	2	CarPhysCoherentLocPutOnGroundAndSetPhysData__FP5Car_tfUc
0x800f78dc	24	2	RMOGetCarIsOnRoad__Fi
0x800297a8	28	2	AILineIsPitEntryLineType__F10PtkAILineT
0x8002a02c	136	2	AILineGetNextLine__FPC5Car_t
0x800297e0	36	2	AILineIsPitLineType__F10PtkAILineT
0x800f7d10	24	2	RMOGetCarDrivingBackOnLine__Fi
0x800f7738	24	2	RMOGetCarOutExtent__Fi
0x800f7768	24	2	RMOGetCarInExtent__Fi
0x802daf6c	48	0	AIT_TrafficSnapshots
0x800fa61c	24	2	RMOTrafficGetOutsideFlank__Fi
0x800fa5ec	24	2	RMOTrafficGetInsideFlank__Fi
0x800f9b34	112	2	RMOTrafficGetRelativeDist__FUcUc
0x800fa6ac	24	2	RMOTrafficGetNumInsideFlankers__Fi
0x800fa6c4	24	2	RMOTrafficGetNumOutsideFlankers__Fi
0x8005ad90	464	2	NSpeechPlayNeighbor__FP5Car_tT0UiUi
0x800f7708	24	2	RMOGetCarAILap__Fi
0x80057ec8	904	2	NSpeechPlayRaceWarnings__FP5Car_t
0x80028f64	92	2	AILineInit__FUi
0x80029000	20	2	AILineGetReference__FUi
0x80029014	32	2	AILineGetCurrent__FUi
0x80028fc0	64	2	AILineShutdown__Fv
0x8004270c	56	2	AIErrorReset__FPC5Car_t
0x8002e068	64	2	AISPitDrivingResetJackassPlayer__Fi
0x800e9648	208	2	GaugesMgr_PressToRepair__Fiii
0x8003fe54	112	2	AISpeedsGet__F10PtkAILineTUiUif
0x8002ad6c	96	2	AISSelectFastLineForPitting__FPC5Car_t
0x801229e0	356	2	PitActionStopCurrent__FUc
0x80124284	108	2	AnmsLoadInitSeq__Fv
0x800f8528	24	2	RMOForceRaceFinishTime__Fif
0x80057cbc	112	2	NSpeechPlayCarReturning__FP5Car_t
0x8029ff58	4	1	CarPhys_fPlayerCollisionImpulseAdj
0x80123a44	64	2	PitActionStopFakeEngineRev__FP5Car_t
0x801c7754	92	2	MathSin
0x800280f4	60	2	__16AIEventObserverCP13EQEventType_eUi
0x802bb760	32	1	_vt.16AIEventObserverC
0x80028130	56	2	_._16AIEventObserverC
0x80028214	104	2	Notify__16AIEventObserverCP14_NascarEvent_t
0x80158ec8	28	2	__14CEventObserverP13EQEventType_eUi
0x80158ee4	64	2	_._14CEventObserver
0x801cbe40	36	2	__nw__FUiUi
0x800289a8	364	2	AICLUpdateCollisionRecord__FPC5Car_tT0f
0x80028b14	132	2	AICLGetLastCollisionTime__FPC5Car_tT0
0x80028b98	156	2	AICLGetImpulseSubTotal__FPC5Car_tT0
0x800fa570	28	2	RMOTrafficGetCarBehind__Fi
0x800427f4	24	2	AIErrorIsActive__FPC5Car_t
0x8003f348	168	2	AIRPProcessColRecord__FPC13AICLColData_t14AICLColEvTypeE
0x802d9890	361	0	_AILinePossibleToSwitch
0x80029f5c	208	2	AILineStopToPitEndsAfterPitBypass__FPC8LineId_ti
0x80029e8c	208	2	AILinePitToStopStartsBeforePitBypass__FPC8LineId_ti
0x800298cc	116	2	AILineGetStallLineIndex__FPC8LineId_ti
0x800297c4	28	2	AILineIsPitExitLineType__F10PtkAILineT
0x80029804	200	2	AILineGetPitRoadIndexFromCurLine__FPC5Car_t
0x80029940	64	2	AILineGetOptimalSpeed__FPC11LineLocId_t
0x80029980	184	2	AILineIsCarOnLine__FUiff
0x80029b18	256	2	AILineAttemptLineChange__FP5Car_t10PtkAILineTUc
0x80029c18	216	2	AILDoFastLinesMergeInTurn__F16PtkTrackSectionE18AILFastLineIndex_eT1
0x80029cf0	412	2	AILDoFastLinesMerge__FP21PtkTrackSectionInfo_t18AILFastLineIndex_eT1
0x8002a0b4	124	2	AILineCalcNearestPointsOnReferenceLines__Fv
0x800f8168	24	2	RMOGetLapPctComplete__Fi
0x80203b9c	64	2	Vec2Distance
0x801080c4	124	2	LLBezierNearestPoint__FPC6Vec4_tPC6Vec3_tT0P6Vec4_tPf
0x800437ec	88	2	LineGetYawAndVectors__FPC11LineLocId_tPiP6Vec2_tT2
0x8002a728	4	2	AISRaceStateExecuteAlias__FP5Car_t
0x8002abf8	372	2	AISSelectFastLine__FPC5Car_t
0x8002b1e4	112	2	AISRaceStateExecute__FPP5Car_t
0x8002aefc	4	2	AISPreRaceStateExit__FP5Car_t11AICarStateE
0x8002b254	12	2	AISRaceStateExit__FP5Car_t11AICarStateE
0x8002b88c	144	2	AISPlayerControlStateExit__FP5Car_t11AICarStateE
0x8002c108	16	2	AISPlayerRemoteControlStateExit__FP5Car_t11AICarStateE
0x8002df08	224	2	AISPitDrivingStateExit__FP5Car_t11AICarStateE
0x8002e81c	32	2	AISPitWaitStateExit__FP5Car_t11AICarStateE
0x8002f3b4	4	2	AISPostRaceStateExit__FP5Car_t11AICarStateE
0x8002fb00	4	2	AISPaceCarPacingStateExit__FP5Car_t11AICarStateE
0x8002fa54	4	2	AISPaceCarOutStateExit__FP5Car_t11AICarStateE
0x80030c08	4	2	AISPaceStateExit__FP5Car_t11AICarStateE
0x8002f158	4	2	AISCoolDownStateExit__FP5Car_t11AICarStateE
0x80031098	88	2	AISQCPitStateExit__FP5Car_t11AICarStateE
0x8003184c	4	2	AISTutorialStateExit__FP5Car_t11AICarStateE
0x80031904	16	2	AISRemoteAIControlStateExit__FP5Car_t11AICarStateE
0x80031934	4	2	AISPregreenQualifyStateExit__FP5Car_t11AICarStateE
0x8002adcc	100	2	AISPreRaceStateEnter__FP5Car_t11AICarStateE
0x8002b158	140	2	AISRaceStateEnter__FP5Car_t11AICarStateE
0x8002b720	52	2	AISPlayerControlStateEnter__FP5Car_t11AICarStateE
0x8002c0d8	16	2	AISPlayerRemoteControlStateEnter__FP5Car_t11AICarStateE
0x8002d4bc	868	2	AISPitDrivingStateEnter__FP5Car_t11AICarStateE
0x8002e30c	980	2	AISPitWaitStateEnter__FP5Car_t11AICarStateE
0x8002f15c	444	2	AISPostRaceStateEnter__FP5Car_t11AICarStateE
0x8002fa58	72	2	AISPaceCarPacingStateEnter__FP5Car_t11AICarStateE
0x8002f828	440	2	AISPaceCarOutStateEnter__FP5Car_t11AICarStateE
0x800308f0	412	2	AISPaceStateEnter__FP5Car_t11AICarStateE
0x8002ec30	188	2	AISCoolDownStateEnter__FP5Car_t11AICarStateE
0x80030c28	360	2	AISQCPitStateEnter__FP5Car_t11AICarStateE
0x800317c8	72	2	AISTutorialStateEnter__FP5Car_t11AICarStateE
0x80031854	52	2	AISRemoteAIControlStateEnter__FP5Car_t11AICarStateE
0x80031914	32	2	AISPregreenQualifyStateEnter__FP5Car_t11AICarStateE
0x80043010	20	2	TrackPitRowHasInsidePits__Fi
0x8002ae30	4	2	AISPreRaceStateTransition__FP5Car_t
0x8002b260	600	2	AISRaceStateTransition__FP5Car_t
0x8002b754	228	2	AISPlayerControlStateTransition__FP5Car_t
0x8002c0e8	16	2	AISPlayerRemoteControlStateTransition__FP5Car_t
0x8002d820	868	2	AISPitDrivingStateTransition__FP5Car_t
0x8002e6e0	220	2	AISPitWaitStateTransition__FP5Car_t
0x8002f318	88	2	AISPostRaceStateTransition__FP5Car_t
0x8002f9e0	112	2	AISPaceCarOutStateTransition__FP5Car_t
0x8002faa0	4	2	AISPaceCarPacingStateTransition__FP5Car_t
0x80030a8c	128	2	AISPaceStateTransition__FP5Car_t
0x8002ecec	420	2	AISCoolDownStateTransition__FP5Car_t
0x80030d90	276	2	AISQCPitStateTransition__FP5Car_t
0x80031850	4	2	AISTutorialStateTransition__FP5Car_t
0x80031888	16	2	AISRemoteAIControlStateTransition__FP5Car_t
0x80031938	72	2	AISPregreenQualifyStateTransition__FP5Car_t
0x8002ae34	200	2	AISPreRaceStateExecute__FP5Car_t
0x8002b838	84	2	AISPlayerControlStateExecute__FP5Car_t
0x8002c0f8	16	2	AISPlayerRemoteControlStateExecute__FP5Car_t
0x8002db84	900	2	AISPitDrivingStateExecute__FP5Car_t
0x8002e7bc	96	2	AISPitWaitStateExecute__FP5Car_t
0x8002f370	68	2	AISPostRaceStateExecute__FP5Car_t
0x8002fa50	4	2	AISPaceCarOutStateExecute__FP5Car_t
0x8002faa4	92	2	AISPaceCarPacingStateExecute__FP5Car_t
0x80030b0c	252	2	AISPaceStateExecute__FP5Car_t
0x8002ee90	712	2	AISCoolDownStateExecute__FP5Car_t
0x80030ea4	500	2	AISQCPitStateExecute__FP5Car_t
0x80031810	60	2	AISTutorialStateExecute__FP5Car_t
0x80031898	108	2	AISRemoteAIControlStateExecute__FP5Car_t
0x80031980	64	2	AISPregreenQualifyStateExecute__FP5Car_t
0x80035ec0	568	2	AIMBExaminePotentialTargets__FP5Car_t
0x800411e0	288	2	AIPDMakePitDecision__FP5Car_t
0x80031fd8	188	2	AICarExecuteManeuverMulti__FPA6_P5Car_t
0x80043024	20	2	TrackPitRowHasFreeWall__Fi
0x800f790c	24	2	RMOGetCarCautionOrder__Fi
0x800fa554	28	2	RMOTrafficGetCarAhead__Fi
0x800398e8	76	2	AIMDriveManeuverEval__FP5Car_tP12AIManeuver_t
0x80039934	144	2	AIMDriveManeuverExecute__FP5Car_t
0x8003c0c8	16	2	AIMPitManeuverEval__FP5Car_tP12AIManeuver_t
0x8003c0d8	192	2	AIMPitManeuverExecute__FP5Car_t
0x80038c88	616	2	AIMPassManeuverEval__FP5Car_tP12AIManeuver_t
0x80038ef0	272	2	AIMPassManeuverExecute__FP5Car_t
0x80037c2c	488	2	AIMMoveAsideManeuverEval__FP5Car_tP12AIManeuver_t
0x80037e14	196	2	AIMMoveAsideManeuverExecute__FP5Car_t
0x80037750	316	2	AIMSideSwipeManeuverEval__FP5Car_tP12AIManeuver_t
0x8003788c	176	2	AIMSideSwipeManeuverExecute__FP5Car_t
0x80036fc4	316	2	AIMRearEndManeuverEval__FP5Car_tP12AIManeuver_t
0x80037100	240	2	AIMRearEndManeuverExecute__FP5Car_t
0x80036914	316	2	AIMQuarterPanelManeuverEval__FP5Car_tP12AIManeuver_t
0x80036a50	176	2	AIMQuarterPanelManeuverExecute__FP5Car_t
0x800360f8	532	2	AIMBlockManeuverEval__FP5Car_tP12AIManeuver_t
0x8003630c	84	2	AIMBlockManeuverExecute__FP5Car_t
0x80035174	76	2	AIMAvoidManeuverEval__FP5Car_tP12AIManeuver_t
0x800351c0	100	2	AIMAvoidManeuverExecute__FP5Car_t
0x80034a68	472	2	AIMRecoverManeuverEval__FP5Car_tP12AIManeuver_t
0x80034c40	1152	2	AIMRecoverManeuverExecute__FP5Car_t
0x8003c3ec	208	2	AIMTurnAroundManeuverEval__FP5Car_tP12AIManeuver_t
0x8003c4bc	140	2	AIMTurnAroundManeuverExecute__FP5Car_t
0x80039000	284	2	AIMStopOrDieManeuverEval__FP5Car_tP12AIManeuver_t
0x8003911c	928	2	AIMStopOrDieManeuverExecute__FP5Car_t
0x8003c58c	136	2	AIMScenarioHighEval__FP5Car_tP12AIManeuver_t
0x8003c614	228	2	AIMScenarioHighExecute__FP5Car_t
0x8003c6f8	108	2	AIMScenarioLowEval__FP5Car_tP12AIManeuver_t
0x8003c764	44	2	AIMScenarioLowExecute__FP5Car_t
0x80298690	4	1	PIT_NON_FWD_SPEED_LIMIT
0x8002b698	20	2	AISPlayerGetPitEntries__FUi
0x8002b6ac	116	2	AISPlayerCommonControlStateEnter__FP5Car_t11AICarStateE
0x8002bc24	1204	2	AISPlayerHandlePitEntry__FP5Car_t
0x80203844	100	2	Vec2Rotate
0x8008bf38	44	2	CarModifyMomentum__FP5Car_tfUi
0x800e99b8	140	2	GaugesMgr_StabilityControl__FiUc
0x800e992c	140	2	GaugesMgr_AutoBrake__FiUc
0x801278f4	80	2	ShareDraftEnd__FSc
0x8005b050	104	2	NSpeechPlayTooFastInPits__FP5Car_t
0x8002c118	180	2	AISPitDriveEntryFindClosestBypassIndex__FPC5Car_t
0x800f7bc8	184	2	RMOAssignCarCautionIllegalPitOrder__Fi
0x800435fc	252	2	LineTravelToPitRoadEdge__FPC11LineLocId_tP11LineLocId_t
0x8002c1cc	180	2	AISPitDriveExitFindClosestBypassIndex__FPC5Car_t
0x8005a42c	132	2	NSpeechPlayPitLocation__FP5Car_t
0x8002e1d0	316	2	AISPitDrivingHandleStallEntry__FP5Car_t
0x8002e0a8	236	2	AISPitDrivingRestoreJackassPlayerDamage__Fi
0x8002dfe8	128	2	AISPitDrivingResetJackass__Fv
0x8002e194	60	2	AISPitDrivingUpdatePitRefData__FP5Car_t
0x80043158	104	2	TrackPitStallIsNearPitRoadEntrance__Fi
0x800431c0	80	2	TrackPitStallIsFarFromPitRoadEntrance__Fi
0x80041500	312	2	AIPDCalculateFuelDamage__FPC5Car_tUc
0x80043140	24	2	TrackGetPitRoadIndex__Fi
0x80032c78	928	2	AIMMaxPitDrivingSpeedToAvoid__FPC5Car_tP8UrgencyE
0x8002fb04	76	2	AISPaceCarExitStall__FP5Car_t
0x80067998	332	2	RaceLogicProcessLimitedRepair__FP5Car_t
0x800e8f04	224	2	GaugesMgr_ShowLetterBox__Fi
0x800f7fd0	24	2	RMOSetPitStartPosition__Fis
0x8005b6cc	196	2	NSpeechPlayLeaderPitting__Fv
0x800e8288	76	2	GaugesMgr_AbortPit__Fi
0x800e8fe4	172	2	GaugesMgr_HideLetterBox__Fi
0x800641b4	688	2	QCPutCarUnderCaution__FP5Car_tUcUcUc
0x80039dac	24	2	AIMDriveSetSteeringUrgency__FP5Car_t
0x80122568	476	2	PitActionForceBegin__FUi
0x801223dc	396	2	PitActionBegin__FUi
0x800f8494	24	2	RMOGetRaceFinishTime__Fi
0x800f84ac	124	2	RMOSetRaceFinishTime__Fif
0x80042d94	20	2	AIBDIsActive__FPC5Car_t
0x8002e83c	128	2	_AISCoolDownCalcTargetInOut__FP5Car_t
0x80039b30	636	2	AIMDriveCalcTargetInOut__FP5Car_tf
0x80032960	792	2	AIMMaxRacingSpeedToAvoid__FPC5Car_t
0x8006cc6c	56	2	RSRaceStageIsCaution__Fv
0x800f85a0	24	2	RMOSetRaceFinishPosition__FiUc
0x800f81b0	40	2	RMOSetLapNum__Fis
0x800f9428	228	2	RMOFudgeCautionFinishTimes__Fv
0x80032094	60	2	AICarExecuteManeuver__FP5Car_t
0x80132750	52	2	PaceCarTurnOffLights__Fv
0x80043210	60	2	TrackGetLapPosition__FiPC6Vec4_t
0x800f85b8	28	2	RMOGetCautionLapsLeft__Fv
0x801326f8	88	2	PaceCarTurnOnLights__Fv
0x80030468	80	2	_AISPaceStateSelectMaxSpeedToAvoid__FP5Car_t
0x80030604	748	2	AISPaceStateInitCautionLines__FUc
0x80030c0c	28	2	AISPaceStateGetPartner__FP5Car_t
0x80142e8c	112	2	AllStarGetWinstonPacePosition__FSc
0x800f837c	24	2	RMOGetRaceStartPosition__Fi
0x800645c0	12	2	QCGetNumLappedLineCars__Fv
0x800645cc	12	2	QCGetNumPrimaryLineCars__Fv
0x800645fc	36	2	QCGetPrimaryLineCar__FUc
0x800645d8	36	2	QCGetLappedLineCar__FUc
0x8006475c	12	2	QCIsTransitioningToRestart__Fv
0x80064620	316	2	QCRemoveCarFromLine__FP5Car_t
0x8007d710	68	2	PitManagerGetDistanceFromStall__FPC5Car_t
0x8007d6a0	112	2	PitManagerGetCarByPitStall__Fi
0x8007d77c	76	2	PitManagerCarIsNearStall__FP5Car_tf
0x8003156c	604	2	_AISTutorialUpdateSpeed__FP5Car_t
0x800fac94	20	2	RMOGetCarByPosition__FUc
0x80031b78	92	2	_AIMMinSafeDist__FPC5Car_t
0x80031bd4	652	2	_AIMWillCarAheadMerge__FPC5Car_tT0
0x80031e60	276	2	_AIMCalcSpeedHandicap__FPC5Car_t
0x80033854	380	2	AIMMaxSpeedToAvoidCar__FPC5Car_tT0ff
0x800331d4	388	2	AIManeuverIsCarBlocked__FPC5Car_tT0
0x80033018	444	2	AIManeuverDoesBBoxBreakPlane__FPC5Car_tPC6Vec4_tUc
0x80033358	416	2	AIManeuverIsCarFlanked__FPC5Car_tT0
0x800334f8	352	2	AIManeuverLimitTargetInOut__FP5Car_t
0x80033658	508	2	AIManeuverComputeRandomLineOffset__FP5Car_t
0x800339d0	444	2	AIMSmoothOptimumInOut__FPC5Car_tf
0x80033b98	348	2	AIMNeedToMakeRoom__FPC5Car_t11AIManeuverE
0x800f7d70	24	2	RMOGetCarTrackSpeed__Fi
0x800399c4	364	2	AIMDriveManeuverExecuteMulti__FPP5Car_t
0x80035224	272	2	AIMAvoidManeuverExecuteMulti__FPP5Car_t
0x800f9588	12	2	RMOGetTimeSinceGreen__Fv
0x80040328	188	2	AISCCalculate__FPC5Car_t
0x80043098	12	2	TrackHasRestrictorPlates__Fv
0x80041380	384	2	AIPDCalculateTireDamage__FPC5Car_tUc
0x8003de38	12	2	AIGetTargetInOutDeltaLimit__Fv
0x8003de20	12	2	AIGetInsideWallClearance__Fv
0x8003de2c	12	2	AIGetOutsideWallClearance__Fv
0x800f77c8	24	2	RMOGetCarInnerCurbInOut__Fi
0x800f7798	24	2	RMOGetCarOuterCurbInOut__Fi
0x8003f284	56	2	AIRPGetRating__FPC5Car_tT0
0x80033cf4	436	2	_AIMRecoverDoesBBoxBreakPlane__FPC5Car_tPC6Vec4_t
0x80033ea8	484	2	_AIMRecoverIsCarBlockedByCar__FPC5Car_tP16AIMRecoverData_t
0x800350c0	12	2	_AIMASetSteeringUrgency__FP5Car_t
0x800350cc	92	2	_AIMASetTargetInOut__FP5Car_t
0x80035128	76	2	_AIMASetTargetSpeed__FP5Car_t
0x8003cd74	2672	2	AIOBFindPath__FPC5Car_tP10AIOBPath_t
0x8003ca0c	872	2	AIOBProcess__FP5Car_t
0x800f7ea8	68	2	RMOGetCarIsEnteringOrExitingTurn__Fi
0x800976ac	56	2	RespectPortraitRegisterNoBlock__FPC5Car_tT0
0x8003f5f0	72	2	AIRPIsRivalOrAlly__FUc
0x80097728	68	2	RespectPortraitRegisterBlocking__FPC5Car_tT0
0x800f7e30	24	2	RMOGetCarTrackSection__Fi
0x8003f550	52	2	AIRPProcessPaybackCompleteEvent__FPC5Car_tT012AIRPPaybackE
0x8003f4b4	156	2	AIRPProcessPaybackEvent__FPC5Car_tT0
0x800976e4	68	2	RespectPortraitRegisterMoveAside__FPC5Car_tT0
0x800fa6dc	412	2	RMOTrafficIsCarOnFlank__Fii
0x800f7ce0	24	2	RMOGetCarLastCautionLap__Fi
0x800fa64c	24	2	RMOTrafficGetInsideFlankInOut__Fi
0x800fa67c	24	2	RMOTrafficGetOutsideFlankInOut__Fi
0x800fa9d8	196	2	RMOTrafficGetRearInsideFlanker__Fi
0x800faa9c	196	2	RMOTrafficGetRearOutsideFlanker__Fi
0x8005af60	240	2	NSpeechPlayGainer__FPC5Car_tT0Uii
0x80039dc4	176	2	AIMDriveDefaultLineSelection__FP5Car_t
0x800f7eec	24	2	RMOGetDriverControl__Fi
0x800f9ba4	248	2	RMOTrafficGetRelativeDistBruteForce__FUcUc
0x8008054c	104	2	ComputeAuxVariables_Generic__FP9PhysObj_t
0x801239c8	124	2	PitActionStartFakeEngineRev__FP5Car_t
0x8022ce4c	656	2	log
0x8003c198	464	2	_AIMTurnAroundManeuverClean__FP5Car_t
0x8003c368	132	2	_AIMTurnAroundManeuverStop__FP5Car_t
0x8013f7ec	180	2	ScenarioCheckForEvent__FP5Car_tP12AIManeuver_t
0x801455b4	96	2	EvalHighManeuver__15ScenarioCarMgrCP5Car_t
0x80145674	52	2	ExecuteHighManeuver__15ScenarioCarMgrCP5Car_t
0x80145614	96	2	EvalLowManeuver__15ScenarioCarMgrCP5Car_t
0x801456a8	52	2	ExecuteLowManeuver__15ScenarioCarMgrCP5Car_t
0x802986c8	4	1	_AIOB_Lists
0x8003c790	132	2	_AIOBListInit__FP16AIObstacleList_tfP5Car_tfT2
0x8003c814	208	2	_AIOBListAddCar__FP16AIObstacleList_tP5Car_tff
0x8003c8e4	148	2	_AIOBListMerge__FP16AIObstacleList_t
0x800f7da0	24	2	RMOGetCarTrackLatSpeed__Fi
0x8003d7e4	140	2	AISetSkillLevel__F11SkillLevelE
0x8009a7c0	48	2	CamGameGetCamera__F17VptManagerVptType
0x8003e274	336	2	_AIOSmoothSteering__FP5Car_tf
0x8003e3c4	576	2	AIOutputSteering__FP5Car_t
0x8004280c	32	2	AIErrorGetType__FPC5Car_t
0x801c7994	56	2	MathArcCos
0x8003f038	416	2	AIRPUpdateDB__Fv
0x8003f1d8	172	2	AIRPGetPrevRating__FPC5Car_tT0
0x8003f2bc	72	2	AIRPGetRatingDirectlyFromDb__Fii
0x8003f304	56	2	AIRPSetRatingDirectlyIntoDb__FiiUc
0x8003f33c	12	2	AIRPIsEnabled__Fv
0x8003f638	312	2	AIRPUpdateRating__FPC5Car_tT0Sc18AIRPChangeReason_e
0x8003f3f0	196	2	AIRPProcessPassEvent__FPC5Car_tT0f
0x8003f584	108	2	AIRPGetLevelFromRating__FUc
0x8003f770	364	2	AIRPGetAverageRespect__Fi
0x8003f8dc	392	2	AIRPGetAverageRatingChange__Fi
0x8014f454	8	2	GetScenarioType__11SZScenarioC
0x802a0bd8	4	1	_19StylePointsManagerC.s_pInstance
0x80093c8c	132	2	StorePreRaceStats__19StylePointsManagerC
0x8009776c	120	2	RespectPortraitRegisterRespectChange__FPC5Car_tT0i
0x800fa4d0	132	2	RMOTrafficCheckFlankInit__Fv
0x8003fd08	220	2	AISpeedsConstructor__Fv
0x8003fde4	112	2	AISpeedsDestructor__Fv
0x802a1490	12	1	File_AISpeeds
0x802a33f0	4	1	_14RTIntervalMgrC.s_pInstance
0x800fccd4	356	2	CalcInterval__14RTIntervalMgrCUcUcPfPUs
0x80040708	16	2	AIPDGetWearThresholdForPractice__Fv
0x80040718	12	2	AIPDGetWearPerLapForPractice__Fv
0x80043004	12	2	TrackGetTwoTirePitFreqMod__Fv
0x80064464	108	2	QCPitsAreOpen__FP5Car_t
0x80141260	16	2	AllStarCarHasMadeRequiredStop__Fi
0x800a1db4	12	2	CamDemoDirectorForceTargets__FP8CamHdr_tP5Car_tT1
0x8008c548	104	2	CarPhysDamageEngine__FP5Car_tf
0x8005b54c	196	2	NSpeechPlayBreakdown__Fif
0x80042da8	480	2	TrackInit__Fv
0x80042f88	16	2	TrackShutdown__Fv
0x80042f98	12	2	TrackIsInitialized__Fv
0x80042fb0	84	2	TrackGetPitQueryEnd__Fv
0x800430a4	12	2	TrackGetConfiguration__Fv
0x80043104	12	2	TrackGetSpeechId__Fv
0x8004324c	12	2	TrackUsesMRNSpeech__Fv
0x80043264	12	2	TrackFreewallBlocksCamera__Fv
0x800438f0	376	2	BezTravel__FP11LineSegId_tf
0x80043c48	168	2	BezGetYawAndVectors__FPC6Vec3_tfPiP6Vec2_tT3
0x80043b0c	224	2	BezGetOrient__FPC6Vec3_tfP9Orient3_t
0x80043bec	92	2	BezTangentNormVec2__FPC6Vec3_tfP6Vec2_t
0x80298758	16	1	gSimpleObjs
0x80298768	16	1	_SimpleObjToPTKLineMap
0x80298778	20	1	SimpleObj_uBannerDecalResNames
0x8029878c	16	1	SimpleObj_ResNames
0x8029879c	16	1	SimpleObj_DecalResNames
0x802987ac	12	1	SimpleObj_BannerOffset
0x80043d38	156	2	SimpleObjRandomlySelectBannerID__Fv
0x802db300	700	0	SimpleObj_BannerInfo
0x802db5bc	20	0	SimpleObj_uChosenBannerDecalResNames
0x80043ffc	364	2	_SimpleObjSetupLineBased__FP11SimpleObj_ti
0x80044168	392	2	_SimpleObjSetupPositionSTT__FP11SimpleObj_ti
0x800443c4	476	2	SimpleObjInit__Fv
0x802db2ec	4	0	gNumTotalSimpleObjs
0x802db2f0	16	0	gNumSimpleObjsPerType
0x80044814	60	2	SimpleObjGetScoringTopTowerResID__Fv
0x800445a0	112	2	SimpleObjShutdown__Fv
0x80044610	208	2	SimpleObjReset__Fv
0x800446e0	308	2	SimpleObjUpdate__Fi
0x80044850	12	2	SimpleObjGetDraw__Fv
0x80044d60	568	2	LLSimpleObjInit__Fv
0x80044f98	376	2	LLSimpleObjShutdown__Fv
0x802987e0	4	1	ResourceManagerResFileSimpleObjData
0x80045110	512	2	LLSimpleObjRenderAll__Fv
0x80045310	40	2	LLSimpleObjClipUpdate__Fv
0x801fcc60	64	2	TMTexLibGetTexture
0x801fc0bc	112	2	TMRenderGeomAll
0x802a154c	12	1	File_SimpleObjStr
0x801dcaec	176	2	ResIsLoaded
0x80105248	356	2	LightBind__Ff
0x801fcca0	72	2	TMTexLibGetClut
0x800453d0	72	2	NSndInitMinimal__Fv
0x80045418	52	2	NSndShutdownMinimal__Fv
0x8004544c	276	2	NSndInit__Fv
0x80045624	128	2	NSndLoadPatchBank__F14NSndPatchBankEi
0x80045a10	116	2	NSndLoadCustomFX__Fi
0x80045e50	1376	2	NSndRefreshSettings__Fv
0x80045560	120	2	NSndShutdown__Fv
0x80045a84	80	2	NSndUnloadCustomFX__Fv
0x8004599c	116	2	NSndUnloadAemsBank__F13NSndAemsBankE
0x8004577c	104	2	NSndUnloadPatchBank__F14NSndPatchBankE
0x80045618	12	2	NSndIsActive__Fv
0x800456a4	216	2	NSndAsyncLoadPatchBank__F14NSndPatchBankEiPvUiPFv_v
0x800457e4	128	2	NSndUnloadSwappablePatchBanks__F14NSndPatchBankE
0x80045864	68	2	NSndPatchBankIsLoaded__F14NSndPatchBankE
0x800458a8	116	2	NSndLoadAemsBank__F13NSndAemsBankEi
0x8004591c	128	2	NSndLoadAemsBankWithStream__F13NSndAemsBankEii
0x80045ad4	148	2	NSndPlayMenuFX__FUs
0x800463bc	24	2	NSndGetVolume__F13NSndSettingsE
0x80045ba4	144	2	NSndPlayPatch__F14NSndPatchBankEUsP11SNDPLAYOPTS
0x80045b68	60	2	NSndStopMenuFX__FUi
0x80045c34	68	2	NSndStopPatch__FUi
0x80045c78	184	2	NSndRampAzimuth__FUsUsUs
0x80045d30	288	2	NSndRestart__Fv
0x800463b0	12	2	NSndGetMode__Fv
0x800463d4	20	2	NSndGetMaxVolume__F13NSndSettingsE
0x800463e8	4	2	NSndUnloadMIDI__FP12SndSeqInfo_t
0x8005bb2c	8	2	LLNSndBankCanDirectLoad__Fv
0x8005bb34	44	2	LLNSndBankRelocate__FP13SndBankInfo_t9NSndHeapE
0x8005ba78	168	2	LLNSndInitSndParms__FP14SndInitParms_t
0x801df60c	200	2	SndInitParms
0x801e3268	40	2	StreamInit
0x801df3fc	528	2	SndInit
0x8005bb20	4	2	LLNSndInit__Fv
0x801df8e8	12	2	SndEnabled
0x8005bb24	4	2	LLNSndShutdown__Fv
0x801df7ec	252	2	SndShutdown
0x801e3290	40	2	StreamShutdown
0x802a1408	11	1	File_SoundStr
0x8004651c	296	2	NSndStreamInit__Fv
0x801e04ec	212	2	SndAemsLoadSystem
0x801e05c0	132	2	SndAemsUnloadSystem
0x80046644	152	2	NSndStreamShutdown__Fv
0x801e040c	104	2	SndService
0x800467e4	300	2	NSndStreamProcess__Fv
0x801df900	152	2	SndLoadBank
0x801df998	156	2	SndALoadBank
0x801dfa34	72	2	SndALoadBankToBuffer
0x801dfa7c	176	2	SndUnloadBank
0x801dfb2c	44	2	SndIsBankLoaded
0x801e0820	44	2	SndAemsLoadBank
0x801e084c	336	2	SndAemsLoadBankWithStream
0x801e099c	112	2	SndAemsUnloadBank
0x801dbe78	396	2	ResCopyToBuffer
0x8005bb28	4	2	LLNSndInitCustomFX__FPv
0x801dfcf0	60	2	SndFillPatchOpts
0x801e0474	60	2	SndAcquireLock
0x801dfc4c	164	2	SndPlayPatch
0x801e04b0	60	2	SndReleaseLock
0x801dfd2c	112	2	SndStopPatch
0x80055b18	48	2	MusicShutdown__Fv
0x80055ab0	104	2	MusicInit__Fv
0x80056430	16	2	MusicColdbootDone__Fv
0x80056b20	92	2	NSpeechSetVoices__FUcUcUcUc
0x801e03d0	60	2	SndSetMasterVol
0x80047658	500	2	NSndGameRefreshSettings__Fv
0x80046e3c	80	2	NSndStreamRefreshSettings__Fv
0x800466dc	180	2	NSndStreamCreate__F19NSndStreamPhysicalE
0x80046c90	72	2	NSndStreamSetVol__F18NSndStreamLogicalEUi
0x80046790	84	2	NSndStreamDestroy__F19NSndStreamPhysicalE
0x80046910	516	2	NSndStreamQueueFile__F18NSndStreamLogicalEiUi
0x80046efc	100	2	NSndStreamGetSettingsType__Fi
0x80046b14	96	2	NSndStreamPurge__F18NSndStreamLogicalE
0x80046b74	104	2	NSndStreamPause__F18NSndStreamLogicalE
0x80046bdc	104	2	NSndStreamResume__F18NSndStreamLogicalE
0x80046c44	76	2	NSndStreamGetVol__F18NSndStreamLogicalE
0x80046cd8	80	2	NSndStreamAutoVol__F18NSndStreamLogicalEUiUi
0x80046d28	84	2	NSndStreamFadeIn__F18NSndStreamLogicalEUiUi
0x80046d7c	76	2	NSndStreamFadeOut__F18NSndStreamLogicalEUi
0x80046dc8	116	2	NSndStreamGetNumQueued__F18NSndStreamLogicalE
0x80046e8c	112	2	NSndStreamGetSettingsResID__F13NSndSettingsE
0x80046f60	112	2	NSndStreamEnabled__F18NSndStreamLogicalE
0x801dccd0	108	2	ResIsOpen
0x802a1500	11	1	File_MusicStr
0x802a1424	13	1	File_SpeechDataStr
0x80055158	88	2	__20PhysicalSoundStreamCUiUiUiUi
0x800551b0	84	2	_._20PhysicalSoundStreamC
0x80055204	80	2	GetNumOutstandingRequests__20PhysicalSoundStreamC
0x80055364	52	2	GetVolume__20PhysicalSoundStreamC
0x80055294	72	2	Purge__20PhysicalSoundStreamC
0x80055254	64	2	QueueFile__20PhysicalSoundStreamCP12StreamFile_tiUi
0x800553c4	44	2	AutoVolume__20PhysicalSoundStreamCUiUi
0x80055320	68	2	Resume__20PhysicalSoundStreamC
0x800552dc	68	2	Pause__20PhysicalSoundStreamC
0x80055398	44	2	SetVolume__20PhysicalSoundStreamCUi
0x80046fd0	228	2	NSndGameInit__Fv
0x800470b4	424	2	NSndGameShutdown__Fv
0x8004725c	12	2	NSndGameIsActive__Fv
0x80047268	244	2	NSndGamePause__Fv
0x8004735c	208	2	NSndGameResume__Fv
0x800474a0	440	2	NSndGameUpdate__Ff
0x8004742c	64	2	NSndGameIsPaused__Fv
0x8004746c	48	2	NSndGameMute__FUc
0x8004749c	4	2	NSndGameUpdateDuringPause__Ff
0x800481f4	1140	2	NSndGameUpdateCars__Ff
0x8004784c	116	2	NSndGameFireStarter__FP5Car_tUc9NSndTypeE
0x80048f6c	68	2	NSndGameCalcNonScaledSoundParams__FPUsPi9NSndTypeE
0x80048b5c	84	2	NSndGameCalcCarSoundParams__FP5Car_tPUsPi9NSndTypeE
0x80048668	104	2	NSndGameGetCameraInfoByCar__FP5Car_tPfT1P6Vec3_t
0x800486d0	72	2	NSndGameGetCarDistance__FP5Car_tPfN21
0x80048718	56	2	NSndGameGetCarByDistance__FiPP5Car_t
0x80048750	124	2	NSndGameCameraChanged__F17VptManagerVptType
0x80048bb0	192	2	NSndGameCalcCarOffsetSoundParams__FP5Car_tP6Vec3_tPUsPi9NSndTypeE
0x80048c70	156	2	NSndGameCalcCarPositionSoundParams__FP5Car_tP6Vec3_tPUsPi9NSndTypeE
0x80048d0c	304	2	NSndGameCalcDebrisSoundParams__FP12FlyingPart_tP6Vec3_tPUsPi9NSndTypeE
0x80048e3c	304	2	NSndGameCalcGenericSoundParams__FPC6Vec3_tPUsPi9NSndTypeE
0x80048fb0	780	2	NSndGameReduceStereoSpread__FUsSc
0x800492e4	288	2	NSndGameSwapBanks__F14NSndPatchBankEPFv_v
0x80049404	28	2	NSndGameGetPrevDopplerValue__FPC5Car_t
0x80049420	132	2	NSndGamePurgeSoundEvents__FP5Car_t
0x801620d4	64	2	Release__Q24Csis5Class
0x80161abc	36	2	GetAllocator__Q24Csis6SystemPPQ32EA9Allocator10IAllocator
0x80161b38	44	2	Lock__Q24Csis6System
0x80161b64	44	2	Unlock__Q24Csis6System
0x8004db30	40	2	NSndEngineMute__FUc
0x8004aeb8	40	2	NSndAIEngineMute__FUc
0x80053cac	160	2	NSndWindPurge__Fv
0x802defa4	8	0	_4Csis.gPauseEventHandle
0x80161f9c	80	2	CreateInstance__Q24Csis5ClassPQ24Csis11ClassHandlePvPPQ24Csis5Class
0x80299998	8	1	_4Csis.PauseEventId
0x8016178c	72	2	Set__Q24Csis11ClassHandlePCQ24Csis11InterfaceId
0x8004e340	128	2	NSndEnginePause__Fv
0x8004e888	152	2	NSndPitPause__Fv
0x80053e78	216	2	NSndFXPause__Fv
0x800537f0	4	2	NSndScrapesPauseHack__Fv
0x8004e3c0	128	2	NSndEngineResume__Fv
0x8004e920	156	2	NSndPitResume__Fv
0x80053f50	212	2	NSndFXResume__Fv
0x800537f4	4	2	NSndScrapesResumeHack__Fv
0x800569c8	116	2	NSpeechIsPlaying__Fv
0x80056c28	176	2	NSpeechShouldDuck__Fv
0x8004dabc	116	2	NSndEngineUpdate__Fv
0x8004aee0	84	2	NSndAIEngineUpdate__Fv
0x8004fcf0	140	2	NSndTiresUpdate__Fv
0x8004be18	272	2	NSndCollisionUpdate__Fv
0x8004cb88	1004	2	NSndDebrisUpdate__Fv
0x80052b4c	1176	2	NSndScrapesUpdate__Fv
0x8004c274	1752	2	NSndDamageUpdate__Fv
0x8004e9bc	1564	2	NSndPitUpdate__Fv
0x80053aa8	496	2	NSndWindUpdate__Fv
0x80056a3c	152	2	NSpeechUpdate__Fv
0x800541bc	748	2	NSndFXUpdate__Fv
0x80055028	192	2	NSndFDUpdate__Fv
0x802defd4	8	0	_4Csis.gFireEventHandle
0x802999c8	8	1	_4Csis.FireEventId
0x8016222c	72	2	SetMemberData__Q24Csis5ClassPv
0x800a5b70	64	2	VptManagerGetVptFromPlayerId__FSc
0x802defdc	8	0	_4Csis.gHelicopterEventHandle
0x802999d0	8	1	_4Csis.HelicopterEventId
0x8009bd78	28	2	CamMainGetPosition__FP9CamMain_tP6Vec3_t
0x8009bd94	48	2	CamMainGetAngle__FP9CamMain_tP9Orient3_t
0x8009bdf4	88	2	CamMainGetPercievedDistanceScale__FP9CamMain_tPf
0x8004d5e8	1236	2	NSndEngineCameraChanged__Fv
0x8004ae5c	92	2	NSndAIEngineCameraChanged__Fv
0x800550e8	112	2	NSndFDCameraChanged__Fv
0x8009a7f0	72	2	CamGameGetVptType__FP8CamHdr_t
0x8005332c	68	2	NSndScrapesStopCarCar__FP5Car_tT0
0x8005368c	40	2	NSndScrapesStopRoofToGround__FP5Car_t
0x80053794	40	2	NSndScrapesStopBlownTire__FP5Car_t
0x800515bc	888	2	NSndTiresPurge__FP5Car_t
0x8004ac88	200	2	NSndAIEngineInit__Fv
0x8004ad50	268	2	NSndAIEngineShutdown__Fv
0x8004af34	616	2	NSndAIEnginePurgeAllInstances__Fv
0x8006c9f8	104	2	RSRaceIsInteractive__Fv
0x802df054	8	0	_4Csis.gThePackHandle
0x80299a48	8	1	_4Csis.ThePackId
0x802defcc	8	0	_4Csis.gEngineEvent_AICarHandle
0x802999c0	8	1	_4Csis.EngineEvent_AICarId
0x800fd708	12	2	CarObjGetVisibility__FPC5Car_t
0x8004e440	68	2	NSndEngineGetInstance__FP5Car_t
0x800a0988	12	2	CamDemoIsActive__Fv
0x8029abf8	4	1	_RM_uActualTicks
0x800a58c4	72	2	VptManagerGetCurrentCamera__FPv
0x8004bd94	100	2	NSndCollisionInit__Fv
0x8004bdf8	32	2	NSndCollisionShutdown__Fv
0x8004bf28	52	2	NSndCollisionCarBottomGround__FP5Car_tP6Vec4_t
0x8004bf5c	44	2	NSndCollisionCarGround__FP5Car_tP6Vec4_tf
0x8004bf88	60	2	NSndCollisionCarSuspensionGround__FP5Car_tP6Vec4_tf
0x8004bfc4	44	2	NSndCollisionCarWall__FP5Car_tP6Vec4_tf
0x8004bff0	36	2	NSndCollisionCarCar__FP5Car_tT0P6Vec4_tT2f
0x8005ab9c	148	2	NSpeechPlayWallContact__FP5Car_t
0x8005ac30	352	2	NSpeechPlayCarContact__FP5Car_tT0Ui
0x801dfe0c	124	2	SndPatchOver
0x8004c130	108	2	NSndDamageInit__Fv
0x8004c19c	216	2	NSndDamageShutdown__Fv
0x8004ca40	32	2	NSndPauseDamageRepairSound__FUc
0x802df02c	8	0	_4Csis.gLoosePartEventHandle
0x80299a20	8	1	_4Csis.LoosePartEventId
0x8004cb54	48	2	NSndDebrisInit__Fv
0x8004cb84	4	2	NSndDebrisShutdown__Fv
0x8004cf74	288	2	NSndDebrisPlay__FP12FlyingPart_tP6Vec4_tf19CarDetachablePart_t8PtkSurfTUc
0x802defc4	8	0	_4Csis.gDebrisEventHandle
0x802999b8	8	1	_4Csis.DebrisEventId
0x8004d094	212	2	NSndEngineInit__Fv
0x8004d528	192	2	NSndEngineShutdown__Fv
0x8004e2bc	132	2	NSndEngineBackfire__FP5Car_t
0x8004e484	200	2	NSndEnginePurgeAllInstances__Fv
0x802df04c	8	0	_4Csis.gGEN5_EngineHandle
0x80299a40	8	1	_4Csis.GEN5_EngineId
0x8009aa14	36	2	CamGameGetType__F17VptManagerVptType
0x8008c2a4	664	2	GetEngineStrain__FP5Car_t
0x80127670	44	2	ShareDraftMode__FSc
0x80069d38	44	2	RaceManagerGetProcessedTicks__FUc
0x80299468	392	1	_nsndPitInit
0x8004e6f4	180	2	NSndPitInit__Fv
0x802ddda0	840	0	_nsndPit
0x8004e7a8	180	2	NSndPitShutdown__Fv
0x8004e85c	44	2	NSndPitGetNumInstances__Fi
0x8004efd8	192	2	NSndPitPlayOneShot__F15NSndPitOneShotEG6Vec3_t
0x8004f098	192	2	NSndPitLoopStart__F12NSndPitLoopEG6Vec3_t
0x8004f158	144	2	NSndPitLoopAmbientStart__F12NSndPitLoopE
0x8004f1e8	160	2	NSndPitLoopStop__F12NSndPitLoopE
0x8004f288	52	2	NSndPitBankSwapComplete__Fv
0x8004f2bc	568	2	NSndPitAmbience__Fv
0x8004f4f4	72	2	NSndPitAmbienceInit__Fv
0x801dfd9c	112	2	SndReleasePatch
0x801dfe88	120	2	SndSetPatchPitchMult
0x8004f53c	168	2	NSndTiresInit__Fv
0x8004fb24	460	2	NSndTiresShutdown__Fv
0x80051384	568	2	NSndTiresBlownTire__FP5Car_t11CphTireLocT
0x802defac	8	0	_4Csis.gTerrainEventHandle
0x802999a0	8	1	_4Csis.TerrainEventId
0x802df01c	8	0	_4Csis.gSkidEvent_StereoHandle
0x80299a10	8	1	_4Csis.SkidEvent_StereoId
0x802df014	8	0	_4Csis.gSkidEvent_MonoHandle
0x80299a08	8	1	_4Csis.SkidEvent_MonoId
0x802df024	8	0	_4Csis.gSkidEvent_AISkidHandle
0x80299a18	8	1	_4Csis.SkidEvent_AISkidId
0x802deffc	8	0	_4Csis.gTireBlowEventHandle
0x802999f0	8	1	_4Csis.TireBlowEventId
0x8005375c	56	2	NSndScrapesContinueBlownTire__FP5Car_tP6Vec3_t
0x80052898	180	2	NSndScrapesInit__Fv
0x8005294c	512	2	NSndScrapesShutdown__Fv
0x800536b4	168	2	NSndScrapesStartBlownTire__FP5Car_tf
0x80052fe4	532	2	NSndScrapesCarCarDonut__FP5Car_tT0P6Vec3_t
0x800531f8	168	2	NSndScrapesStartCarCar__FP5Car_tT0P6Vec3_tf
0x800532a0	140	2	NSndScrapesContinueCarScrape__FP5Car_tT0P6Vec3_tf
0x8005356c	144	2	NSndScrapesStartRoofToGround__FP5Car_tP6Vec3_tf
0x800535fc	144	2	NSndScrapesContinueRoofScrape__FP5Car_tP6Vec3_tf
0x800537bc	40	2	NSndScrapesCarCarIsStarted__FP5Car_tT0
0x800537e4	12	2	NSndScrapesSetSparking__FUc
0x802df03c	8	0	_4Csis.gScrapeEvent_Car2CarHandle
0x80299a30	8	1	_4Csis.ScrapeEvent_Car2CarId
0x802df034	8	0	_4Csis.gScrapeEvent_Car2WallHandle
0x80299a28	8	1	_4Csis.ScrapeEvent_Car2WallId
0x802df044	8	0	_4Csis.gScrapeEvent_Rim2GroundHandle
0x80299a38	8	1	_4Csis.ScrapeEvent_Rim2GroundId
0x802defec	8	0	_4Csis.gDonutEventHandle
0x802999e0	8	1	_4Csis.DonutEventId
0x800537f8	512	2	NSndWindInit__Fv
0x800539f8	176	2	NSndWindShutdown__Fv
0x80053c98	20	2	NSndWindMute__FUc
0x802defe4	8	0	_4Csis.gWindEventHandle
0x802999d8	8	1	_4Csis.WindEventId
0x80299644	840	1	_nsndFXInit
0x80053d4c	64	2	_NSndFX_GetLogicalStream__F12NSndFXSoundE
0x80053d8c	88	2	NSndFXInit__Fv
0x802dec54	800	0	_nsndFX
0x80053de4	148	2	NSndFXShutdown__Fv
0x8005495c	64	2	NSndFXStopThemeMusic__Fv
0x8005485c	104	2	NSndFXStreamStop__Fi
0x800544a8	192	2	NSndFXPlayOneShot__F12NSndFXSoundE
0x80054568	224	2	NSndFXPlayPositionalOneShot__F12NSndFXSoundEPC6Vec3_t
0x80054648	188	2	NSndFXLoopStart__F12NSndFXSoundE
0x80054704	84	2	NSndFXLoopStop__Fs
0x80054758	200	2	NSndFXStreamStart__F12NSndFXSoundE
0x800548c4	100	2	NSndFXGetSeriesTheme__F7SeriesE
0x80054928	52	2	NSndFXStartThemeMusic__Fv
0x80054af4	64	2	_NSndFDBankSwapCallback__Fv
0x80054e6c	272	2	NSndFDInit__Fv
0x80054f7c	172	2	NSndFDShutdown__Fv
0x8009afe0	444	2	CamMainJitterInstigate__FUcf
0x801dff5c	208	2	SndCreateStream
0x801e0080	100	2	SndDestroyStream
0x801cbf38	40	2	__builtin_delete
0x801e02d0	132	2	SndStreamGetStatus
0x801e002c	84	2	SndStreamQueueFile
0x801e00e4	64	2	SndPurgeStream
0x801e01a4	120	2	SndStreamSetPitchMult
0x801e0354	124	2	SndStreamGetVol
0x801e021c	180	2	SndStreamSetVol
0x801e0124	128	2	SndStreamAutoVol
0x802999a8	8	1	_4Csis.BumpEventId
0x802999b0	8	1	_4Csis.ScrapeEventId
0x802999e8	8	1	_4Csis.AmbienceEventId
0x802999f8	8	1	_4Csis.BackfireEventId
0x80299a00	8	1	_4Csis.ScrapeEvent_AIScrapeId
0x80299a50	8	1	_4Csis.SpatializationModeId
0x802defb4	8	0	_4Csis.gBumpEventHandle
0x802defbc	8	0	_4Csis.gScrapeEventHandle
0x802deff4	8	0	_4Csis.gAmbienceEventHandle
0x802df004	8	0	_4Csis.gBackfireEventHandle
0x802df00c	8	0	_4Csis.gScrapeEvent_AIScrapeHandle
0x802df05c	8	0	_4Csis.gSpatializationModeHandle
0x80161780	12	2	__Q24Csis11ClassHandle
0x80161910	12	2	__Q24Csis20GlobalVariableHandle
0x80055b48	12	2	MusicIsActive__Fv
0x80055bb0	32	2	MusicBeginLoad__Fv
0x80055bd0	28	2	MusicEndLoad__Fv
0x80055bec	468	2	MusicProcess__Fv
0x80056110	104	2	MusicFadeOut__Fi
0x80055e24	72	2	MusicPause__Fv
0x80055dc0	100	2	MusicOnLoadingScreen__Fii
0x80055e6c	72	2	MusicResume__Fv
0x80056000	172	2	MusicShowEATraxPopup__Fv
0x80055fb0	36	2	MusicFastForward__Fv
0x80055fd4	44	2	MusicRewind__Fv
0x80056440	12	2	MusicEnable__FUc
0x801df8f4	12	2	SndIsActive
0x800beb84	28	2	FlashIsStarted__Fv
0x800f0e30	12	2	LoadingFlipOk__Fv
0x8007acd0	12	2	RaceIntroIsActive__Fv
0x8007acc4	12	2	RaceIntroLineupSpeechActive__Fv
0x800e0cf4	12	2	EATraxIsEnabled__Fv
0x800e0ca0	84	2	EATraxHide__Fv
0x800e0c00	160	2	EATraxShow__FPcN20
0x800565bc	180	2	NSpeechInit__Fv
0x80056670	104	2	NSpeechShutdown__Fv
0x800566d8	264	2	NSpeechRaceInit__Fv
0x80056ad4	76	2	NSpeechStopPlaying__Fv
0x80056b7c	84	2	NSpeechPause__Fv
0x80056bd0	88	2	NSpeechResume__Fv
0x800574f0	472	2	NSpeechPlayRaceIntro__Fv
0x800576c8	104	2	NSpeechPlayStartingLineup__Fv
0x80057730	908	2	NSpeechPlayStartingLineupRow__FiP5Car_tT1
0x80057c3c	128	2	NSpeechPlayPaceCar__FUiSc
0x80057d2c	412	2	NSpeechPlayCautionReordering__FP5Car_t
0x80058250	164	2	NSpeechPlayWrongWay__FP5Car_t
0x800582f4	184	2	NSpeechPlayCamper__FP5Car_t
0x800583ac	888	2	NSpeechPlayLapTimeCommentary__FP5Car_t
0x80058724	784	2	NSpeechPlayLapCounts__FP5Car_t
0x80058a34	296	2	NSpeechPlayHalfway__FP5Car_t
0x80058b5c	372	2	NSpeechPlayBonus__FP5Car_t
0x80058cd0	196	2	NSpeechPlayCrashOccurred__FP5Car_ti
0x80058d94	276	2	NSpeechPlayFlagEvent__Fv
0x80058ea8	68	2	_LightningStartTiresWorn__FP5Car_t
0x80058eec	356	2	NSpeechPlayLightningStart__Fv
0x80059050	200	2	NSpeechPlayPreGreen__Fv
0x80059118	828	2	NSpeechPlayRaceFinish__FP5Car_t
0x80059454	392	2	NSpeechPlayQualifyFinish__FP5Car_t
0x800595dc	208	2	NSpeechPlayLightningDisqualify__F14ChallengeTaskE
0x800596ac	132	2	NSpeechPlayLightningEvent__Fiii
0x80059730	232	2	NSpeechPlayLightningFinish__FP5Car_t
0x80059818	340	2	NSpeechPlayRespectChange__FUcUc
0x8005996c	164	2	NSpeechPlayRivalAction__FP5Car_tUiUi
0x80059a10	232	2	NSpeechPlayBlackFlagWarning__F17BlackFlagOffenseEUc
0x80059e60	520	2	NSpeechPlayChangedRacePos__FP5Car_tii
0x8005a068	4	2	NSpeechPlayPassing__FP5Car_tT0
0x8005a230	120	2	NSpeechPlayDamageStatus__FP5Car_tUiUi
0x8005a2a8	172	2	NSpeechPlayFuelStatus__FP5Car_tUi
0x8005a354	216	2	NSpeechPlayOutOfRace__FP5Car_t15ExpungementType16ExpungementCause
0x8005a4b0	496	2	NSpeechPlayPitsOpen__FP5Car_t
0x8005a6a0	236	2	NSpeechPlayExitPitStall__FP5Car_t8PitGrade
0x8005a78c	564	2	NSpeechPlayPitService__FP5Car_tP19PitManagerOptions_t
0x8005a9c0	360	2	NSpeechPlayExitPitRow__FP5Car_t
0x8005ab28	116	2	NSpeechPlayAIExitPitRow__FP5Car_t
0x8005b0b8	108	2	NSpeechPlayPhoneMessage__Fi
0x8005b124	308	2	NSpeechPlayLapTime__FP5Car_tii
0x8005b258	756	2	NSpeechPlayInterval__FP5Car_t
0x8005b790	116	2	NSpeechPlayPitFumble__FUiUi
0x8005b804	484	2	NSpeechPlayChaseCommentary__Fv
0x8005b9e8	144	2	NSpeechPlayChaseSignoff__Fv
0x801e16b0	260	2	SpchInit
0x80160df0	12	2	SPCH_GetExtVecs
0x801e186c	32	2	SpchSetRuleCallbacks
0x801e1834	56	2	SpchLoadEventDB
0x801e17b4	56	2	SpchShutdown
0x801dabc8	732	2	ResOpenRam
0x801dca68	132	2	ResGetNumResources
0x801e17ec	40	2	SpchLoadBank
0x801e1814	32	2	SpchUnloadBank
0x8015ddd4	116	2	SPCH_Play
0x801e188c	32	2	SpchClearEventQueue
0x803b1858	4	1	gSPCH_AddEvent
0x8015d044	28	2	SPCH_MakeEventSpec
0x80128bd0	144	2	SeasonMgrIsPointsLeader__Fi7SeriesE
0x8006488c	12	2	QCGetNumPittingCars__Fv
0x80064838	20	2	QCGetCarPittedLastCaution__Fi
0x800f7b98	24	2	RMOGetCarCautionIllegalPitOrder__Fi
0x800f82ec	24	2	RMOGetAvgLapTime__Fi
0x800f8238	20	2	RMOGetPrevLapTime__Fi
0x800f840c	20	2	RMOGetFastestLapTime__Fi
0x800f9650	12	2	RMOLapsLeadGetLeaderIndex__Fv
0x8006c980	40	2	RSGameModeHasMultipleRaces__Fv
0x8030fbf0	4	0	RMOStatus
0x800f963c	20	2	RMOLapsLeadGetCount__FUc
0x800f965c	68	2	RMOLapsLeadGetTotalLeaderIndex__Fv
0x800f96a0	104	2	RMOLapsLeadGetTotalRunnerUpIndex__Fv
0x8013d6f0	20	2	ScenarioDefGetSpeechTypeId__Fv
0x8006c944	60	2	RSGameModeHasSingleRace__Fv
0x8013f8a0	140	2	ScenarioMonitorTasks__Fv
0x8013f94c	32	2	ScenarioDidPlayerWin__Fv
0x8013f96c	228	2	ScenarioEndImmediately__Fv
0x800f9708	356	2	RMOGetInterval__FP5Car_tT0Pf
0x8007d9a8	24	2	PitManagerPlayerHasFumble__FSc
0x800f8138	24	2	RMOGetLapTime__Fi
0x8033912c	1	0	_15SeasonScheduleC.s_Instance
0x8014dac4	160	2	GetPctComplete__C15SeasonScheduleC7SeriesE
0x8029aa84	16	1	LLNSnd_EngineLeftOffset
0x8029aa94	16	1	LLNSnd_EngineRightOffset
0x8029aaa4	16	1	LLNSnd_ExhaustOffset
0x8029aab4	4	1	getcycle
0x801615dc	32	2	SNDMEM_gethighwater
0x801dfba4	168	2	SndRelocateBank
0x8005bb60	48	2	EQInitEventQueueSystem__Fv
0x8005bb90	56	2	EQKillEventQueueSystem__Fv
0x8005bbc8	288	2	EQProcessEvents__Fv
0x8005bd0c	84	2	_EQFinishEnqueueEvent__FUsUsPvUsSc
0x8005be00	40	2	EQFlushDelayedEvents__Fv
0x8005c180	76	2	Instantiate__11EventQueueC
0x8005c298	116	2	InitializeSize__11EventQueueCUi
0x8007734c	132	2	RQInitReplayEventQueue__FUi
0x8029aabc	4	1	_11EventQueueC.s_pUniqueInstance
0x8005c218	128	2	_._11EventQueueC
0x800773d0	68	2	RQKillReplayEventQueue__Fv
0x8029aab8	4	1	_10EventListC.s_pUniqueInstance
0x8005c574	300	2	EventStatsEvaluate__11EventQueueC
0x8005c418	112	2	EventDequeue__11EventQueueC
0x8029aac0	224	1	eventHandleTable
0x8005c0d4	172	2	EventRemove__10EventListCP14_NascarEvent_t
0x8005c488	40	2	DelayedEventsDefrag__11EventQueueC
0x8005c30c	268	2	EventEnqueue__11EventQueueCUsUsPvUsSc
0x80158f24	8	2	GetEventList__14CEventObserver
0x80158f38	8	2	GetNumEvents__14CEventObserver
0x802a96c8	4	1	_21CEventObserverHandler.s_pUniqueInstance
0x80158d70	220	2	AddObserver__21CEventObserverHandlerPC14CEventObserver13EQEventType_eUc
0x80158e4c	104	2	RemoveObserver__21CEventObserverHandlerPC14CEventObserver
0x8005c4b0	92	2	DelayedEventsPurge__11EventQueueC
0x8005be28	76	2	Instantiate__10EventListC
0x8005be74	32	2	__10EventListC
0x8005be94	80	2	_._10EventListC
0x8005bee4	92	2	InitializeSize__10EventListCUi
0x8005bf40	84	2	_AllocateList__10EventListCPP18_NascarEventList_t
0x8005bf94	68	2	_DeallocateList__10EventListCP18_NascarEventList_t
0x8005bfd8	252	2	EventAdd__10EventListCP14_NascarEvent_t
0x8005c1cc	76	2	__11EventQueueC
0x8005c50c	104	2	_FindAvailableSpace__11EventQueueCUiUc
0x80158c88	52	2	_._21CEventObserverHandler
0x80158cbc	76	2	Instantiate__21CEventObserverHandler
0x80158d08	104	2	NotifyAll__21CEventObserverHandlerP14_NascarEvent_t
0x8005c6a0	248	2	HandleRaceEventPitStart__FP14_NascarEvent_t
0x8005c798	852	2	HandleRaceEventPitEnd__FP14_NascarEvent_t
0x8005caec	96	2	HandleRaceEventPitAbort__FP14_NascarEvent_t
0x8005dec0	140	2	HandleRaceEventCollision__FP14_NascarEvent_t
0x8007fb70	92	2	HandleRaceEventDebrisPart__FP14_NascarEvent_t
0x8007fbcc	548	2	HandleRaceEventFlyingPart__FP14_NascarEvent_t
0x8005e0e0	448	2	HandleRaceEventDamageBody__FP14_NascarEvent_t
0x8005e2e8	176	2	HandleRaceEventFuelCellDamage__FP14_NascarEvent_t
0x8005e3a0	1208	2	HandleRaceEventFlag__FP14_NascarEvent_t
0x8005e858	1256	2	HandleRaceEventCrossLine__FP14_NascarEvent_t
0x8005ed40	168	2	HandleRaceEventCrossTenth__FP14_NascarEvent_t
0x8005ede8	336	2	HandleRaceEventChangePlace__FP14_NascarEvent_t
0x8005ef38	328	2	HandleRaceEventPassing__FP14_NascarEvent_t
0x8005cb4c	136	2	HandleRaceEventPitNow__FP14_NascarEvent_t
0x8005cbd4	504	2	HandleRaceEventPitEnterRow__FP14_NascarEvent_t
0x8005cdcc	476	2	HandleRaceEventPitExitRow__FP14_NascarEvent_t
0x8005cfa8	588	2	HandleRaceEventPitApproachStall__FP14_NascarEvent_t
0x8005d1f4	80	2	HandleRaceEventPitRepairBody__FP14_NascarEvent_t
0x8005e2a0	72	2	HandleRaceEventDriverExpunged__FP14_NascarEvent_t
0x8010d1d4	68	2	HandleRaceEventCarParticles__FP14_NascarEvent_t
0x8005f080	76	2	HandleRaceEventRespectChange__FP14_NascarEvent_t
0x8005f0cc	172	2	HandleRaceEventRivalActionSpeech__FP14_NascarEvent_t
0x8005f178	4	2	HandleRaceEventScenario__FP14_NascarEvent_t
0x8005e398	4	2	HandleRaceEventPlayerDisconnect__FP14_NascarEvent_t
0x802fb0e4	416	0	PitManagerPlayerInfo
0x8007c8e4	196	2	PitManagerSetPlayerState__FSci
0x8007ce28	492	2	PitManagerStartWait__FP5Car_t
0x80089e00	132	2	CarReSetupCar__FSc
0x800e81d8	176	2	GaugesMgr_StopPit__Fi
0x8006484c	64	2	QCSetCarPosBeforeLastPit__Fi
0x80064824	20	2	QCSetCarPittedLastCaution__FiUc
0x800e9090	28	2	GaugesMgr_SetLetterBoxFlag__Fi
0x800640e4	208	2	QCCancelPitQuery__FP5Car_t
0x80121e6c	1156	2	PitActionRequest__FP5Car_tUi
0x800e80c8	60	2	GaugesMgr_EnterPitRow__Fi
0x80141270	16	2	AllStarSetEnteredUnderGreen__FiUc
0x8011096c	56	2	LLMotBlurSetEnable__FUc
0x800e9558	240	2	GaugesMgr_PrimaryText__FiPCcUi
0x800e84c4	700	2	GaugesMgr_SetVisibility__FiUc
0x80123c9c	356	2	PitCameraEndPlayerCamSeq__FScUcUc
0x8007d9c0	76	2	PitManagerResetOptionsToDefault__FSc
0x8007d7c8	444	2	PitManagerFumbleThisPit__FP5Car_t
0x8007d254	332	2	PMGetSeq__FP19PitManagerOptions_tP5Car_tUcPUiT3
0x8007da0c	188	2	PitManagerPitOptionsRequireStop__FScUc
0x800e8104	212	2	GaugesMgr_StartPit__Fi
0x8007d3a0	436	2	PitManagerGetPitCrewSpeed__FP5Car_t
0x801222f0	236	2	PitActionLoadSequence__FUsiUif
0x80138a50	272	2	RumbleDoCollision__FiP6Vec4_tf
0x802a0be0	4	1	_17StylePointsIGMgrC.s_pInstance
0x80095ac0	100	2	ProcessCollision__17StylePointsIGMgrCPC5Car_t16COLCollisionTypef
0x80097664	72	2	RespectPortraitRegisterCollision__FPC5Car_tT0
0x80064a08	8	2	QCFreezeFieldOnYellowFlag__Fv
0x80064a10	316	2	QCTakeSnapshotOfField__Fv
0x802e04b4	84	0	BlackFlag
0x8029ac20	4	1	_10BlackFlagC.s_pBlackFlagMon
0x800fc6c4	4	2	IncrCarSpun__13BlackFlagMonCP13RaceEventFlag
0x8013d784	16	2	ScenarioDefGetIsCautionEventPending__Fv
0x8006c90c	12	2	RSSetRaceFlag__F7RSFlagE
0x8006c918	44	2	RSSetGreenFlagTime__FUi
0x80136acc	152	2	CameraFlashTakePictures__Fv
0x800e9184	300	2	GaugesMgr_DisplayFlag__Fi10GaugeFlagE
0x8011176c	72	2	TrackLightsSetCaution__FUc
0x800fc5d4	240	2	IncrDmgCautions__13BlackFlagMonCP13RaceEventFlag
0x800f9238	20	2	RMOIncCautionFlagsCount__Fv
0x800f91c8	112	2	RMOSetCautionLaps__Fs
0x8013d774	16	2	ScenarioDefSetIsCautionEventPending__FUc
0x8006d858	176	2	AddEvent__10BlackFlagCP13RaceEventFlag
0x80142e08	132	2	AllStarModifyWinstonLapNumber__FPUi13AllStarRace_e
0x800f9058	368	2	RMOLapComplete__FP5Car_tiff
0x800fad54	148	2	RMOUpdateScoringTowerLeaderboard__FPC5Car_t
0x800e98ac	128	2	GaugesMgr_UpdateLeaderboard__Fi
0x800ea184	916	2	GaugesMgr_UpdateLap__Fi
0x800df12c	36	2	UISUtils_FormatTime__FfP11UISString_t
0x80093ebc	248	2	CheckQualifyingTasks__19StylePointsManagerCSc
0x800be9ac	60	2	FlashDisplayOnlineMessage__FPCc
0x800956a0	460	2	ProcessPositionChange__17StylePointsIGMgrCPC5Car_tii
0x800955c8	216	2	ProcessPassEvent__17StylePointsIGMgrCPC5Car_tT1f
0x80095b24	132	2	ProcessRespectChange__17StylePointsIGMgrCUcUcPC5Car_t
0x8005f17c	80	2	_QCUseLastLapsOfRaceRestartRules__Fv
0x800601b8	52	2	_QCGetPrePitPacePosition__FUc
0x800601ec	20	2	_QCGetPrePitPaceNumLapsDown__FUc
0x8006477c	20	2	QCSetPlayerEngineSmokeState__FiUc
0x80063694	380	2	QCCrossFinishLine__FP5Car_t
0x80063ca0	180	2	QCInit__Fv
0x8006492c	220	2	QCGetScaledCautionLaps__Fv
0x80063d54	16	2	QCShutdown__Fv
0x80063d64	868	2	QCProcess__FUi
0x800644d0	240	2	QCTransition__Fii
0x80064790	148	2	QCCinematicStageInputHandler__FUiUif
0x80064898	12	2	QCSetButtonThrough__FUc
0x800648a4	136	2	QCQueueTransitionAfterWreckReplay__Fv
0x80064b4c	128	2	QuickCautionRestartFromLightningChallenge__Fv
0x8007dc18	148	2	PitManagerLoadPitNow__Fi
0x80069e60	12	2	RaceManagerTimeCriticalSet__FUc
0x800a1bb4	512	2	CamDemoDirectorForceCamera__FP8CamHdr_ti
0x800a1dc8	8	2	CamDemoDirectorLockTargets__FP8CamHdr_tUc
0x800faca8	172	2	RMOTrafficGetClosestCarBehind__Ff
0x800f83dc	24	2	RMOSetWasUnderCaution__FiUc
0x800e9e78	4	2	GaugesMgr_Transition__FUi
0x800f7820	188	2	RMOGetCarLapsDown__Fi
0x800f7ab0	24	2	RMOGetCarCautionPitOrder__Fi
0x800f77f8	40	2	RMOGetCarOnLeadLap__Fi
0x800f7cb0	24	2	RMOGetCarCurrentCautionLap__Fi
0x800f824c	84	2	RMOSetPrevLapTime__Fif
0x800f831c	24	2	RMOGetLapStartTime__Fi
0x800f7cc8	24	2	RMOSetCarCurrentCautionLap__Fis
0x800f85e4	16	2	RMOGetCurrentCautionLap__Fv
0x800f8604	76	2	RMOSetCurrentCautionLap__FUs
0x800f7c80	24	2	RMOGetCarLapsCrossedUnderCaution__Fi
0x800f7c98	24	2	RMOSetCarLapsCrossedUnderCaution__Fis
0x800f8334	24	2	RMOSetLapStartTime__Fif
0x800f8120	24	2	RMOSetAmtRaceCompleted__Fif
0x800f834c	24	2	RMOGetRaceStartTime__Fi
0x800f8304	24	2	RMOSetAvgLapTime__Fif
0x800f7cf8	24	2	RMOSetCarLastCautionLap__Fis
0x80069d88	188	2	RaceManagerTimeTravel__Fi
0x80067034	568	2	RLSetCarPlace__Ff
0x800f7158	36	2	RMORefreshLapInformation__Fv
0x8014261c	76	2	AllStarIsWinston__Fv
0x80142298	44	2	AllStarIsWinstonOpen__Fv
0x8010b5fc	132	2	ParticlesResetAllDefault__Fv
0x800a1dd0	148	2	CamDemoDirectorProcess__Fv
0x800782d8	56	2	InputMgrStartPitting__FUc
0x800f7ae0	184	2	RMOAssignCarCautionPitOrder__Fi
0x800e0bac	12	2	TransitionGetState__Fv
0x800e0a7c	164	2	TransitionBegin__F15TransitionTypeE
0x800e0bb8	12	2	TransitionIsScreenCovered__Fv
0x800aeec4	100	2	FGRaceQueueTransition__Fi
0x8009aae4	164	2	CamGameLoadDBDefaults__FSc
0x8013d704	16	2	ScenarioDefGetStartingLapNum__Fv
0x8007af34	40	2	RacePreGreenRestart__Fv
0x800f717c	20	2	RMOClearAirborne__Fi
0x800f83f4	24	2	RMOSetFinishedLapWrongWayOnce__FiUc
0x8007fb60	16	2	FPClearFlyingParts__Fv
0x80141720	184	2	AllStarRaceFinishLogic__Fv
0x80067ae4	248	2	RaceLogicStartExitTimer__Fv
0x800f85d4	16	2	RMOGetNumCautionLaps__Fv
0x8006c8fc	16	2	RSSetEndedOnCaution__Fv
0x800f7924	24	2	RMOSetCarCautionOrder__FiUc
0x800f7ac8	24	2	RMOSetCarCautionPitOrder__FiUc
0x800f7bb0	24	2	RMOSetCarCautionIllegalPitOrder__FiUc
0x801239b0	24	2	PitActionForceTimeout__FUi
0x80068adc	220	2	RLTakeControlFromPlayer__FP5Car_t11AICarStateE
0x80067618	556	2	RLCarShouldBeExpunged__FPC5Car_tP15ExpungementTypeP16ExpungementCause
0x8013d724	16	2	ScenarioDefSetLastLapDownLapChecked__Fi
0x80071344	32	2	IsReelEmpty__Fi
0x8007b4b0	24	2	RacePreGreenDone__Fv
0x80078310	56	2	InputMgrEndPitting__FUc
0x800e82f0	28	2	GaugesMgr_ResetPitStateFlags__Fi
0x8007dcac	148	2	PitManagerUnloadPitNow__Fi
0x800f79dc	212	2	RMOReassignCarCautionOrder__FiUc
0x800f793c	160	2	RMOAssignCarCautionOrder__Fi
0x800f85f4	16	2	RMOSetNumCautionLaps__FUs
0x80077df4	28	2	InputMgrGetPlayerID__FUc
0x801c0f34	172	2	QueueTransition__12FlowManagerCii
0x8029abc4	1	1	bAdvanceToPostRace
0x80064bcc	192	2	_RLGetExpungeMessage__F16ExpungementCausePc
0x80064ff4	188	2	RaceLogicPartialInit__Fv
0x800650b0	220	2	_QualifyPitOfficialStartCarMoving__Fv
0x8006518c	896	2	RaceLogicInit__Fv
0x80068d14	16	2	RLKillQualifySequence__Fv
0x8006550c	2212	2	RaceLogicUpdatePracticeOrQualify__Fv
0x80065db0	2688	2	RaceLogicUpdateRace__Fv
0x80066830	1572	2	RaceLogicUpdateDemo__Fv
0x8006726c	268	2	_RLCarStartsNewLap__FP5Car_t
0x80066e54	160	2	RaceLogicUpdateTutorial__Fv
0x80067db0	64	2	RaceLogicExit__Fv
0x80067df0	468	2	_RLDisplayPlayerCarFinishPosition__FP5Car_t
0x80068bb8	348	2	RLReturnPlayersToStalls__Fv
0x8006ccec	12	2	RSEndedOnCaution__Fv
0x8009a8a8	364	2	CamGameChangeType__F17VptManagerVptType11CameraTypeE
0x8009b7ac	72	2	CamMainFollow__FP9CamMain_tUiUiUi
0x800e9a78	104	2	GaugesMgr_StartRace__Fv
0x800fabb8	48	2	RMOInitLeaderboard__Fv
0x800fabe8	152	2	RMOSetStartingGrid__FUc
0x800fade8	80	2	RMOInitScoringTowerLeaderboard__Fv
0x8009bb58	56	2	CamMainMsg__FP9CamMain_t12CamMainMsg_tPv
0x800f8570	24	2	RMOSetFastestLapNum__Fis
0x800f8420	20	2	RMOSetFastestLapTime__Fif
0x8007a030	4	2	PreRaceInitPitOfficial__Fv
0x80079f48	4	2	PreRaceGoToPitExit_PitOfficialInit__Fv
0x800f8464	24	2	RMOGetTopSpeed__Fi
0x800f847c	24	2	RMOSetTopSpeed__Fif
0x800e9478	148	2	GaugesMgr_WrongWay__FiUc
0x800ded5c	264	2	UISUtils_FormatQualifyingPos__FUcPcUc
0x800bea00	16	2	FlashClearExclusiveChannel__Fv
0x8017085c	964	2	AptCallFunction__FPCcPcT0ie
0x802a7bb4	4	1	Scenario_pObj
0x8006c9e0	24	2	RSRaceTypeIsLightning__Fv
0x8013fa50	16	2	ScenarioExpungePlayer__Fv
0x80143e18	92	2	ExpungePlayer__9ScenarioC16ExpungementCause
0x80143c14	8	2	EndImmediately__9ScenarioC
0x80141974	16	2	AllStarIsCarDisqualified__Fi
0x801c1024	8	2	GetNumQueuedTransitions__C12FlowManagerC
0x8007db68	144	2	PitManagerUnloadPitOptions__Fi
0x80098854	12	2	CelebrationEnable__FUc
0x800983a4	56	2	CelebrationShouldStart__Fv
0x800e9e74	4	2	GaugesMgr_UnloadGauges__Fv
0x8006b9bc	12	2	MarketingModeActive__Fv
0x800d32bc	12	2	MsgPrologueSetDestination__FUc
0x80095584	68	2	ProcessEndRace__17StylePointsIGMgrC
0x80143014	64	2	AllStarWinstonAdvanceSegment__Fv
0x80069a74	708	2	RaceManagerLogicExit__Fv
0x800706c8	152	2	RaceWeekendExitGatorade125__Fv
0x800f8364	24	2	RMOSetRaceStartTime__Fif
0x800f62a0	104	2	RMOCompareLapTimes__Fi
0x800f82bc	24	2	RMOGetPrevLapPctComplete__Fi
0x8007a7c0	100	2	RaceIntroInputHandler__FUiUif
0x80141bbc	40	2	AllStarIsShootout__Fv
0x800fac80	20	2	RMOUpdatePositionForLeaderboard__FP5Car_tUc
0x8009586c	112	2	ProcessWrongWay__17StylePointsIGMgrCUc
0x8007de70	156	2	EventGetWheelButton__F13EventMessageEi
0x8007ddd4	156	2	EventGetControllerButton__F13EventMessageEi
0x80075724	408	2	HlrSaveRepairState__FP5Car_t
0x8006e8e4	3060	2	RSIM_SimulatePartialRace__Fv
0x800deca0	12	2	MsgRaceWinnerSetPlayerID__Fi
0x800dee64	224	2	UISUtils_FormatFinishingPos__FUcPc
0x800940d8	12	2	PlayerLeadingLastLap__19StylePointsManagerC
0x800e9cb4	276	2	GaugesMgr_GetNextPlace__FPC5Car_t
0x800f83c4	24	2	RMOGetWasUnderCaution__Fi
0x800f83ac	24	2	RMOGetFinishedLapWrongWayOnce__Fi
0x800e90ac	72	2	GaugesMgr_IgnoreFirstLetterBox__Fv
0x800e7a90	252	2	GaugesMgr_SetEnable__FUc
0x8007ca30	448	2	PitManagerResetPlayer__Fi
0x8009efc0	12	2	CamChaseSetUserCamWarp__FUc
0x802635a8	4	1	uRaceManager_MaxTicksPerFrame
0x80068e7c	12	2	RaceManagerGetPausePlayer__Fv
0x80068e88	12	2	RaceManagerSetPausePlayer__Fi
0x80068e94	92	2	RaceManagerPause__FUcUc
0x80068ef0	96	2	RaceManagerResume__FUcUc
0x80068f50	12	2	RaceManagerIsPaused__Fv
0x80068f5c	264	2	RaceManagerLogicInit__Fv
0x80069448	1104	2	RaceManagerProcess__Fv
0x80069e54	12	2	RaceManagerTimeCritical__Fv
0x80069898	476	2	RaceManagerVictoryLaneProcess__Fv
0x80069d64	36	2	RaceManagerSetProcessedTicksDuringReplay__FUi
0x80069e44	16	2	RaceManagerSetFirstLoop__Fv
0x802e047c	4	0	CurrentCamManSelectedEntity
0x800f8588	24	2	RMOGetRaceFinishPosition__Fi
0x800f8650	12	2	RMOGetRaceId__Fv
0x8013cc68	176	2	ShowdownRewardPlayerForWinning__FUs
0x8009412c	1800	2	CheckForCompletedTasks__19StylePointsManagerC14StyleTaskTypeE7SeriesEUcUiUc
0x800f8f24	96	2	RMORaceStatsInit__Fv
0x801cc78c	8	2	MemCGetDevicesImmediate
0x8008bab0	1160	2	UpdateCars__FUi
0x8007f9e8	260	2	FPUpdateFlyingParts__Ff
0x800f5d88	412	2	RMOProcess__Fv
0x8006d620	568	2	Process__10BlackFlagC
0x80127454	540	2	ShareDraftUpdate__Fv
0x800958dc	484	2	ProcessPerTick__17StylePointsIGMgrC
0x8013f6e0	268	2	ScenarioUpdatePlayerEvents__Fv
0x8006bc9c	552	2	RaceRecord__FUi
0x80141328	1016	2	AllStarRaceProcess__Fv
0x801117b4	184	2	TrackLightsCautionBlink__Fi
0x80097580	228	2	RespectPortraitProcess__Fv
0x8007c9c0	52	2	PitManagerUpdate__Ff
0x8010b4b0	320	2	ParticlesUpdateAll__Fi
0x8010db2c	1060	2	SparksGenerateRandomEffects__Fv
0x8010bba0	544	2	FlameTrailUpdate__Fi
0x80103614	584	2	TrkObjDynStretchUpdate__Fv
0x8011290c	104	2	TrackShadowCarUpdate__Fv
0x801250d8	172	2	AnimCamProcess__Ff
0x801cc784	8	2	MemCGetDeviceChangesImmediate
0x80154a94	12	2	VictoryLaneGetWinningCar__Fv
0x80154f80	144	2	VLAnimProcess__Ff
0x800af48c	8	2	NGRaceIsForce30FPSEnabled__Fv
0x800f6fb0	424	2	RMOCheckTrackFastestLap__Fi
0x800f9518	96	2	RMOCalculateNumCautionLaps__Fv
0x800f8668	12	2	RMOSetTotalNumCautionLaps__FUs
0x800f9578	12	2	RMOCalculateNumCautionFlags__Fv
0x800f865c	12	2	RMOSetNumCautions__FUs
0x800f8fec	108	2	RMODumpPostRaceStats__FPc
0x80143258	1188	2	AllStarOrderDaytona500Cars__Fv
0x80143054	44	2	AllStarIsGatorade__Fv
0x8014b3e8	80	2	SeasonStatMgrCalculateAwards__Fv
0x800e05c4	132	2	TrophyMgrWinTrophy__FUs
0x8014a82c	112	2	ChaseMgrProcessRaceExit__Fv
0x8029ac00	1	1	MARKETING_REPLAY
0x8006c12c	36	2	RaceRecordTurnOff__Fv
0x8006b9d4	12	2	RaceRecordSetRecordStartTime__FUi
0x8006b9e0	512	2	InitRecordingSystem__Fv
0x8006bbe0	188	2	ShutdownRecordingSystem__Fv
0x8006bf84	128	2	RaceRecordIsRecordingAllowed__Fv
0x8006c004	296	2	EnqueueReplayEvent__FP14_NascarEvent_t
0x8006c150	120	2	RaceRecordWipeTemporaryBuffer__Fv
0x802e07e0	40	0	RecordData
0x8029ac60	4	1	posTempQ
0x8029ac64	4	1	posTempTicks
0x802e081c	51520	0	chunkHeaders
0x80075f10	64	2	HlrUseSingleReel__Fv
0x8029ac68	4	1	posHighlight
0x8029ac6c	4	1	posHLRTicks
0x802faa48	4	0	HlrLastReelLogged
0x802f98f4	4400	0	DamageReels
0x802f98e4	4	0	tempChunkTicks
0x802f98e8	1	0	uCurTempChunkHeader
0x802ed15c	51080	0	tempChunkHeaders
0x8010e0fc	92	2	SparksSystemActive__Fiii
0x802f98ee	2	0	NUM_FINAL_POS_PACKETS
0x802e0808	20	0	eventHighlights
0x800774f4	132	2	RQGetReplayEvent__Fv
0x80158fb4	88	2	Instance__20CReplayEventObserver
0x802f98ec	2	0	NUM_TEMP_POS_PACKETSMARKETING
0x802f98ea	2	0	NUM_TEMP_POS_PACKETS
0x80070cd4	208	2	GetCameraTarget__FP14_NascarEvent_t
0x80077414	224	2	RQEnqueueEventToReplayQueue__FP14_NascarEvent_t
0x8029ac19	1	1	RS_bWeWereInTheGatorade125GoingIntoHappyHourPleaseMakeSureToResetTheRaceLogicOtherwiseBadThingsWillHappen
0x8006c898	12	2	RSGetQueuedRaceType__Fv
0x8006c8a4	88	2	RSRestart__Fv
0x8006ccf8	12	2	RSGetGreenFlagTime__Fv
0x8006cd04	12	2	RSGetRaceStartTime__Fv
0x8006fdb8	28	2	RaceWeekendGetSession__Fv
0x80070008	48	2	RaceWeekendReset__Fv
0x800702c8	136	2	RaceWeekendInitSessionList__Fv
0x8006fc54	356	2	RaceWeekendSetSessionImmediate__F19RaceWeekendSessionE
0x8006cd10	44	2	BlackFlagExitMenuPrepare__Fv
0x8006cd3c	164	2	PitEmergencyShutdown__FUc
0x8006cde0	88	2	AITakeControl__10BlackFlagC
0x8006ce38	388	2	ProcessCoolDown__10BlackFlagC
0x8006d484	84	2	EndCoolDown__10BlackFlagC
0x8006cfbc	444	2	SetOffenseText__C10BlackFlagCP5Car_t17BlackFlagOffenseEUc
0x8006d178	12	2	GSGetDependencyList__C10BlackFlagC
0x8006d184	8	2	GSGetAntiDependencyList__C10BlackFlagC
0x8006d18c	12	2	GSGetModuleName__C10BlackFlagC
0x8006d198	204	2	GSStart__10BlackFlagC
0x8006d264	152	2	GSStop__10BlackFlagC
0x8006d2fc	100	2	__10BlackFlagC
0x802bb780	96	1	_vt.10BlackFlagC
0x8006d360	48	2	_._10BlackFlagC
0x8006d390	132	2	Reset__10BlackFlagC
0x8006d414	112	2	BeginCoolDown__10BlackFlagC
0x8006d908	4	2	SendStats__10BlackFlagC
0x8006d4d8	60	2	ProcessDisconnects__10BlackFlagC
0x8006d514	268	2	ProcessDisqualifications__10BlackFlagC
0x80138e28	76	2	RumbleSuspendSurfaceRumble__FUc
0x80122b44	12	2	PitActionEnable__FUc
0x801385fc	60	2	RumbleStopAll__Fv
0x801cbee8	40	2	__builtin_new
0x800fbefc	112	2	__13BlackFlagMonC
0x800c3708	40	2	MsgBlackFlagResetInfo__Fv
0x800fbf6c	128	2	_._13BlackFlagMonC
0x800fbfec	236	2	Reset__13BlackFlagMonC
0x800c3730	20	2	MsgBlackFlagSetInfo__Fi17BlackFlagOffenseE
0x800be974	56	2	FlashForceUnloadPause__Fv
0x800fc0d8	1276	2	Process__13BlackFlagMonC
0x800fc6c8	168	2	RaceEventCauseToOffense__13BlackFlagMonCi
0x8030bbf0	16	0	FMGameManager
0x8006d9b8	4	2	_RSIM_DumpLogInit__Fv
0x8006d9bc	4	2	_RSIM_DumpLogExit__Fv
0x8006d9c0	844	2	_RSIM_Init__Fv
0x8006dd0c	8	2	_RSIM_DidCarWreck__FP5Car_tUs
0x8006dd14	120	2	_RSIM_SetCarFinalStats__FSc
0x8006de00	48	2	_RSIM_QueuePopAppt__Fv
0x8006f4d8	64	2	RSIM_SimulateAppt__Fv
0x8006f518	32	2	RSIM_Init__Fv
0x8006f538	32	2	RSIM_Shutdown__Fv
0x8006f558	44	2	RSIM_NumApptsOnQueue__Fv
0x8006f584	228	2	RSIM_PreprocessAppt__FPC18SeasonAppointmentTUc
0x8006f668	332	2	RSIM_SimulatePastEvents__F7SeriesE
0x8006f7c0	52	2	RSIM_FinishSimulatingPastEvents__Fv
0x8006f7f4	180	2	RSIM_SetSimulationActivity__FUc
0x8006f8b4	36	2	RSIM_GetCurrentAppointment__FP18SeasonAppointmentT
0x8006f8d8	44	2	RSIM_GetNextAppointment__FP18SeasonAppointmentT
0x8006f904	48	2	RSIM_ClearQueuedAppointments__Fv
0x801bf0e4	176	2	DSNewStack
0x801bf194	56	2	DSDelStack
0x801bf254	168	2	DSPopStack
0x801bf1cc	136	2	DSPushStack
0x8014d684	72	2	GetAppointmentAttendance__C15SeasonScheduleCPC18SeasonAppointmentT
0x800f8f84	104	2	RMODumpPreRaceStats__Fv
0x8013b260	36	2	CareerGarageMgrGetEngineStats__F7SeriesE
0x8013b284	36	2	CareerGarageMgrGetAerodynamicsStats__F7SeriesE
0x8013b2a8	36	2	CareerGarageMgrGetSuspensionStats__F7SeriesE
0x800f95a0	84	2	RMOLapsLeadInit__Fv
0x800f95f4	72	2	RMOLapsLeadSetLeader__FUc
0x800f9584	4	2	RMORaceStatsExit__Fv
0x8031e194	1	0	_16ContractManagerC.s_Instance
0x8014e518	12	2	SpeedZoneMgrGetCachedId__Fv
0x8012ed44	180	2	ReportTestingResults__16ContractManagerCi14TestingResultE
0x800f924c	476	2	RMOClampLapNums__Ff
0x801bf0a0	68	2	DSGetStackStat
0x8014c904	68	2	__11SeasonDateC
0x8014dea0	220	2	GetNextAppointmentToAttend__15SeasonScheduleCP18SeasonAppointmentT
0x8014d5b8	204	2	IterateAppointments__C15SeasonScheduleCPC11SeasonDateCT1PFPC18SeasonAppointmentT_v
0x800af47c	12	2	NGSimulation_SetCancelSimulationFlag__FUc
0x8014ca34	64	2	GetCurDate__11SeasonDateCP11SeasonDateC
0x8014cc50	52	2	SetCurWeek__11SeasonDateCUc
0x8014cc84	52	2	SetCurDay__11SeasonDateC4DayE
0x8014d394	68	2	GetNumActiveAppointments__C15SeasonScheduleCUc4DayE
0x8014df7c	264	2	GetLatestAppointmentInASeries__C15SeasonScheduleC7SeriesEPC11SeasonDateCUcP18SeasonAppointmentT
0x80128e10	36	2	SeasonMgrSetNextAppt__FPC18SeasonAppointmentT
0x8014cbdc	64	2	SetCurDate__11SeasonDateCPC11SeasonDateC
0x80129550	96	2	CareerMgrStartAppt__FPC18SeasonAppointmentT
0x80128e58	224	2	SeasonMgrStartAppt__FPC18SeasonAppointmentT
0x801295b0	188	2	CareerMgrFinishAppt__Fv
0x80128f38	144	2	SeasonMgrFinishAppt__Fv
0x801bf2fc	128	2	DSPeekStack
0x8014c948	20	2	__11SeasonDateCUsUc4DayE
0x8006fdd4	160	2	RaceWeekendGetSessionTimer__Fv
0x8006fe74	376	2	RaceWeekendProcess__Fv
0x8006ffec	28	2	RaceWeekendGetSessionName__Fv
0x80070038	12	2	RaceWeekendSetCanProcess__FUc
0x800703bc	312	2	RaceWeekendUiStateStartSession__F19RaceWeekendSessionE
0x80070350	108	2	RaceWeekendUiStateEnter__Fv
0x800704f4	468	2	RaceWeekendExitQualify__Fv
0x80143080	12	2	AllStarSetGatoradeComplete__FUc
0x800f6270	48	2	RMOShutdown__Fv
0x800f5cdc	80	2	RMOInit__Fv
0x801349e4	116	2	TrackMapShutdown__Fv
0x80097444	60	2	RespectIndShutdown__Fv
0x8030bc90	16	0	FMLogicalCar
0x800b57cc	64	2	GSReset__21FlowModuleLogicalCarC
0x800fd9b0	332	2	CarObjReset__Fv
0x80134894	336	2	TrackMapInit__Fv
0x80097408	60	2	RespectIndInit__Fv
0x80070794	80	2	StatMgrInit__Fv
0x800707e4	16	2	StatMgrShutdown__Fv
0x800707f4	252	2	HlrManagerInit__F11HlrManagerE
0x800708f0	180	2	HlrManagerExecute__F11HlrManagerE
0x800709a4	32	2	HlrManagerExit__Fv
0x800731d0	396	2	RaceReplayInit__Fv
0x8007352c	680	2	MarketingReplayInit__Fv
0x8007335c	464	2	WreckReplayInit__Fv
0x80073d64	2096	2	HlrReplayUpdate__Fv
0x800737d4	1424	2	HlrMarketingReplayUpdate__Fv
0x800745d4	1456	2	WreckReplayUpdate__Fv
0x8029ac9d	1	1	HlrReplay_bNoTimePassed
0x8013695c	368	2	CameraFlashUpdate__Fv
0x8007b490	32	2	RacePreGreenExit__Fv
0x800709c4	188	2	SingleReelReplaySetup__Fv
0x80070a80	132	2	SingleReelReplayCleanup__Fv
0x802f98f0	2	0	NUM_FINAL_POS_PACKETSMARKETING
0x80070b04	264	2	RaceReplaySetup__Fv
0x80070c0c	200	2	RaceReplayCleanup__Fv
0x8029ac9c	1	1	HlrReplaySpeed
0x802faa4c	960	0	HlrChunks
0x802fae0c	4	0	HlrChunkIndex
0x80071830	236	2	HlrCleanWorld__Fv
0x802fae38	4	0	_Hlr_pReplayCar
0x80075f5c	12	2	HlrDemoCamProcessingAllowed__Fv
0x80075f50	12	2	HlrSetDemoCamProcessing__FUc
0x80076478	340	2	Marketing_SetFloatingCameraMode__F16FloatingCamModeE
0x80074bfc	68	2	HlrForwardReel__Fv
0x80074594	64	2	WreckReplayShutdown__Fv
0x80074b94	104	2	HlrReplayQuit__FUc
0x80074b84	16	2	WreckReplayQuit__Fv
0x800758bc	96	2	HlrPauseReplay__FUcUc
0x80074c40	1448	2	HlrFastForward__Fv
0x800751e8	1340	2	HlrRewind__Fv
0x8007591c	12	2	HlrIsReplayPaused__Fv
0x80075928	12	2	HlrIsTVSet__Fv
0x80075934	76	2	HlrIsCamUpdateNeeded__Fv
0x80075f68	52	2	HlrPauseReplayToggle__Fv
0x80075f9c	56	2	HlrToggleReplaySpeed__Fv
0x80075fd4	44	2	HlrAdvanceReel__Fv
0x80076000	444	2	_HighlightReplaySetCameraView__F15CameraViewTypeE
0x800761bc	440	2	HlrSwitchCamera__FPc
0x800765cc	172	2	Marketing_MatrixCam__Fv
0x80076b80	324	2	InputHandlerChaseToMatrix__FP9CamMain_t
0x80076678	372	2	Marketing_SwitchCar__FSc
0x800767ec	116	2	Marketing_LockToCars__Fv
0x80076860	56	2	Marketing_RestartAction__Fv
0x80076898	4	2	Marketing_Snapshot__Fv
0x8007689c	68	2	Marketing_ToggleSelectedCarVisibility__Fv
0x800768e0	32	2	Marketing_ClearEffects__Fv
0x80076900	32	2	Marketing_FastForwardAction__Fv
0x80076920	32	2	Marketing_RewindAction__Fv
0x80076940	288	2	Marketing_SwitchToPrevTrackCam__Fv
0x80076a60	288	2	Marketing_SwitchToNextTrackCam__Fv
0x80076cc4	308	2	InputHandlerMatrixToChase__FP9CamMain_t
0x80076df8	332	2	Marketing_SwapCar__Fv
0x80076f44	232	2	Marketing_GetSwapCarSourceInfo__Fi
0x8007702c	420	2	Marketing_GetCamPos__Fi
0x800771d0	48	2	Marketing_CamFineTune__FUc
0x80077200	4	2	Marketing_SetCamPos__Fv
0x800def44	216	2	UISUtils_ConvertTime__FfPUsN31PUc
0x800d5678	12	2	MsgReplayScreenActive__Fv
0x8013690c	80	2	CameraFlashReset__Fv
0x8010e158	268	2	SparksSystemShutdown__FP23RaceEventCarParticles_T
0x800860e8	184	2	CarPhysUpdateSuspensionAndTiresForReplay__FiUx
0x800a0d7c	12	2	CamDemoSetTVCamSet__F10CameraSetE
0x8007d754	40	2	PitManagerGetStallPosition__FPC5Car_t
0x80081a90	96	2	PhysSetPositionVector__FP9PhysObj_tPC6Vec3_t
0x80203950	168	2	Vec3RotateZYX
0x800dcf78	148	2	MsgMarketing_SetHighlightInfo__FPCcN20ss
0x8008e03c	156	2	ColCarProcessGroundCollisionsForReplay__FP5Car_t
0x80112974	64	2	TrackShadowUpdateOneCar__FP5Car_t
0x80134b60	12	2	TrackMap3PlayerDisplayMap__FUc
0x800f950c	12	2	RMOCalculateNumLeadChanges__Fv
0x80154534	12	2	VictoryLaneCanPlay__Fv
0x801de26c	148	2	ResTrackLabel
0x8009b7f4	76	2	CamMainSetOffset__FP9CamMain_tPv
0x8009b898	140	2	CamMainSetAngle__FP9CamMain_tPv16CamMainFlagEnumT
0x8009ba64	244	2	CamMainWarpToDest__FP9CamMain_t
0x800af570	1040	2	RaceLoopRender__Fv
0x800af980	4	2	RaceLoopRenderEnd__Fv
0x802a13a8	4	1	_10CameraManC.s_pInstance
0x800a4750	48	2	GetTrackCamIterator__10CameraManC
0x800a4f3c	112	2	FindNextNeighbor__C17TrackCamIteratorCPC12TrackCameraTb
0x800a4ea4	40	2	GetFirst__C17TrackCamIteratorC
0x800a1dc0	8	2	CamDemoDirectorLockCamera__FP8CamHdr_tUc
0x800a4ecc	112	2	FindPrevNeighbor__C17TrackCamIteratorCPC12TrackCameraTb
0x80099704	76	2	CamFloatSetFreeLookText__Fv
0x80077e10	1144	2	InputMgrRefreshModeSingle__FUc
0x80078554	356	2	InputMgrControllerStateChanged__FSc
0x80077bec	44	2	InputMgrIsDevConnected__FUc
0x80077c18	28	2	InputMgrIsDevLocked__FUc
0x80077a78	52	2	InputMgrDeviceScan__Fv
0x80077c94	12	2	InputMgrAreDevicesLocked__Fv
0x80077aac	172	2	InputMgrInit__Fv
0x80077b58	4	2	InputMgrShutdown__Fv
0x80077ba4	72	2	InputMgrSetLocked__FUcUc
0x80077ca0	112	2	InputMgrAssignController__FUci
0x80077d10	56	2	InputMgrUnAssignController__FUc
0x80077d48	76	2	InputMgrUnAssignAll__Fv
0x80077d94	16	2	InputMgrLockDevices__Fv
0x80077da4	24	2	InputMgrUnLockDevices__Fv
0x80078288	80	2	InputMgrRefreshModes__Fv
0x800783b8	76	2	InputMgrLockedMultitapRemoved__FUcPUc
0x80078404	96	2	InputMgrSetPlayersToController__FiPi
0x80078464	12	2	InputMgrProcessInputs__FUc
0x80078470	228	2	InputMgrInputScan__Fv
0x800786b8	12	2	InputMgrGetDisconnectedController__Fv
0x800786c4	12	2	InputMgrGetDisconnectMessage__Fv
0x801d68ac	80	2	PerCheckConnectAll
0x800a5238	140	2	EventSetRemapCfg__FUi
0x801bd038	472	2	ConSetChannelInfo
0x801d68a4	8	2	PerIsMultitapConnected
0x800793d4	224	2	InputCenterWheel__FSc
0x800794b4	220	2	InputCenterPower__FSc
0x801bcddc	160	2	ConUpdateChannel
0x801bce7c	444	2	ConProcessChannel
0x80138720	212	2	RumbleProcessSingle__FUi
0x801bd210	292	2	ConGetChannelInfo
0x800a51f0	72	2	EventUpdateControllerConfig__FUi13EventCtrlCfgT
0x8013880c	24	2	RumbleEnableByChannel__FUiUc
0x8029f27c	280	1	EventLGWheelContextDemo
0x80078cbc	80	2	InputHandlerDemo__FUiUif
0x8029e50c	180	1	EventJoyContextDemo
0x8029f394	80	1	EventLGWheelContextIntro
0x801417d8	160	2	AllStarWinstonPaceInputHandler__FUiUif
0x8029e5c0	60	1	EventJoyContextIntro
0x80154a28	108	2	VictoryLaneInputHandler__FUiUif
0x80078dfc	4	2	InputHandlerDoNothing__FUiUif
0x8029e14c	520	1	EventJoyContextGui
0x800be644	524	2	FlashAddUserInput__FUiUif
0x802fb4a0	20	0	EventLGWheelContextRace
0x802fb48c	20	0	EventJoyContextRace
0x8007873c	1408	2	InputHandlerRace__FUiUif
0x8029f114	360	1	EventLGWheelContextWreckReplay
0x80078d94	104	2	InputHandlerWreckReplay__FUiUif
0x8029e354	440	1	EventJoyContextWreckReplay
0x80078d0c	136	2	InputHandlerPostRace__FUiUif
0x8029efac	360	1	EventLGWheelContextGui
0x80079aac	1012	2	ControllerCheck_Missing__FPi
0x80079ea0	168	2	ControllerCheck_GetText__FiPci
0x800786d0	108	2	LLINPUTMGR_UpdateForceFeedback__Fi
0x8013793c	80	2	lgFFIsInit__Fv
0x80137c70	924	2	lgFFUpdatePhysicsEffects__FP5Car_t
0x80098398	12	2	CelebrationGetPlayerID__Fv
0x80079264	368	2	PSteer__FScf
0x8007982c	528	2	PPower__FScf
0x80098244	12	2	CelebrationSet__FUc
0x800be9e8	12	2	FlashSetExclusiveChannel__FUi
0x80078f14	216	2	PShiftUpNeutral__FSc
0x80078fec	160	2	PShiftDownNeutral__FSc
0x8007908c	252	2	PShiftUp__FSc
0x80079188	220	2	PShiftDown__FSc
0x8007979c	72	2	PAnalogButtonBrake__FScf
0x800797e4	72	2	PAnalogButtonAccelerate__FScf
0x80079654	88	2	PAnalogBrake__FScf
0x800796ac	168	2	PAnalogAccelerate__FScf
0x80079754	72	2	PAnalogButtonReverse__FScf
0x80079590	196	2	PAnalogReverse__FScf
0x80078e00	136	2	PTurnRight__FSc
0x80078e88	140	2	PTurnLeft__FSc
0x80123e00	92	2	PitCameraPitInProgress__FSc
0x8007c8bc	40	2	PitManagerGetPlayerState__FSc
0x8009aa38	172	2	CamGameSetNextUserCamera__F11CameraTypeEiUc
0x800e8b5c	136	2	GaugesMgr_ToggleMirror__Fi
0x800e82d4	24	2	GaugesMgr_PlayerIsPitting__Fi
0x800e8920	572	2	GaugesMgr_ToggleDisplay__Fi
0x800e8780	416	2	GaugesMgr_ToggleMap__Fii
0x80127718	476	2	ShareDraftBtnPressed__FSc15ShareDraftModeE
0x80098250	328	2	CelebrationIsAllowed__Fv
0x80098860	12	2	CelebrationEnabled__Fv
0x8029acf0	4	1	secret_steer_sink
0x8029acf4	4	1	gLGWheelSteeringCurveExponent
0x8029acf8	4	1	gTweak_DigitalThrottleSpring
0x8029acfc	4	1	gTweak_DigitalBrakeSpring
0x8029ad00	4	1	gSteeringStep
0x8029ad04	4	1	gSteeringStepDigital
0x8029ad08	4	1	upShiftInProgress
0x8029ad0c	4	1	downShiftInProgress
0x8029ad10	4	1	gJoySteeringCurveExponent
0x802faf24	16	0	savedGear
0x8022ea44	1780	2	powf
0x8029ad18	1	1	inputdebug
0x802a2244	1	1	_bAutographControllersLocked
0x8007df4c	4	2	LLUtilFormatMultitapString__FUiPc
0x8007df0c	64	2	LLUtilFormatControllerString__FUiPc
0x801bb078	144	2	snprintf
0x8029ad28	616	1	_PreRace_AnimCamGroups
0x802faf34	212	0	_PreRace_Data
0x80079f4c	56	2	_PreRaceAnimOpcodeSkip__FPvUsUi
0x80079f84	172	2	_PreRaceAnimOpcodeProcess__FPvUsUi
0x8007a1ec	104	2	RacePreRaceSelectTrackAnimSeq__Fv
0x8007a0fc	144	2	RacePreRaceInit__Fv
0x8007a18c	96	2	RacePreRaceShutdown__Fv
0x801112c4	48	2	ShimmerSetEnable__FUc
0x80125190	64	2	AnimCamSetSpecificCamera__FUiUiUc
0x801109a4	68	2	LLMotBlurSetParm__FP15LLMotBlurParm_t
0x8009af88	88	2	CamMainBlurParamSave__FP15LLMotBlurParm_t
0x800e0b30	76	2	TransitionEnd__Fv
0x801b7e74	52	2	AnimStGetCurrentState
0x801b4974	12	2	AnimSetUserOpcodeCallbacks
0x801c83ac	240	2	MatRotX
0x80125184	12	2	AnimCamEnable__FUc
0x80124cb4	108	2	AnimCamLoadSequence__FUsfP17AnimCamGroupDef_t
0x80124d20	140	2	AnimCamStopSequence__Fv
0x80122d84	3116	2	_AnimIntfOpcodeProcess__FPvUsUi
0x80122c68	284	2	_AnimIntfOpcodeSkip__FPvUsUi
0x8007a254	352	2	RaceIntroInit__Fv
0x8007a3b4	16	2	RaceIntroShutdown__Fv
0x8007a824	1184	2	RaceIntroProcess__Fv
0x802a1528	12	1	File_CharDataStr
0x800a1ba4	16	2	CamDemoDirectorInvalidatePreviousCamera__FP8CamHdr_t
0x800a27c0	16	2	CamDriveSetVelocityFactor__FP8CamHdr_tfff
0x800a27d0	16	2	CamDriveSetAccelerationFactor__FP8CamHdr_tfff
0x800a26e4	200	2	CamDriveInitParams__FP8CamHdr_tP6Vec4_tT1P9Orient3_tf10PtkAILineTUi
0x800e9ae0	468	2	GaugesMgr_UpdateGrid__FUcUcPC5Car_t
0x800a27ac	20	2	CamDriveSetFeetPerSec__FP8CamHdr_tf
0x8007ae10	292	2	RacePreGreenInit__Fv
0x8007af5c	32	2	RacePreGreenResetCountdown__Fv
0x8007af7c	1300	2	RacePreGreenProcess__Fv
0x8013f684	32	2	ScenarioAssosicateCars__Fv
0x8013f3d4	352	2	ScenarioSetInitialPositions__Fv
0x8013f534	336	2	ScenarioAdvanceToStartLap__Fv
0x8013d99c	16	2	ScenarioSetActive__FUc
0x801458e4	108	2	AssociateCars__15ScenarioCarMgrC
0x80145738	128	2	SetInitialPositions__15ScenarioCarMgrC
0x80145950	328	2	AdvanceToStartLap__15ScenarioCarMgrC
0x80143f50	64	2	ActivateAIModifiers__C9ScenarioC
0x8014f52c	60	2	ApplyShareDraftTweaks__11SZScenarioC
0x802a7bc4	4	1	ScnRuleMgr_pObj
0x8014618c	112	2	Reset__16ScenarioRuleMgrC
0x80111930	40	2	TrackLightsStoplightsTurnRed__Fv
0x80111908	40	2	TrackLightsStoplightsTurnGreen__Fv
0x8029aff8	4	1	fPitTimeOutTest
0x8007b538	120	2	_PMUpdatePitTime__FSc
0x8007cc48	224	2	PitManagerTimeForRepair__FP5Car_t
0x8007c674	584	2	PitManagerInit__Fv
0x8007c9a8	24	2	PitManagerGetPitTime__FSc
0x8007c9f4	60	2	PitManagerExit__Fv
0x8007cbf0	88	2	PitManagerEstTimeForStop__FP5Car_tP19PitManagerOptions_t
0x8007cd28	256	2	PitManagerCalculateMaxHalfCans__FP5Car_t
0x8007d014	576	2	PMUserFinishPitStop__FP5Car_t
0x8007d554	216	2	PitManagerSetCarStart__FSc
0x8007d62c	56	2	PitManagerPlayerInPenaltyBox__FSc
0x8007d664	60	2	PitManagerForceCameraSeqEnd__FSc
0x8007d984	36	2	PitManagerGetFumbleStatus__F19PitMgrFumbSeqGroupESc
0x8007dac8	160	2	PitManagerLoadPitOptions__Fi
0x8007dbf8	16	2	PitManagerShouldPitNowBeReloaded__Fi
0x8007dc08	16	2	PitManagerShouldPitOptionsBeReloaded__Fi
0x8007dd40	16	2	PitManagerIsPitInProgress__Fi
0x8007dd50	132	2	PitManagerIsPitCrewMrClean__Fv
0x8008c5b0	16	2	CarPhysConvertWedgeSettingToTurns__Ff
0x80141280	168	2	AllStarPitStopComplete__FiUc
0x8022f440	196	2	ceilf
0x8022b7b8	64	2	__lshrdi3
0x80122c48	4	2	PitActionEndPitOfficial__FUs
0x80123e5c	24	2	PitCameraGetPrePitCameraType__FSc
0x80122744	344	2	PitActionProcess__Ff
0x80122c44	4	2	PitActionFinishPitOfficial__FUs
0x800bed54	32	2	FlashResetAllTimedInputs__Fv
0x800933b0	88	2	UnlockIsCardLocked__FG12ThunderCardT
0x8029d6b8	344	1	EventJoyRemapTable
0x8029d810	344	1	EventLGWheelRemapTable
0x8029d968	500	1	EventContext
0x8029db5c	1520	1	EventJoyContextRaceConfigs
0x8029e5fc	960	1	EventJoyContextDebug
0x8029e9bc	1520	1	EventLGWheelContextRaceConfigs
0x8029f3e4	20	1	EventLGWheelContextDebug
0x8029f3f8	1520	1	EventTMWheelContextRaceConfigs
0x8029f9e8	20	1	EventTMWheelContextGui
0x8029f9fc	20	1	EventTMWheelContextWreckReplay
0x8029fa10	20	1	EventTMWheelContextIntro
0x8029fa24	20	1	EventTMWheelContextDebug
0x8029fa38	20	1	EventTMWheelContextDemo
0x8029fa4c	64	1	aEventControllerButtons
0x802fb334	344	0	EventTMWheelRemapTable
0x802fb4b4	20	0	EventTMWheelContextRace
0x8029fab8	1176	1	FP_asFlyingPartTypes
0x8007f048	248	2	_FPDeleteOldParts__Fv
0x8007f2b8	1736	2	_UpdatePhysicsModel_Generic__FP12FlyingPart_tf
0x8007f980	104	2	ApplyGravity__FP9PhysObj_tf
0x8007faec	84	2	FPInitFlyingParts__Fv
0x8007fb40	32	2	FPDestroyFlyingParts__Fv
0x8007fdf0	56	2	FPAddFlyingPart__FP5Car_tUs
0x8007fe28	40	2	FPGetCarFromFlyingPart__FUc
0x8007fe50	916	2	FPDamageCarFromPartImpact__FP12FlyingPart_tP5Car_tP6Vec4_tT2Pf
0x8008028c	208	2	InitPhysicsObject_Generic__FP9PhysObj_tffff
0x800805b4	192	2	ApplyForce_Generic__FP9PhysObj_tPC6Vec4_tT1
0x80080704	192	2	ApplyForceLocal_Generic__FP9PhysObj_tP6Vec4_tT1
0x80080418	308	2	PhysAngularMomentumToAngularVelocity__FP9PhysObj_t
0x801c80d8	48	2	MatMulMatrices
0x8008090c	452	2	PhyMatOrthoNormalize__FP5Mat_t
0x801c8a24	252	2	MatGetRotFromMatrixZYX
0x8029ff50	4	1	phyObjSurfBBoxBot
0x8008035c	188	2	SetCenterOfMassOffset_Generic__FP9PhysObj_tfff
0x80080674	144	2	GetPositionalVelocity_Generic__FPC9PhysObj_tPC6Vec4_tP6Vec4_t
0x800807c4	328	2	ApplyImpulseForce_Generic__FP9PhysObj_tP6Vec4_tN21
0x80080ad0	772	2	CheckForRestingState__FP9PhysObj_t
0x80080e88	1532	2	UpdateOrientPosFromVelocities__FP9PhysObj_tf
0x80081484	332	2	UpdatePhysicsModel_Generic__FP9PhysObj_tf
0x800816a0	168	2	InitBoundingBox_Generic__FP9PhysObj_tfff
0x80264e20	4	1	CarPhys_uScPeriodTicksAiSlide
0x80081b28	332	2	_CarPhysQueryTweakSimFactors__FP26VehiclePhysicsParameters_t9CarModelE
0x80081c74	1016	2	_VehiclePhysicsParameters_AssignStockCar__FP26VehiclePhysicsParameters_t
0x8008206c	1016	2	_VehiclePhysicsParameters_AssignBuschCar__FP26VehiclePhysicsParameters_t
0x80082464	1036	2	_VehiclePhysicsParameters_AssignStockTruck__FP26VehiclePhysicsParameters_t
0x80082870	1012	2	_VehiclePhysicsParameters_AssignModified__FP26VehiclePhysicsParameters_t
0x80082c64	1012	2	_VehiclePhysicsParameters_AssignProdFordGt__FP26VehiclePhysicsParameters_t
0x80083058	1012	2	_VehiclePhysicsParameters_AssignProdDodgeViper__FP26VehiclePhysicsParameters_t
0x8008344c	1028	2	_VehiclePhysicsParameters_AssignProdDodgeNeon__FP26VehiclePhysicsParameters_t
0x80083850	1012	2	_VehiclePhysicsParameters_AssignProdChevyCorvetteC06__FP26VehiclePhysicsParameters_t
0x80083c44	1012	2	_VehiclePhysicsParameters_AssignProdDodgeMagnum__FP26VehiclePhysicsParameters_t
0x80084038	1012	2	_VehiclePhysicsParameters_AssignProdFordMustangGT__FP26VehiclePhysicsParameters_t
0x8008442c	1020	2	_VehiclePhysicsParameters_AssignProdDaytonaPrototype__FP26VehiclePhysicsParameters_t
0x80084828	1012	2	_VehiclePhysicsParameters_AssignProdFordLightning__FP26VehiclePhysicsParameters_t
0x802fee18	10860	0	_VePhyPar
0x800861a0	1072	2	CarPhysComputeSuspensionAndTireDynamics__FP5Car_t
0x800886c4	132	2	_CarPhysModifyDamagePenalty__Ff
0x8008c5c0	16	2	CarPhysConvertWedgeTurnsToSetting__Ff
0x8008a910	376	2	CarPhysInit__Fv
0x8008c7b4	12	2	CarPhysSetAIDecelForce__Ff
0x8008c7c0	80	2	CarPhysSetupWear__Fv
0x8008aa88	4	2	CarPhysShutdown__Fv
0x8008b1b4	1084	2	UpdatePhysics__FiUxUi
0x8008b5f0	1216	2	SetUserControls__FP5Car_tUifff
0x8008c118	20	2	CarPhysGetTirePos__Fi
0x801c79cc	32	2	MathArcCosf
0x801c7830	68	2	MathSinCos
0x801c77d0	96	2	MathCos
0x80138b60	248	2	RumbleDoSurfaceBumpEffect__Fif
0x800919a8	956	2	DraftUpdate__Fv
0x8009ef78	72	2	CamApplyForce__FPvP6Vec3_t
0x80145a98	136	2	UpdateTeleportedCars__15ScenarioCarMgrC
0x80138540	64	2	RumbleStartSmall__FUiUs
0x80090aa8	312	2	ColNewConvexHull__FiiiP6Vec4_tP9ColEdge_tP9ColFace_t
0x80090be0	56	2	ColReleaseConvexHull__FP15ColConvexHull_t
0x8008fd54	312	2	ColDetectCollision__FP15ColConvexHull_tT0P9PhysObj_tT2P6Vec4_t
0x80090674	440	2	ColCalcResponseInfo__FP15ColConvexHull_tT0P9PhysObj_tT2P6Vec4_tN24PiT4T7
0x80090d44	292	2	ColReuseTheTempBBoxHull__Ffff
0x800902f4	896	2	ColDetectPlaneCollision__FP15ColConvexHull_tP9PhysObj_tP6Vec4_tPfT2
0x8008fe8c	1128	2	ColDetectWallCollision__FP15ColConvexHull_tP9PhysObj_tPP17ptrack_wallquad_tiP6Vec4_t
0x8009082c	636	2	ColCalcWallCollisionResponseInfo__FP15ColConvexHull_tP9PhysObj_tPP17ptrack_wallquad_tiP6Vec4_tN24Pf
0x80090c18	188	2	ColInitConvexColliderSys__Fv
0x80090cd4	112	2	ColShutdownConvexColliderSys__Fv
0x80301e90	540	0	_VeDraPar
0x801276d8	64	2	ShareDraftGetActiveCar__FSc
0x8031708c	16384	0	XboxScratchpad
0x80092010	684	2	DBCRefresh__Fv
0x800922bc	32	2	DBCInit__Fv
0x800922dc	56	2	DBCShutdown__Fv
0x800a7704	72	2	DbUtilCompareRefs__FPCvT0
0x801e56b4	252	2	TDbTblColEnum
0x801e5ae0	140	2	_TDbQrySelect
0x801e5be4	104	2	TDbQryRetrieve
0x802a0ba4	36	1	_Unlock_RefreshCallbackTable
0x80093448	288	2	UnlockCard__FG12ThunderCardTUc
0x80092dc0	36	2	UnlockAllCards__Fv
0x80092de4	524	2	UnlockFantasyDriver__FPcT0
0x80093408	64	2	UnlockRelockCard__FG12ThunderCardT
0x80093074	244	2	UnlockRefresh__Fv
0x80093168	72	2	UnlockIsCarSelectable__Fi
0x800931b0	100	2	UnlockIsSkinSelectable__Fii
0x80093214	412	2	UnlockRefreshTrackSelect__Fv
0x80093568	76	2	UnlockCanPurchaseCard__FG12ThunderCardT
0x80093754	80	2	UnlockPlatePointCost__FG12ThunderCardT
0x800935b4	124	2	UnlockPurchaseCard__FG12ThunderCardT
0x801e568c	40	2	TDbTblExists
0x801397d4	56	2	GetBalance__15EconomyManagerC
0x8013980c	104	2	SetBalance__15EconomyManagerCi
0x8012d390	116	2	SeriesGetStatus__F7SeriesE
0x8014b6d8	72	2	SeasonStatMgrGetChampionshipWins__Fi7SeriesE
0x800939ac	92	2	CanPurchase__19StylePointsManagerCi
0x80093a08	128	2	Purchase__19StylePointsManagerCi
0x800937a4	160	2	LogAchievement__19StylePointsManagerCs
0x80093c48	68	2	GetTaskPoints__19StylePointsManagerCs
0x800938a8	132	2	AddPoints__19StylePointsManagerCi
0x80093844	60	2	__19StylePointsManagerC
0x80093880	40	2	_._19StylePointsManagerC
0x8009392c	64	2	TotalPoints__19StylePointsManagerC
0x8009396c	64	2	AvailablePoints__19StylePointsManagerC
0x80093a88	52	2	ResetAchievementsLog__19StylePointsManagerC
0x80093abc	148	2	LogAchievements__19StylePointsManagerC
0x80093b50	128	2	AchievementCompleted__19StylePointsManagerCs
0x80093bd0	52	2	SetAchievementCompleted__19StylePointsManagerCs
0x80093c04	68	2	WasRecentlyAchieved__19StylePointsManagerCs
0x80093d10	428	2	CheckHappyHourTasks__19StylePointsManagerC
0x80093fb4	56	2	SetDraftingTime__19StylePointsManagerCUcf
0x80093fec	96	2	CheckMerchandiseEarnings__19StylePointsManagerCUi
0x8009404c	140	2	CheckForSpeedZoneTasks__19StylePointsManagerC
0x800940e4	72	2	CheckForChampionshipWins__19StylePointsManagerCi7SeriesE
0x80094834	92	2	AwardLightningChallengeComplete__19StylePointsManagerCi
0x80094890	84	2	GetLightningChallengeSkillPoints__19StylePointsManagerCi
0x800948e4	56	2	AwardSpeedZoneComplete__19StylePointsManagerCUc16SpeedZone_MedalE
0x8009491c	384	2	GetSpeedZonePoints__19StylePointsManagerCUc16SpeedZone_MedalE
0x80094a9c	72	2	Create__19StylePointsManagerC
0x80094ae4	68	2	Destroy__19StylePointsManagerC
0x8013afc8	128	2	CareerPlayerRatingsGetNumAllies__Fv
0x8013b048	128	2	CareerPlayerRatingsGetNumGrudges__Fv
0x8013a798	160	2	CareerPlayerLevelGetHvsV__Fv
0x8013a760	56	2	CareerPlayerRatingsGetHvsV__Fv
0x8013a6ac	56	2	CareerPlayerRatingsGetPrestige__Fv
0x8014b720	76	2	SeasonStatMgrGetPlayedChampionshipWins__Fi7SeriesE
0x8013a6e4	56	2	CareerPlayerRatingsGetFanSupport__Fv
0x8013b0c8	64	2	CareerPlayerRatingsGetPrestigeLevel__Fv
0x80094b28	40	2	_._17StylePointsIGMgrC
0x80094b50	72	2	__17StylePointsIGMgrC
0x80094b98	84	2	_GetOutInFrontSkillPoints__17StylePointsIGMgrC
0x80094bec	384	2	_GetStylePointsTaskPoints__17StylePointsIGMgrC18StylePointsIGTaskE
0x80094d6c	976	2	_GetStylePointsTaskName__17StylePointsIGMgrC18StylePointsIGTaskEPc
0x8009513c	388	2	_UpdateStylePointsHUD__17StylePointsIGMgrC18StylePointsIGTaskE19StylePointsHUDModeE
0x80095d3c	8	2	GetStylePointsTotal__17StylePointsIGMgrC
0x80095d44	8	2	GetStylePointsAccum__17StylePointsIGMgrC
0x800952c0	76	2	_ClearStylePointsHUD__17StylePointsIGMgrC
0x8009530c	128	2	_AllowPointsProcessing__17StylePointsIGMgrC
0x8009538c	132	2	_ModeAllowed__17StylePointsIGMgrC
0x80095410	108	2	_CanAccumPoints__17StylePointsIGMgrC
0x8009547c	124	2	ProcessPenalty__17StylePointsIGMgrC18StylePointsIGTaskE
0x800954f8	140	2	ProcessAccumTask__17StylePointsIGMgrC18StylePointsIGTaskE
0x80095ba8	264	2	ProcessDraft__17StylePointsIGMgrCUc
0x80095cb0	72	2	Create__17StylePointsIGMgrC
0x80095cf8	68	2	Destroy__17StylePointsIGMgrC
0x80095d4c	132	2	GetVisibility__17StylePointsIGMgrC
0x80095dd0	108	2	Reset__17StylePointsIGMgrC
0x80096004	440	2	LLRespectIndInit__Fv
0x800961bc	92	2	LLRespectIndShutdown__Fv
0x80096218	44	2	LLRespectIndRenderBegin__Fv
0x80096244	412	2	LLRespectIndRenderBatchBegin__F16RespectIndBatchE
0x800963e0	4	2	LLRespectIndRenderBatchEnd__Fv
0x800963e4	164	2	LLRespectIndRenderPassIndBack__FRC6Vec2_tRC6Vec4_tT0
0x80096488	220	2	LLRespectIndRenderPassInd__FRC6Vec2_tfT0i
0x80096564	164	2	LLRespectIndRenderRespectInd__FRC6Vec2_tRC6Vec4_tT0
0x80096608	84	2	LLRespectIndRenderEnd__Fv
0x8021a818	60	2	GXSetNumTexGens
0x8021a598	640	2	GXSetTexCoordGen2
0x8021b174	208	2	GXBegin
0x801ac3dc	116	2	BorrowFont__5AdaptPCcUsPPv
0x800beb50	52	2	FlashGetLibraryItem__FUsUs
0x801c672c	12	2	GlibGetScreenWidth
0x801c6738	12	2	GlibGetScreenHeight
0x8021e5e4	52	2	GXSetZMode
0x80219ccc	56	2	GXClearVtxDesc
0x80219444	620	2	GXSetVtxDesc
0x80219d04	604	2	GXSetVtxAttrFmt
0x8021a4fc	140	2	GXSetArray
0x801c7f1c	84	2	MatMakeUnitMatrix
0x8021ea20	80	2	GXLoadPosMtxImm
0x8021e9d8	72	2	GXGetProjectionv
0x802174dc	152	2	C_MTXOrtho
0x8021e8a8	164	2	GXSetProjection
0x800a65dc	12	2	VptManagerGetAspectRatioInv__Fv
0x801c5050	144	2	FontSetRenderColor
0x801c5a44	384	2	FontLLRenderBegin
0x801c5888	444	2	FontLLRenderText
0x8021e94c	140	2	GXSetProjectionv
0x80096750	196	2	_RespectIndCalcScale__FPC5Car_tT0
0x802a0c14	1	1	bDoFont
0x80097480	228	2	RespectIndRenderFront__Fv
0x800a5bb0	180	2	VptManagerGetDefaultVptForPlayerId__FSc
0x8020451c	8	2	VptGetMatrixStack
0x801c7fbc	36	2	MatSetStack
0x800a5ea8	900	2	VptManagerSaveMatrices__FP17VptManagerStack_t
0x800a622c	900	2	VptManagerRestoreMatrices__FP17VptManagerStack_t
0x801c8b84	48	2	MatLoadSlot
0x80203e30	212	2	Vec4Mat44Mul
0x8020377c	28	2	Vec2Scale
0x800e7b8c	12	2	GaugesMgr_IsEnabled__Fv
0x800a5e44	80	2	VptManagerGetRearMirrorIdx__Fv
0x800e93a0	56	2	GaugesMgr_PassIndActive__Fi
0x80097564	24	2	RespectPortraitInit__Fv
0x8009757c	4	2	RespectPortraitShutdown__Fv
0x800e9a44	52	2	GaugesMgr_RADriverPortrait__FPC5Car_tSc
0x800977e4	12	2	GSGetDependencyList__C21FlowModuleRespectIndC
0x800977f0	8	2	GSGetAntiDependencyList__C21FlowModuleRespectIndC
0x800977f8	12	2	GSGetModuleName__C21FlowModuleRespectIndC
0x80097804	40	2	GSStart__21FlowModuleRespectIndC
0x8009782c	40	2	GSStop__21FlowModuleRespectIndC
0x802bb7e0	96	1	_vt.21FlowModuleRespectIndC
0x8025734c	32	2	_._21FlowModuleRespectIndC
0x803021dc	16	0	FMRespectInd
0x8030be78	16	0	FMRaceMonitor
0x8030bfcc	16	0	FMSmallNum
0x80097ad0	48	2	LLTransitionInit__Fv
0x80097b00	48	2	LLTransFadeInit__Fv
0x80097b30	56	2	LLTransWipeLRInit__Fv
0x80097b68	56	2	LLTransWipeRLInit__Fv
0x80097ba0	56	2	LLTransWipeTBInit__Fv
0x80097bd8	56	2	LLTransWipeBTInit__Fv
0x80097c10	48	2	LLTransShrinkCenterInit__Fv
0x80097c40	48	2	LLTransShrinkBLInit__Fv
0x80097c70	52	2	LLTransShrinkBRInit__Fv
0x80097ca4	48	2	LLTransShrinkTRInit__Fv
0x80097cd4	52	2	LLTransShrinkTLInit__Fv
0x80097d08	116	2	LLTransExpandCenterInit__Fv
0x80097d7c	116	2	LLTransExpandBLInit__Fv
0x80097df0	124	2	LLTransExpandBRInit__Fv
0x80097e6c	116	2	LLTransExpandTRInit__Fv
0x80097ee0	124	2	LLTransExpandTLInit__Fv
0x80097f5c	664	2	LLTransDraw__Fv
0x801166f4	144	2	RenderstReset__Fv
0x8021edb4	40	2	GXSetClipMode
0x8011cce0	244	2	LLFrameBufferBind__Fv
0x80203c84	44	2	Vec2Lerp
0x8021a8e8	92	2	GXFlush
0x800983dc	708	2	CelebrationInit__Fv
0x800986a0	388	2	CelebrationProcess__Fv
0x80098824	48	2	CelebrationShutdown__Fv
0x8009886c	56	2	FavoriteDriverSet__Fi7SeriesE
0x800988a4	56	2	FavoriteDriverClear__Fv
0x800988dc	108	2	FavoriteDriverGet__FPiP7SeriesE
0x80098948	352	2	_UpdateOneSweepList__FP16USweepListItem_tUiUi
0x80098aa8	76	2	_UpdateSweepListsAndPairTables__Fv
0x80098af4	428	2	_GenerateOutputPairs__Fv
0x80098ca0	440	2	_InitPairTables__Fv
0x80098e58	76	2	_BlankFlyingPartOOBBs__Fv
0x80098ea4	448	2	_SetupAABBs__Fv
0x80099064	472	2	_InitOneSweepList__FP16USweepListItem_tP22SingleAxisMinMaxInfo_tPfT2
0x8009923c	156	2	_InitSweepLists__Fv
0x800992d8	56	2	ColInitColSweepAndPrune__Fv
0x80099310	16	2	ColShutdownColSweepAndPrune__Fv
0x800f80d8	24	2	RMOGetCarCollidable__Fi
0x802a0c50	1	1	_ColDbg_bRenderCollisonHull
0x80267f98	4	1	BB_iBBArraySize
0x80307e1c	94	0	BB_abAABBCollidedEntites
0x80307e7c	94	0	BB_abOOBBCollidedEntites
0x802a0c5c	24	1	_NascarMainInit_SndEventHeap
0x802a0c74	24	1	_NascarMainInit_DBHeap
0x802a0c8c	24	1	_NascarMainInit_VmemHeap
0x802a0ca4	24	1	_NascarMainInit_MainHeap
0x802a0cbc	24	1	_NascarMainInit_AuxRamHeap
0x802050d8	984	2	OSInit
0x8020bcfc	204	2	DVDInit
0x80211440	1200	2	VIInit
0x8020f930	156	2	VMInit
0x8020fc10	8	2	VMSetPageReplacementPolicy
0x80205fc0	8	2	OSGetArenaHi
0x80205fc8	8	2	OSGetArenaLo
0x801ba098	48	2	AuxRamInit
0x801ca3f4	840	2	MemInitHeap
0x8020ff2c	256	2	VMAlloc
0x801cbd7c	196	2	MemInitExternHeap
0x801c3440	44	2	FileAsyncSetErrorColor
0x801c346c	8	2	FileAsyncSetErrorGameName
0x801cb460	296	2	MemCopy
0x802085bc	696	2	OSResetSystem
0x802a0cd8	4	1	CAMFREEFLOAT_ANGINCR
0x802a0cdc	4	1	CAMFREEFLOAT_POSINCR
0x802a0ce0	4	1	_CamFreeFloatSpeedScale
0x802a0ce4	12	1	CamFloatDef
0x802a0d08	1	1	CamFloat_bSlowdown
0x80099be0	108	2	CamFloatPauseWaypointPath__FP9CamMain_t
0x80099c4c	784	2	_CamFreeFloatProcessInput__FP9CamMain_t
0x8009be5c	164	2	CamToolTargetTrack__FP6Vec3_tPC6Vec3_tP9Orient3_t
0x8009b840	88	2	CamMainAddOffset__FP9CamMain_tPv
0x801c754c	52	2	Orient3Add
0x800a3088	584	2	CamMatrixMove__FP9CamMain_t
0x8009b978	164	2	CamMainPitch__FP9CamMain_ti
0x8009b924	68	2	CamMainRotate__FP9CamMain_ti
0x8009ba1c	72	2	CamMainZoom__FP9CamMain_tf
0x8009b968	16	2	CamMainRoll__FP9CamMain_ti
0x800a300c	16	2	CamMatrixReInitFromChase__FP9CamMain_t
0x800a2f4c	192	2	CamMatrixInitFromChase__FP9CamMain_t
0x800a301c	32	2	CamMatrixReInit__FP9CamMain_t
0x800a2d5c	496	2	CamMatrixInit__FP9CamMain_t
0x8009a750	52	2	CamGameStart__FPv17VptManagerVptType
0x8009a784	60	2	CamGameShutdown__F17VptManagerVptType
0x8009a838	52	2	CamGameProcess__Fv
0x8009a86c	60	2	CamGameIsUserCamera__F11CameraTypeE
0x800a5648	264	2	VptManagerPushCamera__FPvP8CamHdr_tPFPvP8CamHdr_t_UcT2
0x800a5750	184	2	VptManagerPopCamera__FPvP8CamHdr_t
0x801bbb60	92	2	CamRemoveCameraFromViewport
0x801bbac0	48	2	CamCreate
0x800a5e94	20	2	VptManagerGetParms__F17VptManagerVptType
0x800a65d0	12	2	VptManagerGetAspectRatio__Fv
0x801bbe40	64	2	CamSetFieldOfView
0x801bbaf0	32	2	CamDestroy
0x801bbe80	72	2	CamSetNearAndFOV
0x8009b720	140	2	CamMainProcess__FP9CamMain_tUiUiUi
0x80110960	12	2	LLMotBlurPause__Fi
0x8009efcc	136	2	CamChaseChangeUserCamera__FP8CamHdr_t11CameraTypeE
0x800a5808	188	2	VptManagerReplaceCamera__FPvP8CamHdr_tT1
0x800e8be4	456	2	GaugesMgr_EnterCockpitMode__Fi
0x800e8dac	344	2	GaugesMgr_ExitCockpitMode__FiUc
0x802a1030	12	1	CamMainDef
0x8009bb90	188	2	CamMainInit__FP8CamHdr_tPv
0x8009bc4c	80	2	CamMainUninit__FP8CamHdr_t
0x8009bc9c	220	2	CamMainUpdate__FPvT0
0x8009acb4	264	2	_CamMainJitterUpdate__FP9CamMain_t
0x8009adbc	224	2	_CamMainJitterHdrProcess__FP9CamMain_t
0x8009ae9c	236	2	_CamMainJitterMatProcess__FP9CamMain_t
0x8009bdc4	48	2	CamMainSetAngle__FP9CamMain_tP9Orient3_t
0x801bc370	16	2	CamFreeMovePos
0x801bc11c	8	2	CamFocusSetTarget
0x801c858c	240	2	MatRotZ
0x801c8958	80	2	MatTranspose
0x801c7fe0	48	2	MatResetStack
0x801bc198	176	2	CamFreeFloatAdd
0x801bbf88	156	2	CamFocusAdd
0x801bc248	4	2	CamFreeFloatDelete
0x801bc024	4	2	CamFocusDelete
0x801bc24c	184	2	CamFreeFloatProcess
0x801bc028	212	2	CamFocusProcess
0x801bbec8	44	2	CamSetZScale
0x801bc39c	16	2	CamFreeMoveAngle
0x801bc124	12	2	CamFocusMoveAngle
0x801bc354	28	2	CamFreeSetPos
0x801bc380	28	2	CamFreeSetAngle
0x801bc304	48	2	CamFreeClearVelocity
0x801bc130	104	2	CamFocusWarpToDest
0x801bc334	32	2	CamFreeFloatUpdate
0x801bc0fc	32	2	CamFocusUpdate
0x801bbdc8	120	2	CamConvertHdrToMatrix
0x801c7944	80	2	MathTan
0x802a1324	12	1	CamChaseDef
0x802a1360	12	1	CamDemoDef
0x802a1388	12	1	CamDriveDef
0x802a1128	36	1	CamType_CameraList
0x802ab48c	12	1	CamFreeFloatDef
0x8009be4c	16	2	CamToolVec3Set__FP6Vec3_tfff
0x8009c270	648	2	CamToolSurfaceCollision__FP6Vec3_tT0P11PTrackLoc_tT2
0x8009c4f8	2492	2	CamToolIsCarCollided__FPC6Vec3_tfPC5Car_t
0x8009f060	52	2	CamSetFovScale__Ff
0x8009ed20	92	2	_CamChaseMsgFunc__FP9CamMain_t12CamMainMsg_tPv
0x8009eee0	152	2	CamSetOrientation__FP9CamMain_tP9CamShakyT
0x8009ed7c	356	2	_CamChaseStuckBehindWall__FPC9CamMain_tPC5Car_t
0x8009f054	12	2	CamGetFovScale__Fv
0x800a46fc	20	2	GetCarCamTweak__10CameraManC9CarModelE
0x801bbcfc	204	2	CamLerp
0x800a3bc8	1540	2	CamShakyCam__FP9CamShakyTP6Vec3_tPC6Vec3_tf
0x801c74e4	104	2	OrientLerpAngle
0x800a4690	108	2	GetCarCamera__10CameraManCPC5Car_tUi
0x800a3788	1088	2	CamShakyInit__FP9CamShakyT11CameraTypeE
0x801c7f70	32	2	MatCopyMatrix
0x8009fbec	40	2	_CamDemoMsgFunc__FP9CamMain_t12CamMainMsg_tPv
0x800a08e4	108	2	CamDemoInitDemoCam__Fv
0x800a0950	56	2	CamDemoShutdownDemoCam__Fv
0x800a0994	80	2	CamDemoGetBumperCamCar__Fv
0x800f7270	132	2	RMOAnyCarOnTrack__Fv
0x800a0eb0	92	2	CamDemoListGetStartEndVals__FiPfT1
0x80123e8c	484	2	PitCameraProcess__FP9CamMain_t
0x80124dac	812	2	AnimCamProcessCamera__FP9CamMain_t
0x80154d5c	492	2	VLAnimCameraProcess__FP9CamMain_t
0x801bbbbc	320	2	CamRLerp
0x800a0df8	56	2	CamDemoListInit__Fv
0x800a1b9c	4	2	CamDemoDirectorInit__Fv
0x800a0e30	44	2	CamDemoListShutdown__Fv
0x800a1ba0	4	2	CamDemoDirectorShutdown__Fv
0x800a09e4	120	2	CamDemoGetTVCamSet__Fv
0x800a0c60	284	2	CamDemoListUpdate__FiP5Car_t
0x800a0d88	60	2	CamDemoGetTrackCamera__Fi
0x800a0e5c	84	2	CamDemoListCameraIsValid__Fi
0x800a0f0c	280	2	CamDemoListCameraIsValidForCar__FiP5Car_t
0x800a1024	128	2	CamDemoListGetNextCam__Fi
0x800a10a4	208	2	CamDemoListGetRandomCamID__FUc
0x800a1174	8	2	CamDemoListPaceCarCamFound__Fv
0x800a4e6c	40	2	GetCurrent__C17TrackCamIteratorC
0x800a4e94	16	2	AdvanceForward__17TrackCamIteratorC
0x800a4e1c	80	2	IsValid__C17TrackCamIteratorC
0x800a1f34	104	2	CamDemoDirectorCarCamIsAllowed__FiiUc
0x800a1e64	208	2	CamDemoDirectorTrackCamIsAllowed__Fii10CameraSetEUc
0x800a4780	32	2	GetTrackCamera__C10CameraManCUi
0x800a453c	56	2	Create__10CameraManC
0x800a4710	32	2	LoadTrackCameras__10CameraManCUi
0x800a4730	32	2	UnloadTrackCameras__10CameraManC
0x800a4574	68	2	Destroy__10CameraManC
0x800a41cc	880	2	CamShakyCamRetarget__FP9CamShakyTP6Vec4_tN21f
0x8022d8ac	532	2	sqrt
0x800a2d24	56	2	DVec3Magnitude__FP7DVec3_t
0x800a303c	76	2	CamMatrixStop__FP9CamMain_t
0x8022c878	636	2	acos
0x80203574	100	2	Vec3GetAngle
0x800a32d0	192	2	CamShakyQuick3DBezPos__FPC6Vec3_tfP6Vec4_t
0x802685c8	10472	1	_10CameraManC.m_aCarCameras
0x8026aeb0	1564	1	_10CameraManC.m_aCarCamTweaks
0x800a45b8	48	2	__10CameraManC
0x800a45e8	40	2	_._10CameraManC
0x800a4610	8	2	GetNumCarCameras__10CameraManC
0x800a4618	120	2	GetCarCamIterator__10CameraManCPC5Car_t
0x800a47a0	28	2	__17_TrackCameraListC
0x800a4da4	24	2	__15CarCamIteratorCPC10CarCameraTUi
0x800a4df8	16	2	AdvanceForward__15CarCamIteratorC
0x800a4dbc	40	2	IsValid__C15CarCamIteratorC
0x800a4de4	20	2	GetCurrent__C15CarCamIteratorC
0x800a47bc	204	2	Load__17_TrackCameraListCUi
0x800a4888	108	2	Unload__17_TrackCameraListC
0x800a48f4	28	2	GetCount__C17_TrackCameraListC
0x800a4e08	20	2	__17TrackCamIteratorCRC17_TrackCameraListC
0x800a4950	80	2	FindCamera__C17_TrackCameraListCUi
0x800a49a0	1028	2	FixResourceByteOrder__17_TrackCameraListC
0x800a4910	32	2	GetAtIndex__C17_TrackCameraListCUi
0x800a4930	32	2	GetIndexOf__C17_TrackCameraListCPC12TrackCameraT
0x802a14cc	12	1	File_TrackCameras
0x800a4ffc	108	2	EventInit__Fv
0x800a5068	56	2	EventShutdown__Fv
0x800a50a0	336	2	EventUpdateContext__FUiPUcT1
0x801d6608	8	2	PerSizeofPerDataT
0x801d8310	568	2	RemapCheckEntry
0x801d826c	164	2	RemapSetupEntries
0x802a13b8	10	1	File_NascarDBDataStr
0x802a13c4	12	1	File_GameModeDBStr
0x802a13fc	12	1	File_RenderTrackDataStr
0x802a1414	13	1	File_SpeechHeaderStr
0x802a1434	11	1	File_MovieDataStr
0x802a1440	13	1	File_PreviewMovieDataStr
0x802a1450	13	1	File_Nascar101_1MovieDataStr
0x802a1460	13	1	File_Nascar101_2MovieDataStr
0x802a1470	13	1	File_Nascar101_3MovieDataStr
0x802a1480	13	1	File_WhatsNewMovieDataStr
0x802a149c	12	1	File_TrackMapStr
0x802a14b4	12	1	File_RenderTrack
0x802a14c0	12	1	File_ShadowTrack
0x802a14d8	12	1	File_Pitbanners
0x802a150c	13	1	File_LoadingDataStr
0x802a151c	10	1	File_IconsStr
0x802a1534	12	1	File_CharTexStr
0x802a1558	13	1	File_UisLibModelsStr
0x802a1568	13	1	File_UisLibTexturesStr
0x802a1578	13	1	File_GuiLibsCommon
0x802a1588	13	1	File_GuiLibsFrontend
0x802a1598	13	1	File_GuiLibsMinimal
0x802a15a8	13	1	File_GuiLibsStreamed
0x802a15b8	12	1	File_GuiScrBoot
0x802a15c4	13	1	File_GuiScrChase
0x802a15d4	13	1	File_GuiScrCreateA
0x802a15e4	12	1	File_GuiScrDemo
0x802a15f0	13	1	File_GuiScrFrontend
0x802a1600	13	1	File_GuiScrIngame
0x802a1610	13	1	File_GuiScrLightning
0x802a1620	13	1	File_GuiScrLoaders
0x802a1630	13	1	File_GuiScrMemorycard
0x802a1640	13	1	File_GuiScrOptions
0x802a1650	13	1	File_GuiScrPrologue
0x802a1660	12	1	File_GuiScrRace
0x802a166c	13	1	File_GuiScrSeason
0x802a167c	13	1	File_GuiScrSpeedzone
0x802a168c	13	1	File_GuiScrStory
0x802a169c	7	1	File_FEQuickloadStr
0x802a16a4	9	1	File_GameQuickloadStr
0x802a16ec	1	1	Hack_ScreenShotEnabled
0x802a16f0	4	1	Hack_fptodp_cnt
0x802a16f4	4	1	Hack_ProfileFrames
0x802a16f8	16	1	_Hack_MemMask
0x802a1708	16	1	_Hack_MemCompare
0x802a1718	4	1	_Hack_nWords
0x802a171c	4	1	_Hack_MemStart
0x802a1720	4	1	_Hack_MemEnd
0x801c5f7c	8	2	GlibSetVsyncFlipEnable
0x8021ad04	128	2	GXDrawDone
0x801bb1e0	60	2	strncpy
0x8015b418	0	0	PCcreat
0x8015b438	0	0	PCwrite
0x8015b428	0	0	PCclose
0x802a1728	1488	1	RenderBin_GameDefs
0x802a1cf8	4	1	VptManager_uCurVP
0x800a55bc	88	2	VptManagerInit__Fv
0x800a5614	52	2	VptManagerShutdown__Fv
0x800a590c	52	2	VptManagerGetVptTypeFromViewport__FPv
0x800a5964	140	2	VptManagerAddViewport__FPv17VptManagerVptType
0x800a59f0	116	2	VptManagerRemoveViewport__FPv
0x800a5a64	80	2	VptManagerParmSetup__FPv
0x800a5ab4	32	2	VptParmUISSetup__FPv
0x800a5ad4	40	2	VptParmSetVpt__FUi
0x800a5afc	12	2	VptParmGetVpt__Fv
0x800a5b14	92	2	VptManagerGetPlayerIdFromVptType__F17VptManagerVptType
0x800a5c64	480	2	VptManagerInitViewport__F17VptManagerVptType
0x800a65b0	32	2	VptManagerSetAspectRatio__Ff
0x800a65e8	12	2	VptManagerSetAllowRearView__FUc
0x800a65f4	12	2	VptManagerGetAllowRearView__Fv
0x801be2e4	232	2	DSNewList
0x801be3cc	60	2	DSDelList
0x801bbb10	80	2	CamAddCameraToViewport
0x80204568	8	2	VptGetCamera
0x801be408	132	2	DSNewListNode
0x801be7b4	144	2	DSSearchList
0x801be5a8	76	2	DSRemoveListNode
0x801be48c	168	2	DSAddListNode
0x801be5f4	120	2	DSDelListNode
0x80136edc	4	2	LLRearViewMirrorCreate__Fv
0x800a6628	344	2	LLVPTMGR_AddViewport__F17VptManagerVptTypeP17VptManagerParms_t
0x800a6780	68	2	LLVPTMGR_RemoveViewport__FP17VptManagerStack_t
0x80136ee0	4	2	LLRearViewMirrorDestroy__Fv
0x800a67c4	304	2	LLVPTMGR_ParmSetup__FPvP17VptManagerStack_t17VptManagerVptTypeUi
0x800a68f4	52	2	LLVPTMGR_ParmUISSetup__FPv
0x800a6928	28	2	LLVPTMGR_ParmSetVpt__FUi
0x800a6614	20	2	VptManagerGetVptTypeIdx__FUi
0x80204124	472	2	VptOpen
0x802044b4	12	2	VptSetPos
0x802044c0	92	2	VptSetSize
0x80204628	84	2	VptSetZScale
0x801c8b20	48	2	MatSetSlot
0x800a6600	20	2	VptParmGetIdx__FUi
0x802005c0	124	2	TMViewportNew
0x8020063c	52	2	TMViewportDelete
0x80204430	100	2	VptUpdateCamera
0x80200670	72	2	TMViewportMatrices
0x8013740c	4	2	LLRearViewMirrorSetupVpt__FP12TMViewport_t
0x80137410	4	2	LLRearViewMirrorSetupNormal__FP12TMViewport_t
0x800a6cc0	96	2	DbUserFileRefreshControllerConfig__Fv
0x800a6d20	152	2	DbUserFilePostLoad__FP16DbUserFileData_tUc
0x800a6f8c	80	2	DbUserFileFlagSaved__FUc
0x800a6db8	56	2	DbUserFileLoad__FPvPC15TDbIOCallback_t
0x800a6df0	144	2	DbUserFileGetSize__Fv
0x800a6e80	152	2	DbUserFileSave__FPvPC15TDbIOCallback_t
0x800a6f18	104	2	DbUserFileCalculateCRC__FP16DbUserFileData_tUc
0x800a6f80	12	2	DbUserFileGetFile__Fv
0x800a6fdc	48	2	DbUserFileFlagDeleted__FUc
0x800a718c	16	2	DbUserFileClearSlot__Fv
0x800a700c	72	2	DbUserFileInit__Fv
0x800a7054	4	2	DbUserFileShutdown__Fv
0x800a7058	64	2	DbUserFileAutoSaveEnabled__Fv
0x800a7098	52	2	DbUserFileSetAutoSave__FUc
0x800a70cc	108	2	DbUserFileDeviceStatusCallback__Fii
0x800a7138	12	2	DbUserFileSaved__Fv
0x800a7144	36	2	DbUserFileValidSlot__Fv
0x800a7168	20	2	DbUserFileValidLocation__Fv
0x800a717c	16	2	DbUserFileClearRemoval__Fv
0x801e5578	276	2	TDbTblEnum
0x801e57fc	76	2	TDbTblInfoGetPersistent
0x801e5848	100	2	TDbTblInfoSetPersistent
0x801e4d38	952	2	TDbInfoGetDataEquivalenceCRC
0x800a7950	232	2	DbUtilRestoreData__F14GSFlowGroupIdEUc
0x801e4b18	120	2	TDbLoad
0x802a1db8	28	1	tdb_SizeCalcCallback
0x801e4b90	124	2	TDbSave
0x802a1dd8	1	1	bDbUseCareerTrophyTable
0x802a1ddc	136	1	aCareerTables
0x802a1e64	136	1	aSeasonTables
0x802a1eec	128	1	aChaseTables
0x802a1f6c	16	1	aQuickRaceTables
0x800a720c	316	2	DbGetEnumDisplay__FUiiPc
0x800a7348	508	2	DbUtilStartDemoRace__Fv
0x800a7544	448	2	DbUtilResetDB__Fv
0x800a774c	100	2	DbUtilLoadGameModeDB__FUc
0x800a77b0	148	2	DbUtilLoadPrimaryDB__Fv
0x800a7844	268	2	DbUtilBackupData__F14GSFlowGroupIdEUc
0x801e5c4c	272	2	TDbQryGetSingleRow
0x801e5274	156	2	TDbTblDestroy
0x802b0708	28	1	tdbiofioCallback
0x801e4a50	200	2	TDbTblLoadMulti
0x802b0740	28	1	tdbioresCallback
0x801c2198	268	2	FileOpenFileDevice
0x801c2884	20	2	FileGetLength
0x801c22a4	84	2	FileClose
0x801c2414	184	2	FileReadFileDeviceToBuf
0x801f8340	68	2	TDbExtLoadFromMemory
0x800a7a38	4	2	CacheInit__Fv
0x800a7a54	152	2	_MemCardCalculateChecksum__FPP16ChecksumResult_t
0x800a7aec	88	2	_MemCardFillHeader__FP14MemCardHeaderT
0x800a7b44	40	2	MemCardWipeLookupTable__Fv
0x800a7b6c	40	2	MemCardInit__FPC14ChecksumType_t
0x800a7b94	68	2	MemCardShutdown__Fv
0x800a7bd8	100	2	MemCardGetRequiredSpaceAndEntries__FPUiT0
0x800a8288	8	2	MemCardGetFileEntries__Fv
0x800a7c3c	56	2	MemCardLoadFromBuffer__Fv
0x800a7c74	96	2	MemCardAsyncGetDir__F9MemCPortEPc
0x800a7cd4	232	2	MemCardAllocateIOBuffer__FUc
0x800a7dbc	72	2	MemCardFreeIOBuffer__Fv
0x800a7e04	296	2	MemCardSaveToBuffer__FPc
0x800a7f2c	68	2	MemCardSaveWrite__FiPc
0x800a81e4	164	2	MemCardGetFileSize__Fv
0x800a7f70	68	2	MemCardLoadRead__Fi
0x800a7fb4	32	2	MemCardGenerateUniqueName__FPciT0i
0x800a7fd4	16	2	MemCardGetNumFiles__Fv
0x800a7fe4	432	2	MemCardSortFileList__Fi
0x800a8194	80	2	MemCardGetFileIndexByDisplayIndex__Fi
0x800a8290	512	2	MemCardGetFileInfo__FScPciT1iT1iPiPScPUc
0x800a8738	32	2	MemCardStringFormatCorrupted__FPcUi
0x800a8490	72	2	MemCardGetFileLLInfo__FScPci
0x800a84d8	32	2	MemCardGetGenericType__F9MemCTypeE
0x800a84f8	136	2	MemCardGetFirstAvailableSlot__Fv
0x800a8580	156	2	MemCardCalculateChecksum__Fv
0x800a861c	284	2	MemCardValidateChecksum__Fi
0x800a8758	140	2	MemCardValidateSys__FSci
0x800a87e4	272	2	MemCardValidateHdr__FSci
0x800a88f4	20	2	MemCardGetHdr__Fi
0x800a8908	52	2	MemCardGetUniqueNameFromEntry__FScPci
0x800a893c	56	2	MemCardCreateSys__FPci
0x800a8974	44	2	MemCardReadHdr__Fi
0x800a89a0	32	2	MemCardStringFormatMessage__Fi9MemCPortEPcT2iT2N22
0x800a89c0	32	2	MemCardStringFormatStatus__Fi9MemCPortEPc
0x800a89e0	100	2	MemCardEnoughSpace__FUiUi
0x800a8a44	100	2	MemCardEnoughBootSpace__FUiUi
0x800a8aa8	12	2	MemCard_SetWaitingForPendingMessagesEnqueued__FUc
0x800a8ab4	160	2	MemCardProcessMessages__Fv
0x800a8b54	80	2	MemCardQueueMessage__FiPFv_vN21Uc
0x800a8ba4	68	2	_MemCardOpShutdown__Fv
0x800a8be8	48	2	_MemCardOpDelete__Fv
0x800a8c18	52	2	_MemCardOpGoToIdle__Fv
0x800a8c4c	48	2	_MemCardOpOverwrite__Fv
0x800a8c7c	60	2	_MemCardOpOverwriteAbort__Fv
0x800a9470	12	2	MemCardStoreLastResult__Fi
0x800a8cb8	56	2	_MemCardOpFormat__Fv
0x800a8cf0	56	2	_MemCardOpPreFormat__Fv
0x800a8d28	60	2	_MemCardOpFormatFinish__Fv
0x800a8d64	48	2	_MemCardOpLoad__Fv
0x800a8d94	60	2	_MemCardOpLoadAbort__Fv
0x800a8dd0	40	2	_MemCardOpFailedContinue__Fv
0x800a8df8	40	2	_MemCardOpFailedRetry__Fv
0x800a8e20	40	2	_MemCardOpFailedNoCard__Fv
0x800a8e48	280	2	MemCardStartBasicOperation__Fi
0x800a8f60	1296	2	MemCardStopBasicOperation__Fii
0x800a947c	12	2	MemCardGetLastResult__Fv
0x800cde54	176	2	MsgGameStatusGetGameProgress__Fv
0x800a9824	168	2	LLmcGetFileSize__Fv
0x802b0724	28	1	tdbiomemCallback
0x800a999c	232	2	LLmcStringFormatSize__FiPciT1
0x800a9910	52	2	LLmcMakeSearchPattern__FPcT0
0x801ccb88	496	2	MemCAsyncGetDir
0x800b014c	12	2	MemoryCardGetFileSlot__Fv
0x800a971c	152	2	LLmcReservedWrite__FP13TDbIOMemSpecTPcUc
0x801cd880	44	2	MemCAsyncWrite
0x801cd620	44	2	MemCAsyncRead
0x800a963c	60	2	LLmcGenerateUniqueName__FPciT0i
0x801dc7f4	400	2	ResUnLoadAll
0x800a97ec	56	2	LLmcRetrieveSlotFromName__FPcPSc
0x800a9488	92	2	LLmcConvertToLocalTime__FPUcT0PUsT0N30
0x800a9944	88	2	LLmcGetGenericType__F9MemCTypeE
0x800a98cc	40	2	LLmcStringFormatCardName__F9MemCTypeE9MemCPortEPci
0x801ba32c	68	2	memcmp
0x800a98f4	28	2	LLmcStringFormatCorrupted__FPcUi
0x800a94e4	92	2	LLmcIconValidate__FP15_MemCardEntry_tPA2127_ciPC14ChecksumType_t
0x800a9540	252	2	LLmcHdrValidate__FP15_MemCardEntry_tPA2559_ciPC14ChecksumType_t
0x800a97b4	4	2	LLmcCreateSys__FPA2127_cPciPC14ChecksumType_t
0x800a9a84	4880	2	LLMCGenericStringFormatMessage__Fi9MemCPortEPcT2iT2N22
0x800aad94	388	2	LLMCGenericStringFormatStatus__Fi9MemCPortEPc
0x800dfbc0	28	2	UIListenerIsInitialized__Fv
0x800dfce4	348	2	UIListenerProcessQueue__Fv
0x800e003c	60	2	UIListenerGetUserInput__FP16UIListenerReplyE
0x800dfef0	312	2	UIListenerQueueMessageById__FiUc
0x800b00f0	24	2	MemoryCardSetResult__Fi
0x800e0028	20	2	UIListenerStop__Fv
0x800dd0c8	12	2	SaveGetIsLoading__Fv
0x800a9678	88	2	LLmcOpenIconResource__Fv
0x800a96d0	76	2	LLmcCloseIconResource__Fv
0x800a97b8	52	2	LLmcWriteSys__FiPc
0x801f94c8	620	2	TexMipmapRelocate
0x801f99f4	152	2	TexGetTextureByIndex
0x801cd8ac	144	2	MemCAsyncSetSysInfo
0x801bb7cc	172	2	atoi
0x801cd93c	124	2	MemCFormatCardType
0x800df638	228	2	UISUtils_FormatNumber__FiP11UISString_t
0x800b0140	12	2	MemoryCardGetType__F9MemCPortE
0x801cd9b8	68	2	MemCFormatPort
0x800b01b8	12	2	MemoryCardGetLastAction__Fv
0x801ae8a0	84	2	Utf8Encode__12AdaptMessagePCc
0x801ac4c8	152	2	FreeMem__5AdaptPv
0x800aaf18	8	2	GSGetNumGroups__14GSFlowManagerC
0x800aaf20	756	2	GSCreateGroup__14GSFlowManagerCi
0x800ab214	64	2	GSDestroyGroup__14GSFlowManagerCiP10FlowGroupC
0x802bb840	96	1	_vt.13GSFlowModuleC
0x8025738c	32	2	_._13GSFlowModuleC
0x802bb8a0	48	1	_vt.14GSFlowManagerC
0x8025736c	32	2	_._14GSFlowManagerC
0x801c13d4	60	2	__10FlowGroupC
0x802bba88	88	1	_vt.7FGMainC
0x802bba30	88	1	_vt.12FGInterfaceC
0x802bbae0	88	1	_vt.7FGRaceC
0x802bbbe8	88	1	_vt.12FGQuickRaceC
0x802bbc40	88	1	_vt.9FGSeasonC
0x802bb980	88	1	_vt.9FGCareerC
0x802bbc98	88	1	_vt.13FGMemoryCardC
0x802bbcf0	88	1	_vt.12FGLightningC
0x802bbd48	88	1	_vt.14FGVictoryLaneC
0x802bbb38	88	1	_vt.12FGSpeedZoneC
0x802bbb90	88	1	_vt.13FGSimulationC
0x802bbda0	88	1	_vt.11FGPrologueC
0x802bb928	88	1	_vt.7FGBootC
0x802bb9d8	88	1	_vt.8FGChaseC
0x802bb8d0	88	1	_vt.11FGAutosaveC
0x801c5f14	24	2	GlibIsActive
0x801c0c0c	76	2	__12FlowManagerC
0x801c0c58	52	2	_._12FlowManagerC
0x8022bd2c	32	2	__pure_virtual
0x800ab36c	104	2	QueuePopup__11FGAutosaveCi14GSFlowStageIdEN22
0x800ab3d4	256	2	HandleErrors__11FGAutosaveCi
0x800ab4d4	92	2	Delay__11FGAutosaveC
0x800ab530	12	2	GSGetGroupName__C11FGAutosaveC
0x800ab53c	12	2	GSGetStageList__C11FGAutosaveC
0x800ab548	12	2	GSGetTransitionList__C11FGAutosaveC
0x800ab554	12	2	GSGetStageModuleList__C11FGAutosaveCi
0x800ab560	1952	2	GSProcess__11FGAutosaveC
0x800abd00	8	2	GSTransition__11FGAutosaveCii
0x802573ac	32	2	_._11FGAutosaveC
0x800b0114	8	2	MemoryCardGetPort__Fv
0x801cc9b4	84	2	MemCUnMount
0x801c1580	28	2	GetActiveStage__C10FlowGroupC
0x800afe88	20	2	MemoryCardSetCallbacks__FPFi_vPFii_v
0x800b0108	12	2	MemoryCardSetPort__F9MemCPortE
0x800b00b8	56	2	MemoryCardReturnValueAvailable__FPi
0x801cc720	76	2	MemCGetDeviceChanges
0x800dfc84	96	2	UIListenerMinWaitTimeIsOver__Fv
0x800b0158	96	2	MemoryCardSetFileName__FPcT0Uc
0x800b011c	12	2	MemoryCardGetFreeSpace__Fv
0x800b0134	12	2	MemoryCardGetFreeEntries__Fv
0x800b0128	12	2	MemoryCardGetNumFiles__Fv
0x8030bd10	16	0	FMMemoryCardNascar
0x801c177c	4	2	TransitionStartCallback__C10FlowGroupCi
0x801c1780	4	2	TransitionEndCallback__C10FlowGroupCi
0x801c1410	52	2	_._10FlowGroupC
0x800abd08	216	2	ProgressiveCheck__7FGBootC
0x800abde0	72	2	SetProgressiveMode__7FGBootCUc
0x800abe28	48	2	RenderScreens__7FGBootC
0x800abe58	104	2	QueuePopup__7FGBootCi14GSFlowStageIdEN22
0x800abec0	192	2	HandleErrors__7FGBootCi
0x800abf80	88	2	Delay__7FGBootC
0x800abfd8	68	2	UnMount__7FGBootC
0x800ac01c	12	2	GSGetGroupName__C7FGBootC
0x800ac028	12	2	GSGetStageList__C7FGBootC
0x800ac034	12	2	GSGetTransitionList__C7FGBootC
0x800ac040	12	2	GSGetStageModuleList__C7FGBootCi
0x800ac04c	2292	2	GSProcess__7FGBootC
0x800ac940	8	2	GSTransition__7FGBootCii
0x802573cc	32	2	_._7FGBootC
0x80209424	112	2	OSGetProgressiveMode
0x80212a40	60	2	VIGetDTVStatus
0x80209494	164	2	OSSetProgressiveMode
0x801c6870	176	2	GlibToggleProgressive
0x801c6444	84	2	GlibSetUpRender
0x800be46c	152	2	FlashProcess__FUi
0x801c6498	92	2	GlibFinishRender
0x801c6550	220	2	GlibSwapBuffers
0x800dfe40	176	2	UIListenerQueueMessage__FPcN20UcUi
0x802a1fb8	4	1	_Career_eFESeries
0x800ac948	12	2	GSGetGroupName__C9FGCareerC
0x800ac954	12	2	GSGetStageList__C9FGCareerC
0x800ac960	12	2	GSGetTransitionList__C9FGCareerC
0x800ac96c	108	2	GSGetStageModuleList__C9FGCareerCi
0x800ac9d8	92	2	GSProcess__9FGCareerC
0x800aca34	184	2	GSTransition__9FGCareerCii
0x800acaec	12	2	CareerGetFESeries__Fv
0x800acaf8	60	2	CareerSetFESeries__F7SeriesE
0x802573ec	32	2	_._9FGCareerC
0x800f0e3c	44	2	LoadingPrepForLoad__Fv
0x80129b88	180	2	CareerMgrRestoreCachedDriverInfo__Fv
0x800f59a4	72	2	CreateADriverSetSeries__F7SeriesE
0x8030c140	16	0	FMSeasonStatMgr
0x8030ba6c	16	0	FMCareer
0x8030bf0c	16	0	FMResource
0x8030bf2c	16	0	FMGameSettings
0x8030bde8	16	0	FMPlayerManager
0x8030bf5c	16	0	FMUserProfilesInGame
0x800acb34	12	2	GSGetGroupName__C8FGChaseC
0x800acb40	12	2	GSGetStageList__C8FGChaseC
0x800acb4c	12	2	GSGetTransitionList__C8FGChaseC
0x800acb58	84	2	GSGetStageModuleList__C8FGChaseCi
0x800acbac	212	2	GSProcess__8FGChaseC
0x800acc80	164	2	GSTransition__8FGChaseCii
0x8025740c	32	2	_._8FGChaseC
0x8012875c	944	2	SeasonMgrStartNewYear__FUi7SeriesE
0x8014a89c	12	2	ChaseMgrGetContinueToNextRaceFlag__Fv
0x8014a8a8	12	2	ChaseMgrSetContinueToNextRaceFlag__FUc
0x8014dda8	248	2	GetNextRaceToAttend__15SeasonScheduleCP18SeasonAppointmentT
0x8030babc	16	0	FMChase
0x800acd24	12	2	GSGetGroupName__C12FGInterfaceC
0x800acd30	12	2	GSGetStageList__C12FGInterfaceC
0x800acd3c	12	2	GSGetTransitionList__C12FGInterfaceC
0x800acd48	256	2	GSGetStageModuleList__C12FGInterfaceCi
0x800ace48	896	2	GSProcess__12FGInterfaceC
0x8030b8d4	1	0	WasOnPressStartScreen
0x800ad1c8	836	2	GSTransition__12FGInterfaceCii
0x800ad50c	4	2	TransitionStartCallback__C12FGInterfaceCi
0x8025742c	32	2	_._12FGInterfaceC
0x80128fc8	4	2	SeasonMgrUnlockChampionshipCard__Fv
0x80128da8	68	2	SeasonMgrEndOfYear__Fv
0x80202998	16	2	UIGLibraryGetGlobal
0x80202ccc	136	2	UIGLibraryProcess
0x801c67a0	8	2	GlibSetClear
0x8011cb84	348	2	LLFrameBufferCopyFrame__FUc
0x802a33b0	4	1	_14BakingFactoryC._pInstance
0x800f4fb8	320	2	Process__14BakingFactoryC
0x802a2ea0	4	1	_13FECarSkinMgrC.s_pInstance
0x800e6f6c	76	2	ProcessAndPruneLoadedSkins__13FECarSkinMgrC
0x8030c270	16	0	FMVRAMHeapFE
0x8030c0a0	16	0	FMSoundMinimal
0x8030c080	16	0	FMSoundFrontend
0x8030bb60	16	0	FMEAShared
0x8030ba4c	16	0	FMBoot
0x8030c210	16	0	FMAdaptBoot
0x80338e8c	16	0	FMGlib
0x8030bc00	16	0	FMGlibRender
0x8030be18	16	0	FMQuickloadFrontend
0x8030bc50	16	0	FMLoadingColdboot
0x8030ba7c	16	0	FMCarResource
0x8030bf4c	16	0	FMUserProfiles
0x8030bf3c	16	0	FMUserFiles
0x8030c110	16	0	FMSpeech
0x8030c000	16	0	FMSound
0x8030bd50	16	0	FMMusic
0x8030bb70	16	0	FMStylePointManager
0x8030c200	16	0	FMAdapt
0x8030ba8c	16	0	FMCarResourceFE
0x8030c230	16	0	FMAdaptNASCARCustom3D
0x8030c1d0	16	0	FMUISCarObj
0x8030b9f4	16	0	FMAnim
0x8030bd40	16	0	FMMotionObj
0x80338e9c	16	0	FMUSBKeyboard
0x8030bd70	16	0	FMOscilloscope
0x8030bbc0	16	0	FMFileCacheProcess
0x8030bd30	16	0	FMBakingFactory
0x8030c290	16	0	FMKeyboard
0x8030bc70	16	0	FMLoadingFrontend
0x80338e7c	16	0	FMDMAResizeRaceToFE
0x8030be28	16	0	FMQuickloadInGame
0x8030bc80	16	0	FMLoadingIngame
0x80338e6c	16	0	FMDMAResizeFEToRace
0x8030c130	16	0	FMSpeedZoneIG
0x8030c220	16	0	FMAdaptInGame
0x8030bc60	16	0	FMLoadingDemo
0x800ad510	12	2	GSGetGroupName__C7FGMainC
0x800ad51c	12	2	GSGetStageList__C7FGMainC
0x800ad528	12	2	GSGetTransitionList__C7FGMainC
0x800ad534	52	2	GSGetStageModuleList__C7FGMainCi
0x800ad568	32	2	GSProcess__7FGMainC
0x800ad588	8	2	GSTransition__7FGMainCii
0x8025744c	32	2	_._7FGMainC
0x801c36c8	920	2	FileAsyncCheckError
0x80338e4c	16	0	FMDMA
0x80338e5c	16	0	FMDMAMem
0x80338e3c	16	0	FMFileIO
0x8030bce0	16	0	FMMath
0x8030bcf0	16	0	FMMatrix
0x8030bd60	16	0	FMObject
0x8030bd90	16	0	FMPeripheral
0x8030bbd0	16	0	FMFont
0x8030c250	16	0	FMViewport
0x8030bbb0	16	0	FMFileCache
0x8030bff0	16	0	FMSort
0x8030c260	16	0	FMVRAM
0x8030be98	16	0	FMRand
0x8030c1b0	16	0	FMTexture
0x8030bd00	16	0	FMMemoryCard
0x8030baec	16	0	FMDB
0x8030bafc	16	0	FMDBConst
0x800ad5ac	12	2	GSGetGroupName__C7FGRaceC
0x800ad5b8	12	2	GSGetStageList__C7FGRaceC
0x800ad5c4	12	2	GSGetTransitionList__C7FGRaceC
0x800ad5d0	476	2	GSGetStageModuleList__C7FGRaceCi
0x800ad7ac	2896	2	GSProcess__7FGRaceC
0x800ae2fc	3016	2	GSTransition__7FGRaceCii
0x8025746c	32	2	_._7FGRaceC
0x800f1454	12	2	LoadingIsLoading__Fv
0x80131530	204	2	EnvProcess__FUcUi
0x800be8f4	64	2	FlashUnloadRaceWeekendProceedToQualify__Fv
0x800be8b4	64	2	FlashUnloadRaceWeekendProceedToRace__Fv
0x800be934	64	2	FlashUnloadRaceWeekendProceedToQuit__Fv
0x800af9e4	640	2	RaceLoopVicLaneRender__Fv
0x800afc64	4	2	RaceLoopVicLaneRenderEnd__Fv
0x800fd2fc	36	2	CarObjVicLanePreShutdown__Fv
0x8027ac8c	4	1	Loading_FadeToBlack
0x800f127c	244	2	LoadingBeginFadeOut__FPC13LoadingColorTf
0x8027ac88	4	1	Loading_FadeToWhite
0x800f1444	16	2	LoadingResetDB__Fv
0x800f1404	64	2	LoadingEndFadeOut__Fv
0x80141948	28	2	AllStarStageIsAllStar__Fi
0x801418d4	116	2	AllStarTransition__Fii
0x800af488	4	2	NGRaceSetForce30FPSState__FUc
0x800e9dc8	172	2	GaugesMgr_LoadGauges__Fv
0x800eb260	60	2	GaugesMgr_Restart__Fv
0x800e90f4	144	2	GaugesMgr_SwitchViewport__FUc
0x80141180	148	2	AllStarRestart__Fv
0x800e82ec	4	2	GaugesMgr_PitNow_EnableInput__Fv
0x80154540	136	2	VictoryLaneCalcWinningDriver__Fv
0x801c0fe0	68	2	GetQueuedTransition__C12FlowManagerCi
0x8030c1c0	16	0	FMTime
0x8030c030	16	0	FMSoundData
0x8030bb1c	16	0	FMDemoCamera
0x8030bb3c	16	0	FMDemoCameraVpt
0x8030bb90	16	0	FMEnvMgr
0x8030bcb0	16	0	FMLogicalTrack
0x8030bc40	16	0	FMLine
0x8030bd80	16	0	FMParticleSys
0x8030beec	16	0	FMRenderSky
0x8030becc	16	0	FMRenderCar
0x8030befc	16	0	FMRenderTrack
0x8030bd20	16	0	FMMotionBlur
0x8030bfac	16	0	FMHeatShimmer
0x8030ba9c	16	0	FMCarShadow
0x8030bedc	16	0	FMRenderLogicalCar
0x8030be48	16	0	FMRaceManagerDebris
0x8030be58	16	0	FMRaceManagerHighlight
0x8030be68	16	0	FMRaceManagerSys
0x8030bb2c	16	0	FMDemoCameraEnable
0x8030b9d4	16	0	FMAI
0x8030bdd8	16	0	FMPitManager
0x8030bfbc	16	0	FMSimpleObject
0x8030bc20	16	0	FMIBL
0x8030c090	16	0	FMSoundGame
0x8030bacc	16	0	FMCollision
0x8030bcd0	16	0	FMMarks
0x8030bda8	16	0	FMPitBnr
0x8030ba1c	16	0	FMAnimCam
0x8030c070	16	0	FMSoundFakeDoppler
0x8030badc	16	0	FMCustomPitBnr
0x8030be08	16	0	FMQuickCaution
0x8030ba3c	16	0	FMBodyDamage
0x8030c170	16	0	FMSZBlockArrow
0x8030bf8c	16	0	FMStylePointsIG
0x8030c1e0	16	0	FMTrackMap
0x8030bb80	16	0	FMEffectResource
0x8030bdb8	16	0	FMPitCrew
0x8030bdc8	16	0	FMPitOfficial
0x8030beac	16	0	FMRaceVpt
0x8030bca0	16	0	FMLogicalPit
0x8030c1a0	16	0	FMRacePreGreen
0x8030c0d0	16	0	FMSoundSwapCrash
0x8030bf7c	16	0	FMShareDraft
0x8030c100	16	0	FMSoundWind
0x8030c190	16	0	FMRaceIntro
0x8030bbe0	16	0	FMForceFeedback
0x8030baac	16	0	FMCelebration
0x8030c280	16	0	FMWreckReplay
0x8030bc10	16	0	FMHighlight
0x8030c050	16	0	FMSoundEngine
0x8030ba5c	16	0	FMCamera
0x8030c060	16	0	FMSoundEffects
0x8030bcc0	16	0	FMMarketing
0x800aef28	12	2	GSGetGroupName__C12FGSpeedZoneC
0x800aef34	12	2	GSGetStageList__C12FGSpeedZoneC
0x800aef40	12	2	GSGetTransitionList__C12FGSpeedZoneC
0x800aef4c	32	2	GSGetStageModuleList__C12FGSpeedZoneCi
0x800aef6c	240	2	GSProcess__12FGSpeedZoneC
0x800af05c	8	2	GSTransition__12FGSpeedZoneCii
0x8025748c	32	2	_._12FGSpeedZoneC
0x80143b4c	8	2	IsFinished__9ScenarioC
0x80143e74	8	2	GetExitTime__9ScenarioC
0x8030c120	16	0	FMSpeedZone
0x800af064	12	2	GSGetGroupName__C13FGSimulationC
0x800af070	12	2	GSGetStageList__C13FGSimulationC
0x800af07c	12	2	GSGetTransitionList__C13FGSimulationC
0x800af088	136	2	GSGetStageModuleList__C13FGSimulationCi
0x800af110	868	2	GSProcess__13FGSimulationC
0x800af474	8	2	GSTransition__13FGSimulationCii
0x802574ac	32	2	_._13FGSimulationC
0x8013c508	64	2	GetHiredBackupDriverSalary__C19HiredDriverManagerCi
0x8013c5c0	56	2	FireBackupDriver__C19HiredDriverManagerCi
0x80128e34	36	2	SeasonMgrGetNextAppt__FP18SeasonAppointmentT
0x80156920	12	2	AutographShouldOfferGame__Fv
0x8030be88	16	0	FMRaceSimulator
0x802a1ff4	4	1	_renderFlags
0x80122c4c	28	2	PitActionIsActive__Fv
0x8012289c	64	2	PitActionDraw__Fv
0x80132fb8	32	2	PollProcessActiveRequests__Fv
0x80200fc0	248	2	TrashFlushFrame
0x801021e4	56	2	LLCarObjResetATexHiPri__Fv
0x8020449c	8	2	VptSetCurrentViewport
0x8010221c	56	2	LLCarObjAddATexHiPri__FP5Car_t
0x80115f5c	20	2	GeomInstRenderBindFadeDistScales__FPfUi
0x8010331c	500	2	LLCarLODUpdate__Fv
0x801012d0	104	2	LLCarObjPreSyncSetup__Fv
0x80101338	36	2	LLCarObjPostSyncSetup__Fv
0x80106ec0	152	2	LLFogEnable__FUc
0x801fbe54	12	2	TMRenderSetVptMask
0x80136ee4	1320	2	LLRearViewMirrorClearVpt__Fv
0x80104a94	88	2	LLTrackObjGetFadeDistScale__F18LLTrackObjVptFadeE
0x801fbe60	24	2	TMRenderBindCameraInfo
0x8031669c	80	0	Light_CurParms
0x8010752c	164	2	LLSkyObjDrawVpt__FUi
0x80104568	124	2	LLTrackObjProcessVpt__FUi
0x801045e4	252	2	LLTrackObjRenderBegin__Fv
0x801046e0	92	2	LLTrackObjRenderSurface__Fv
0x8010473c	168	2	LLTrackObjRenderSurfaceZBias__Fv
0x801049d0	72	2	LLTrackObjRenderEnd__Fv
0x8010839c	1144	2	LLSkidRenderMarks__Fv
0x801261f8	212	2	IBLRender__Fv
0x80125780	116	2	DMSdwRender__Fv
0x8010fe00	56	2	CarSdwDrawAll__Fv
0x801047e4	232	2	LLTrackObjRenderObjects__Fv
0x80108814	1088	2	LLScuffRenderMarks__Fv
0x800fd34c	32	2	CarObjRenderAll__Fv
0x8014f6b4	712	2	SZBlockArrowDrawAll__Fv
0x801048cc	260	2	LLTrackObjRenderAlpha__Fv
0x801324f4	516	2	PaceCarUpdateLights__Fv
0x802a6fd8	4	1	_10CarLightsC.s_pInstance
0x80132a6c	76	2	Update__10CarLightsC
0x80136c70	620	2	LLTracklightRender__Fv
0x80132050	32	2	OpticsDrawEffects__FUii
0x80132070	32	2	OpticsDrawEffects_RearView__FUii
0x8010b440	112	2	ParticlesDrawAll__Fi
0x80101478	4	2	LLCarObjPostDraw__Fv
0x80110a48	632	2	LLShimmerRender__Fv
0x800e7b98	220	2	GaugesMgr_Process__Fv
0x80110764	508	2	LLMotBlurDraw__Fv
0x800e0b7c	48	2	TransitionDraw__Fv
0x80101408	76	2	LLCarObjVicLanePreSyncSetup__Fv
0x80101454	36	2	LLCarObjVicLanePostSyncSetup__Fv
0x80154604	68	2	VictoryLaneDraw__Fv
0x801549c8	48	2	VictoryLaneIsCarVisible__Fv
0x800fd36c	32	2	CarObjVicLaneRenderAll__Fv
0x800afc68	12	2	GSGetGroupName__C12FGQuickRaceC
0x800afc74	12	2	GSGetStageList__C12FGQuickRaceC
0x800afc80	12	2	GSGetTransitionList__C12FGQuickRaceC
0x800afc8c	68	2	GSGetStageModuleList__C12FGQuickRaceCi
0x800afcd0	56	2	GSProcess__12FGQuickRaceC
0x800afd08	8	2	GSTransition__12FGQuickRaceCii
0x802574cc	32	2	_._12FGQuickRaceC
0x8030c150	16	0	FMStatMgr
0x8030c160	16	0	FMStylePointMonitor
0x8030be38	16	0	FMQuickRace
0x800afd10	12	2	GSGetGroupName__C9FGSeasonC
0x800afd1c	12	2	GSGetStageList__C9FGSeasonC
0x800afd28	12	2	GSGetTransitionList__C9FGSeasonC
0x800afd34	120	2	GSGetStageModuleList__C9FGSeasonCi
0x800afdac	108	2	GSProcess__9FGSeasonC
0x800afe18	64	2	GSTransition__9FGSeasonCii
0x802574ec	32	2	_._9FGSeasonC
0x8030bf1c	16	0	FMSeason
0x800afe58	12	2	GSGetGroupName__C13FGMemoryCardC
0x800afe64	12	2	GSGetStageList__C13FGMemoryCardC
0x800afe70	12	2	GSGetTransitionList__C13FGMemoryCardC
0x800afe7c	12	2	GSGetStageModuleList__C13FGMemoryCardCi
0x800afe9c	224	2	MemoryCardStartGroup__Fv
0x800b01f0	44	2	MemoryCardSetAltTitle__FPc
0x800aff7c	116	2	MemoryCardStopGroup__Fv
0x800afff0	52	2	MemoryCardEnablePolling__FUc
0x800b0024	148	2	MemoryCardSetPollingType__Fi
0x800b01c4	44	2	MemoryCardSetLastAction__FPc
0x800b021c	244	2	ngMemoryCardProbe__Fi
0x800b0310	6028	2	GSProcess__13FGMemoryCardC
0x800b1a9c	48	2	GSTransition__13FGMemoryCardCii
0x800b1acc	12	2	MemoryCardProbedOnce__Fv
0x8025750c	32	2	_._13FGMemoryCardC
0x80127a24	12	2	SeasonMgrIsActive__Fv
0x801b32e4	12	2	ChecksumCRC32QueryType
0x801cd9fc	1264	2	MemCAsyncPoll
0x801cc794	292	2	MemCAsyncProbe
0x801cc924	144	2	MemCAsyncMount
0x801cca08	40	2	MemCAsyncMountAlt
0x801cca30	136	2	MemCAsyncCheck
0x801ccab8	104	2	MemCAsyncGetFreeSpace
0x801ccb20	104	2	MemCAsyncGetFreeEntries
0x801ccd78	716	2	MemCAsyncOpen
0x801cd294	156	2	MemCAsyncClose
0x801cd1a8	236	2	MemCAsyncFlush
0x801cd330	312	2	MemCAsyncDelete
0x801cc8b8	108	2	MemCAsyncFormat
0x800b1ad8	12	2	GSGetGroupName__C12FGLightningC
0x800b1ae4	12	2	GSGetStageList__C12FGLightningC
0x800b1af0	12	2	GSGetTransitionList__C12FGLightningC
0x800b1afc	88	2	GSGetStageModuleList__C12FGLightningCi
0x800b1b54	352	2	GSProcess__12FGLightningC
0x800b1cb4	8	2	GSTransition__12FGLightningCii
0x8025752c	32	2	_._12FGLightningC
0x8013fa6c	184	2	ScenarioStartExitTimer__Fv
0x8013fb24	168	2	ScenarioTransition__Fv
0x8010385c	12	2	TrkObjSetDynStretch__FUc
0x8030bc30	16	0	FMLightning
0x800b1cbc	12	2	GSGetGroupName__C14FGVictoryLaneC
0x800b1cc8	12	2	GSGetStageList__C14FGVictoryLaneC
0x800b1cd4	12	2	GSGetTransitionList__C14FGVictoryLaneC
0x800b1ce0	36	2	GSGetStageModuleList__C14FGVictoryLaneCi
0x800b1d04	176	2	GSProcess__14FGVictoryLaneC
0x800b1db4	64	2	GSTransition__14FGVictoryLaneCii
0x8025754c	32	2	_._14FGVictoryLaneC
0x80154260	496	2	VictoryLaneProcess__Fi
0x80154450	228	2	VictoryLaneEndCreditsProcess__Fi
0x80154648	56	2	VictoryLaneCleanup__Fv
0x8030ba2c	16	0	FMAnimVictoryLane
0x8030c0e0	16	0	FMSoundSwapPreRace
0x8030c240	16	0	FMVictoryLane
0x800b1df4	12	2	GSGetGroupName__C11FGPrologueC
0x800b1e00	12	2	GSGetStageList__C11FGPrologueC
0x800b1e0c	12	2	GSGetTransitionList__C11FGPrologueC
0x800b1e18	72	2	GSGetStageModuleList__C11FGPrologueCi
0x800b1e60	308	2	GSProcess__11FGPrologueC
0x800b1f94	344	2	GSTransition__11FGPrologueCii
0x8025756c	32	2	_._11FGPrologueC
0x800d32d4	12	2	MsgPrologueGetStartedFrom__Fv
0x8012aebc	244	2	AgentAddHelpMessage__Fi
0x800b20ec	12	2	GSGetDependencyList__C13FlowModuleAIC
0x800b20f8	8	2	GSGetAntiDependencyList__C13FlowModuleAIC
0x800b2100	12	2	GSGetModuleName__C13FlowModuleAIC
0x800b210c	36	2	GSStart__13FlowModuleAIC
0x800b2130	36	2	GSStop__13FlowModuleAIC
0x802bbdf8	96	1	_vt.13FlowModuleAIC
0x8025758c	32	2	_._13FlowModuleAIC
0x8030b9e4	16	0	FMAISpeeds
0x800b2218	12	2	GSGetDependencyList__C19FlowModuleAISpeedsC
0x800b2224	8	2	GSGetAntiDependencyList__C19FlowModuleAISpeedsC
0x800b222c	12	2	GSGetModuleName__C19FlowModuleAISpeedsC
0x800b2238	36	2	GSStart__19FlowModuleAISpeedsC
0x800b225c	36	2	GSStop__19FlowModuleAISpeedsC
0x802bbe58	96	1	_vt.19FlowModuleAISpeedsC
0x802575ac	32	2	_._19FlowModuleAISpeedsC
0x802a2038	36	1	_NMAnim_DynBufferDef
0x800b2344	12	2	GSGetDependencyList__C15FlowModuleAnimC
0x800b2350	8	2	GSGetAntiDependencyList__C15FlowModuleAnimC
0x800b2358	12	2	GSGetModuleName__C15FlowModuleAnimC
0x800b2364	292	2	GSStart__15FlowModuleAnimC
0x8030ba04	24	0	_NMAnim_FileSetup
0x800b2488	56	2	GSStop__15FlowModuleAnimC
0x802bbeb8	96	1	_vt.15FlowModuleAnimC
0x802575cc	32	2	_._15FlowModuleAnimC
0x80154b20	216	2	VictoryLaneAnimInit__Fv
0x80156630	72	2	AutographAnimInit__Fv
0x8011dbfc	64	2	AnimExtnRelocateFile__FP16AnimFileFormat_t
0x8011dc44	200	2	AnimIntfSetupForGame__FPcP15AnimFileSetup_tPFPvUsUi_UcT2PFP16AnimFileFormat_t_v
0x8011dd7c	88	2	AnimIntfLoadStandard__Fv
0x801241d0	180	2	AnmsInit__FUcPi
0x8011ddd4	88	2	AnimIntfUnloadAll__Fv
0x801242f0	180	2	AnmsShutdown__Fv
0x8011dd0c	112	2	AnimIntfShutdownAfterGame__Fv
0x8030bf9c	16	0	FMSharedMemAnimSound
0x800b2584	12	2	GSGetDependencyList__C18FlowModuleAnimCamC
0x800b2590	8	2	GSGetAntiDependencyList__C18FlowModuleAnimCamC
0x800b2598	12	2	GSGetModuleName__C18FlowModuleAnimCamC
0x800b25a4	48	2	GSStart__18FlowModuleAnimCamC
0x800b25d4	48	2	GSStop__18FlowModuleAnimCamC
0x802bbf18	96	1	_vt.18FlowModuleAnimCamC
0x802575ec	32	2	_._18FlowModuleAnimCamC
0x80124b08	344	2	AnimCamInit__Fv
0x80124c60	84	2	AnimCamShutdown__Fv
0x800b26c8	12	2	GSGetDependencyList__C26FlowModuleAnimVictoryLaneC
0x800b26d4	8	2	GSGetAntiDependencyList__C26FlowModuleAnimVictoryLaneC
0x800b26dc	12	2	GSGetModuleName__C26FlowModuleAnimVictoryLaneC
0x800b26e8	8	2	GSStart__26FlowModuleAnimVictoryLaneC
0x800b26f0	8	2	GSStop__26FlowModuleAnimVictoryLaneC
0x802bbf78	96	1	_vt.26FlowModuleAnimVictoryLaneC
0x8025760c	32	2	_._26FlowModuleAnimVictoryLaneC
0x800b27bc	12	2	GSGetDependencyList__C21FlowModuleBodyDamageC
0x800b27c8	8	2	GSGetAntiDependencyList__C21FlowModuleBodyDamageC
0x800b27d0	12	2	GSGetModuleName__C21FlowModuleBodyDamageC
0x800b27dc	36	2	GSStart__21FlowModuleBodyDamageC
0x800b2800	36	2	GSStop__21FlowModuleBodyDamageC
0x802bbfd8	96	1	_vt.21FlowModuleBodyDamageC
0x8025762c	32	2	_._21FlowModuleBodyDamageC
0x800b28e8	12	2	GSGetDependencyList__C15FlowModuleBootC
0x800b28f4	12	2	GSGetAntiDependencyList__C15FlowModuleBootC
0x800b2900	12	2	GSGetModuleName__C15FlowModuleBootC
0x800b290c	52	2	GSStart__15FlowModuleBootC
0x800b2940	76	2	GSStop__15FlowModuleBootC
0x802bc038	96	1	_vt.15FlowModuleBootC
0x8025764c	32	2	_._15FlowModuleBootC
0x800b2a50	12	2	GSGetDependencyList__C17FlowModuleCameraC
0x800b2a5c	8	2	GSGetAntiDependencyList__C17FlowModuleCameraC
0x800b2a64	12	2	GSGetModuleName__C17FlowModuleCameraC
0x800b2a70	84	2	GSStart__17FlowModuleCameraC
0x800b2ac4	36	2	GSStop__17FlowModuleCameraC
0x802bc098	96	1	_vt.17FlowModuleCameraC
0x8025766c	32	2	_._17FlowModuleCameraC
0x801be01c	16	2	DSSetAlignment
0x801bb9a8	192	2	CamInit
0x801bba68	88	2	CamShutdown
0x800b2bac	12	2	GSGetDependencyList__C17FlowModuleCareerC
0x800b2bb8	8	2	GSGetAntiDependencyList__C17FlowModuleCareerC
0x800b2bc0	12	2	GSGetModuleName__C17FlowModuleCareerC
0x800b2bcc	60	2	GSStart__17FlowModuleCareerC
0x800b2c08	80	2	GSStop__17FlowModuleCareerC
0x802bc0f8	96	1	_vt.17FlowModuleCareerC
0x8025768c	32	2	_._17FlowModuleCareerC
0x80128480	524	2	SeasonMgrInit__F14SeasonMgrModeE
0x801292d8	208	2	CareerMgrInit__Fv
0x800efa14	396	2	CustomCarMemFEUnLoadAllTexs__F9PlayerIdE
0x801293a8	56	2	CareerMgrShutdown__Fv
0x80128704	88	2	SeasonMgrShutdown__Fv
0x800b2d1c	12	2	GSGetDependencyList__C22FlowModuleCarResourceC
0x800b2d28	12	2	GSGetAntiDependencyList__C22FlowModuleCarResourceC
0x800b2d34	12	2	GSGetModuleName__C22FlowModuleCarResourceC
0x800b2d40	40	2	GSStart__22FlowModuleCarResourceC
0x800b2d68	40	2	GSStop__22FlowModuleCarResourceC
0x802bc158	96	1	_vt.22FlowModuleCarResourceC
0x802576ac	32	2	_._22FlowModuleCarResourceC
0x800b2e54	12	2	GSGetDependencyList__C24FlowModuleCarResourceFEC
0x800b2e60	12	2	GSGetAntiDependencyList__C24FlowModuleCarResourceFEC
0x800b2e6c	12	2	GSGetModuleName__C24FlowModuleCarResourceFEC
0x800b2e78	56	2	GSStart__24FlowModuleCarResourceFEC
0x800b2eb0	56	2	GSStop__24FlowModuleCarResourceFEC
0x802bc1b8	96	1	_vt.24FlowModuleCarResourceFEC
0x802576cc	32	2	_._24FlowModuleCarResourceFEC
0x800e0274	140	2	CarPartsResMgrInit__Fv
0x800e6d24	60	2	Create__13FECarSkinMgrC
0x800e6d60	68	2	Destroy__13FECarSkinMgrC
0x800e0300	96	2	CarPartsResMgrShutdown__Fv
0x800b2fac	12	2	GSGetDependencyList__C20FlowModuleCarShadowC
0x800b2fb8	8	2	GSGetAntiDependencyList__C20FlowModuleCarShadowC
0x800b2fc0	12	2	GSGetModuleName__C20FlowModuleCarShadowC
0x800b2fcc	64	2	GSStart__20FlowModuleCarShadowC
0x800b300c	36	2	GSStop__20FlowModuleCarShadowC
0x802bc218	96	1	_vt.20FlowModuleCarShadowC
0x802576ec	32	2	_._20FlowModuleCarShadowC
0x8010fe38	112	2	CarSdwInit__F7SeriesE9CarModelE
0x8010fea8	84	2	CarSdwShutdown__Fv
0x800b30f4	12	2	GSGetDependencyList__C22FlowModuleCelebrationC
0x800b3100	12	2	GSGetAntiDependencyList__C22FlowModuleCelebrationC
0x800b310c	12	2	GSGetModuleName__C22FlowModuleCelebrationC
0x800b3118	36	2	GSStart__22FlowModuleCelebrationC
0x800b313c	36	2	GSStop__22FlowModuleCelebrationC
0x802bc278	96	1	_vt.22FlowModuleCelebrationC
0x8025770c	32	2	_._22FlowModuleCelebrationC
0x800b3224	12	2	GSGetDependencyList__C16FlowModuleChaseC
0x800b3230	8	2	GSGetAntiDependencyList__C16FlowModuleChaseC
0x800b3238	12	2	GSGetModuleName__C16FlowModuleChaseC
0x800b3244	40	2	GSStart__16FlowModuleChaseC
0x800b326c	44	2	GSStop__16FlowModuleChaseC
0x802bc2d8	96	1	_vt.16FlowModuleChaseC
0x8025772c	32	2	_._16FlowModuleChaseC
0x800b335c	12	2	GSGetDependencyList__C20FlowModuleCollisionC
0x800b3368	8	2	GSGetAntiDependencyList__C20FlowModuleCollisionC
0x800b3370	12	2	GSGetModuleName__C20FlowModuleCollisionC
0x800b337c	40	2	GSStart__20FlowModuleCollisionC
0x800b33a4	40	2	GSStop__20FlowModuleCollisionC
0x802bc338	96	1	_vt.20FlowModuleCollisionC
0x8025774c	32	2	_._20FlowModuleCollisionC
0x800b3490	12	2	GSGetDependencyList__C23FlowModuleCustomPitBnrC
0x800b349c	8	2	GSGetAntiDependencyList__C23FlowModuleCustomPitBnrC
0x800b34a4	12	2	GSGetModuleName__C23FlowModuleCustomPitBnrC
0x800b34b0	36	2	GSStart__23FlowModuleCustomPitBnrC
0x800b34d4	8	2	GSStop__23FlowModuleCustomPitBnrC
0x802bc398	96	1	_vt.23FlowModuleCustomPitBnrC
0x8025776c	32	2	_._23FlowModuleCustomPitBnrC
0x80103c98	48	2	PitBnrSetupCustomBanners__Fv
0x800b371c	68	2	nmDBDefaultWidescreen__Fv
0x800b3760	12	2	GSGetDependencyList__C13FlowModuleDBC
0x800b376c	8	2	GSGetAntiDependencyList__C13FlowModuleDBC
0x800b3774	12	2	GSGetModuleName__C13FlowModuleDBC
0x800b3780	172	2	GSStart__13FlowModuleDBC
0x800b382c	56	2	GSStop__13FlowModuleDBC
0x802bc3f8	96	1	_vt.13FlowModuleDBC
0x8025778c	32	2	_._13FlowModuleDBC
0x801c6864	12	2	GlibGetWidescreenMode
0x801e44a8	72	2	TDbSetDefaultInitParms
0x801f812c	140	2	TDbExtInit
0x801f8208	16	2	TDbExtMemSetOverrideHeapID
0x801e44f0	528	2	TDbInit
0x801e8014	816	2	TDbSQLInit
0x801e479c	396	2	TDbCreate
0x801e50f0	324	2	TDbTblDefaultDbPush
0x801e4928	296	2	TDbDestroy
0x801e8344	268	2	TDbSQLShutdown
0x801e4718	132	2	TDbShutdown
0x801f81b8	60	2	TDbExtShutdown
0x800b3928	12	2	GSGetDependencyList__C18FlowModuleDBConstC
0x800b3934	8	2	GSGetAntiDependencyList__C18FlowModuleDBConstC
0x800b393c	12	2	GSGetModuleName__C18FlowModuleDBConstC
0x800b3948	36	2	GSStart__18FlowModuleDBConstC
0x800b396c	36	2	GSStop__18FlowModuleDBConstC
0x802bc458	96	1	_vt.18FlowModuleDBConstC
0x802577ac	32	2	_._18FlowModuleDBConstC
0x800b3a54	12	2	GSGetDependencyList__C16FlowModuleDebugC
0x800b3a60	8	2	GSGetAntiDependencyList__C16FlowModuleDebugC
0x800b3a68	12	2	GSGetModuleName__C16FlowModuleDebugC
0x800b3a74	8	2	GSStart__16FlowModuleDebugC
0x800b3a7c	8	2	GSStop__16FlowModuleDebugC
0x802bc4b8	96	1	_vt.16FlowModuleDebugC
0x802577cc	32	2	_._16FlowModuleDebugC
0x8030bb0c	16	0	FMDebug
0x800b3b48	12	2	GSGetDependencyList__C21FlowModuleDemoCameraC
0x800b3b54	8	2	GSGetAntiDependencyList__C21FlowModuleDemoCameraC
0x800b3b5c	12	2	GSGetModuleName__C21FlowModuleDemoCameraC
0x800b3b68	36	2	GSStart__21FlowModuleDemoCameraC
0x800b3b8c	36	2	GSStop__21FlowModuleDemoCameraC
0x802bc518	96	1	_vt.21FlowModuleDemoCameraC
0x802577ec	32	2	_._21FlowModuleDemoCameraC
0x800b3c74	12	2	GSGetDependencyList__C27FlowModuleDemoCameraEnableC
0x800b3c80	8	2	GSGetAntiDependencyList__C27FlowModuleDemoCameraEnableC
0x800b3c88	12	2	GSGetModuleName__C27FlowModuleDemoCameraEnableC
0x800b3c94	132	2	GSStart__27FlowModuleDemoCameraEnableC
0x800b3d18	8	2	GSStop__27FlowModuleDemoCameraEnableC
0x802bc578	96	1	_vt.27FlowModuleDemoCameraEnableC
0x8025780c	32	2	_._27FlowModuleDemoCameraEnableC
0x800b3de4	12	2	GSGetDependencyList__C24FlowModuleDemoCameraVptC
0x800b3df0	12	2	GSGetAntiDependencyList__C24FlowModuleDemoCameraVptC
0x800b3dfc	12	2	GSGetModuleName__C24FlowModuleDemoCameraVptC
0x800b3e08	80	2	GSStart__24FlowModuleDemoCameraVptC
0x800b3e58	68	2	GSStop__24FlowModuleDemoCameraVptC
0x802bc5d8	96	1	_vt.24FlowModuleDemoCameraVptC
0x8025782c	32	2	_._24FlowModuleDemoCameraVptC
0x802042fc	120	2	VptClose
0x800b3f60	12	2	GSGetDependencyList__C19FlowModuleDMShadowC
0x800b3f6c	8	2	GSGetAntiDependencyList__C19FlowModuleDMShadowC
0x800b3f74	12	2	GSGetModuleName__C19FlowModuleDMShadowC
0x800b3f80	36	2	GSStart__19FlowModuleDMShadowC
0x800b3fa4	36	2	GSStop__19FlowModuleDMShadowC
0x802bc638	96	1	_vt.19FlowModuleDMShadowC
0x8025784c	32	2	_._19FlowModuleDMShadowC
0x8030bb50	16	0	FMDMShadow
0x801256b0	132	2	DMSdwInit__Fv
0x80125734	76	2	DMSdwShutdown__Fv
0x800b408c	12	2	GSGetDependencyList__C14FlowModuleEASC
0x800b4098	12	2	GSGetAntiDependencyList__C14FlowModuleEASC
0x800b40a4	12	2	GSGetModuleName__C14FlowModuleEASC
0x800b40b0	36	2	GSStart__14FlowModuleEASC
0x800b40d4	36	2	GSStop__14FlowModuleEASC
0x802bc698	96	1	_vt.14FlowModuleEASC
0x8025786c	32	2	_._14FlowModuleEASC
0x800dfbdc	112	2	UIListenerInit__Fv
0x800dfc4c	56	2	UIListenerShutdown__Fv
0x800b41bc	12	2	GSGetDependencyList__C28FlowModuleStylePointManagerC
0x800b41c8	8	2	GSGetAntiDependencyList__C28FlowModuleStylePointManagerC
0x800b41d0	12	2	GSGetModuleName__C28FlowModuleStylePointManagerC
0x800b41dc	40	2	GSStart__28FlowModuleStylePointManagerC
0x800b4204	40	2	GSStop__28FlowModuleStylePointManagerC
0x802bc6f8	96	1	_vt.28FlowModuleStylePointManagerC
0x8025788c	32	2	_._28FlowModuleStylePointManagerC
0x800b42f0	12	2	GSGetDependencyList__C25FlowModuleEffectResourceC
0x800b42fc	12	2	GSGetAntiDependencyList__C25FlowModuleEffectResourceC
0x800b4308	12	2	GSGetModuleName__C25FlowModuleEffectResourceC
0x800b4314	40	2	GSStart__25FlowModuleEffectResourceC
0x800b433c	40	2	GSStop__25FlowModuleEffectResourceC
0x802bc758	96	1	_vt.25FlowModuleEffectResourceC
0x802578ac	32	2	_._25FlowModuleEffectResourceC
0x800b4428	12	2	GSGetDependencyList__C17FlowModuleEnvMgrC
0x800b4434	8	2	GSGetAntiDependencyList__C17FlowModuleEnvMgrC
0x800b443c	12	2	GSGetModuleName__C17FlowModuleEnvMgrC
0x800b4448	36	2	GSStart__17FlowModuleEnvMgrC
0x800b446c	36	2	GSStop__17FlowModuleEnvMgrC
0x802bc7b8	96	1	_vt.17FlowModuleEnvMgrC
0x802578cc	32	2	_._17FlowModuleEnvMgrC
0x8013160c	104	2	EnvGameSetup__Fv
0x801314e4	76	2	EnvShutdown__Fv
0x800b4554	12	2	GSGetDependencyList__C21FlowModuleEventQueueC
0x800b4560	8	2	GSGetAntiDependencyList__C21FlowModuleEventQueueC
0x800b4568	12	2	GSGetModuleName__C21FlowModuleEventQueueC
0x800b4574	36	2	GSStart__21FlowModuleEventQueueC
0x800b4598	36	2	GSStop__21FlowModuleEventQueueC
0x802bc818	96	1	_vt.21FlowModuleEventQueueC
0x802578ec	32	2	_._21FlowModuleEventQueueC
0x8030bba0	16	0	FMEventQueue
0x800b4680	12	2	GSGetDependencyList__C20FlowModuleFileCacheC
0x800b468c	8	2	GSGetAntiDependencyList__C20FlowModuleFileCacheC
0x800b4694	12	2	GSGetModuleName__C20FlowModuleFileCacheC
0x800b46a0	40	2	GSStart__20FlowModuleFileCacheC
0x800b46c8	8	2	GSStop__20FlowModuleFileCacheC
0x802bc878	96	1	_vt.20FlowModuleFileCacheC
0x8025790c	32	2	_._20FlowModuleFileCacheC
0x800b4794	12	2	GSGetDependencyList__C27FlowModuleFileCacheProcessC
0x800b47a0	8	2	GSGetAntiDependencyList__C27FlowModuleFileCacheProcessC
0x800b47a8	12	2	GSGetModuleName__C27FlowModuleFileCacheProcessC
0x800b47b4	36	2	GSStart__27FlowModuleFileCacheProcessC
0x800b47d8	36	2	GSStop__27FlowModuleFileCacheProcessC
0x802bc8d8	96	1	_vt.27FlowModuleFileCacheProcessC
0x8025792c	32	2	_._27FlowModuleFileCacheProcessC
0x800b48c0	12	2	GSGetDependencyList__C15FlowModuleFontC
0x800b48cc	8	2	GSGetAntiDependencyList__C15FlowModuleFontC
0x800b48d4	12	2	GSGetModuleName__C15FlowModuleFontC
0x800b48e0	56	2	GSStart__15FlowModuleFontC
0x800b4918	36	2	GSStop__15FlowModuleFontC
0x802bc938	96	1	_vt.15FlowModuleFontC
0x8025794c	32	2	_._15FlowModuleFontC
0x801c496c	232	2	FontInit
0x801c3a60	92	2	FileInitErrorMessages
0x801c4a54	152	2	FontShutdown
0x800b4a00	12	2	GSGetDependencyList__C24FlowModuleForceFeedbackC
0x800b4a0c	8	2	GSGetAntiDependencyList__C24FlowModuleForceFeedbackC
0x800b4a14	12	2	GSGetModuleName__C24FlowModuleForceFeedbackC
0x800b4a20	48	2	GSStart__24FlowModuleForceFeedbackC
0x800b4a50	48	2	GSStop__24FlowModuleForceFeedbackC
0x802bc998	96	1	_vt.24FlowModuleForceFeedbackC
0x8025796c	32	2	_._24FlowModuleForceFeedbackC
0x801375fc	524	2	lgFFInit__Fv
0x80137808	308	2	lgFFShutdown__Fv
0x800b4b44	12	2	GSGetDependencyList__C22FlowModuleGameManagerC
0x800b4b50	12	2	GSGetAntiDependencyList__C22FlowModuleGameManagerC
0x800b4b5c	12	2	GSGetModuleName__C22FlowModuleGameManagerC
0x800b4b68	40	2	GSStart__22FlowModuleGameManagerC
0x800b4b90	36	2	GSStop__22FlowModuleGameManagerC
0x802bc9f8	96	1	_vt.22FlowModuleGameManagerC
0x8025798c	32	2	_._22FlowModuleGameManagerC
0x800b4c78	12	2	GSGetDependencyList__C21FlowModuleGlibRenderC
0x800b4c84	8	2	GSGetAntiDependencyList__C21FlowModuleGlibRenderC
0x800b4c8c	12	2	GSGetModuleName__C21FlowModuleGlibRenderC
0x800b4c98	36	2	GSStart__21FlowModuleGlibRenderC
0x800b4cbc	32	2	GSStop__21FlowModuleGlibRenderC
0x802bca58	96	1	_vt.21FlowModuleGlibRenderC
0x802579ac	32	2	_._21FlowModuleGlibRenderC
0x80138390	88	2	LLGlibRenderInit__FUi
0x801383e8	56	2	LLGlibRenderShutdown__Fv
0x800b4da0	12	2	GSGetDependencyList__C20FlowModuleHighlightC
0x800b4dac	12	2	GSGetAntiDependencyList__C20FlowModuleHighlightC
0x800b4db8	12	2	GSGetModuleName__C20FlowModuleHighlightC
0x800b4dc4	48	2	GSStart__20FlowModuleHighlightC
0x800b4df4	36	2	GSStop__20FlowModuleHighlightC
0x802bcab8	96	1	_vt.20FlowModuleHighlightC
0x802579cc	32	2	_._20FlowModuleHighlightC
0x800b4edc	12	2	GSGetDependencyList__C14FlowModuleIBLC
0x800b4ee8	8	2	GSGetAntiDependencyList__C14FlowModuleIBLC
0x800b4ef0	12	2	GSGetModuleName__C14FlowModuleIBLC
0x800b4efc	40	2	GSStart__14FlowModuleIBLC
0x800b4f24	36	2	GSStop__14FlowModuleIBLC
0x802bcb18	96	1	_vt.14FlowModuleIBLC
0x802579ec	32	2	_._14FlowModuleIBLC
0x80125ef8	596	2	IBLInit__Fv
0x8012614c	56	2	IBLShutdown__Fv
0x800b500c	12	2	GSGetModuleName__C20FlowModuleLightningC
0x800b5018	12	2	GSGetDependencyList__C20FlowModuleLightningC
0x800b5024	8	2	GSGetAntiDependencyList__C20FlowModuleLightningC
0x800b502c	44	2	GSStart__20FlowModuleLightningC
0x800b5058	36	2	GSStop__20FlowModuleLightningC
0x802bcb78	96	1	_vt.20FlowModuleLightningC
0x80257a0c	32	2	_._20FlowModuleLightningC
0x800b5140	12	2	GSGetDependencyList__C15FlowModuleLineC
0x800b514c	8	2	GSGetAntiDependencyList__C15FlowModuleLineC
0x800b5154	12	2	GSGetModuleName__C15FlowModuleLineC
0x800b5160	8	2	GSStart__15FlowModuleLineC
0x800b5168	8	2	GSStop__15FlowModuleLineC
0x802bcbd8	96	1	_vt.15FlowModuleLineC
0x80257a2c	32	2	_._15FlowModuleLineC
0x800b5234	12	2	GSGetDependencyList__C26FlowModuleLoadingColdbootC
0x800b5240	8	2	GSGetAntiDependencyList__C26FlowModuleLoadingColdbootC
0x800b5248	12	2	GSGetModuleName__C26FlowModuleLoadingColdbootC
0x800b5254	52	2	GSStart__26FlowModuleLoadingColdbootC
0x800b5288	48	2	GSStop__26FlowModuleLoadingColdbootC
0x802bcc38	96	1	_vt.26FlowModuleLoadingColdbootC
0x80257a4c	32	2	_._26FlowModuleLoadingColdbootC
0x800f0e68	556	2	LoadingBeginLoad__F17LoadingStateEnumT
0x800f11b8	196	2	LoadingEndLoad__Fv
0x800b537c	12	2	GSGetDependencyList__C22FlowModuleLoadingDemoC
0x800b5388	8	2	GSGetAntiDependencyList__C22FlowModuleLoadingDemoC
0x800b5390	12	2	GSGetModuleName__C22FlowModuleLoadingDemoC
0x800b539c	40	2	GSStart__22FlowModuleLoadingDemoC
0x800b53c4	36	2	GSStop__22FlowModuleLoadingDemoC
0x802bcc98	96	1	_vt.22FlowModuleLoadingDemoC
0x80257a6c	32	2	_._22FlowModuleLoadingDemoC
0x800b54ac	12	2	GSGetDependencyList__C26FlowModuleLoadingFrontendC
0x800b54b8	8	2	GSGetAntiDependencyList__C26FlowModuleLoadingFrontendC
0x800b54c0	12	2	GSGetModuleName__C26FlowModuleLoadingFrontendC
0x800b54cc	60	2	GSStart__26FlowModuleLoadingFrontendC
0x800b5508	56	2	GSStop__26FlowModuleLoadingFrontendC
0x802bccf8	96	1	_vt.26FlowModuleLoadingFrontendC
0x80257a8c	32	2	_._26FlowModuleLoadingFrontendC
0x800b5604	12	2	GSGetDependencyList__C24FlowModuleLoadingIngameC
0x800b5610	8	2	GSGetAntiDependencyList__C24FlowModuleLoadingIngameC
0x800b5618	12	2	GSGetModuleName__C24FlowModuleLoadingIngameC
0x800b5624	52	2	GSStart__24FlowModuleLoadingIngameC
0x800b5658	48	2	GSStop__24FlowModuleLoadingIngameC
0x802bcd58	96	1	_vt.24FlowModuleLoadingIngameC
0x80257aac	32	2	_._24FlowModuleLoadingIngameC
0x800b574c	12	2	GSGetDependencyList__C21FlowModuleLogicalCarC
0x800b5758	8	2	GSGetAntiDependencyList__C21FlowModuleLogicalCarC
0x800b5760	12	2	GSGetModuleName__C21FlowModuleLogicalCarC
0x800b576c	48	2	GSStart__21FlowModuleLogicalCarC
0x800b579c	48	2	GSStop__21FlowModuleLogicalCarC
0x802bcdb8	96	1	_vt.21FlowModuleLogicalCarC
0x80257acc	32	2	_._21FlowModuleLogicalCarC
0x800b58d0	12	2	GSGetDependencyList__C21FlowModuleLogicalPitC
0x800b58dc	8	2	GSGetAntiDependencyList__C21FlowModuleLogicalPitC
0x800b58e4	12	2	GSGetModuleName__C21FlowModuleLogicalPitC
0x800b58f0	92	2	GSStart__21FlowModuleLogicalPitC
0x800b594c	104	2	GSStop__21FlowModuleLogicalPitC
0x802bce18	96	1	_vt.21FlowModuleLogicalPitC
0x80257aec	32	2	_._21FlowModuleLogicalPitC
0x800b5a78	12	2	GSGetDependencyList__C23FlowModuleLogicalTrackC
0x800b5a84	8	2	GSGetAntiDependencyList__C23FlowModuleLogicalTrackC
0x800b5a8c	12	2	GSGetModuleName__C23FlowModuleLogicalTrackC
0x800b5a98	64	2	GSStart__23FlowModuleLogicalTrackC
0x800b5ad8	64	2	GSStop__23FlowModuleLogicalTrackC
0x802bce78	96	1	_vt.23FlowModuleLogicalTrackC
0x80257b0c	32	2	_._23FlowModuleLogicalTrackC
0x800b5bdc	12	2	GSGetDependencyList__C20FlowModuleMarketingC
0x800b5be8	12	2	GSGetAntiDependencyList__C20FlowModuleMarketingC
0x800b5bf4	12	2	GSGetModuleName__C20FlowModuleMarketingC
0x800b5c00	40	2	GSStart__20FlowModuleMarketingC
0x800b5c28	36	2	GSStop__20FlowModuleMarketingC
0x802bced8	96	1	_vt.20FlowModuleMarketingC
0x80257b2c	32	2	_._20FlowModuleMarketingC
0x800b5d10	12	2	GSGetDependencyList__C16FlowModuleMarksC
0x800b5d1c	8	2	GSGetAntiDependencyList__C16FlowModuleMarksC
0x800b5d24	12	2	GSGetModuleName__C16FlowModuleMarksC
0x800b5d30	40	2	GSStart__16FlowModuleMarksC
0x800b5d58	40	2	GSStop__16FlowModuleMarksC
0x802bcf38	96	1	_vt.16FlowModuleMarksC
0x80257b4c	32	2	_._16FlowModuleMarksC
0x800b5e44	12	2	GSGetDependencyList__C15FlowModuleMathC
0x800b5e50	8	2	GSGetAntiDependencyList__C15FlowModuleMathC
0x800b5e58	12	2	GSGetModuleName__C15FlowModuleMathC
0x800b5e64	36	2	GSStart__15FlowModuleMathC
0x800b5e88	36	2	GSStop__15FlowModuleMathC
0x802bcf98	96	1	_vt.15FlowModuleMathC
0x80257b6c	32	2	_._15FlowModuleMathC
0x801c6bf4	88	2	MathInit
0x801c6c4c	80	2	MathShutdown
0x800b5f70	12	2	GSGetDependencyList__C17FlowModuleMatrixC
0x800b5f7c	8	2	GSGetAntiDependencyList__C17FlowModuleMatrixC
0x800b5f84	12	2	GSGetModuleName__C17FlowModuleMatrixC
0x800b5f90	72	2	GSStart__17FlowModuleMatrixC
0x800b5fd8	44	2	GSStop__17FlowModuleMatrixC
0x802bcff8	96	1	_vt.17FlowModuleMatrixC
0x80257b8c	32	2	_._17FlowModuleMatrixC
0x801c7ce0	184	2	MatInit
0x801c7e3c	128	2	MatNewStack
0x801c7ebc	96	2	MatDelStack
0x801c7d98	164	2	MatShutdown
0x800b60c8	12	2	GSGetDependencyList__C21FlowModuleMemoryCardC
0x800b60d4	8	2	GSGetAntiDependencyList__C21FlowModuleMemoryCardC
0x800b60dc	12	2	GSGetModuleName__C21FlowModuleMemoryCardC
0x800b60e8	52	2	GSStart__21FlowModuleMemoryCardC
0x800b611c	40	2	GSStop__21FlowModuleMemoryCardC
0x802bd058	96	1	_vt.21FlowModuleMemoryCardC
0x80257bac	32	2	_._21FlowModuleMemoryCardC
0x801cc440	120	2	MemCInit
0x801cdeec	8	2	MemCSetDeviceChangeCallback
0x801cc4b8	108	2	MemCShutdown
0x800b6208	12	2	GSGetDependencyList__C27FlowModuleMemoryCardNascarC
0x800b6214	12	2	GSGetAntiDependencyList__C27FlowModuleMemoryCardNascarC
0x800b6220	12	2	GSGetModuleName__C27FlowModuleMemoryCardNascarC
0x800b622c	60	2	GSStart__27FlowModuleMemoryCardNascarC
0x800b6268	36	2	GSStop__27FlowModuleMemoryCardNascarC
0x802bd0b8	96	1	_vt.27FlowModuleMemoryCardNascarC
0x80257bcc	32	2	_._27FlowModuleMemoryCardNascarC
0x800b6350	12	2	GSGetDependencyList__C21FlowModuleMotionBlurC
0x800b635c	8	2	GSGetAntiDependencyList__C21FlowModuleMotionBlurC
0x800b6364	12	2	GSGetModuleName__C21FlowModuleMotionBlurC
0x800b6370	36	2	GSStart__21FlowModuleMotionBlurC
0x800b6394	36	2	GSStop__21FlowModuleMotionBlurC
0x802bd118	96	1	_vt.21FlowModuleMotionBlurC
0x80257bec	32	2	_._21FlowModuleMotionBlurC
0x801106a0	168	2	LLMotBlurInit__Fv
0x80110748	28	2	LLMotBlurShutdown__Fv
0x800b647c	12	2	GSGetDependencyList__C24FlowModuleBakingFactoryC
0x800b6488	8	2	GSGetAntiDependencyList__C24FlowModuleBakingFactoryC
0x800b6490	12	2	GSGetModuleName__C24FlowModuleBakingFactoryC
0x800b649c	36	2	GSStart__24FlowModuleBakingFactoryC
0x800b64c0	36	2	GSStop__24FlowModuleBakingFactoryC
0x802bd178	96	1	_vt.24FlowModuleBakingFactoryC
0x80257c0c	32	2	_._24FlowModuleBakingFactoryC
0x800f4ca0	60	2	Init__14BakingFactoryC
0x800f4cdc	68	2	Shutdown__14BakingFactoryC
0x800b65a8	12	2	GSGetDependencyList__C20FlowModuleMotionObjC
0x800b65b4	8	2	GSGetAntiDependencyList__C20FlowModuleMotionObjC
0x800b65bc	12	2	GSGetModuleName__C20FlowModuleMotionObjC
0x800b65c8	36	2	GSStart__20FlowModuleMotionObjC
0x800b65ec	36	2	GSStop__20FlowModuleMotionObjC
0x802bd1d8	96	1	_vt.20FlowModuleMotionObjC
0x80257c2c	32	2	_._20FlowModuleMotionObjC
0x8011e5c8	72	2	LLMotObjInit__Fv
0x8011e610	48	2	LLMotObjShutdown__Fv
0x800b66d4	12	2	GSGetDependencyList__C16FlowModuleMusicC
0x800b66e0	8	2	GSGetAntiDependencyList__C16FlowModuleMusicC
0x800b66e8	12	2	GSGetModuleName__C16FlowModuleMusicC
0x800b66f4	56	2	GSStart__16FlowModuleMusicC
0x800b672c	36	2	GSStop__16FlowModuleMusicC
0x802bd238	96	1	_vt.16FlowModuleMusicC
0x80257c4c	32	2	_._16FlowModuleMusicC
0x800e0bc4	24	2	EATraxInit__FUc
0x800e0bdc	24	2	EATraxShutdown__Fv
0x800b6814	12	2	GSGetDependencyList__C17FlowModuleObjectC
0x800b6820	8	2	GSGetAntiDependencyList__C17FlowModuleObjectC
0x800b6828	12	2	GSGetModuleName__C17FlowModuleObjectC
0x800b6834	40	2	GSStart__17FlowModuleObjectC
0x800b685c	36	2	GSStop__17FlowModuleObjectC
0x802bd298	96	1	_vt.17FlowModuleObjectC
0x80257c6c	32	2	_._17FlowModuleObjectC
0x801d2154	84	2	ObjInit
0x801d21a8	68	2	ObjShutdown
0x800b6944	12	2	GSGetDependencyList__C23FlowModuleOscilloscopeC
0x800b6950	8	2	GSGetAntiDependencyList__C23FlowModuleOscilloscopeC
0x800b6958	12	2	GSGetModuleName__C23FlowModuleOscilloscopeC
0x800b6964	36	2	GSStart__23FlowModuleOscilloscopeC
0x800b6988	36	2	GSStop__23FlowModuleOscilloscopeC
0x802bd2f8	96	1	_vt.23FlowModuleOscilloscopeC
0x80257c8c	32	2	_._23FlowModuleOscilloscopeC
0x800b6a70	12	2	GSGetDependencyList__C22FlowModuleParticleSysC
0x800b6a7c	8	2	GSGetAntiDependencyList__C22FlowModuleParticleSysC
0x800b6a84	12	2	GSGetModuleName__C22FlowModuleParticleSysC
0x800b6a90	80	2	GSStart__22FlowModuleParticleSysC
0x800b6ae0	48	2	GSStop__22FlowModuleParticleSysC
0x802bd358	96	1	_vt.22FlowModuleParticleSysC
0x80257cac	32	2	_._22FlowModuleParticleSysC
0x8010af0c	480	2	ParticlesInit__FUi
0x8010df50	124	2	SparksInit__Fv
0x8010baac	32	2	FlameTrailInit__Fv
0x8010bacc	32	2	FlameTrailShutdown__Fv
0x8010dfcc	80	2	SparksShutdown__Fv
0x8010b0ec	128	2	ParticlesShutdown__Fv
0x800b6bd4	12	2	GSGetDependencyList__C21FlowModulePeripheralC
0x800b6be0	8	2	GSGetAntiDependencyList__C21FlowModulePeripheralC
0x800b6be8	12	2	GSGetModuleName__C21FlowModulePeripheralC
0x800b6bf4	216	2	GSStart__21FlowModulePeripheralC
0x800b6ccc	56	2	GSStop__21FlowModulePeripheralC
0x802bd3b8	96	1	_vt.21FlowModulePeripheralC
0x80257ccc	32	2	_._21FlowModulePeripheralC
0x80162d54	156	2	LGInit
0x801d6134	196	2	PerInit
0x801d810c	228	2	RemapInit
0x801bcbe4	376	2	ConInit
0x80138638	96	2	RumbleInit__Fv
0x80138698	136	2	RumbleShutdown__Fv
0x801bcd5c	128	2	ConShutdown
0x801d81f0	124	2	RemapShutdown
0x801d61f8	124	2	PerShutdown
0x802b006c	20	1	PerDriver_LGWheelDriver
0x802b0058	20	1	PerDriver_JoyDriver
0x800b6f18	12	2	GSGetDependencyList__C17FlowModulePitBnrC
0x800b6f24	8	2	GSGetAntiDependencyList__C17FlowModulePitBnrC
0x800b6f2c	12	2	GSGetModuleName__C17FlowModulePitBnrC
0x800b6f38	40	2	GSStart__17FlowModulePitBnrC
0x800b6f60	8	2	GSStop__17FlowModulePitBnrC
0x802bd418	96	1	_vt.17FlowModulePitBnrC
0x80257cec	32	2	_._17FlowModulePitBnrC
0x80104b88	144	2	LLTrackObj_TurnOnPits_Range__FUiUi
0x80104af8	144	2	LLTrackObj_TurnOffPits_Range__FUiUi
0x80103c68	48	2	PitBnrPatch__Fv
0x800b702c	12	2	GSGetDependencyList__C18FlowModulePitCrewC
0x800b7038	8	2	GSGetAntiDependencyList__C18FlowModulePitCrewC
0x800b7040	12	2	GSGetModuleName__C18FlowModulePitCrewC
0x800b704c	428	2	GSStart__18FlowModulePitCrewC
0x800b71f8	132	2	GSStop__18FlowModulePitCrewC
0x802bd478	96	1	_vt.18FlowModulePitCrewC
0x80257d0c	32	2	_._18FlowModulePitCrewC
0x802a69d0	4	1	pPitActionList
0x801d22d0	216	2	ObjNewList
0x80120674	236	2	PitCrewAddObjType__FPvP17MotObjColorInfo_t
0x80121208	264	2	PropAddObjType__FPvP17MotObjColorInfo_t
0x80121c1c	536	2	PitActionInit__Fv
0x8011e7f8	4	2	LLMotObjPitPlatformDepPostInit__Fv
0x80121e34	56	2	PitActionShutdown__Fv
0x801d23c8	88	2	ObjDelList
0x80120760	40	2	PitCrewDelObjType__Fv
0x80121310	40	2	PropDelObjType__Fv
0x8011e7fc	4	2	LLMotObjPitPlatformDepShutdown__Fv
0x800b7340	12	2	GSGetDependencyList__C22FlowModulePitOfficialC
0x800b734c	8	2	GSGetAntiDependencyList__C22FlowModulePitOfficialC
0x800b7354	12	2	GSGetModuleName__C22FlowModulePitOfficialC
0x800b7360	8	2	GSStart__22FlowModulePitOfficialC
0x800b7368	8	2	GSStop__22FlowModulePitOfficialC
0x802bd4d8	96	1	_vt.22FlowModulePitOfficialC
0x80257d2c	32	2	_._22FlowModulePitOfficialC
0x800b7434	12	2	GSGetDependencyList__C21FlowModulePitManagerC
0x800b7440	8	2	GSGetAntiDependencyList__C21FlowModulePitManagerC
0x800b7448	12	2	GSGetModuleName__C21FlowModulePitManagerC
0x800b7454	36	2	GSStart__21FlowModulePitManagerC
0x800b7478	36	2	GSStop__21FlowModulePitManagerC
0x802bd538	96	1	_vt.21FlowModulePitManagerC
0x80257d4c	32	2	_._21FlowModulePitManagerC
0x800b7560	12	2	GSGetDependencyList__C24FlowModulePlayerManagerC
0x800b756c	12	2	GSGetAntiDependencyList__C24FlowModulePlayerManagerC
0x800b7578	12	2	GSGetModuleName__C24FlowModulePlayerManagerC
0x800b7584	124	2	GSStart__24FlowModulePlayerManagerC
0x800b7600	36	2	GSStop__24FlowModulePlayerManagerC
0x802bd598	96	1	_vt.24FlowModulePlayerManagerC
0x80257d6c	32	2	_._24FlowModulePlayerManagerC
0x800b76e8	12	2	GSGetDependencyList__C18FlowModuleProfileC
0x800b76f4	8	2	GSGetAntiDependencyList__C18FlowModuleProfileC
0x800b76fc	12	2	GSGetModuleName__C18FlowModuleProfileC
0x800b7708	8	2	GSStart__18FlowModuleProfileC
0x800b7710	8	2	GSStop__18FlowModuleProfileC
0x802bd5f8	96	1	_vt.18FlowModuleProfileC
0x80257d8c	32	2	_._18FlowModuleProfileC
0x8030bdf8	16	0	FMProfile
0x800b77dc	12	2	GSGetDependencyList__C23FlowModuleQuickCautionC
0x800b77e8	12	2	GSGetAntiDependencyList__C23FlowModuleQuickCautionC
0x800b77f4	12	2	GSGetModuleName__C23FlowModuleQuickCautionC
0x800b7800	36	2	GSStart__23FlowModuleQuickCautionC
0x800b7824	36	2	GSStop__23FlowModuleQuickCautionC
0x802bd658	96	1	_vt.23FlowModuleQuickCautionC
0x80257dac	32	2	_._23FlowModuleQuickCautionC
0x800b790c	12	2	GSGetDependencyList__C28FlowModuleQuickloadFrontendC
0x800b7918	8	2	GSGetAntiDependencyList__C28FlowModuleQuickloadFrontendC
0x800b7920	12	2	GSGetModuleName__C28FlowModuleQuickloadFrontendC
0x800b792c	96	2	GSStart__28FlowModuleQuickloadFrontendC
0x800b798c	44	2	GSStop__28FlowModuleQuickloadFrontendC
0x802bd6b8	96	1	_vt.28FlowModuleQuickloadFrontendC
0x80257dcc	32	2	_._28FlowModuleQuickloadFrontendC
0x801dd1ac	16	2	ResSetMemFlags
0x801c2934	16	2	FileSetMemAllocFlags
0x801de708	128	2	ResQuickloadOpenDevice
0x801de788	140	2	ResQuickloadClose
0x800b7a7c	12	2	GSGetDependencyList__C26FlowModuleQuickloadInGameC
0x800b7a88	8	2	GSGetAntiDependencyList__C26FlowModuleQuickloadInGameC
0x800b7a90	12	2	GSGetModuleName__C26FlowModuleQuickloadInGameC
0x800b7a9c	8	2	GSStart__26FlowModuleQuickloadInGameC
0x800b7aa4	8	2	GSStop__26FlowModuleQuickloadInGameC
0x802bd718	96	1	_vt.26FlowModuleQuickloadInGameC
0x80257dec	32	2	_._26FlowModuleQuickloadInGameC
0x800b7b70	12	2	GSGetDependencyList__C20FlowModuleQuickRaceC
0x800b7b7c	8	2	GSGetAntiDependencyList__C20FlowModuleQuickRaceC
0x800b7b84	12	2	GSGetModuleName__C20FlowModuleQuickRaceC
0x800b7b90	64	2	GSStart__20FlowModuleQuickRaceC
0x800b7bd0	44	2	GSStop__20FlowModuleQuickRaceC
0x802bd778	96	1	_vt.20FlowModuleQuickRaceC
0x80257e0c	32	2	_._20FlowModuleQuickRaceC
0x800b7cc0	12	2	GSGetDependencyList__C28FlowModuleRaceManagerDebrisC
0x800b7ccc	8	2	GSGetAntiDependencyList__C28FlowModuleRaceManagerDebrisC
0x800b7cd4	12	2	GSGetModuleName__C28FlowModuleRaceManagerDebrisC
0x800b7ce0	36	2	GSStart__28FlowModuleRaceManagerDebrisC
0x800b7d04	36	2	GSStop__28FlowModuleRaceManagerDebrisC
0x802bd7d8	96	1	_vt.28FlowModuleRaceManagerDebrisC
0x80257e2c	32	2	_._28FlowModuleRaceManagerDebrisC
0x800b7dec	12	2	GSGetDependencyList__C31FlowModuleRaceManagerHighlightC
0x800b7df8	8	2	GSGetAntiDependencyList__C31FlowModuleRaceManagerHighlightC
0x800b7e00	12	2	GSGetModuleName__C31FlowModuleRaceManagerHighlightC
0x800b7e0c	116	2	GSStart__31FlowModuleRaceManagerHighlightC
0x800b7e80	124	2	GSStop__31FlowModuleRaceManagerHighlightC
0x802bd838	96	1	_vt.31FlowModuleRaceManagerHighlightC
0x80257e4c	32	2	_._31FlowModuleRaceManagerHighlightC
0x800b7fc0	12	2	GSGetDependencyList__C25FlowModuleRaceManagerSysC
0x800b7fcc	8	2	GSGetAntiDependencyList__C25FlowModuleRaceManagerSysC
0x800b7fd4	12	2	GSGetModuleName__C25FlowModuleRaceManagerSysC
0x800b7fe0	40	2	GSStart__25FlowModuleRaceManagerSysC
0x800b8008	48	2	GSStop__25FlowModuleRaceManagerSysC
0x802bd898	96	1	_vt.25FlowModuleRaceManagerSysC
0x80257e6c	32	2	_._25FlowModuleRaceManagerSysC
0x800b80fc	12	2	GSGetDependencyList__C22FlowModuleRaceMonitorC
0x800b8108	8	2	GSGetAntiDependencyList__C22FlowModuleRaceMonitorC
0x800b8110	12	2	GSGetModuleName__C22FlowModuleRaceMonitorC
0x800b811c	64	2	GSStart__22FlowModuleRaceMonitorC
0x800b815c	64	2	GSStop__22FlowModuleRaceMonitorC
0x802bd8f8	96	1	_vt.22FlowModuleRaceMonitorC
0x80257e8c	32	2	_._22FlowModuleRaceMonitorC
0x800fc770	64	2	Create__14RTIntervalMgrC
0x800fc7b0	68	2	Destroy__14RTIntervalMgrC
0x800b8260	12	2	GSGetDependencyList__C24FlowModuleRaceSimulatorC
0x800b826c	8	2	GSGetAntiDependencyList__C24FlowModuleRaceSimulatorC
0x800b8274	12	2	GSGetModuleName__C24FlowModuleRaceSimulatorC
0x800b8280	8	2	GSStart__24FlowModuleRaceSimulatorC
0x800b8288	8	2	GSStop__24FlowModuleRaceSimulatorC
0x802bd958	96	1	_vt.24FlowModuleRaceSimulatorC
0x80257eac	32	2	_._24FlowModuleRaceSimulatorC
0x800b8354	12	2	GSGetDependencyList__C15FlowModuleRandC
0x800b8360	8	2	GSGetAntiDependencyList__C15FlowModuleRandC
0x800b8368	12	2	GSGetModuleName__C15FlowModuleRandC
0x800b8374	52	2	GSStart__15FlowModuleRandC
0x800b83a8	36	2	GSStop__15FlowModuleRandC
0x802bd9b8	96	1	_vt.15FlowModuleRandC
0x80257ecc	32	2	_._15FlowModuleRandC
0x802a20b8	4	1	pRearViewport
0x800b8490	12	2	GSGetDependencyList__C18FlowModuleRaceVptC
0x800b849c	12	2	GSGetAntiDependencyList__C18FlowModuleRaceVptC
0x800b84a8	12	2	GSGetModuleName__C18FlowModuleRaceVptC
0x800b84b4	480	2	GSStart__18FlowModuleRaceVptC
0x8030bebc	16	0	pPlrViewport
0x800b8694	208	2	GSStop__18FlowModuleRaceVptC
0x802bda18	96	1	_vt.18FlowModuleRaceVptC
0x80257eec	32	2	_._18FlowModuleRaceVptC
0x800b8828	12	2	GSGetDependencyList__C20FlowModuleRenderCarC
0x800b8834	8	2	GSGetAntiDependencyList__C20FlowModuleRenderCarC
0x800b883c	12	2	GSGetModuleName__C20FlowModuleRenderCarC
0x800b8848	64	2	GSStart__20FlowModuleRenderCarC
0x800b8888	36	2	GSStop__20FlowModuleRenderCarC
0x802bda78	96	1	_vt.20FlowModuleRenderCarC
0x80257f0c	32	2	_._20FlowModuleRenderCarC
0x800fd298	100	2	CarObjInit__F7SeriesE9CarModelE
0x800fd320	44	2	CarObjShutdown__Fv
0x800b8970	12	2	GSGetDependencyList__C27FlowModuleRenderLogicalCarC
0x800b897c	8	2	GSGetAntiDependencyList__C27FlowModuleRenderLogicalCarC
0x800b8984	12	2	GSGetModuleName__C27FlowModuleRenderLogicalCarC
0x800b8990	36	2	GSStart__27FlowModuleRenderLogicalCarC
0x800b89b4	36	2	GSStop__27FlowModuleRenderLogicalCarC
0x802bdad8	96	1	_vt.27FlowModuleRenderLogicalCarC
0x80257f2c	32	2	_._27FlowModuleRenderLogicalCarC
0x800fd764	428	2	CarObjLogicalRenderInit__Fv
0x800fd910	160	2	CarObjLogicalRenderShutdown__Fv
0x800b8a9c	12	2	GSGetDependencyList__C20FlowModuleRenderSkyC
0x800b8aa8	8	2	GSGetAntiDependencyList__C20FlowModuleRenderSkyC
0x800b8ab0	12	2	GSGetModuleName__C20FlowModuleRenderSkyC
0x800b8abc	84	2	GSStart__20FlowModuleRenderSkyC
0x800b8b10	60	2	GSStop__20FlowModuleRenderSkyC
0x802bdb38	96	1	_vt.20FlowModuleRenderSkyC
0x80257f4c	32	2	_._20FlowModuleRenderSkyC
0x80132e44	152	2	PollInit__Fv
0x80131bc0	368	2	OpticsInit__FPv
0x80136844	156	2	CameraFlashInit__Fv
0x80106920	592	2	SkyObjAddObjType__Fv
0x801322f0	112	2	PaceLightsInit__Fv
0x80111374	800	2	TrackLightsInitOptics__Fv
0x80136b64	160	2	LLTracklightInstallTextures__Fv
0x80136c04	108	2	LLTracklightUninstallTextures__Fv
0x8011170c	96	2	TrackLightsShutdownOptics__Fv
0x801323b0	16	2	PaceLightsShutdown__Fv
0x80106b70	124	2	SkyObjDelObjType__Fv
0x801368e0	44	2	CameraFlashShutdown__Fv
0x80131d30	160	2	OpticsShutdown__Fv
0x80132edc	120	2	PollShutdown__Fv
0x800b8c10	12	2	GSGetDependencyList__C22FlowModuleRenderTrackC
0x800b8c1c	8	2	GSGetAntiDependencyList__C22FlowModuleRenderTrackC
0x800b8c24	12	2	GSGetModuleName__C22FlowModuleRenderTrackC
0x800b8c30	36	2	GSStart__22FlowModuleRenderTrackC
0x800b8c54	36	2	GSStop__22FlowModuleRenderTrackC
0x802bdb98	96	1	_vt.22FlowModuleRenderTrackC
0x80257f6c	32	2	_._22FlowModuleRenderTrackC
0x8010358c	96	2	TrackObjInit__Fv
0x801035ec	40	2	TrackObjShutdown__Fv
0x800b8d3c	12	2	GSGetDependencyList__C19FlowModuleResourceC
0x800b8d48	8	2	GSGetAntiDependencyList__C19FlowModuleResourceC
0x800b8d50	12	2	GSGetModuleName__C19FlowModuleResourceC
0x800b8d5c	48	2	GSStart__19FlowModuleResourceC
0x800b8d8c	40	2	GSStop__19FlowModuleResourceC
0x802bdbf8	96	1	_vt.19FlowModuleResourceC
0x80257f8c	32	2	_._19FlowModuleResourceC
0x801da868	240	2	ResInit
0x801de660	68	2	ResQuickloadInit
0x801de6a4	100	2	ResQuickloadShutdown
0x801da958	228	2	ResShutdown
0x800b8e78	12	2	GSGetDependencyList__C17FlowModuleSeasonC
0x800b8e84	8	2	GSGetAntiDependencyList__C17FlowModuleSeasonC
0x800b8e8c	12	2	GSGetModuleName__C17FlowModuleSeasonC
0x800b8e98	40	2	GSStart__17FlowModuleSeasonC
0x800b8ec0	44	2	GSStop__17FlowModuleSeasonC
0x802bdc58	96	1	_vt.17FlowModuleSeasonC
0x80257fac	32	2	_._17FlowModuleSeasonC
0x800b8fb0	12	2	GSGetDependencyList__C23FlowModuleGameSettingsC
0x800b8fbc	8	2	GSGetAntiDependencyList__C23FlowModuleGameSettingsC
0x800b8fc4	12	2	GSGetModuleName__C23FlowModuleGameSettingsC
0x800b8fd0	40	2	GSStart__23FlowModuleGameSettingsC
0x800b8ff8	8	2	GSStop__23FlowModuleGameSettingsC
0x802bdcb8	96	1	_vt.23FlowModuleGameSettingsC
0x80257fcc	32	2	_._23FlowModuleGameSettingsC
0x800b90c4	12	2	GSGetDependencyList__C20FlowModuleUserFilesC
0x800b90d0	8	2	GSGetAntiDependencyList__C20FlowModuleUserFilesC
0x800b90d8	12	2	GSGetModuleName__C20FlowModuleUserFilesC
0x800b90e4	36	2	GSStart__20FlowModuleUserFilesC
0x800b9108	36	2	GSStop__20FlowModuleUserFilesC
0x802bdd18	96	1	_vt.20FlowModuleUserFilesC
0x80257fec	32	2	_._20FlowModuleUserFilesC
0x800b91f0	12	2	GSGetDependencyList__C23FlowModuleUserProfilesC
0x800b91fc	8	2	GSGetAntiDependencyList__C23FlowModuleUserProfilesC
0x800b9204	12	2	GSGetModuleName__C23FlowModuleUserProfilesC
0x800b9210	8	2	GSStart__23FlowModuleUserProfilesC
0x800b9218	8	2	GSStop__23FlowModuleUserProfilesC
0x802bdd78	96	1	_vt.23FlowModuleUserProfilesC
0x8025800c	32	2	_._23FlowModuleUserProfilesC
0x800b92e4	12	2	GSGetDependencyList__C29FlowModuleUserProfilesInGameC
0x800b92f0	8	2	GSGetAntiDependencyList__C29FlowModuleUserProfilesInGameC
0x800b92f8	12	2	GSGetModuleName__C29FlowModuleUserProfilesInGameC
0x800b9304	8	2	GSStart__29FlowModuleUserProfilesInGameC
0x800b930c	8	2	GSStop__29FlowModuleUserProfilesInGameC
0x802bddd8	96	1	_vt.29FlowModuleUserProfilesInGameC
0x8025802c	32	2	_._29FlowModuleUserProfilesInGameC
0x800b93d8	12	2	GSGetDependencyList__C20FlowModuleSharedMemC
0x800b93e4	8	2	GSGetAntiDependencyList__C20FlowModuleSharedMemC
0x800b93ec	12	2	GSGetModuleName__C20FlowModuleSharedMemC
0x800b93f8	36	2	GSStart__20FlowModuleSharedMemC
0x800b941c	36	2	GSStop__20FlowModuleSharedMemC
0x802bde38	96	1	_vt.20FlowModuleSharedMemC
0x8025804c	32	2	_._20FlowModuleSharedMemC
0x8030bf6c	16	0	FMSharedMem
0x800b9504	12	2	GSGetDependencyList__C21FlowModuleShareDraftC
0x800b9510	8	2	GSGetAntiDependencyList__C21FlowModuleShareDraftC
0x800b9518	12	2	GSGetModuleName__C21FlowModuleShareDraftC
0x800b9524	36	2	GSStart__21FlowModuleShareDraftC
0x800b9548	36	2	GSStop__21FlowModuleShareDraftC
0x802bde98	96	1	_vt.21FlowModuleShareDraftC
0x8025806c	32	2	_._21FlowModuleShareDraftC
0x80127320	176	2	ShareDraftInit__Fv
0x801273d0	132	2	ShareDraftShutdown__Fv
0x800b9630	12	2	GSGetDependencyList__C24FlowModuleStylePointsIGC
0x800b963c	8	2	GSGetAntiDependencyList__C24FlowModuleStylePointsIGC
0x800b9644	12	2	GSGetModuleName__C24FlowModuleStylePointsIGC
0x800b9650	36	2	GSStart__24FlowModuleStylePointsIGC
0x800b9674	36	2	GSStop__24FlowModuleStylePointsIGC
0x802bdef8	96	1	_vt.24FlowModuleStylePointsIGC
0x8025808c	32	2	_._24FlowModuleStylePointsIGC
0x800b975c	12	2	GSGetDependencyList__C29FlowModuleSharedMemAnimSoundC
0x800b9768	8	2	GSGetAntiDependencyList__C29FlowModuleSharedMemAnimSoundC
0x800b9770	12	2	GSGetModuleName__C29FlowModuleSharedMemAnimSoundC
0x800b977c	48	2	GSStart__29FlowModuleSharedMemAnimSoundC
0x800b97ac	40	2	GSStop__29FlowModuleSharedMemAnimSoundC
0x802bdf58	96	1	_vt.29FlowModuleSharedMemAnimSoundC
0x802580ac	32	2	_._29FlowModuleSharedMemAnimSoundC
0x800b9898	12	2	GSGetDependencyList__C22FlowModuleHeatShimmerC
0x800b98a4	8	2	GSGetAntiDependencyList__C22FlowModuleHeatShimmerC
0x800b98ac	12	2	GSGetModuleName__C22FlowModuleHeatShimmerC
0x800b98b8	36	2	GSStart__22FlowModuleHeatShimmerC
0x800b98dc	36	2	GSStop__22FlowModuleHeatShimmerC
0x802bdfb8	96	1	_vt.22FlowModuleHeatShimmerC
0x802580cc	32	2	_._22FlowModuleHeatShimmerC
0x80110ce8	484	2	ShimmerInit__Fv
0x80110ecc	100	2	ShimmerShutdown__Fv
0x800b99c4	12	2	GSGetDependencyList__C23FlowModuleSimpleObjectC
0x800b99d0	8	2	GSGetAntiDependencyList__C23FlowModuleSimpleObjectC
0x800b99d8	12	2	GSGetModuleName__C23FlowModuleSimpleObjectC
0x800b99e4	40	2	GSStart__23FlowModuleSimpleObjectC
0x800b9a0c	40	2	GSStop__23FlowModuleSimpleObjectC
0x802be018	96	1	_vt.23FlowModuleSimpleObjectC
0x802580ec	32	2	_._23FlowModuleSimpleObjectC
0x800b9ce8	12	2	GSGetDependencyList__C19FlowModuleSmallNumC
0x800b9cf4	8	2	GSGetAntiDependencyList__C19FlowModuleSmallNumC
0x800b9cfc	12	2	GSGetModuleName__C19FlowModuleSmallNumC
0x800b9d08	44	2	GSStart__19FlowModuleSmallNumC
0x800b9d34	44	2	GSStop__19FlowModuleSmallNumC
0x802be078	96	1	_vt.19FlowModuleSmallNumC
0x8025810c	32	2	_._19FlowModuleSmallNumC
0x800beae4	56	2	FlashLoadLibraryItem__FUsUs
0x800beb1c	52	2	FlashUnloadLibraryItem__FUsUs
0x800b9e24	12	2	GSGetDependencyList__C15FlowModuleSortC
0x800b9e30	8	2	GSGetAntiDependencyList__C15FlowModuleSortC
0x800b9e38	12	2	GSGetModuleName__C15FlowModuleSortC
0x800b9e44	36	2	GSStart__15FlowModuleSortC
0x800b9e68	36	2	GSStop__15FlowModuleSortC
0x802be0d8	96	1	_vt.15FlowModuleSortC
0x8025812c	32	2	_._15FlowModuleSortC
0x801e0cac	96	2	SortInit
0x801e0d0c	80	2	SortShutdown
0x800b9f50	12	2	GSGetDependencyList__C16FlowModuleSoundC
0x800b9f5c	8	2	GSGetAntiDependencyList__C16FlowModuleSoundC
0x800b9f64	12	2	GSGetModuleName__C16FlowModuleSoundC
0x800b9f70	36	2	GSStart__16FlowModuleSoundC
0x800b9f94	36	2	GSStop__16FlowModuleSoundC
0x802be138	96	1	_vt.16FlowModuleSoundC
0x8025814c	32	2	_._16FlowModuleSoundC
0x800ba07c	12	2	GSGetDependencyList__C25FlowModuleSoundCollisionC
0x800ba088	8	2	GSGetAntiDependencyList__C25FlowModuleSoundCollisionC
0x800ba090	12	2	GSGetModuleName__C25FlowModuleSoundCollisionC
0x800ba09c	36	2	GSStart__25FlowModuleSoundCollisionC
0x800ba0c0	36	2	GSStop__25FlowModuleSoundCollisionC
0x802be198	96	1	_vt.25FlowModuleSoundCollisionC
0x8025816c	32	2	_._25FlowModuleSoundCollisionC
0x8030c010	16	0	FMSoundCollision
0x800ba1a8	12	2	GSGetDependencyList__C22FlowModuleSoundDamageC
0x800ba1b4	8	2	GSGetAntiDependencyList__C22FlowModuleSoundDamageC
0x800ba1bc	12	2	GSGetModuleName__C22FlowModuleSoundDamageC
0x800ba1c8	36	2	GSStart__22FlowModuleSoundDamageC
0x800ba1ec	36	2	GSStop__22FlowModuleSoundDamageC
0x802be1f8	96	1	_vt.22FlowModuleSoundDamageC
0x8025818c	32	2	_._22FlowModuleSoundDamageC
0x8030c020	16	0	FMSoundDamage
0x800ba2d4	12	2	GSGetDependencyList__C20FlowModuleSoundDataC
0x800ba2e0	12	2	GSGetAntiDependencyList__C20FlowModuleSoundDataC
0x800ba2ec	12	2	GSGetModuleName__C20FlowModuleSoundDataC
0x800ba2f8	568	2	GSStart__20FlowModuleSoundDataC
0x800ba530	100	2	GSStop__20FlowModuleSoundDataC
0x802be258	96	1	_vt.20FlowModuleSoundDataC
0x802581ac	32	2	_._20FlowModuleSoundDataC
0x801e0644	140	2	SndAemsCreateStreams
0x801e06d0	132	2	SndAemsDestroyStreams
0x800ba658	12	2	GSGetDependencyList__C22FlowModuleSoundDebrisC
0x800ba664	8	2	GSGetAntiDependencyList__C22FlowModuleSoundDebrisC
0x800ba66c	12	2	GSGetModuleName__C22FlowModuleSoundDebrisC
0x800ba678	36	2	GSStart__22FlowModuleSoundDebrisC
0x800ba69c	36	2	GSStop__22FlowModuleSoundDebrisC
0x802be2b8	96	1	_vt.22FlowModuleSoundDebrisC
0x802581cc	32	2	_._22FlowModuleSoundDebrisC
0x8030c040	16	0	FMSoundDebris
0x800ba784	12	2	GSGetDependencyList__C22FlowModuleSoundEngineC
0x800ba790	8	2	GSGetAntiDependencyList__C22FlowModuleSoundEngineC
0x800ba798	12	2	GSGetModuleName__C22FlowModuleSoundEngineC
0x800ba7a4	40	2	GSStart__22FlowModuleSoundEngineC
0x800ba7cc	40	2	GSStop__22FlowModuleSoundEngineC
0x802be318	96	1	_vt.22FlowModuleSoundEngineC
0x802581ec	32	2	_._22FlowModuleSoundEngineC
0x800ba8b8	12	2	GSGetDependencyList__C23FlowModuleSoundEffectsC
0x800ba8c4	8	2	GSGetAntiDependencyList__C23FlowModuleSoundEffectsC
0x800ba8cc	12	2	GSGetModuleName__C23FlowModuleSoundEffectsC
0x800ba8d8	36	2	GSStart__23FlowModuleSoundEffectsC
0x800ba8fc	36	2	GSStop__23FlowModuleSoundEffectsC
0x802be378	96	1	_vt.23FlowModuleSoundEffectsC
0x8025820c	32	2	_._23FlowModuleSoundEffectsC
0x800ba9e4	12	2	GSGetDependencyList__C27FlowModuleSoundFakeDopplerC
0x800ba9f0	12	2	GSGetAntiDependencyList__C27FlowModuleSoundFakeDopplerC
0x800ba9fc	12	2	GSGetModuleName__C27FlowModuleSoundFakeDopplerC
0x800baa08	36	2	GSStart__27FlowModuleSoundFakeDopplerC
0x800baa2c	36	2	GSStop__27FlowModuleSoundFakeDopplerC
0x802be3d8	96	1	_vt.27FlowModuleSoundFakeDopplerC
0x8025822c	32	2	_._27FlowModuleSoundFakeDopplerC
0x800bab14	12	2	GSGetDependencyList__C24FlowModuleSoundFrontendC
0x800bab20	12	2	GSGetAntiDependencyList__C24FlowModuleSoundFrontendC
0x800bab2c	12	2	GSGetModuleName__C24FlowModuleSoundFrontendC
0x800bab38	44	2	GSStart__24FlowModuleSoundFrontendC
0x800bab64	40	2	GSStop__24FlowModuleSoundFrontendC
0x802be438	96	1	_vt.24FlowModuleSoundFrontendC
0x8025824c	32	2	_._24FlowModuleSoundFrontendC
0x800bac50	12	2	GSGetDependencyList__C20FlowModuleSoundGameC
0x800bac5c	8	2	GSGetAntiDependencyList__C20FlowModuleSoundGameC
0x800bac64	12	2	GSGetModuleName__C20FlowModuleSoundGameC
0x800bac70	36	2	GSStart__20FlowModuleSoundGameC
0x800bac94	36	2	GSStop__20FlowModuleSoundGameC
0x802be498	96	1	_vt.20FlowModuleSoundGameC
0x8025826c	32	2	_._20FlowModuleSoundGameC
0x8030c0b0	16	0	FMSoundPit
0x8030c0c0	16	0	FMSoundScrapes
0x8030c0f0	16	0	FMSoundTires
0x800bad7c	12	2	GSGetDependencyList__C23FlowModuleSoundMinimalC
0x800bad88	8	2	GSGetAntiDependencyList__C23FlowModuleSoundMinimalC
0x800bad90	12	2	GSGetModuleName__C23FlowModuleSoundMinimalC
0x800bad9c	36	2	GSStart__23FlowModuleSoundMinimalC
0x800badc0	36	2	GSStop__23FlowModuleSoundMinimalC
0x802be4f8	96	1	_vt.23FlowModuleSoundMinimalC
0x8025828c	32	2	_._23FlowModuleSoundMinimalC
0x800baea8	12	2	GSGetDependencyList__C19FlowModuleSoundPitC
0x800baeb4	8	2	GSGetAntiDependencyList__C19FlowModuleSoundPitC
0x800baebc	12	2	GSGetModuleName__C19FlowModuleSoundPitC
0x800baec8	36	2	GSStart__19FlowModuleSoundPitC
0x800baeec	36	2	GSStop__19FlowModuleSoundPitC
0x802be558	96	1	_vt.19FlowModuleSoundPitC
0x802582ac	32	2	_._19FlowModuleSoundPitC
0x800bafd4	12	2	GSGetDependencyList__C23FlowModuleSoundScrapesC
0x800bafe0	8	2	GSGetAntiDependencyList__C23FlowModuleSoundScrapesC
0x800bafe8	12	2	GSGetModuleName__C23FlowModuleSoundScrapesC
0x800baff4	36	2	GSStart__23FlowModuleSoundScrapesC
0x800bb018	36	2	GSStop__23FlowModuleSoundScrapesC
0x802be5b8	96	1	_vt.23FlowModuleSoundScrapesC
0x802582cc	32	2	_._23FlowModuleSoundScrapesC
0x800bb100	12	2	GSGetDependencyList__C25FlowModuleSoundSwapCrashC
0x800bb10c	12	2	GSGetAntiDependencyList__C25FlowModuleSoundSwapCrashC
0x800bb118	12	2	GSGetModuleName__C25FlowModuleSoundSwapCrashC
0x800bb124	104	2	GSStart__25FlowModuleSoundSwapCrashC
0x800bb18c	48	2	GSStop__25FlowModuleSoundSwapCrashC
0x802be618	96	1	_vt.25FlowModuleSoundSwapCrashC
0x802582ec	32	2	_._25FlowModuleSoundSwapCrashC
0x800bb280	12	2	GSGetDependencyList__C27FlowModuleSoundSwapPreRaceC
0x800bb28c	12	2	GSGetAntiDependencyList__C27FlowModuleSoundSwapPreRaceC
0x800bb298	12	2	GSGetModuleName__C27FlowModuleSoundSwapPreRaceC
0x800bb2a4	44	2	GSStart__27FlowModuleSoundSwapPreRaceC
0x800bb2d0	8	2	GSStop__27FlowModuleSoundSwapPreRaceC
0x802be678	96	1	_vt.27FlowModuleSoundSwapPreRaceC
0x8025830c	32	2	_._27FlowModuleSoundSwapPreRaceC
0x800bb39c	12	2	GSGetDependencyList__C21FlowModuleSoundTiresC
0x800bb3a8	8	2	GSGetAntiDependencyList__C21FlowModuleSoundTiresC
0x800bb3b0	12	2	GSGetModuleName__C21FlowModuleSoundTiresC
0x800bb3bc	36	2	GSStart__21FlowModuleSoundTiresC
0x800bb3e0	36	2	GSStop__21FlowModuleSoundTiresC
0x802be6d8	96	1	_vt.21FlowModuleSoundTiresC
0x8025832c	32	2	_._21FlowModuleSoundTiresC
0x800bb4c8	12	2	GSGetDependencyList__C20FlowModuleSoundWindC
0x800bb4d4	8	2	GSGetAntiDependencyList__C20FlowModuleSoundWindC
0x800bb4dc	12	2	GSGetModuleName__C20FlowModuleSoundWindC
0x800bb4e8	36	2	GSStart__20FlowModuleSoundWindC
0x800bb50c	36	2	GSStop__20FlowModuleSoundWindC
0x802be738	96	1	_vt.20FlowModuleSoundWindC
0x8025834c	32	2	_._20FlowModuleSoundWindC
0x800bb5f4	12	2	GSGetDependencyList__C17FlowModuleSpeechC
0x800bb600	8	2	GSGetAntiDependencyList__C17FlowModuleSpeechC
0x800bb608	12	2	GSGetModuleName__C17FlowModuleSpeechC
0x800bb614	36	2	GSStart__17FlowModuleSpeechC
0x800bb638	36	2	GSStop__17FlowModuleSpeechC
0x802be798	96	1	_vt.17FlowModuleSpeechC
0x8025836c	32	2	_._17FlowModuleSpeechC
0x800bb720	12	2	GSGetModuleName__C20FlowModuleSpeedZoneC
0x800bb72c	12	2	GSGetDependencyList__C20FlowModuleSpeedZoneC
0x800bb738	8	2	GSGetAntiDependencyList__C20FlowModuleSpeedZoneC
0x800bb740	64	2	GSStart__20FlowModuleSpeedZoneC
0x800bb780	60	2	GSStop__20FlowModuleSpeedZoneC
0x802be7f8	96	1	_vt.20FlowModuleSpeedZoneC
0x8025838c	32	2	_._20FlowModuleSpeedZoneC
0x800bb880	12	2	GSGetModuleName__C22FlowModuleSpeedZoneIGC
0x800bb88c	12	2	GSGetDependencyList__C22FlowModuleSpeedZoneIGC
0x800bb898	8	2	GSGetAntiDependencyList__C22FlowModuleSpeedZoneIGC
0x800bb8a0	68	2	GSStart__22FlowModuleSpeedZoneIGC
0x800bb8e4	64	2	GSStop__22FlowModuleSpeedZoneIGC
0x802be858	96	1	_vt.22FlowModuleSpeedZoneIGC
0x802583ac	32	2	_._22FlowModuleSpeedZoneIGC
0x8014e318	48	2	SpeedZoneMgrInit__Fv
0x8014e41c	116	2	SpeedZoneMgrStartScenario__Fi
0x8014e4d4	68	2	SpeedZoneMgrEndScenario__Fv
0x8014e348	72	2	SpeedZoneMgrShutdown__Fv
0x800bb9e8	12	2	GSGetDependencyList__C24FlowModuleSeasonStatMgrC
0x800bb9f4	8	2	GSGetAntiDependencyList__C24FlowModuleSeasonStatMgrC
0x800bb9fc	12	2	GSGetModuleName__C24FlowModuleSeasonStatMgrC
0x800bba08	36	2	GSStart__24FlowModuleSeasonStatMgrC
0x800bba2c	108	2	GSStop__24FlowModuleSeasonStatMgrC
0x802be8b8	96	1	_vt.24FlowModuleSeasonStatMgrC
0x802583cc	32	2	_._24FlowModuleSeasonStatMgrC
0x8014afb0	16	2	SeasonStatMgrInit__Fv
0x8014afc0	64	2	SeasonStatMgrShutdown__Fv
0x800bbb5c	12	2	GSGetDependencyList__C18FlowModuleStatMgrC
0x800bbb68	8	2	GSGetAntiDependencyList__C18FlowModuleStatMgrC
0x800bbb70	12	2	GSGetModuleName__C18FlowModuleStatMgrC
0x800bbb7c	36	2	GSStart__18FlowModuleStatMgrC
0x800bbba0	36	2	GSStop__18FlowModuleStatMgrC
0x802be918	96	1	_vt.18FlowModuleStatMgrC
0x802583ec	32	2	_._18FlowModuleStatMgrC
0x800bbc88	12	2	GSGetDependencyList__C28FlowModuleStylePointMonitorC
0x800bbc94	8	2	GSGetAntiDependencyList__C28FlowModuleStylePointMonitorC
0x800bbc9c	12	2	GSGetModuleName__C28FlowModuleStylePointMonitorC
0x800bbca8	44	2	GSStart__28FlowModuleStylePointMonitorC
0x800bbcd4	44	2	GSStop__28FlowModuleStylePointMonitorC
0x802be978	96	1	_vt.28FlowModuleStylePointMonitorC
0x8025840c	32	2	_._28FlowModuleStylePointMonitorC
0x800bbdc4	12	2	GSGetDependencyList__C23FlowModuleSZBlockArrowC
0x800bbdd0	8	2	GSGetAntiDependencyList__C23FlowModuleSZBlockArrowC
0x800bbdd8	12	2	GSGetModuleName__C23FlowModuleSZBlockArrowC
0x800bbde4	36	2	GSStart__23FlowModuleSZBlockArrowC
0x800bbe08	36	2	GSStop__23FlowModuleSZBlockArrowC
0x802be9d8	96	1	_vt.23FlowModuleSZBlockArrowC
0x8025842c	32	2	_._23FlowModuleSZBlockArrowC
0x8014f568	156	2	SZBlockArrowInit__Fv
0x8014f604	72	2	SZBlockArrowShutdown__Fv
0x800bbef0	12	2	GSGetDependencyList__C18FlowModulePreRaceC
0x800bbefc	8	2	GSGetAntiDependencyList__C18FlowModulePreRaceC
0x800bbf04	12	2	GSGetModuleName__C18FlowModulePreRaceC
0x800bbf10	48	2	GSStart__18FlowModulePreRaceC
0x800bbf40	36	2	GSStop__18FlowModulePreRaceC
0x802bea38	96	1	_vt.18FlowModulePreRaceC
0x8025844c	32	2	_._18FlowModulePreRaceC
0x8030c180	16	0	FMPreRace
0x800bc028	12	2	GSGetDependencyList__C20FlowModuleRaceIntroC
0x800bc034	8	2	GSGetAntiDependencyList__C20FlowModuleRaceIntroC
0x800bc03c	12	2	GSGetModuleName__C20FlowModuleRaceIntroC
0x800bc048	48	2	GSStart__20FlowModuleRaceIntroC
0x800bc078	36	2	GSStop__20FlowModuleRaceIntroC
0x802bea98	96	1	_vt.20FlowModuleRaceIntroC
0x8025846c	32	2	_._20FlowModuleRaceIntroC
0x800bc160	12	2	GSGetDependencyList__C23FlowModuleRacePreGreenC
0x800bc16c	8	2	GSGetAntiDependencyList__C23FlowModuleRacePreGreenC
0x800bc174	12	2	GSGetModuleName__C23FlowModuleRacePreGreenC
0x800bc180	68	2	GSStart__23FlowModuleRacePreGreenC
0x800bc1c4	60	2	GSStop__23FlowModuleRacePreGreenC
0x802beaf8	96	1	_vt.23FlowModuleRacePreGreenC
0x8025848c	32	2	_._23FlowModuleRacePreGreenC
0x800bc2c4	12	2	GSGetDependencyList__C18FlowModuleTextureC
0x800bc2d0	8	2	GSGetAntiDependencyList__C18FlowModuleTextureC
0x800bc2d8	12	2	GSGetModuleName__C18FlowModuleTextureC
0x800bc2e4	48	2	GSStart__18FlowModuleTextureC
0x800bc314	36	2	GSStop__18FlowModuleTextureC
0x802beb58	96	1	_vt.18FlowModuleTextureC
0x802584ac	32	2	_._18FlowModuleTextureC
0x801f90a4	184	2	TexInit
0x801f915c	120	2	TexShutdown
0x800bc3fc	12	2	GSGetDependencyList__C15FlowModuleTimeC
0x800bc408	8	2	GSGetAntiDependencyList__C15FlowModuleTimeC
0x800bc410	12	2	GSGetModuleName__C15FlowModuleTimeC
0x800bc41c	40	2	GSStart__15FlowModuleTimeC
0x800bc444	36	2	GSStop__15FlowModuleTimeC
0x802bebb8	96	1	_vt.15FlowModuleTimeC
0x802584cc	32	2	_._15FlowModuleTimeC
0x801e3d40	812	2	SysInitRealTimeClock
0x800bc52c	12	2	GSGetDependencyList__C20FlowModuleUISCarObjC
0x800bc538	8	2	GSGetAntiDependencyList__C20FlowModuleUISCarObjC
0x800bc540	12	2	GSGetModuleName__C20FlowModuleUISCarObjC
0x800bc54c	160	2	GSStart__20FlowModuleUISCarObjC
0x800bc5ec	116	2	GSStop__20FlowModuleUISCarObjC
0x802bec18	96	1	_vt.20FlowModuleUISCarObjC
0x802584ec	32	2	_._20FlowModuleUISCarObjC
0x800e1014	736	2	UISCarObjInitModel__Fv
0x800f3d40	184	2	InitCars__12BakeableCarC13BakeableModeEUc
0x800e242c	52	2	UISCarObjInitTexture__FP15TexMatTypeHdr_tUc
0x800ef538	88	2	CustomCarMemGetCustomTextureSlot__F9PlayerIdEPP15TexMatTypeHdr_t
0x800e2460	48	2	UISCarObjShutdownTexture__FUc
0x800f3df8	184	2	ShutdownCars__12BakeableCarC
0x800e12f4	312	2	UISCarObjShutdownModel__Fv
0x800bc724	12	2	GSGetDependencyList__C19FlowModuleTrackMapC
0x800bc730	8	2	GSGetAntiDependencyList__C19FlowModuleTrackMapC
0x800bc738	12	2	GSGetModuleName__C19FlowModuleTrackMapC
0x800bc744	36	2	GSStart__19FlowModuleTrackMapC
0x800bc768	36	2	GSStop__19FlowModuleTrackMapC
0x802bec78	96	1	_vt.19FlowModuleTrackMapC
0x8025850c	32	2	_._19FlowModuleTrackMapC
0x800bc850	12	2	GSGetDependencyList__C19FlowModuleUIStudioC
0x800bc85c	8	2	GSGetAntiDependencyList__C19FlowModuleUIStudioC
0x800bc864	12	2	GSGetModuleName__C19FlowModuleUIStudioC
0x800bc870	56	2	GSStart__19FlowModuleUIStudioC
0x800bc8a8	8	2	GSStop__19FlowModuleUIStudioC
0x802becd8	96	1	_vt.19FlowModuleUIStudioC
0x8025852c	32	2	_._19FlowModuleUIStudioC
0x8030c1f0	16	0	FMUIStudio
0x800e0918	356	2	TransitionInit__Fv
0x801c64f4	36	2	GlibVsync
0x800bcd34	12	2	GSGetDependencyList__C16FlowModuleAdaptC
0x800bcd40	12	2	GSGetAntiDependencyList__C16FlowModuleAdaptC
0x800bcd4c	12	2	GSGetModuleName__C16FlowModuleAdaptC
0x800bcd58	60	2	GSStart__16FlowModuleAdaptC
0x800bcd94	44	2	GSStop__16FlowModuleAdaptC
0x802bed38	96	1	_vt.16FlowModuleAdaptC
0x8025854c	32	2	_._16FlowModuleAdaptC
0x801a2d40	64	2	AptSeedRand__FUi
0x800bea10	60	2	FlashSetLibrary__FUsPCc17AdaptLibraryTypeE
0x800bea4c	112	2	FlashSetFMVLibrary__FiPCcUcUc
0x800becd4	44	2	FlashPreloadGroup__FUs
0x800bed28	44	2	FlashFakePreloadGroup__FP11FlashGroupT
0x800be850	56	2	FlashLoad__FPCcT0
0x800d32c8	12	2	MsgPrologueGetDestination__Fv
0x800be504	176	2	FlashStart__F10FlashModeE
0x800bed00	40	2	FlashReleasePreloads__Fv
0x800be5b4	144	2	FlashStop__F10FlashModeE
0x8030c2b4	16	0	FMServiceManager
0x800bce84	12	2	GSGetDependencyList__C20FlowModuleAdaptBootC
0x800bce90	12	2	GSGetAntiDependencyList__C20FlowModuleAdaptBootC
0x800bce9c	12	2	GSGetModuleName__C20FlowModuleAdaptBootC
0x800bcea8	60	2	GSStart__20FlowModuleAdaptBootC
0x800bcee4	40	2	GSStop__20FlowModuleAdaptBootC
0x802bed98	96	1	_vt.20FlowModuleAdaptBootC
0x8025856c	32	2	_._20FlowModuleAdaptBootC
0x800bd338	12	2	GSGetDependencyList__C22FlowModuleAdaptInGameC
0x800bd344	12	2	GSGetAntiDependencyList__C22FlowModuleAdaptInGameC
0x800bd350	12	2	GSGetModuleName__C22FlowModuleAdaptInGameC
0x800bd35c	56	2	GSStart__22FlowModuleAdaptInGameC
0x800bd394	56	2	GSStop__22FlowModuleAdaptInGameC
0x802bedf8	96	1	_vt.22FlowModuleAdaptInGameC
0x8025858c	32	2	_._22FlowModuleAdaptInGameC
0x800be888	44	2	FlashUnload__FPCc
0x800bd490	12	2	GSGetDependencyList__C30FlowModuleAdaptNASCARCustom3DC
0x800bd49c	12	2	GSGetAntiDependencyList__C30FlowModuleAdaptNASCARCustom3DC
0x800bd4a8	12	2	GSGetModuleName__C30FlowModuleAdaptNASCARCustom3DC
0x800bd4b4	36	2	GSStart__30FlowModuleAdaptNASCARCustom3DC
0x800bd4d8	36	2	GSStop__30FlowModuleAdaptNASCARCustom3DC
0x802bee58	96	1	_vt.30FlowModuleAdaptNASCARCustom3DC
0x802585ac	32	2	_._30FlowModuleAdaptNASCARCustom3DC
0x800c03f4	56	2	Create__20AdaptNASCARCustom3DC
0x800c042c	68	2	Destroy__20AdaptNASCARCustom3DC
0x800bd5c0	12	2	GSGetDependencyList__C22FlowModuleVictoryLaneC
0x800bd5cc	12	2	GSGetAntiDependencyList__C22FlowModuleVictoryLaneC
0x800bd5d8	12	2	GSGetModuleName__C22FlowModuleVictoryLaneC
0x800bd5e4	36	2	GSStart__22FlowModuleVictoryLaneC
0x800bd608	36	2	GSStop__22FlowModuleVictoryLaneC
0x802beeb8	96	1	_vt.22FlowModuleVictoryLaneC
0x802585cc	32	2	_._22FlowModuleVictoryLaneC
0x801540b0	356	2	VictoryLaneInit__Fv
0x80154214	76	2	VictoryLaneShutdown__Fv
0x800bd6f0	12	2	GSGetDependencyList__C19FlowModuleViewportC
0x800bd6fc	8	2	GSGetAntiDependencyList__C19FlowModuleViewportC
0x800bd704	12	2	GSGetModuleName__C19FlowModuleViewportC
0x800bd710	48	2	GSStart__19FlowModuleViewportC
0x800bd740	40	2	GSStop__19FlowModuleViewportC
0x802bef18	96	1	_vt.19FlowModuleViewportC
0x802585ec	32	2	_._19FlowModuleViewportC
0x80203fb0	228	2	VptInit
0x80204094	144	2	VptShutdown
0x800bd82c	12	2	GSGetDependencyList__C15FlowModuleVRAMC
0x800bd838	8	2	GSGetAntiDependencyList__C15FlowModuleVRAMC
0x800bd840	12	2	GSGetModuleName__C15FlowModuleVRAMC
0x800bd84c	44	2	GSStart__15FlowModuleVRAMC
0x800bd878	36	2	GSStop__15FlowModuleVRAMC
0x802bef78	96	1	_vt.15FlowModuleVRAMC
0x8025860c	32	2	_._15FlowModuleVRAMC
0x80204bd0	200	2	VramInit
0x80204c98	108	2	VramShutdown
0x800bd960	12	2	GSGetDependencyList__C21FlowModuleVRAMHeapFEC
0x800bd96c	8	2	GSGetAntiDependencyList__C21FlowModuleVRAMHeapFEC
0x800bd974	12	2	GSGetModuleName__C21FlowModuleVRAMHeapFEC
0x800bd980	8	2	GSStart__21FlowModuleVRAMHeapFEC
0x800bd988	8	2	GSStop__21FlowModuleVRAMHeapFEC
0x802befd8	96	1	_vt.21FlowModuleVRAMHeapFEC
0x8025862c	32	2	_._21FlowModuleVRAMHeapFEC
0x800bda54	12	2	GSGetDependencyList__C22FlowModuleWreckReplayC
0x800bda60	12	2	GSGetAntiDependencyList__C22FlowModuleWreckReplayC
0x800bda6c	12	2	GSGetModuleName__C22FlowModuleWreckReplayC
0x800bda78	48	2	GSStart__22FlowModuleWreckReplayC
0x800bdaa8	36	2	GSStop__22FlowModuleWreckReplayC
0x802bf038	96	1	_vt.22FlowModuleWreckReplayC
0x8025864c	32	2	_._22FlowModuleWreckReplayC
0x800bdb90	12	2	GSGetDependencyList__C19FlowModuleKeyboardC
0x800bdb9c	8	2	GSGetAntiDependencyList__C19FlowModuleKeyboardC
0x800bdba4	12	2	GSGetModuleName__C19FlowModuleKeyboardC
0x800bdbb0	36	2	GSStart__19FlowModuleKeyboardC
0x800bdbd4	36	2	GSStop__19FlowModuleKeyboardC
0x802bf098	96	1	_vt.19FlowModuleKeyboardC
0x8025866c	32	2	_._19FlowModuleKeyboardC
0x801b35f8	72	2	CreateInstance__Q28Keyboard13USPIAbstractC
0x801b3640	76	2	DestroyInstance__Q28Keyboard13USPIAbstractC
0x800bdcbc	40	2	GetOnlinePermHeapID__Fv
0x8030c2a0	20	0	FMOnlineMemory
0x800bdce4	8	2	GetOnlinePermHeapID__C15FMOnlineMemoryC
0x800bdcec	12	2	GSGetDependencyList__C15FMOnlineMemoryC
0x800bdcf8	8	2	GSGetAntiDependencyList__C15FMOnlineMemoryC
0x800bdd00	12	2	GSGetModuleName__C15FMOnlineMemoryC
0x800bdd0c	204	2	GSStart__15FMOnlineMemoryC
0x800bddd8	60	2	GSStop__15FMOnlineMemoryC
0x802bf0f8	96	1	_vt.15FMOnlineMemoryC
0x8025868c	32	2	_._15FMOnlineMemoryC
0x801ca9f4	76	2	MemFindUnusedHeap
0x801ca834	292	2	MemShutdownHeap
0x800bded8	12	2	GSGetDependencyList__C25FlowModuleServiceManagerC
0x800bdee4	8	2	GSGetAntiDependencyList__C25FlowModuleServiceManagerC
0x800bdeec	12	2	GSGetModuleName__C25FlowModuleServiceManagerC
0x800bdef8	40	2	GSStart__25FlowModuleServiceManagerC
0x800bdf20	36	2	GSStop__25FlowModuleServiceManagerC
0x802bf158	96	1	_vt.25FlowModuleServiceManagerC
0x802586ac	32	2	_._25FlowModuleServiceManagerC
0x801b46b4	72	2	CreateInstance__Q27Service16ManagerConcreteCUi
0x801b4704	76	2	DestroyInstance__Q27Service16ManagerConcreteC
0x802a20d8	4	1	FLASH_TIMEDINPUT_CUR_MIN
0x802a20dc	4	1	FLASH_TIMEDINPUT_CUR_MAX
0x802a20e0	4	1	FLASH_TIMEDINPUT_CUR_SCALE
0x802a20e4	4	1	FLASH_TIMEDINPUT_CUR_DEC
0x800be9f4	12	2	FlashGetExclusiveChannel__Fv
0x800be324	44	2	_FlashInitialize__Fv
0x800be350	140	2	_FlashExtractAnalogInput__F13EventMessageEP17_FlashAnalogSideEP17_FlashAnalogAxisE
0x800be3dc	76	2	_FlashAdjustDeadZoneInput__F13EventMessageEUiPf
0x800be428	68	2	_FlashInitFmv__Fv
0x800beabc	40	2	FlashClearFMVLibrary__Fv
0x800beba0	40	2	FlashGetViewport__Fv
0x800bebc8	16	2	FlashGetStageWidth__Fv
0x800bebd8	16	2	FlashGetStageHeight__Fv
0x800bebe8	16	2	FlashIsWidescreen__Fv
0x800bec54	128	2	FlashColorPickerInputTimers__FUc
0x80201ef8	160	2	UIGLibraryInit
0x80202988	16	2	UIGLibrarySetGlobal
0x801ac580	12	2	GetViewport__C5Adapt
0x801c6704	40	2	GlibSetZBufferEnable
0x801abf64	72	2	Process__5AdaptUi
0x8017076c	32	2	AptRender__Fv
0x80204b60	68	2	VptFlushObjectTrash
0x801abbe8	20	2	__5Adapt
0x800beda4	384	2	__11AdaptNASCAR10FlashModeE
0x801abc2c	824	2	Init__5AdaptP14AdaptInterface
0x80167238	72	2	__nw__12AptExtObjectUi
0x800c131c	64	2	__12AptExtGauges
0x80170d04	168	2	AptRegisterExtension__FP12AptExtObject
0x803b18c4	4	1	gAptOptFlags
0x801ac180	108	2	LoadProject__5AdaptPCc
0x800c0228	4	2	ActiveFrontEndGamma__11AdaptNASCARUc
0x801abfac	76	2	Exit__5Adapt
0x801abbfc	48	2	_._5Adapt
0x801abff8	68	2	AddUserInput__5AdaptUi12AptInputTypef
0x801ac10c	56	2	SetAnalogStickXPosition__5AdaptfUiUcUc
0x801ac144	60	2	SetAnalogStickYPosition__5AdaptfUiUcUc
0x801ac244	40	2	LoadAnimation__5AdaptPCcT1
0x801ac26c	40	2	UnloadAnimation__5AdaptPCc
0x801ac58c	72	2	SetLibrary__5AdaptUsPCc17AdaptLibraryTypeE
0x8020204c	176	2	UIGLibrarySet
0x80201310	8	2	UIGFmvUseAlphaMap
0x80201320	8	2	UIGFmvUseSound
0x80201f98	180	2	UIGLibraryShutdown
0x801ac5d4	56	2	LoadLibraryItem__5AdaptUsUs
0x801ac60c	56	2	UnloadLibraryItem__5AdaptUsUs
0x801ac644	56	2	GetLibraryItem__5AdaptUsUs
0x801ac1ec	44	2	PreloadGroup__5AdaptUs
0x801ac218	44	2	ReleasePreloads__5Adapt
0x802bf238	128	1	_vt.14AdaptInterface
0x802bf1b8	128	1	_vt.11AdaptNASCAR
0x8039bac0	255	1	_11AdaptNASCAR.m_aExternBuffer
0x800bef24	2068	2	GetExternVariable__11AdaptNASCARPCc
0x800bf738	260	2	SetExternVariable__11AdaptNASCARPCcT1
0x800bf83c	80	2	SendCommand__11AdaptNASCARPCcT1
0x800bf88c	8	2	LoadVariables__11AdaptNASCARPCc
0x800bf894	80	2	CustomRender__11AdaptNASCARRC9AptCXFormPCcN22ffff
0x800bf8e4	76	2	OnLoadAnimation__11AdaptNASCARPCcGt12AptSharedPtr1Z7AptFile
0x800bf930	104	2	SendMessage__11AdaptNASCARUiRC12AdaptMessageP12AdaptMessage
0x800bf998	1596	2	GetPoolSize__11AdaptNASCARi
0x800bffd4	544	2	OnLoadSound__11AdaptNASCARiPCcPPv
0x800c01f4	8	2	OnFreeSound__11AdaptNASCARPv
0x800c01fc	44	2	OnStartSound__11AdaptNASCARPvPCc
0x800c022c	220	2	OnOverrideAnimation__11AdaptNASCARPCcPc
0x800c0308	160	2	OnLibraryTextureLoaded__11AdaptNASCARUiUsP11TMTexture_tP8TMClut_t
0x80258720	72	2	OnLoadAnimationDone__14AdaptInterfacePCcGt12AptSharedPtr1Z7AptFile
0x802586cc	76	2	OnLoadAnimation__14AdaptInterfacePCcGt12AptSharedPtr1Z7AptFile
0x80258718	8	2	OnOverrideAnimation__14AdaptInterfacePCcPc
0x80258768	8	2	GetPoolSize__14AdaptInterfacei
0x80258770	8	2	OnLoadSound__14AdaptInterfaceiPCcPPv
0x80258778	8	2	OnFreeSound__14AdaptInterfacePv
0x80258780	8	2	OnStartSound__14AdaptInterfacePvPCc
0x80258788	4	2	OnLibraryTextureLoaded__14AdaptInterfaceUiUsP11TMTexture_tP8TMClut_t
0x8013c034	472	2	ReloadPaletteWithDriverColors__19MerchandiseManagerCUsPUc
0x800eabac	1552	2	GaugesMgr_UpdateWearMsg__Fi
0x800df150	244	2	UISUtils_FormatTimeString__FfPc
0x800f0e24	12	2	LoadingSetFlipOk__FUc
0x800e3bac	248	2	RenderObject__9FE3DSceneUi
0x8019ae60	20	2	AptSharedPtrDecRef__FP7AptFile
0x8019ae74	132	2	AptSharedPtrDelete__FP7AptFile
0x800c0968	2484	2	GMHandler__FUiUsRC12AdaptMessageP12AdaptMessage
0x801b46fc	8	2	GetInstance__Q27Service16ManagerConcreteC
0x801b3e54	156	2	HandleAdaptMessage__11SCOpHandlerUsUsPC12AdaptMessageP12AdaptMessage
0x801fd2fc	56	2	TMTextureGetRawPalData
0x800ef788	408	2	CustomCarMemBakeUINumber__FUiUcUcP11TMTexture_tPUc
0x802a2100	4	1	_20AdaptNASCARCustom3DC.m_pSingleton
0x800c03a8	36	2	__20AdaptNASCARCustom3DC
0x800c03cc	40	2	_._20AdaptNASCARCustom3DC
0x800c0470	12	2	GetInstance__20AdaptNASCARCustom3DC
0x800c047c	828	2	CreateViewport__20AdaptNASCARCustom3DCPUiffff
0x800c07b8	116	2	DestroyViewport__20AdaptNASCARCustom3DCUi
0x800c082c	12	2	GetViewport__20AdaptNASCARCustom3DCUi
0x800c0838	184	2	PrepareTMViewport__20AdaptNASCARCustom3DCUi
0x801fbe50	4	2	TMRenderVptPrepare
0x800c08f0	48	2	Capture__24AdaptNASCARViewingStateC
0x800c0920	72	2	Release__24AdaptNASCARViewingStateC
0x800cea28	92	2	MsgGlobal__FUsRC12AdaptMessageP12AdaptMessage
0x800ce704	672	2	MsgGeneral__FUsRC12AdaptMessageP12AdaptMessage
0x800cd6e0	780	2	MsgGameFlow__FUsRC12AdaptMessageP12AdaptMessage
0x800da640	1544	2	MsgStoryModeGeneric__FUsRC12AdaptMessageP12AdaptMessage
0x800d1350	184	2	MsgMerchandise__FUsRC12AdaptMessageP12AdaptMessage
0x800d21a0	364	2	MsgPhoneMessages__FUsRC12AdaptMessageP12AdaptMessage
0x800e45a0	848	2	OnSceneMsg__9FE3DSceneUsRC12AdaptMessageP12AdaptMessage
0x800e3ca4	2300	2	OnObjMsg__9FE3DSceneUsRC12AdaptMessageP12AdaptMessage
0x800ce224	744	2	MsgGauges__FUsRC12AdaptMessageP12AdaptMessage
0x800d8088	272	2	MsgSponsor__FUsRC12AdaptMessageP12AdaptMessage
0x800c5d04	352	2	MsgContract__FUsRC12AdaptMessageP12AdaptMessage
0x800dc664	260	2	MsgTrackSelect__FUsRC12AdaptMessageP12AdaptMessage
0x800cc464	340	2	MsgDriverSelect__FUsRC12AdaptMessageP12AdaptMessage
0x800d68bc	120	2	MsgSillySeason__FUsRC12AdaptMessageP12AdaptMessage
0x800d53dc	332	2	MsgRaceWeekend__FUsRC12AdaptMessageP12AdaptMessage
0x800c35b0	344	2	MsgAutograph__FUsRC12AdaptMessageP12AdaptMessage
0x800c9ca4	284	2	MsgDifficultySelect__FUsRC12AdaptMessageP12AdaptMessage
0x800ca1dc	92	2	MsgDisplaySettings__FUsRC12AdaptMessageP12AdaptMessage
0x800c6648	184	2	MsgControllerSettings__FUsRC12AdaptMessageP12AdaptMessage
0x800d5684	192	2	MsgReplay__FUsRC12AdaptMessageP12AdaptMessage
0x800c47dc	264	2	MsgCarSetup__FUiRC12AdaptMessageP12AdaptMessage
0x800d666c	124	2	MsgSeasonStandings__FUsRC12AdaptMessageP12AdaptMessage
0x800cdf04	192	2	MsgGameStatus__FUsRC12AdaptMessageP12AdaptMessage
0x800dcd28	192	2	MsgTuneup__FUsRC12AdaptMessageP12AdaptMessage
0x800d2d8c	192	2	MsgPitCrew__FUsRC12AdaptMessageP12AdaptMessage
0x800c3054	180	2	MsgAudio__FUsRC12AdaptMessageP12AdaptMessage
0x800c73e8	332	2	MsgCustomSchedule__FUsRC12AdaptMessageP12AdaptMessage
0x800c2a64	92	2	MsgAssists__FUsRC12AdaptMessageP12AdaptMessage
0x800d73cc	132	2	MsgSpeedZoneResults__FUsRC12AdaptMessageP12AdaptMessage
0x800d61c4	352	2	MsgSeason__FUsRC12AdaptMessageP12AdaptMessage
0x800d3920	308	2	MsgRaceShop__FUsRC12AdaptMessageP12AdaptMessage
0x800d0ba0	316	2	MsgLightningSelect__FUsRC12AdaptMessageP12AdaptMessage
0x800d1a58	288	2	MsgMusicSettings__FUsRC12AdaptMessageP12AdaptMessage
0x800d7b7c	168	2	MsgSpeedZoneSelect__FUsRC12AdaptMessageP12AdaptMessage
0x800d319c	56	2	MsgPostRace__FUsRC12AdaptMessageP12AdaptMessage
0x800d48a8	364	2	MsgRaceStats__FUsRC12AdaptMessageP12AdaptMessage
0x800d2aac	220	2	MsgPitOptions__FUsRC12AdaptMessageP12AdaptMessage
0x800cef28	148	2	MsgGrudgesAlliances__FUsRC12AdaptMessageP12AdaptMessage
0x800d5868	56	2	MsgRevenueReport__FUsRC12AdaptMessageP12AdaptMessage
0x800c37f8	56	2	MsgCareerStats__FUsRC12AdaptMessageP12AdaptMessage
0x800d2ed8	56	2	MsgPopups__FUsRC12AdaptMessageP12AdaptMessage
0x800cffcc	132	2	MsgLightningResults__FUsRC12AdaptMessageP12AdaptMessage
0x800cf7ac	172	2	MsgImageSwap__FUsRC12AdaptMessageP12AdaptMessage
0x800db3b0	184	2	MsgThunderPlate__FUsRC12AdaptMessageP12AdaptMessage
0x800dcde8	400	2	MsgMarketing__FUsRC12AdaptMessageP12AdaptMessage
0x800c87d4	628	2	MsgCreateACar__FUsRC12AdaptMessageP12AdaptMessage
0x800db7f4	160	2	MsgStylePoints__FUsRC12AdaptMessageP12AdaptMessage
0x800d0d94	56	2	MsgLightningStart__FUsRC12AdaptMessageP12AdaptMessage
0x800d5980	124	2	MsgInGameGeneral__FUsRC12AdaptMessageP12AdaptMessage
0x800cfbc8	80	2	MsgLeaderboard__FUsRC12AdaptMessageP12AdaptMessage
0x800d6ed8	332	2	MsgSimulation__FUsRC12AdaptMessageP12AdaptMessage
0x800c92b0	192	2	MsgDemoMode__FUsRC12AdaptMessageP12AdaptMessage
0x800ded28	52	2	MsgStartScreen__FUsRC12AdaptMessageP12AdaptMessage
0x800c5078	376	2	MsgChase__FUsRC12AdaptMessageP12AdaptMessage
0x800d0efc	92	2	MsgMainMenu__FUsRC12AdaptMessageP12AdaptMessage
0x800dca98	148	2	MsgTrophyRoom__FUsRC12AdaptMessageP12AdaptMessage
0x800d3510	92	2	MsgRaceNowSettingsOL__FUsRC12AdaptMessageP12AdaptMessage
0x800c266c	168	2	MsgAllStar__FUsRC12AdaptMessageP12AdaptMessage
0x800dd9c0	304	2	MsgSave__FUsRC12AdaptMessageP12AdaptMessage
0x800dd06c	92	2	MsgFMemCard__FUsRC12AdaptMessageP12AdaptMessage
0x800ddc34	92	2	MsgBoot__FUsRC12AdaptMessageP12AdaptMessage
0x800ddb4c	92	2	MsgAutosave__FUsRC12AdaptMessageP12AdaptMessage
0x800ca92c	148	2	MsgDriverInfo__FUsRC12AdaptMessageP12AdaptMessage
0x800de1b4	164	2	MsgBestLaps__FUsRC12AdaptMessageP12AdaptMessage
0x800de310	136	2	MsgTransitions__FUsRC12AdaptMessageP12AdaptMessage
0x800de51c	136	2	MsgController__FUsRC12AdaptMessageP12AdaptMessage
0x800cc9f0	172	2	MsgFavoriteDriver__FUsRC12AdaptMessageP12AdaptMessage
0x800d30fc	104	2	MsgPoleAwards__FUsRC12AdaptMessageP12AdaptMessage
0x800cf0d0	80	2	MsgHallOfChampions__FUsRC12AdaptMessageP12AdaptMessage
0x800d1b78	8	2	MsgNascar101__FUsRC12AdaptMessageP12AdaptMessage
0x800deb24	152	2	MsgCredits__FUsRC12AdaptMessageP12AdaptMessage
0x800d3330	208	2	MsgPrologue__FUsRC12AdaptMessageP12AdaptMessage
0x800decac	52	2	MsgRaceWinner__FUsRC12AdaptMessageP12AdaptMessage
0x800c8ea4	184	2	MsgCreateADriver__FUsRC12AdaptMessageP12AdaptMessage
0x800e008c	488	2	UIListenerFlashProcessQueue__FPC12AdaptMessageP12AdaptMessage
0x801ae5f8	92	2	GetIntField__C12AdaptMessageUi
0x800e007c	16	2	UIListenerAnswer__Fi
0x802bf2b8	144	1	_vt.12AptExtGauges
0x800c135c	84	2	_._12AptExtGauges
0x800c13b0	320	2	Initialize__12AptExtGauges
0x800c14f0	860	2	sMethod_UpdateTimeCluster__12AptExtGaugesP8AptValuei
0x802a2210	4	1	_12AptExtGauges.psMethod_UpdateTimeCluster
0x800c184c	1180	2	sMethod_UpdateDigitalGauge__12AptExtGaugesP8AptValuei
0x802a2214	4	1	_12AptExtGauges.psMethod_UpdateDigitalGauge
0x800c1ce8	516	2	sMethod_UpdateDraft__12AptExtGaugesP8AptValuei
0x802a2218	4	1	_12AptExtGauges.psMethod_UpdateDraft
0x800c1eec	168	2	sMethod_GetFps__12AptExtGaugesP8AptValuei
0x802a221c	4	1	_12AptExtGauges.psMethod_GetFps
0x800c1f94	524	2	sMethod_GetRealTimeInterval__12AptExtGaugesP8AptValuei
0x802a2220	4	1	_12AptExtGauges.psMethod_GetRealTimeInterval
0x800c21a0	248	2	sMethod_GetLapTime__12AptExtGaugesP8AptValuei
0x802a2224	4	1	_12AptExtGauges.psMethod_GetLapTime
0x800c2298	228	2	sMethod_GetPitTime__12AptExtGaugesP8AptValuei
0x802a2228	4	1	_12AptExtGauges.psMethod_GetPitTime
0x800c237c	12	2	GetName__12AptExtGauges
0x801672c8	168	2	__12AptExtObjecti
0x80167370	108	2	_._12AptExtObject
0x80167280	72	2	__dl__12AptExtObjectPvUi
0x80167574	136	2	CreateNewAptFunction__12AptExtObjectPv
0x801671c4	116	2	SetFunction__12AptExtObjectPCcP17AptNativeFunction
0x801674b8	60	2	GetParam__12AptExtObjecti
0x80258bb8	48	2	__9EAStringCPCc
0x801675fc	84	2	GetVariable__12AptExtObjectP8AptValuePC9EAStringC
0x801a6cb4	140	2	toInteger__C8AptValue
0x801a627c	164	2	Create__9AptString
0x80258c50	116	2	__as__9EAStringCRC9EAStringC
0x80258be8	104	2	_._9EAStringC
0x80167650	68	2	SetVariable__12AptExtObjectP8AptValuePC9EAStringCT1
0x801674f4	8	2	GetUndefinedValue__12AptExtObject
0x801a6d40	192	2	toFloat__C8AptValue
0x80166e08	252	2	Create__8AptFloatf
0x8016706c	248	2	Create__10AptIntegeri
0x801a91d0	28	2	AddRef__8AptValue
0x801a91ec	152	2	Release__8AptValue
0x801a9284	124	2	ForceDelete__8AptValue
0x80167434	36	2	GetNumGCPointers__C12AptExtObject
0x80167458	36	2	GetGCPointer__C12AptExtObjecti
0x801674a0	8	2	IsGarbageCollected__C12AptExtObject
0x801674a8	8	2	getNativeHashVirtual__12AptExtObject
0x801674b0	8	2	ContainsNativeHashVirtual__C12AptExtObject
0x801673dc	40	2	objectMemberLookup__C12AptExtObjectP8AptValuePC9EAStringC
0x80167404	48	2	objectMemberSet__12AptExtObjectP8AptValuePC9EAStringCT1
0x801a9328	64	2	DeleteThis__8AptValue
0x801a9368	4	2	PreDestroy__8AptValue
0x8016747c	36	2	DestroyGCPointers__12AptExtObject
0x801ae4fc	60	2	AddInt__12AdaptMessagei
0x801ae40c	136	2	AddStringCopy__12AdaptMessagePCc
0x801437cc	176	2	AllStarGetAllStarPositionFromDriverId__Fi
0x80141878	92	2	AllStarGetNumRacers__Fv
0x801437a8	36	2	AllStarGetCarByAllStarPosition__Fi
0x800dfb54	108	2	UISUtils_FlashFormatDriverName_Abbreviated__FPci
0x801ae574	60	2	AddBool__12AdaptMessageUc
0x801261b0	72	2	IBLSetEnableInGame__FScUc
0x800c2ac0	68	2	_gmAudio_Init__Fv
0x800c2b04	84	2	_gmAudio_Shutdown__Fv
0x800c2b58	208	2	_gmAudio_GetSettings__FPiN60
0x800c2c28	216	2	_gmAudio_SetSettings__Fiiiiiii
0x800c2d00	240	2	_gmAudio_ChangedHighlight__Fi
0x800e0bf4	12	2	EATraxEnable__FUc
0x80156678	188	2	AutographGetSettings__FPiPfT0T0
0x80156788	212	2	AutographSetScore__Fiiii
0x801569a0	16	2	AutographGetNumLevelsCompleted__Fv
0x8015685c	52	2	AutographGetScore__FiPiN21
0x8013ad84	60	2	CareerPlayerRatingsUpdateAfterMinigame__Fi
0x80156734	20	2	AutographIsIntroDone__Fv
0x80156768	32	2	AutographStopLevel__Fv
0x80156748	32	2	AutographStartLevel__FUi
0x8015693c	100	2	AutographPlaySound__FUs
0x8013adc0	72	2	CareerPlayerRatingsLoseFansForDenyingAutograph__Fi
0x8013ad5c	40	2	CareerPlayerRatingsGetLastApptRatings__FPiN20
0x801ae538	60	2	AddFloat__12AdaptMessagef
0x801ae5b0	36	2	GetFieldType__C12AdaptMessageUi
0x801ae654	116	2	GetFloatField__C12AdaptMessageUi
0x800df914	168	2	UISUtils_GetCarSkinName__FiiPci
0x8014a6cc	12	2	ChaseMgrGetPlayersInitialRank__Fv
0x80128fd8	24	2	SeasonMgrGetInitialPointsForChase__FUc
0x8014a708	108	2	ChaseMgrCalculateSkillPoints__F11SkillLevelEScScUcUc
0x8014a598	308	2	ChaseMgrInitDriverInfo__Fv
0x8012d8f0	116	2	ContractHistoryGetContractID__16ContractManagerCii
0x8012d9d8	284	2	ContractHistoryGetSeriesString__16ContractManagerCiiPc
0x8012d864	140	2	ContractHistoryGetTeamName__16ContractManagerCiiPc
0x8012d964	116	2	ContractHistoryGetEarnings__16ContractManagerCii
0x8012daf4	120	2	ContractHistoryGetSeries__16ContractManagerCii
0x8012db6c	88	2	ContractHistoryGetPercentMerchandise__16ContractManagerCii
0x8012dd58	160	2	GetCarNumber__16ContractManagerCiPc
0x8012dccc	140	2	GetCarModel__16ContractManagerCi
0x8012d820	68	2	ContractHistoryNumRows__16ContractManagerCi
0x8012e51c	88	2	GetNumCurrentOffers__16ContractManagerC7SeriesE
0x8012e62c	108	2	GetCurrentOffers__16ContractManagerC7SeriesE
0x8012ddf8	184	2	GetCarName__16ContractManagerCiPc
0x8012df34	188	2	GetProperPrestige__16ContractManagerCi
0x8012dc90	60	2	GetSponsorType__16ContractManagerCi
0x8012deb0	60	2	GetSponsorID__16ContractManagerCi
0x8012e080	196	2	GetPerRaceIncome__16ContractManagerCi
0x8012e2a4	56	2	GetPercentWinnings__16ContractManagerCi
0x8012e1d8	56	2	GetPercentMerchandise__16ContractManagerCi
0x8012e700	400	2	SignContract__16ContractManagerC7SeriesEi
0x8012dbc4	68	2	GetCurrentContractID__16ContractManagerC7SeriesE
0x8012e038	72	2	GetCurrentPrestige__16ContractManagerC7SeriesE
0x800f4518	12	2	SetDoubleBuffer__12BakeableCarCUc
0x800f3eb0	20	2	GetByPlayerID__12BakeableCarC9PlayerIdE
0x800f3fa0	12	2	GetSeriesAll__12BakeableCarC
0x801298f8	68	2	CareerMgrGetPlayerOriginalCarId__F7SeriesE
0x800f442c	44	2	SetCarID__12BakeableCarCiUc
0x80130640	472	2	ConstructCarFromSponsorMap__15SponsorManagerCiUc
0x80138580	124	2	RumbleStop__FUi
0x80138800	12	2	RumbleIsEnabled__Fv
0x801387f4	12	2	RumbleEnable__FUc
0x802a2254	4	1	_CustSch_aTrackIDs
0x802a2270	4	1	eActiveQuickRaceSeries_HACK
0x8014dc64	60	2	GetTotalNumAppointments__C15SeasonScheduleC7SeriesE
0x801cbe64	36	2	__vn__FUiUi
0x8014cef8	48	2	Clear__15SeasonScheduleC
0x8014d280	72	2	AddAppointment__15SeasonScheduleCPC18SeasonAppointmentT
0x801cbf60	40	2	__builtin_vec_delete
0x800c7ee8	168	2	_MsgCAC_GetNextNumber__Fii
0x800c8a48	28	2	MsgCreateACarIsInited__Fv
0x801bb45c	112	2	strnicmp
0x800f42a4	16	2	GetSponsor__12BakeableCarC12SponsorTypeE
0x800f4458	8	2	GetCarID__12BakeableCarC
0x801e4700	24	2	TDbSetStringCmpFunc
0x800f42b4	52	2	SetSponsor__12BakeableCarC12SponsorTypeEsUc
0x800f3fbc	72	2	SetAsTestCar__12BakeableCarCUc
0x800f0038	544	2	CustomCarColHSVtoRGB__FUiUiUiPi
0x800f0258	584	2	CustomCarColRGBtoHSV__FUiUiUiPi
0x800f43b4	36	2	GetColor__12BakeableCarC13SchemeColorsE
0x800f43d8	84	2	SetColor__12BakeableCarC13SchemeColorsEG15CustomCarColorTUc
0x802a2c48	4	1	_9FE3DScene.s_pInstance
0x800f46bc	100	2	SetSkin__12BakeableCarCScUc
0x800f4258	8	2	GetScheme__12BakeableCarC
0x800f3fb4	8	2	GetSeries__12BakeableCarC
0x800f45ac	68	2	GetNumSchemes__12BakeableCarC7SeriesE
0x800f4260	68	2	SetScheme__12BakeableCarCUcUc
0x800f45f0	64	2	SchemeIsAvailable__12BakeableCarC
0x800f4630	60	2	GetSchemeName__12BakeableCarCPc
0x800f431c	8	2	GetNumber__12BakeableCarC
0x800f4324	92	2	SetNumber__12BakeableCarCUcUc
0x800f4380	8	2	GetNumberStyle__12BakeableCarC
0x800f4388	44	2	SetNumberStyle__12BakeableCarCUcUc
0x800f466c	60	2	GetFontName__12BakeableCarCPc
0x800f42e8	8	2	GetStickers__12BakeableCarC
0x800f42f0	44	2	SetStickers__12BakeableCarC9StickersEUc
0x801bb4cc	72	2	strnzcpy
0x800f400c	216	2	SaveInfo__12BakeableCarC
0x800f4224	8	2	GetModel__12BakeableCarC
0x800f422c	44	2	SetModel__12BakeableCarC9CarModelEUc
0x801ae6c8	36	2	GetBoolField__C12AdaptMessageUi
0x800f5cd0	12	2	CreateADriverSetPrologueColorUsage__FUc
0x800f5958	76	2	CreateADriverGetSeries__Fv
0x801ae5d4	36	2	GetStringField__C12AdaptMessageUi
0x802a2260	1	1	GMDebugDamage_uPad
0x800c9b58	12	2	MsgDiffSelGetProductionCarModel__Fv
0x8012903c	68	2	SeasonMgrGetScheduleSizeType__Fv
0x80129080	52	2	SeasonMgrSetScheduleSizeType__F17ScheduleSizeTypeE
0x8014a6d8	48	2	ChaseMgrSetPlayersInitialRank__FUc
0x80123e74	24	2	PitCamerSetPosPitPlayerCameraType__FSc11CameraTypeE
0x800e830c	440	2	GaugesMgr_LoadSettings__Fi
0x802a2278	4	1	_DrivSel_CurrentDriverId
0x802a2280	4	1	_gmDsel_iDriverCursorNumCars
0x802a2284	1	1	_uDriverSelect_SeasonNumCachedPlayers
0x802a2285	1	1	_bDriverSelect_Entered
0x800ca9c0	428	2	HackDriverSelect_RestorePlayersAndCars__Fv
0x8030c810	32	0	_DriverSelect_SeasonCachedInfo
0x8030c7fc	20	0	_gmDsel_customCarCursor
0x8030c7dc	16	0	_gmDsel_aDriverCursorCursor
0x800cb8e0	260	2	_gmDSel_ChangeCategory__FiiPiT2
0x800cbb2c	116	2	_gmDSel_GetFromDB__FiPiT1
0x800cbba0	156	2	_MsgDriverSelectInit__FRC12AdaptMessageP12AdaptMessage
0x800cbc3c	32	2	_MsgDriverSelectShutdown__FRC12AdaptMessageP12AdaptMessage
0x800cbc5c	104	2	_MsgDriverSelectGetNumRows__FRC12AdaptMessageP12AdaptMessage
0x800cbcc4	96	2	_MsgDriverSelectSelectDriver__FRC12AdaptMessageP12AdaptMessage
0x800cbd24	76	2	_MsgDriverSelectSetDefaultDriver__FRC12AdaptMessageP12AdaptMessage
0x800cbd70	40	2	_MsgDriverSelectUnselectDriver__FRC12AdaptMessageP12AdaptMessage
0x800cbd98	180	2	_MsgDriverSelectGetRow__FRC12AdaptMessageP12AdaptMessage
0x800cbe4c	216	2	_MsgDriverSelectGetDriver__FRC12AdaptMessageP12AdaptMessage
0x800cbf24	184	2	_MsgDriverSelectGetSkin__FRC12AdaptMessageP12AdaptMessage
0x800cbfdc	124	2	_MsgDriverSelectChangeCategory__FRC12AdaptMessageP12AdaptMessage
0x800cc058	68	2	_MsgDriverSelectControllerConnected__FRC12AdaptMessageP12AdaptMessage
0x800cc09c	64	2	_MsgDriverSelectBlackCar__FRC12AdaptMessageP12AdaptMessage
0x800cc0dc	96	2	_MsgDriverSelectGetFromDB__FRC12AdaptMessageP12AdaptMessage
0x800cc13c	68	2	_MsgDriverSelectAllPlayersAssigned__FRC12AdaptMessageP12AdaptMessage
0x800cc180	356	2	_MsgDriverSelectSetNumPlayers__FRC12AdaptMessageP12AdaptMessage
0x800cc2e4	144	2	_MsgDriverSelectStartQuickRace__FRC12AdaptMessageP12AdaptMessage
0x800cc374	40	2	_MsgDriverSelectIsDriverSelected__FRC12AdaptMessageP12AdaptMessage
0x800cc39c	200	2	_MsgDriverSelectAssignPlayers__FRC12AdaptMessageP12AdaptMessage
0x800cc5b8	12	2	MsgDriverSelectIsInited__Fv
0x8030c7ec	16	0	_iDriverCursorIndexPerPlayer
0x800eb934	312	2	CustomCarDBGetCar__Fi9PlayerIdE
0x800df9bc	168	2	UISUtils_GetShortCarSkinName__FiiPci
0x800eba6c	844	2	CustomCarDBSelectCar__Fi9PlayerIdE
0x8014d920	56	2	GetTotalNumAppointments__C15SeasonScheduleC
0x8030c830	16	0	_msgFavDriverCursor
0x800ccdd8	104	2	_MsgGameFlowResume__Fv
0x800cce40	40	2	_MsgGameFlowQuitPractice__Fv
0x800cce68	52	2	_MsgGameFlowQuitHappyHour__Fv
0x800cce9c	36	2	_MsgGameFlowQuitQualify__Fv
0x800ccec0	124	2	_MsgGameFlowQuitRace__Fv
0x800ccfb0	116	2	MsgGameFlowQuitReplay__Fv
0x800cd37c	32	2	_MsgGameFlow_ReturnToPit__Fv
0x800cd39c	76	2	_MsgGameFlow_CareerManagement__Fv
0x800cd3e8	48	2	_MsgGameFlow_CareerSeriesManagement__Fv
0x8014e490	68	2	SpeedZoneMgrRestartScenario__Fv
0x801545c8	16	2	VictoryLaneResetCanPlay__Fv
0x8014e390	140	2	SpeedZoneMgrSetupGameInfo__Fv
0x8012d764	72	2	SeriesGetStartupCost__F7SeriesE
0x8014c620	276	2	SeasonStatMgrGetAIDriverFanSupport__Fi7SeriesE
0x800ce054	68	2	_MsgGauges_GetDamageMap__FRC12AdaptMessageP12AdaptMessage
0x800ce098	104	2	_MsgGauges_GetStylePoints__FRC12AdaptMessageP12AdaptMessage
0x800ce100	108	2	_MsgGauges_GetSessionTime__FRC12AdaptMessageP12AdaptMessage
0x800ce16c	40	2	_MsgGauges_GetPing__FRC12AdaptMessageP12AdaptMessage
0x800ce194	40	2	_MsgGauges_GetVOIP__FRC12AdaptMessageP12AdaptMessage
0x800ce1bc	104	2	_MsgGauges_GetSessionTimerVisibility__FRC12AdaptMessageP12AdaptMessage
0x80134b50	16	2	TrackMapIsVisible__Fi
0x800eb1bc	164	2	GaugesMgr_SetTrackMapVisibility__FiUc
0x800e7f98	304	2	GaugesMgr_GetDamageMap__FiPc
0x800df01c	272	2	UISUtils_FormatLongTimeString__FfPc
0x800e78cc	336	2	GaugesMgr_Init__FRC12AdaptMessageP12AdaptMessage
0x800ea518	376	2	GaugesMgr_GetInterval__FRC12AdaptMessageP12AdaptMessage
0x800ea7e8	180	2	GaugesMgr_UpdateSpeed__FRC12AdaptMessageP12AdaptMessage
0x800ea89c	52	2	GaugesMgr_UpdateFPS__FRC12AdaptMessageP12AdaptMessage
0x800ea8d0	136	2	GaugesMgr_UpdateFuel__FRC12AdaptMessageP12AdaptMessage
0x800ea958	172	2	GaugesMgr_UpdateGear__FRC12AdaptMessageP12AdaptMessage
0x800eaa04	220	2	GaugesMgr_UpdateDraft__FRC12AdaptMessageP12AdaptMessage
0x800e7e14	124	2	GaugesMgr_GetMaxLaps__FRC12AdaptMessageP12AdaptMessage
0x800e7eb8	224	2	GaugesMgr_GetPosition__FRC12AdaptMessageP12AdaptMessage
0x800eaae0	112	2	GaugesMgr_UpdateLapTime__FRC12AdaptMessageP12AdaptMessage
0x800eab50	92	2	GaugesMgr_UpdatePitTime__FRC12AdaptMessageP12AdaptMessage
0x800eb708	500	2	SZHudMgr_Update__FRC12AdaptMessageP12AdaptMessage
0x800ea690	344	2	GaugesMgr_UpdateRPM__FRC12AdaptMessageP12AdaptMessage
0x800e7e90	40	2	GaugesMgr_GetCurLap__FRC12AdaptMessageP12AdaptMessage
0x800e7c74	416	2	GaugesMgr_GetVisibility__FRC12AdaptMessageP12AdaptMessage
0x800e950c	76	2	GaugesMgr_GetWrongWay__FRC12AdaptMessageP12AdaptMessage
0x800e9fc0	88	2	GaugesMgr_GetDraftingMsgState__FRC12AdaptMessageP12AdaptMessage
0x800e7a1c	116	2	GaugesMgr_GetTimeInfo__FRC12AdaptMessageP12AdaptMessage
0x800e9718	92	2	GaugesMgr_GetRepairMsg__FRC12AdaptMessageP12AdaptMessage
0x800e92b0	240	2	GaugesMgr_GetFlag__FRC12AdaptMessageP12AdaptMessage
0x800eb29c	44	2	GaugesMgr_GetViewportMode__FRC12AdaptMessageP12AdaptMessage
0x802a2288	1	1	_bStartPressed
0x800e70e0	244	2	RegisterNameKeyboard__Fv
0x800e71d4	76	2	UnregisterNameKeyboard__Fv
0x800ceee8	64	2	_MsgGA_GetSkillPoints__FRC12AdaptMessageP12AdaptMessage
0x8012d5cc	112	2	SeriesGetHighestSeries__Fv
0x800ebe48	72	2	CustomCarDBIsCustomCar__Fi
0x8014d3d8	192	2	GetAppointments__C15SeasonScheduleCUc4DayEP18SeasonAppointmentT
0x800e081c	104	2	TrophyMgrGetThumbnailId__Fi
0x800e076c	176	2	TrophyMgrIsTrophyUnlocked__Fi
0x800cfc4c	344	2	_gmChalRes_GetScore__FPiN20
0x8013fc0c	32	2	ScenarioGetChallengeID__Fv
0x8013f1d0	44	2	ScenarioGetNumTasks__Fv
0x8013edbc	1044	2	ScenarioFormatTask__FiiPc
0x8013f92c	32	2	ScenarioGetTaskStatus__FSc
0x800d0050	100	2	_MsgLightningSelect_GetCurChallengeID__Fv
0x800d01a8	60	2	_MsgLightningSelect_GetSeries__Fi
0x800d04b0	44	2	_MsgLightningSelect_GetFMVInfo__FiPiT1
0x8013fc4c	264	2	ScenarioUpdateCurrentChallengeAvailability__Fv
0x8013ec7c	32	2	ScenarioUnInit__Fv
0x8013eb70	268	2	ScenarioInit__Fi
0x80201378	32	2	UIGFmvIsFinished
0x8014dca0	264	2	GetLastRaceAttendedInASeries__15SeasonScheduleC7SeriesEP18SeasonAppointmentT
0x8013b738	68	2	GetNumOfItems__19MerchandiseManagerC7SeriesE
0x8013b77c	72	2	GetMinPrice__19MerchandiseManagerC12MerchandiseE7SeriesE
0x8013b7c4	72	2	GetMaxPrice__19MerchandiseManagerC12MerchandiseE7SeriesE
0x8013b80c	72	2	GetPriceIncrement__19MerchandiseManagerC12MerchandiseE7SeriesE
0x8013b8a0	72	2	GetCurrentPrice__19MerchandiseManagerC12MerchandiseE7SeriesE
0x8013b920	72	2	GetPrevSalesQuantity__19MerchandiseManagerC12MerchandiseE7SeriesE
0x8013b968	72	2	GetPrevSalesAmount__19MerchandiseManagerC12MerchandiseE7SeriesE
0x8013b9b0	308	2	GetAdvice__19MerchandiseManagerCPc12MerchandiseE7SeriesE
0x8013b8e8	56	2	SetCurrentPrice__19MerchandiseManagerC12MerchandiseE7SeriesEi
0x800d1604	196	2	_gmMusic_GetInfo__FiiPcN22
0x8012a160	112	2	AgentGetMessageID__Fi
0x8012a850	236	2	AgentGetDateString__FsPc
0x8012a6d0	384	2	AgentGetSummaryString__FsPc
0x8012a654	124	2	AgentGetResponseStatus__Fs
0x8012a0dc	64	2	AgentGetNumCurrentMessages__Fv
0x8012a11c	68	2	AgentGetNumUnreadMessages__Fv
0x8012a1d0	408	2	AgentGetDisplayString__FsPc
0x8012a368	356	2	AgentGetResponses__Fs
0x8012a4cc	392	2	AgentSendResponse__Fs14AgentResponseE
0x8012a93c	68	2	AgentGetSpeechResourceID__Fs
0x80139d8c	232	2	CareerTeamMgrGetStarPrice__F10CrewStat_ei
0x80139ecc	116	2	CareerTeamMgrBuyStarUpgrade__F10CrewStat_e
0x80139e74	32	2	CareerTeamMgrGetStarLevel__F10CrewStat_e
0x80139e94	56	2	CareerTeamMgrCanBuy__F10CrewStat_eii
0x80139f40	148	2	CareerTeamMgrGetChiefSalary__Fv
0x80139fd4	124	2	CareerTeamMgrGetCrewSalary__Fv
0x8030d2e4	16	0	_msgPoleAwardsCursor
0x800f332c	192	2	PrologueBegin__Fi
0x8012d404	352	2	SeriesSetStatus__F7SeriesE13SeriesStatusE
0x8031e198	1	0	_15SponsorManagerC.s_Instance
0x801305ec	84	2	GetNoSponsorID__15SponsorManagerC7SeriesE
0x80130060	352	2	SignSponsor__15SponsorManagerC7SeriesEi
0x8012d7e4	60	2	SeriesGetStartYear__F7SeriesE
0x8012d7ac	56	2	SeriesSetStartYear__F7SeriesEs
0x800f3fac	8	2	SetSeries__12BakeableCarC7SeriesE
0x8013c2ec	64	2	IsBackupDriver__C19HiredDriverManagerCi
0x800f86f4	104	2	RMOWipeAllStarStats__Fv
0x800df374	224	2	UISUtils_FormatPos__FUcPcUi
0x800df2f4	128	2	UISUtils_FormatSpeedString__FfPc
0x800f8434	24	2	RMOGetFastestLapTimeForHappyHour__Fi
0x802a2308	1	1	bMsgReplayActive
0x800d5528	56	2	_MsgReplay_ToggleSpeed__FRC12AdaptMessageP12AdaptMessage
0x800d5560	56	2	_MsgReplay_Pause__FRC12AdaptMessageP12AdaptMessage
0x800d5598	60	2	_MsgReplay_ChangeCam__FRC12AdaptMessageP12AdaptMessage
0x8014d958	128	2	GetDateOfFirstAppointment__C15SeasonScheduleC7SeriesEP11SeasonDateC
0x8014d9d8	128	2	GetDateOfLastAppointment__C15SeasonScheduleC7SeriesEP11SeasonDateC
0x8014cb24	56	2	GetCurDay__11SeasonDateC
0x8014caec	56	2	GetCurWeek__11SeasonDateC
0x8014b5d0	96	2	SeasonStatMgrGetChampion__F7SeriesE
0x802a6a3c	4	1	SMNumRetiredDrivers
0x8031e170	36	0	SMRetiredDrivers
0x80128cec	148	2	SeasonMgrRetireDrivers__Fv
0x8014f348	8	2	GetMedalLevel__11SZScenarioC
0x8014f0b4	16	2	IsPointsBased__11SZScenarioC
0x8014f45c	8	2	GetSpeedzoneSkillLevel__11SZScenarioC
0x80143ac0	8	2	GetScenarioID__9ScenarioC
0x8014f0e8	24	2	InvalidateScore__11SZScenarioC
0x8014f0d8	8	2	GetPoints__11SZScenarioC
0x8014f0e0	8	2	GetTime__11SZScenarioC
0x800f82a0	28	2	RMOGetNthPrevLapTime__Fii
0x8014e5e0	76	2	SpeedZoneMgrGetTotalLevels__F14SpeedzoneTypeE
0x8014e530	176	2	SpeedZoneMgrIsUnlocked__Fi
0x8014e524	12	2	SpeedZoneMgrCacheId__Fi
0x801461fc	184	2	GetRuleDescriptions__C16ScenarioRuleMgrC17ScenarioRuleTypeEPPCcUi
0x8012ff18	188	2	GetNewOffers__15SponsorManagerC7SeriesEPiN22
0x8012f65c	132	2	GetSponsorName__15SponsorManagerCiPc
0x8012f908	152	2	GetProperPrestige__15SponsorManagerCi
0x8012fa58	264	2	GetBasePay__15SponsorManagerCi
0x8012fd40	336	2	GetSigningBonus__15SponsorManagerCi7SeriesE
0x8012f394	120	2	SponsorHistoryGetSponsorID__15SponsorManagerCi
0x8012f484	120	2	SponsorHistoryGetYear__15SponsorManagerCi
0x8012f2f4	160	2	SponsorHistoryGetSponsorName__15SponsorManagerCiPc
0x8012f40c	120	2	SponsorHistoryGetEarnings__15SponsorManagerCi
0x8012f2a0	84	2	SponsorHistoryNumRows__15SponsorManagerC
0x8012f87c	68	2	GetCurrentSponsorID__15SponsorManagerC7SeriesE
0x8012f58c	208	2	GetIndividualSponsor__15SponsorManagerCi12SponsorTypeE
0x802a2330	1	1	_MSM_bForcePhonePopup_HACK
0x800df71c	504	2	UISUtils_FormatRaceSessionName__FPcUiUs
0x8014d30c	64	2	GetNumAppointments__C15SeasonScheduleCUc4DayE
0x80141b28	76	2	AllStarIsRaceExhibitionByRaceId__FUi
0x8013a838	500	2	CareerPlayerLevelGetHvsVPercentToNextLevel__Fv
0x8012868c	120	2	SeasonMgrConfig__FPC16SeasonMgrConfigT
0x8015692c	16	2	AutographResetOfferGameState__Fv
0x8013c3b8	264	2	GetBackupDriverSalary__C19HiredDriverManagerC7SeriesEi
0x8013c548	64	2	GetHiredSeries__C19HiredDriverManagerCi
0x8013c32c	140	2	GetBackupDriverList__C19HiredDriverManagerCPi
0x8013c588	56	2	HireBackupDriver__C19HiredDriverManagerC7SeriesEi
0x80156890	144	2	AutographChooseToOfferGame__Fv
0x8014d794	132	2	GetDateOfLastAppointment__C15SeasonScheduleCP11SeasonDateC
0x8014d710	132	2	GetDateOfFirstAppointment__C15SeasonScheduleCP11SeasonDateC
0x80338eac	1	0	_15EconomyManagerC.s_Instance
0x801399c8	52	2	Withdraw__15EconomyManagerCi
0x8014b000	484	2	SeasonStatMgrGetSeasonStats__Fi7SeriesEP16SSMSeasonStats_t
0x801293e0	224	2	CareerMgrStartNewYear__Fv
0x8012f544	72	2	HasSponsor__15SponsorManagerC7SeriesE
0x8014d34c	72	2	GetNumUnattendedAppointments__C15SeasonScheduleCUc4DayE
0x8014d498	200	2	GetUnattendedAppointments__C15SeasonScheduleCUc4DayEP18SeasonAppointmentT
0x8013ce58	12	2	ShowdownGetRecentCardUnlocked__Fv
0x8013ce4c	12	2	ShowdownSetRecentCardUnlocked__Fs
0x800db468	84	2	_GetRankFromInt__Fi
0x800dbd00	176	2	_gmTsel_GetEvents__FiPiT1
0x800dc2fc	108	2	_MsgTrackSelectInit__FRC12AdaptMessageP12AdaptMessage
0x800dc368	4	2	_MsgTrackSelectStartRace__FRC12AdaptMessageP12AdaptMessage
0x800dc36c	40	2	_MsgTrackSelectSelectTrack__FRC12AdaptMessageP12AdaptMessage
0x800dc394	32	2	_MsgTrackSelectShutdown__FRC12AdaptMessageP12AdaptMessage
0x800dc3b4	132	2	_MsgTrackSelectGetRow__FRC12AdaptMessageP12AdaptMessage
0x800dc438	96	2	_MsgTrackSelectGetEvents__FRC12AdaptMessageP12AdaptMessage
0x800dc498	140	2	_MsgTrackSelectGetEventRow__FRC12AdaptMessageP12AdaptMessage
0x800dc524	316	2	_MsgTrackSelectGetTrackData__FRC12AdaptMessageP12AdaptMessage
0x800dc660	4	2	_MsgTrackSelectGetRaceLength__FRC12AdaptMessageP12AdaptMessage
0x800df454	484	2	UISUtils_FancyDateToString__FPciii
0x8013b2cc	80	2	CareerGarageMgrGetCarStatLevel__F7SeriesE
0x8013b31c	184	2	CareerGarageMgrGetStarPrice__F7SeriesE9CarStat_ei
0x8013b410	200	2	CareerGarageMgrBuyStarUpgrade__F7SeriesE9CarStat_e
0x8013b3d4	60	2	CareerGarageMgrGetStarLevel__F7SeriesE9CarStat_e
0x8013b5d4	104	2	CareerGarageMgrCanBuy__F7SeriesE9CarStat_eii
0x802a2718	1	1	m_bLoading
0x802a2719	1	1	m_bListAvailable
0x800dd3d4	136	2	_Save_SetFile__FRC12AdaptMessageP12AdaptMessage
0x801cc76c	24	2	MemCGetDevices
0x800e0b20	16	2	TransitionScreenCovered__Fv
0x801d6618	88	2	PerGetDeviceStatus
0x800deb14	16	2	MsgCreditsToEnterFromEndGame__Fv
0x802a2748	4	1	_iWinningPlayerID
0x802a2750	24	1	UILibNames
0x800df244	176	2	UISUtils_FormatSpeed__FfP11UISString_t
0x800dfa64	240	2	UISUtils_FlashExtractFloatField__FRC12AdaptMessageUi
0x801bb514	696	2	atoff
0x800e0078	4	2	UIListenerRegisterListener__FPFv_vPFi_v
0x801e363c	24	2	SysGetSystemTime
0x801ae3d0	60	2	AddString__12AdaptMessagePc
0x800e0360	136	2	CarPartsResMgrLoad__F11ResManFileTUiUi
0x800e03e8	112	2	CarPartsResMgrUnLoad__F11ResManFileTUi
0x800e075c	16	2	TrophyMgrIsGenericTrophy__FUi
0x800e0648	116	2	TrophyMgrWinChampionship__Fi
0x800e06bc	160	2	TrophyMgrGetVicLaneInfo__FUsPUiT1Pi
0x800e0884	100	2	TrophyMgrGetUIScale__Fi
0x802a2778	4	1	_Trans_sScreenLevel
0x800e08e8	48	2	_TransScreenTransitionStart__F15TransitionTypeE
0x800e1f0c	708	2	_UISCarObjRender__FUifUc
0x800e21d0	360	2	UISCarObjCustomDrawCar__FUiUcUc
0x800e2338	112	2	UISCarObjSetModel__FUi9CarModelEUc
0x800e23a8	132	2	UISCarObjUpLoadTexture__FP15TexMatTypeHdr_tUc
0x800e2490	44	2	UISCarObjGetPosition__FUiP6Vec3_t
0x800e24bc	44	2	UISCarObjSetPosition__FUiP6Vec3_t
0x800e24e8	44	2	UISCarObjGetRotation__FUiP6Vec3_t
0x800e2514	44	2	UISCarObjSetRotation__FUiP6Vec3_t
0x800e2540	28	2	UISCarObjGetScale__FUiPf
0x800e255c	24	2	UISCarObjSetScale__FUif
0x800e2574	32	2	UISCarObjSetDarken__FUiUc
0x800e2594	24	2	UISCarObjSetAlpha__FUiUc
0x800e25ac	28	2	UISCarObjGetAlpha__FUiPUc
0x800e2bf8	20	2	UISLightGetLightParm__Fi
0x801fcb68	56	2	TMTexLibRegister
0x801fac88	8	2	TMMaterialSelect
0x801fadc0	188	2	TMMaterialSetMatDef
0x801fcba0	44	2	TMTexLibUnregister
0x8010e760	164	2	SdwRelocateShadow__FP10SdwModel_t
0x8010fb5c	392	2	CarSdwInitDrawInfo__FP12CarSdwDraw_tP10SdwModel_t
0x8010fce4	168	2	CarSdwSetDrawInfoLightDir__FP12CarSdwDraw_tP6Vec3_tf
0x8010fd8c	116	2	CarSdwShutdownDrawInfo__FP12CarSdwDraw_t
0x801c87f8	176	2	MatScaleRow
0x801c8760	152	2	MatScale
0x801c849c	240	2	MatRotY
0x801fba90	508	2	TMRenderBindMaterial
0x801fb7d4	56	2	TMRenderBindModelBase
0x8021e618	52	2	GXSetZCompLoc
0x8021df5c	68	2	GXSetAlphaCompare
0x801101c4	648	2	llCShadowDraw__FP12CarSdwDraw_tP12CarSdwParm_t
0x801fc9c8	132	2	TMTexLibSwap
0x801fcf34	40	2	TMTextureSetWrap
0x800e25c8	256	2	_UISLight_ConvertVec3TToRGB__FP8_GXColorPC6Vec3_t
0x800e26c8	324	2	_UISLight_ConvertRGBToVec3T__FP6Vec3_tPC8_GXColor
0x800e280c	92	2	UISLightSetDirection__FiPC6Vec3_t
0x800e2868	44	2	UISLightGetDirection__FUiP6Vec3_t
0x800e2894	92	2	UISLightSetRGB__FiPC6Vec3_t
0x800e28f0	128	2	UISLightGetRGB__FUiP6Vec3_t
0x800e2970	488	2	UISLightBindClusterShader__Fv
0x800e2b58	160	2	UISLightRestoreDefaults__Fv
0x800e2c0c	252	2	UISTrophyInit__FUi
0x800e2d08	128	2	UISTrophyShutdown__Fv
0x800e2d88	340	2	UISTrophyDraw__FP6Vec3_tT0f
0x801fa634	152	2	TMModelRemapMaterials
0x801fbcf8	236	2	TMRenderSetBlendMode
0x801c88a8	176	2	MatScaleCol
0x800e304c	624	2	LLUIS3DDriverInit__FP24_UIS3DDriverStartParms_t
0x800e32bc	316	2	LLUIS3DDriverShutdown__Fv
0x800e33f8	68	2	LLUIS3DDriverDraw__FP13LLMotObjDef_tUc
0x800e343c	208	2	LLUIS3DDriverObjAdd__FP13LLMotObjDef_t
0x800e350c	32	2	LLUIS3DDriverObjDel__FP13LLMotObjDef_t
0x800e352c	348	2	LLUIS3DDriverObjUpdateTexture__FP13LLMotObjDef_tUiUi
0x80151264	244	2	LLVLCrewSetTeamPaletteColors__FP15TexMatTypeHdr_tP6Vec4_tT1
0x800f5a9c	76	2	CreateADriverGetUniformID__Fv
0x800f5b10	36	2	CreateADriverGetFaceID__Fv
0x801dce38	132	2	ResSetFlags
0x801dcebc	132	2	ResClearFlags
0x801bc838	172	2	CharRelocateSkeleton
0x801fa6cc	120	2	TMModelRemapClusters
0x800f5b34	412	2	CreateADriverUpdateUniform__FPvPUi
0x801fb078	84	2	TMMaterialListAllocDefs
0x801fb0cc	112	2	TMMaterialListFree
0x8011e6b0	292	2	LLMotObjDraw_OptionallySetLights__FP13LLMotObjDef_tUc
0x8011e640	80	2	LLMotObjAdd__FP13LLMotObjDef_tP14LLMotObjParm_t
0x8014ff30	488	2	LLVLCrewSetCrewMemberTextures__FP13LLMotObjDef_t14LLVLCrewTypesEP16TMMaterialList_tP10TMTexLib_t
0x8011e690	32	2	LLMotObjDel__FP13LLMotObjDef_t
0x801fb1cc	132	2	TMMaterialListSetMatDefs
0x800e3688	68	2	Create__9FE3DSceneUi
0x800e3710	224	2	__9FE3DSceneUi
0x800e36cc	68	2	Destroy__9FE3DScene
0x800e37f0	224	2	_._9FE3DScene
0x800e38d0	132	2	CreateViewport__9FE3DSceneffff
0x800e3954	180	2	PrepareCamera__9FE3DScene
0x800e3a08	56	2	PrepareViewportForCamera__9FE3DScene
0x800e3a40	364	2	CreateObject__9FE3DScene17FE3DSceneObject_eUiUi
0x800e48f0	96	2	__10FE3DCarObj
0x800e4f90	336	2	__13FE3DDriverObj
0x800e6234	80	2	__16FE3DAutographObj
0x800e634c	92	2	__13FE3DTrophyObj
0x800e65f8	268	2	FE3DHeroVillainLighting_Set__Fv
0x802bf348	280	1	_vt.10FE3DCarObj
0x800e4950	112	2	_._10FE3DCarObj
0x802bf460	280	1	_vt.10FE3DObject
0x800e49c0	84	2	SetId__10FE3DCarObjUi
0x800e4a14	36	2	SetPosition__10FE3DCarObjP6Vec3_t
0x800e4a38	36	2	SetOrientation__10FE3DCarObjP6Vec3_t
0x800e4a5c	36	2	SetScale__10FE3DCarObjf
0x800e4a80	36	2	GetPosition__C10FE3DCarObjP6Vec3_t
0x800e4aa4	36	2	SetModelAlpha__10FE3DCarObjUc
0x800e4ac8	36	2	GetOrientation__C10FE3DCarObjP6Vec3_t
0x800e4aec	44	2	GetScale__C10FE3DCarObj
0x800e4b18	44	2	GetModelAlpha__C10FE3DCarObj
0x800e4b44	84	2	Render__10FE3DCarObj
0x800e4b98	44	2	StartLoadingModel__10FE3DCarObji
0x800e4bc4	36	2	IsModelLoaded__C10FE3DCarObj
0x800e4be8	256	2	UseLoadedModel__10FE3DCarObj
0x802587d8	4	2	SetSwappablePartState__10FE3DObjectUiUi
0x802587dc	4	2	SaveSwappablePartStateToDB__10FE3DObjectUiUi
0x802587e8	4	2	SaveTextureStateToDB__10FE3DObjectUiUi
0x802587fc	4	2	SetTextureState__10FE3DObjectUiUi
0x8025884c	8	2	SetIsVisible__10FE3DObjectUc
0x8025885c	8	2	SetFE3DType__10FE3DObject17FE3DSceneObject_e
0x80258878	4	2	SetForceUpdate__10FE3DObjectUc
0x802587c8	8	2	GetId__C10FE3DObject
0x802587f4	8	2	GetSwappablePartState__C10FE3DObjectUi
0x802587e0	8	2	LoadSwappablePartStateFromDB__C10FE3DObjectUi
0x802587ec	8	2	LoadTextureStateFromDB__C10FE3DObjectUi
0x80258800	8	2	GetTextureState__C10FE3DObjectUi
0x80258808	8	2	GetShiftedResourceId__C10FE3DObjecti
0x80258810	56	2	GetResourceId__C10FE3DObject
0x80258854	8	2	GetIsVisible__C10FE3DObject
0x80258864	8	2	GetFE3DType__C10FE3DObject
0x802587d0	4	2	SelectNextAnimation__10FE3DObjecti
0x802587d4	4	2	Update__10FE3DObject
0x80258848	4	2	ForceBusyWaitReloadOfModel__10FE3DObjecti
0x8025878c	52	2	_._10FE3DObject
0x802587c0	8	2	SetId__10FE3DObjectUi
0x8025886c	4	2	SetModelAlpha__10FE3DObjectUc
0x80258870	8	2	GetModelAlpha__C10FE3DObject
0x800e4ce8	44	2	__22FE3DCarObj_LoadTexture
0x800e6ef8	116	2	DoneRequestingSkins__13FECarSkinMgrCUi
0x800e4d14	64	2	_._22FE3DCarObj_LoadTexture
0x800e4dc4	196	2	StartLoading__22FE3DCarObj_LoadTextureii
0x800e4e88	44	2	IsLoaded__C22FE3DCarObj_LoadTexture
0x800e4ebc	8	2	GetLoadedCarModel__C22FE3DCarObj_LoadTexture
0x800e4ecc	8	2	GetLoadedTexture__C22FE3DCarObj_LoadTexture
0x800e4ec4	8	2	GetLoadedTextureId__C22FE3DCarObj_LoadTexture
0x800e4eb4	8	2	IsCustomTextureLoaded__C22FE3DCarObj_LoadTexture
0x800f4574	56	2	SwapBuffers__12BakeableCarC
0x800e6e94	100	2	UseRequestedSkin__13FECarSkinMgrCUi
0x800e4d54	112	2	Reset__22FE3DCarObj_LoadTexture
0x800e4f00	144	2	InterpretResourceId__22FE3DCarObj_LoadTextureiP9CarModelEPsPUc
0x800e4ef4	12	2	ResLoadCallback__22FE3DCarObj_LoadTextureUiUsP15TexMatTypeHdr_tPv
0x800e4ed4	32	2	SetCustomCarBakingDone__22FE3DCarObj_LoadTexture9CarModelEP15TexMatTypeHdr_t
0x800f46b4	8	2	SetCallbackFE3DCarObj__12BakeableCarCP22FE3DCarObj_LoadTexture
0x800f5104	12	2	Resume__14BakingFactoryC
0x800e6da4	240	2	RequestSkin__13FECarSkinMgrCUiUsPFUiUsP15TexMatTypeHdr_tPv_vPv
0x802bf578	280	1	_vt.13FE3DDriverObj
0x800e52b4	232	2	LoadSwappablePartStateFromDB__C13FE3DDriverObjUi
0x800e5450	172	2	LoadTextureStateFromDB__C13FE3DDriverObjUi
0x800e50e0	160	2	_._13FE3DDriverObj
0x800e6058	96	2	EndAnimation__13FE3DDriverObj
0x800e5a20	40	2	DeleteMotionObject__13FE3DDriverObj
0x800e5180	32	2	SetPosition__13FE3DDriverObjP6Vec3_t
0x800e51a0	32	2	SetOrientation__13FE3DDriverObjP6Vec3_t
0x800e51c0	8	2	SetScale__13FE3DDriverObjf
0x800e51c8	236	2	SaveSwappablePartStateToDB__13FE3DDriverObjUiUi
0x800e539c	180	2	SaveTextureStateToDB__13FE3DDriverObjUiUi
0x800e54fc	40	2	SetSwappablePartState__13FE3DDriverObjUiUi
0x800e5524	40	2	GetSwappablePartState__C13FE3DDriverObjUi
0x800e554c	80	2	SetTextureState__13FE3DDriverObjUiUi
0x800e559c	32	2	GetTextureState__C13FE3DDriverObjUi
0x800e55bc	56	2	GetShiftedResourceId__C13FE3DDriverObji
0x800e57f4	72	2	InterpretReverseResourceId__C13FE3DDriverObjPiUi
0x800e55f4	8	2	SetModelAlpha__13FE3DDriverObjUc
0x800e55fc	8	2	GetModelAlpha__C13FE3DDriverObj
0x800e5604	32	2	GetPosition__C13FE3DDriverObjP6Vec3_t
0x800e5624	32	2	GetOrientation__C13FE3DDriverObjP6Vec3_t
0x800e5644	8	2	GetScale__C13FE3DDriverObj
0x800e564c	68	2	Update__13FE3DDriverObj
0x800e5f20	144	2	Animate__13FE3DDriverObji
0x800e5a8c	460	2	AnimStateHandler__13FE3DDriverObj
0x800e5690	60	2	Render__13FE3DDriverObj
0x800e56cc	220	2	StartLoadingModel__13FE3DDriverObji
0x800e57b4	64	2	InterpretResourceId__C13FE3DDriverObjiPUi
0x800e60b8	372	2	ReloadModel__13FE3DDriverObj
0x800e57a8	8	2	IsModelLoaded__C13FE3DDriverObj
0x800e57b0	4	2	UseLoadedModel__13FE3DDriverObj
0x800e583c	388	2	SetMotionObjectState__13FE3DDriverObjPv
0x800e59c0	96	2	InitMotionObject__13FE3DDriverObjPv
0x800e5a48	68	2	AnimState_MoveToNext__13FE3DDriverObjP8MotObj_tUi
0x800e5c58	324	2	SelectNextAnimation__13FE3DDriverObji
0x800e5d9c	388	2	DetermineFidgetAnim__13FE3DDriverObjUii
0x800e5fb0	168	2	FixModelPositionAndOrientation__13FE3DDriverObj
0x800e622c	8	2	SetForceUpdate__13FE3DDriverObjUc
0x8011e214	44	2	CharAnimInitStateSel__FPPFP23AnimFileStateAnimList_tUsP12AnimObjHdr_tP13AnimChannel_tPvUi_UiUi
0x801b7934	16	2	AnimStSetUpObjectType
0x8011e808	20	2	LLMotObjSetNodeState__FP16LLMotGeomState_tii
0x8011e938	8	2	LLMotObjGetNodeState__FP16LLMotGeomState_ti
0x800f5a10	36	2	CreateADriverGetBodySize__Fv
0x800f59ec	36	2	CreateADriverGetHead__Fv
0x800f5a54	36	2	CreateADriverGetFrontendHat__Fv
0x800f5a78	36	2	CreateADriverGetShades__Fv
0x800f5880	184	2	CreateADriverRefreshColors__Fv
0x8011e81c	32	2	LLMotObjResetState__FP16LLMotGeomState_t
0x8011e240	84	2	CharAnimInitVars__FP11Character_tUs
0x8011e308	60	2	CharAnimStartState__FP11Character_tUs
0x8011e294	116	2	CharAnimProcess__FP11Character_tf
0x8011ef58	428	2	LLMotAnimCompositeFrame__FP13LLMotObjDef_tP18AnimMotFrameList_t
0x8015555c	468	2	VLProcessCrewOpcodes__FP11Character_tP8MotObj_t
0x801b4d7c	20	2	AnimChanStopAnim
0x802bf690	280	1	_vt.16FE3DAutographObj
0x800e6284	88	2	_._16FE3DAutographObj
0x800e62dc	4	2	StartLoadingModel__16FE3DAutographObji
0x800e62e0	8	2	IsModelLoaded__C16FE3DAutographObj
0x800e62e8	4	2	UseLoadedModel__16FE3DAutographObj
0x800e62ec	32	2	Update__16FE3DAutographObj
0x800e630c	32	2	Render__16FE3DAutographObj
0x800e632c	4	2	SetPosition__16FE3DAutographObjP6Vec3_t
0x800e6330	4	2	SetOrientation__16FE3DAutographObjP6Vec3_t
0x800e6334	4	2	SetScale__16FE3DAutographObjf
0x800e6338	4	2	GetPosition__C16FE3DAutographObjP6Vec3_t
0x800e633c	4	2	GetOrientation__C16FE3DAutographObjP6Vec3_t
0x800e6340	12	2	GetScale__C16FE3DAutographObj
0x801563f8	192	2	AutographInit__Fv
0x801564b8	136	2	AutographShutdown__Fv
0x80156540	180	2	AutographProcess__Fv
0x801565f4	44	2	AutographDraw__Fv
0x802bf7a8	280	1	_vt.13FE3DTrophyObj
0x800e63a8	108	2	_._13FE3DTrophyObj
0x800e6414	52	2	SetPosition__13FE3DTrophyObjP6Vec3_t
0x800e6448	52	2	GetPosition__C13FE3DTrophyObjP6Vec3_t
0x800e647c	32	2	SetOrientation__13FE3DTrophyObjP6Vec3_t
0x800e649c	32	2	GetOrientation__C13FE3DTrophyObjP6Vec3_t
0x800e64bc	8	2	SetScale__13FE3DTrophyObjf
0x800e64c4	8	2	GetScale__C13FE3DTrophyObj
0x800e64cc	60	2	Render__13FE3DTrophyObj
0x800e6508	96	2	InterpretResourceId__C13FE3DTrophyObjiPUi
0x800e6568	132	2	StartLoadingModel__13FE3DTrophyObji
0x800e65ec	8	2	IsModelLoaded__C13FE3DTrophyObj
0x800e65f4	4	2	UseLoadedModel__13FE3DTrophyObj
0x800e6704	32	2	__Q213FECarSkinMgrC10SkinStateT
0x800e6724	28	2	__Q213FECarSkinMgrC12SkinRequestT
0x800e6740	196	2	__13FECarSkinMgrC
0x800e6804	100	2	_._13FECarSkinMgrC
0x800e6868	236	2	UnloadSkins__13FECarSkinMgrC
0x800e6954	96	2	ReleaseSkin__13FECarSkinMgrCUiUs
0x800e69b4	140	2	NotifySkinReady__13FECarSkinMgrCUi
0x800e6a40	140	2	SatisfyFinishedRequests__13FECarSkinMgrC
0x800e6acc	152	2	RemoveFinishedRequest__13FECarSkinMgrCUs
0x800e6b64	128	2	NotifyAllRequestFinished__13FECarSkinMgrCUs
0x800e6be4	148	2	PruneUnusedSkins__13FECarSkinMgrC
0x800e6c78	68	2	AsyncIOCallback__13FECarSkinMgrCPvUiT1UiT1
0x800e6cbc	104	2	ProcessAsyncIOResults__13FECarSkinMgrCPvUiT1Ui
0x801e3af4	108	2	SysInitCriticalSectionFunc
0x801e3c1c	24	2	SysShutdownCriticalSectionFunc
0x801e3b60	136	2	SysEnterCriticalSectionFunc
0x801e3be8	52	2	SysExitCriticalSectionFunc
0x801db440	628	2	ResLoadAsync
0x800e6fb8	8	2	IsKeyEnabled__13NameConcreteCcUc
0x800e6fc0	28	2	ValidateText__13NameConcreteCPPcN21
0x800e6fdc	260	2	CreateInstance__13NameConcreteCPCQ27Service28CreateInstanceDataInterfaceC
0x802bf8c0	40	1	_vt.13NameConcreteC
0x802bf8e8	24	1	_vt.23NameCreateInstanceDataC
0x802bf900	24	1	_vt.Q27Service28CreateInstanceDataInterfaceC
0x800e7220	48	2	_._13NameConcreteC
0x802588b0	52	2	_._23NameCreateInstanceDataC
0x8025887c	52	2	_._Q27Service28CreateInstanceDataInterfaceC
0x801b33dc	156	2	__Q28Keyboard9AbstractCPCQ28Keyboard5DataT
0x801b32f0	92	2	Register__8KeyboardUiPFPCQ27Service28CreateInstanceDataInterfaceC_PQ27Service10InterfaceCPCQ27Service28CreateInstanceDataInterfaceC
0x801b334c	72	2	Unregister__8KeyboardUi
0x801b3478	92	2	_._Q28Keyboard9AbstractC
0x800e76ec	480	2	_GaugesMgrDisplayPortrait__FPC5Car_tScUc
0x800e93d8	160	2	GaugesMgr_QuickBestLap__Fi
0x800e9e7c	48	2	GaugesMgr_BeginShareDraft__FScPC5Car_t
0x800e9eac	88	2	GaugesMgr_EndShareDraft__FSc
0x800e9f04	188	2	GaugesMgr_SetDraftingMsgState__FScUc
0x800ea018	164	2	GaugesMgr_SpeedZonePoints__FiPcUii
0x80134b40	16	2	TrackMapDisplayMap__FUci
0x800eb440	712	2	SZHudMgr_Init__Fv
0x801ca238	224	2	MemDebugSetup
0x80134b34	12	2	TrackMapIsActive__Fv
0x80134aac	136	2	TrackMapDraw__Fv
0x80141214	76	2	AllStarShouldDisplayQualTime__Fv
0x800f7fa0	24	2	RMOGetLapTimeComparison__Fi
0x80127a18	12	2	ShareDraftIsInit__Fv
0x801279cc	76	2	ShareDraftReadMeter__FSc15ShareDraftModeE
0x800eb8fc	56	2	SZHudMgr_HintPenalty__Fv
0x8014f4c4	104	2	GetGoalPoints__11SZScenarioC16SpeedZone_MedalE
0x8014f0c4	20	2	IsTimeBased__11SZScenarioC
0x8014f46c	88	2	GetGoalTime__11SZScenarioC16SpeedZone_MedalE
0x800ebdb8	144	2	CustomCarDBAreRookieStripesNeeded__F7SeriesE
0x80128b54	40	2	SeasonMgrGetNumYears__Fv
0x800ebe90	40	2	CustomCarCombineColors__FP15CustomCarColorTUc
0x800ec054	440	2	CustomCarTexCreateColorGradient__FPUiUiUiiiii
0x800ec20c	532	2	CustomCarTexCreateHWColorGradient__FPUsUiUiiiii
0x800ec420	172	2	CustomCarTexClearTexture__FP15TexMatTypeHdr_tUi
0x800ec4cc	480	2	CustomCarTexAlphaBlend__FP15TexMatTypeHdr_tT0UiUi
0x800ec6ac	348	2	_CustomCarTexDetailHighlight__FP15TexMatTypeHdr_tN20
0x800ec808	312	2	_CustomCarTexSetKerningOffsets__FP15CustomCarKern_tP19CustomCarCalcKern_tii
0x800ec940	388	2	CustomCarTexKernFont__FP15TexMatTypeHdr_tP15CustomCarKern_tii
0x800ecac4	192	2	CustomCarTexRePaintScheme__FP15TexMatTypeHdr_tT0PUiUiUiUiUi
0x800ecb84	236	2	CustomCarTexWindow__FP15TexMatTypeHdr_tT0
0x800ecc70	376	2	CustomCarTexConvert32to8b__FP15TexMatTypeHdr_tN20
0x800ecde8	296	2	CustomCarTexConvertBanner32to8b__FP15TexMatTypeHdr_tT0
0x800ecf10	452	2	_CustomCarTexCalculateOffsets__FPiiiP15CustomCarKern_t
0x800ed0d4	1420	2	_CustomCarTexBakeNumberOnCar__FP14CustomCarInfoTPcP15TexMatTypeHdr_tT2P15CustomCarKern_t
0x800ed660	728	2	_CustomCarTexBakeSmallNumberOnCar__FP14CustomCarInfoTPcP15TexMatTypeHdr_tT2P15CustomCarKern_t
0x800ed938	1232	2	CustomCarTexGeneratePalette32b__FP14CustomCarInfoTP15TexMatTypeHdr_tP15_CustomCarTex_tUc
0x800ede08	776	2	CustomCarTexBlendDecal__FP14CustomCarInfoTP15TexMatTypeHdr_tP15_CustomCarTex_tP15CustomCarKern_tUc13CustomCarTexE
0x800ee110	488	2	CustomCarTexBakeTexture32b__FP14CustomCarInfoTP15TexMatTypeHdr_tP15_CustomCarTex_tP15CustomCarKern_tT3Uc
0x800ee2f8	680	2	_CustomCarTexBakeBnrNumber__FP14CustomCarInfoTP15TexMatTypeHdr_tPcT1P15CustomCarKern_t
0x800ee5a0	136	2	CustomCarTexBakeBannerTexture32b__FP14CustomCarInfoTP15TexMatTypeHdr_tN21P15CustomCarKern_t
0x800ee628	680	2	CustomCarTexBakeUINumber__FP14CustomCarInfoTPcP11TMTexture_tPUcP15TexMatTypeHdr_tP15CustomCarKern_tUc
0x801f9a8c	168	2	TexGetPaletteByIndex
0x800f2d74	40	2	WU_init__Fv
0x800f2d9c	380	2	WU_setdata__FPCvUiUiUi
0x800f2f18	1044	2	WU_shutdown__FiPP16WuInverseTable_tPii
0x800f1ee4	344	2	CRAPI_remap__FPvPUiT0UsUiiiP16WuInverseTable_t
0x800efba0	4	2	LLCustomCarTexSwizzlePalette__FUiPUiUc
0x800eff58	64	2	LLCustomCarTexSwizzleTexture__FPvUiUiUcUc
0x8027a3a8	2176	1	CustomCar_DecalsCoords
0x801fd2a8	84	2	TMTextureGetRawTexData
0x800ee8d0	68	2	_CustomCarMemGetSponsorPitBnr__Fi
0x800eeb08	528	2	CustomCarMemFEAllocateBuffers__Fv
0x8030ee34	640	0	_CustomCarMemTexs
0x800ef920	244	2	CustomCarMemFELoadTex__F9PlayerIdE13CustomCarTexEi9CarModelE
0x8030f0b4	20	0	_CustomCarMemBuffer32
0x800eed18	180	2	CustomCarMemFEDeallocateBuffers__Fv
0x802a2f24	4	1	CustomCarMem_uTemplate32Size
0x800eedcc	268	2	CustomCarMemIGPreheatOven__Fv
0x8030f0dc	4	0	_CustomCarMemBuffer8
0x800eeed8	180	2	CustomCarMemIGTurnoffOven__Fv
0x800eef8c	184	2	_CustomCarMemLoadOven__F9PlayerIdE13CustomCarTexEi9CarModelEPUi
0x800ef044	92	2	_CustomCarMemUnLoadOven__F9PlayerIdE13CustomCarTexE
0x800ef0a0	988	2	CustomCarMemIGBakeInOven__Fi20CustomCarBakeOutputE
0x800ef47c	188	2	CustomCarMemIGBakeBannerInOven__FiPUi
0x800ef590	104	2	CustomCarMemSwizzleTexture__F9PlayerIdE
0x800ef5f8	124	2	CustomCarMemGeneratePalette__FP14CustomCarInfoT
0x800ef674	196	2	CustomCarMemBakeDecal__FP14CustomCarInfoT13CustomCarTexE
0x800ef738	80	2	CustomCarMemSwapBuffers__F9PlayerIdE
0x800f3ec4	112	2	GetByCarID__12BakeableCarCi
0x800f4460	8	2	GetSpecs__12BakeableCarC
0x800f0018	32	2	LLCustomCarTexBakeTexture32b__FP14CustomCarInfoTP15TexMatTypeHdr_tP15_CustomCarTex_tP15CustomCarKern_tT3Uc
0x800f4524	12	2	GetDoubleBuffer__12BakeableCarC
0x800f4004	8	2	IsTestCar__12BakeableCarC
0x800f472c	140	2	GetCarBySkinID__12BakeableCarCSc
0x8020267c	488	2	UIGLibraryUnLoadItem
0x800eff98	128	2	LLCustomCarTexPatchTex__FP15TexMatTypeHdr_tT0
0x8022dafc	348	2	floor
0x800f1094	292	2	LoadingUpdateLoadingBar__Fv
0x800f1370	148	2	LoadingUpdateFade__Fv
0x800f18d0	216	2	LLLoadingLoadTexture__FPPvUi
0x800f1854	16	2	LLLoadingPrepForLoad__Fv
0x800f1864	92	2	LLLoadingInit__FPPv
0x800f19e8	368	2	LLLoadingRenderBegin__Fv
0x800f1b58	308	2	LLLoadingRenderPoly__FPC13LoadingPoly_t
0x800f1c8c	96	2	LLLoadingRenderEnd__Fv
0x800f19a8	64	2	LLLoadingUnloadTexture__FPPvP10LLTextureT
0x800f1cec	56	2	LLLoadingBeginLoadingBar__FP13LoadingPoly_t
0x800f1d24	32	2	LLLoadingEndLoadingBar__Fv
0x800f18c0	16	2	LLLoadingShutdown__FPPv
0x800f1d44	96	2	LLLoadingBeginFade__FP13LoadingPoly_t
0x800f1da4	44	2	LLLoadingEndFade__Fv
0x8021db08	140	2	GXSetTevOp
0x801c6654	12	2	GlibGetFrame
0x801c6668	24	2	GlibGetFrameBufferAddr
0x8021bb88	360	2	GXCopyDisp
0x8021ad84	36	2	GXPixModeSync
0x801c5f60	8	2	GlibSetVsyncCallback
0x802118f0	84	2	VIWaitForRetrace
0x801c5f70	12	2	GlibRemoveVsyncCallback
0x802a2f40	1	1	_12BakeableCarC._m_bAllInit
0x802a2f44	4	1	_12BakeableCarC._m_eMode
0x802a2f48	4	1	_12BakeableCarC._m_eSeries
0x802a2f4c	4	1	_12BakeableCarC._m_apCustomCar
0x802a2f50	4	1	_12BakeableCarC._m_pWorkingBuffer8
0x802a2f54	4	1	_12BakeableCarC._m_refTex
0x802a2f58	4	1	_12BakeableCarC._m_CustomCarFontsKerning
0x802a2f5c	4	1	_12BakeableCarC._m_CustomCarSmallFontsKerning
0x802a2f60	4	1	_12BakeableCarC._m_CustomCarLargeFontsKerning
0x802a2f64	936	1	_12BakeableCarC._m_aBakeStepMapFE
0x802a330c	144	1	_12BakeableCarC._m_aBakeStepMapIG
0x800f34b8	1180	2	_ProcessFunction__12BakeableCarC12CarBakeFuncE
0x800f3c28	84	2	_BakeInGameDecal__12BakeableCarC
0x800f3c7c	40	2	_LoadTex__12BakeableCarC13CustomCarTexEi
0x800f3954	36	2	_Init__12BakeableCarC9PlayerIdE
0x800f4468	176	2	SetPlayerID__12BakeableCarC9PlayerIdEUc
0x800f3978	4	2	_Shutdown__12BakeableCarC
0x800f397c	72	2	_._12BakeableCarC
0x802bf918	64	1	_vt.12BakeableCarC
0x800f39c4	20	2	_IsValid__12BakeableCarC
0x800f39d8	84	2	_GetFuncList__12BakeableCarC12CarBakeStepE
0x800f3a2c	108	2	_ProcessStep__12BakeableCarC
0x800f3a98	92	2	_NextStep__12BakeableCarC
0x800f3af4	308	2	_RefreshInfo__12BakeableCarC
0x800f3ca4	80	2	_UpdateSchemeTypeColors__12BakeableCarC
0x800f3cf4	76	2	__12BakeableCarC9PlayerIdE
0x803b2f44	1	1	_12BakeableCarC._m_bDoubleBuffer
0x800f40e4	152	2	Process__12BakeableCarC
0x800f453c	56	2	GetFEDecal__12BakeableCarC
0x800f417c	36	2	Cancel__12BakeableCarC
0x800f41a0	76	2	Start__12BakeableCarC
0x800f41ec	44	2	QueueItem__12BakeableCarC
0x800f4218	12	2	SetQueueFlag__12BakeableCarC
0x800f4530	12	2	GetIGDecal__12BakeableCarC
0x800f46a8	12	2	SetIGDecal__12BakeableCarCP15TexMatTypeHdr_t
0x800f4720	12	2	GetSkinID__12BakeableCarC
0x8039bbc0	160	1	_12BakeableCarC._m_aTexs
0x800f513c	52	2	_._9IBakeable
0x8011662c	104	2	LLCarObjCustomBuildDecal__FiP15TexMatTypeHdr_tUi
0x800f5120	28	2	__9IBakeable
0x800f50f8	12	2	Pause__14BakingFactoryC
0x800f4e0c	176	2	Add__14BakingFactoryCP9IBakeable
0x802a33a0	1	1	_15BakeableBannerC._m_bAllInit
0x802a33a4	4	1	_15BakeableBannerC._m_apCustomBanner
0x802a33a8	4	1	_15BakeableBannerC._m_pWorkingBuffer8
0x800f47f8	36	2	Init__15BakeableBannerC9PlayerIdE
0x800f4bc0	136	2	SetPlayerID__15BakeableBannerC9PlayerIdEUc
0x802bf958	64	1	_vt.15BakeableBannerC
0x800f481c	76	2	__15BakeableBannerC9PlayerIdE
0x800f4868	4	2	Shutdown__15BakeableBannerC
0x800f486c	72	2	_._15BakeableBannerC
0x800f48b4	20	2	IsValid__15BakeableBannerC
0x800f48c8	152	2	RefreshInfo__15BakeableBannerC
0x800f4960	12	2	GetIGDecal__15BakeableBannerC
0x800f496c	60	2	BakeInGameDecal__15BakeableBannerC
0x800f49a8	128	2	InitBanners__15BakeableBannerC
0x800f4a28	132	2	ShutdownBanners__15BakeableBannerC
0x800f4aac	112	2	GetByCarID__15BakeableBannerCi
0x800f4bb8	8	2	GetCarID__15BakeableBannerC
0x800f4b1c	52	2	Process__15BakeableBannerC
0x800f4b50	36	2	Cancel__15BakeableBannerC
0x800f4b74	12	2	Start__15BakeableBannerC
0x800f4b80	44	2	QueueItem__15BakeableBannerC
0x800f4bac	12	2	SetQueueFlag__15BakeableBannerC
0x800f4c48	12	2	SetIGDecal__15BakeableBannerCP15TexMatTypeHdr_t
0x80116694	96	2	LLCarObjCustomBuildPitBnr__FiP15TexMatTypeHdr_tUi
0x800f4c54	76	2	FindItem__14BakingFactoryCP9IBakeablePUc
0x800f4d20	160	2	__14BakingFactoryC
0x800f4dc0	76	2	_._14BakingFactoryC
0x800f4f0c	172	2	Remove__14BakingFactoryCP9IBakeable
0x800f5118	8	2	SetFactory__9IBakeableP14BakingFactoryC
0x800f4ebc	80	2	DequeueItem__14BakingFactoryCUc
0x800f5110	8	2	GetStatus__14BakingFactoryC
0x802bf998	64	1	_vt.9IBakeable
0x800f5938	32	2	CreateADriverRefreshColorsByDriverID__Fi
0x800f5a34	32	2	CreateADriverGetBackendHat__Fv
0x800f5ae8	40	2	CreateADriverGetBackendModelResID__Fv
0x8030fb8c	1	0	_AITune_uPad
0x8030fb90	1	0	_gmSdbg_fake
0x802a33c0	1	1	GMRMDbg_uPad
0x8030fb98	44	0	_RMO_aAnyTireBlown
0x800f5d2c	92	2	_RMOUpdateTimeSinceGreen__Fv
0x8030fbc4	44	0	_RMO_aAirborneTicks
0x800f7190	104	2	RMOForceCaution__FP5Car_ti
0x800f71f8	120	2	_RMOIsOnTrack__Fi
0x800f7564	60	2	RMOInitBuffers__Fv
0x800f9cf0	388	2	RMOTrafficInit__Fv
0x800f9594	12	2	RMOSetTimeSinceGreen__Ff
0x800fc9ac	216	2	Update__14RTIntervalMgrCUc
0x800f7d88	24	2	RMOSetCarTrackSpeed__Fif
0x800f7db8	24	2	RMOSetCarTrackLatSpeed__Fif
0x800f7d28	24	2	RMOSetCarDrivingBackOnLine__FiUc
0x800f7780	24	2	RMOSetCarInExtent__Fif
0x800f7750	24	2	RMOSetCarOutExtent__Fif
0x800f7e00	48	2	RMOSetCarTrackSectionInfo__FiPC21PtkTrackSectionInfo_t
0x800f7e78	48	2	RMOSetCarLastTrackSectionInfo__FiPC21PtkTrackSectionInfo_t
0x800fa444	140	2	RMOTrafficShutdown__Fv
0x800f7694	28	2	RMOShutdownRaceData__Fv
0x800f7fb8	24	2	RMOSetLapTimeComparison__Fii
0x800f7d40	24	2	RMOGetNextStuckCheckTime__Fi
0x800f7fe8	24	2	RMOGetLastStuckCheckLap__Fi
0x800f8558	24	2	RMOGetFastestLapNum__Fi
0x800f75a0	244	2	RMOInitRaceData__Fv
0x800f844c	24	2	RMOSetFastestLapTimeForHappyHour__Fif
0x800f8540	24	2	RMOGetLapsCompleted__Fi
0x80313100	100	0	_RMO_LapsLead
0x8013c5f8	52	2	SetLastRaceId__19HiredDriverManagerCiUs
0x8013c660	52	2	SetLastRaceEarnings__19HiredDriverManagerCii
0x8013c62c	52	2	SetLastRaceEndPosition__19HiredDriverManagerCii
0x8013ae08	448	2	CareerPlayerRatingsUpdateAfterCharity__Fi
0x8014b7d4	1192	2	SeasonStatMgrUpdateAllDriverStats__FUss7SeriesE
0x80139874	340	2	Deposit__15EconomyManagerCiUi7SeriesE
0x8014b3c0	40	2	SeasonStatMgrProcessBeforeRace__Fv
0x800fa604	24	2	RMOTrafficSetInsideFlank__FiP5Car_t
0x800fa634	24	2	RMOTrafficSetOutsideFlank__FiP5Car_t
0x800fa664	24	2	RMOTrafficSetInsideFlankInOut__Fif
0x800fa694	24	2	RMOTrafficSetOutsideFlankInOut__Fif
0x800f9c9c	84	2	RMOTrafficSetRelativeDist__FUcUcf
0x800fae44	368	2	RMOShouldCheckFlank__Fii
0x800fa920	92	2	RMOTrafficIsCarOnInsideFlank__Fii
0x800fa97c	92	2	RMOTrafficIsCarOnOutsideFlank__Fii
0x800fa878	168	2	RMOTrafficIsCarOnImmediateFlank__Fii
0x800fab60	44	2	RMOTrafficGetCurFlankers__FiPP20RMOTrafficFlankers_tT1
0x800fab8c	44	2	RMOTrafficGetPrevFlankers__FiPP20RMOTrafficFlankers_tT1
0x800fb4d8	216	2	RMOPInit__Fv
0x800fb5f0	2128	2	RMOPUpdate__FPC5Car_t
0x800fb5b0	64	2	RMOPShutdown__Fv
0x802a33e8	1	1	_13BlackFlagMonC.s_uRefCount
0x800fbe40	188	2	OffenseToRaceEventCause__C13BlackFlagMonC17BlackFlagOffenseE
0x8027bec8	4	1	_14RTIntervalMgrC.SECONDS_PER_HUNDREDTHS
0x800fc7f4	224	2	__14RTIntervalMgrC
0x800fc8d4	108	2	_._14RTIntervalMgrC
0x800fce38	36	2	GetSegmentLengthInFeet__C14RTIntervalMgrC
0x800fce5c	36	2	GetCarCount__C14RTIntervalMgrC
0x800fc940	108	2	Reset__14RTIntervalMgrC
0x800fcf7c	184	2	LocateSegmentForCar__14RTIntervalMgrCUcPf
0x800fce80	64	2	fGetCurrentTime__C14RTIntervalMgrC
0x800fca84	160	2	AdjustToBeginningOfSegment__14RTIntervalMgrCff
0x800fcb24	384	2	InterpolateInterveningSegmentTimes__14RTIntervalMgrCUcUsf
0x800fcca4	48	2	CountSegmentsExclusive__14RTIntervalMgrCUsUs
0x800fcec0	188	2	DetermineLeader__14RTIntervalMgrCUcUc
0x801cbe88	48	2	__nw__FUiUiUi
0x801cbeb8	48	2	__vn__FUiUiUi
0x802a3404	4	1	CarObj_uEnvScrollIntervals
0x803132dc	88	0	_CarDecalResIDList
0x800fd73c	40	2	CarObjSetForceHiLod__FP5Car_tUc
0x800fdafc	12	2	CarObjGetNumRenderCars__Fv
0x801323c0	308	2	PaceCarInitLights__FP5Car_t
0x80102028	164	2	LLCarObjInitCar__FP5Car_t
0x801020cc	72	2	LLCarObjShutdownCar__FP5Car_t
0x80102114	52	2	LLCarObjResetCar__FP5Car_t
0x8010147c	772	2	LLCarObjInit__FPC16LLCarObjConfig_t
0x80101780	1496	2	LLCarObjVicLanePreShutdown__FP5Car_t
0x80101d58	720	2	LLCarObjShutdown__Fv
0x80101220	176	2	LLCarObjRenderAll__Fv
0x8010135c	172	2	LLCarObjVicLaneRenderAll__Fv
0x801545d8	44	2	VictoryLaneGetDriverData__FPiT0
0x80110698	4	2	llCShadowLogicalInit__FUi
0x801329ec	60	2	Create__10CarLightsC
0x80132a28	68	2	Destroy__10CarLightsC
0x8011069c	4	2	llCShadowLogicalShutdown__Fv
0x802a3408	1	1	CarLodiLim_bFullLOD
0x800fddc0	340	2	CarLodLimAdjust__FPP5Car_ti
0x800fdf14	112	2	CarLodLimCamTypeLimits__F11CameraTypeE
0x8027ead0	100	1	LLCarLod_iMaxLimits
0x8027eb34	100	1	LLCarLod_iMinLimits
0x80103510	124	2	LLCarLODAnalyze__FP5Car_ti
0x802a3410	68	1	_11SeriesDataC.s_aCarModel_To_SeriesDataE
0x802a3454	20	1	_11SeriesDataC.s_aSeriesE_To_SeriesDataE
0x800fe028	72	2	GetSeriesBlendDamageChannel__13DamageConfigCP5Car_tUi
0x800fe070	44	2	GetSeriesBlendDamageChannelCount__13DamageConfigCP5Car_t
0x800fe09c	32	2	GetSeriesBlendDamageChannelCount__13DamageConfigC7SeriesE
0x800fe0bc	68	2	GetSeriesBlendDamageUndersideChannel__13DamageConfigCP5Car_tUi
0x800fe100	44	2	GetSeriesBlendDamageUndersideChannelCount__13DamageConfigCP5Car_t
0x800fe12c	32	2	GetSeriesBlendDamageUndersideChannelCount__13DamageConfigC7SeriesE
0x80313344	10028	0	_LLCarObj_RenderInfo
0x80100ef0	60	2	LLCarObjGetCustomBnrTex__Fi
0x8010218c	48	2	LLCarObjRegisterUniversalTexLib__Fv
0x801021bc	40	2	LLCarObjUnregisterUniversalTexLib__Fv
0x80102254	112	2	LLCarObjCalcVptMask__FP5Car_t
0x80116604	40	2	LLCarObjCustomAllocateDecal__FUi
0x801faec4	40	2	TMMaterialStateBindTextureClut
0x80102e40	120	2	LLCarPDmgBindClutToMat__FUiPcP12TMMaterial_t
0x801fd11c	288	2	TMTextureClutNew
0x80114ab0	392	2	ARTCCreatePool__FUiUiUi
0x80114d4c	256	2	ARTCAddTex__FiPC11TMTexture_tPC8TMClut_ti
0x80114f08	288	2	ARTCMakeCopyOfTexture__FPC11TMTexture_t
0x80115028	320	2	ARTCMakeCopyOfClut__FPC8TMClut_t
0x801fabe8	160	2	TMMaterialReset
0x801fcdb0	108	2	TMTexLibSetWrap
0x801fcce8	100	2	TMTexLibSetFilterParm
0x80102c84	372	2	LLCarPDmgInit__FUiP15TexMatTypeHdr_t
0x80114e4c	32	2	ARTCGetTexPriority__Fii
0x80114e6c	32	2	ARTCSetTexPriority__Fiii
0x8011495c	340	2	ARTCProcess__Fv
0x80114e8c	124	2	ARTCGetTexAndClut__FiiPP11TMTexture_tPP8TMClut_t
0x80114d14	56	2	ARTCResetPoolPriorities__Fii
0x80112d20	704	2	LtkshadowUpdateCar__FP5Car_t
0x80116364	672	2	LLCarBlendSynthesize__FP5Car_tUc
0x801161f8	160	2	LLCarBlendAssign__FP5Car_t
0x80116298	204	2	LLCarBlendRemove__FP5Car_tUc
0x80113690	120	2	LtkshadowMaterialBindQuadTex__FPci
0x80113708	124	2	LtkshadowMaterialBindCurveTex__FPci
0x80113784	48	2	LtkshadowMaterialBindHtShearIndTex__FPc
0x801facf4	88	2	TMMaterialBindClut
0x801026e4	580	2	LLCarXformBindTex__FP5Car_ti
0x80102928	640	2	LLCarXformBindPosNrm__FP5Car_t
0x8039bc60	148	1	TMRender_State
0x801fbcd0	40	2	TMRenderBindTexXformList
0x80102658	140	2	LLCarXformUpdateList__FPP5Car_tUi
0x801fc8d4	64	2	TMTexLibReset
0x80114954	4	2	ARTCInit__Fv
0x801fcb40	40	2	TMTexLibRegistryReset
0x80115f70	396	2	LLCarBlendInit__FP16LLCarBlendParm_tUc
0x80102ba8	156	2	LLCarXformInit__FUi
0x801faa3c	204	2	TMMaterialCopy
0x80115168	64	2	ARTCFreeCopiedTexture__FP11TMTexture_t
0x801151a8	88	2	ARTCFreeCopiedClut__FP8TMClut_t
0x80102c44	64	2	LLCarXformShutdown__Fv
0x80102df8	72	2	LLCarPDmgShutdown__Fv
0x80114c38	220	2	ARTCReleasePool__Fi
0x80114958	4	2	ARTCShutdown__Fv
0x801160fc	252	2	LLCarBlendShutdown__FUc
0x80102ffc	72	2	LLCarPDmgResetPaletteEntries__Fi
0x8021eaf4	180	2	GXLoadTexMtxImm
0x801137b4	76	2	LtkshadowBindHtShearMatrices__Fv
0x802a3c58	524	1	LLCarPDmgInfo
0x801fec68	756	2	TMClipVertexList
0x80103cc8	32	2	PitBnrInit__Fv
0x80104238	676	2	LLTrackObjInit__FUi
0x80103ce8	124	2	PitBnrLoadBanners__Fv
0x80112a60	40	2	TrackShadowInit__Fv
0x80106e3c	132	2	LLFogInit__FUs
0x80112a88	36	2	TrackShadowShutdown__Fv
0x80103d64	32	2	PitBnrUnloadBanners__Fv
0x801044dc	140	2	LLTrackObjShutdown__Fv
0x80104a74	32	2	LtrkSetDynStretch__FfUi
0x801063d0	80	2	LLPitBnrPatch__FP12PitBnrParm_ti
0x80106420	92	2	LLPitBnrSetupCustomBanners__FP12PitBnrParm_ti
0x801062a0	244	2	LLPitBnrInit__Fv
0x80106394	60	2	LLPitBnrLoad__FP12PitBnrParm_ti
0x8010647c	316	2	LLPitBnrShutdown__Fv
0x80103d84	200	2	_LLTrackObjEnvMapInit__Fv
0x80103e4c	156	2	_LLTrackObjEnvMapShutdown__Fv
0x80104aec	12	2	LLTrackObjGetTrackModel__Fv
0x80315f10	108	0	_LLTrackObj_TrackModel
0x80104a18	44	2	LLTrackObjGetTexture__FPc
0x80104a44	48	2	LLTrackObjGetClut__FPci
0x801315fc	16	2	EnvGetCurrent__Fv
0x8011c9d4	4	2	TrackShRegisterEnvironmentTexture
0x801fb13c	44	2	TMMaterialListGetMaterial
0x801f9eb8	192	2	TMModelResGetChunk
0x802002f0	8	2	TMTexXformSelect
0x801fcef8	60	2	TMTextureSetFilterParm
0x80104dd0	1144	2	LightInit__FP14TMLightChunk_t
0x80115200	396	2	GeomInstPatchXform__FP21TMInstanceDefHeader_t
0x8011538c	276	2	GeomInstCreateMatrices__FP21TMInstanceDefHeader_tPUiP5Mat_t
0x80115910	60	2	GeomInstClipSetProjMat__FP5Mat_t
0x8011594c	88	2	GeomInstClipSetCamAndWorldMats__FP5Mat_tT0
0x80115888	20	2	GeomInstClipSetInstDefListArray__FPP15TMInstanceDef_TUs
0x8011589c	116	2	GeomInstClipViewport__FP9TMModel_TUi
0x80115f48	20	2	GeomInstRenderSetInstDefListArray__FPP15TMInstanceDef_TUs
0x80115ba4	932	2	GeomInstRenderByNode__FiP5Mat_tUiUi
0x801fbe30	32	2	TMRenderSetZMode
0x801fbde4	76	2	TMRenderSetZRange
0x801fac90	100	2	TMMaterialBindTextureClut
0x8011c9d8	96	2	TrackShSetDynStretch
0x8021beb4	28	2	GXInitLightAttn
0x8021c144	12	2	GXInitLightColor
0x8021c060	228	2	GXInitSpecularDir
0x8021c150	124	2	GXLoadLightObjImm
0x80200800	8	2	TMInstanceSelect
0x80200808	100	2	TMInstanceBindMaterialByInstID
0x8011cdf8	68	2	__14MaterialAllocC
0x8011ce3c	64	2	_._14MaterialAllocC
0x801065b8	428	2	SkyObjDetermineResIDs__Fv
0x80106bec	592	2	SkyObjProcessObj__FUi
0x8031b090	12	0	LLSkyObj_SunPos
0x8031b09c	16	0	LLSkyObj_SunColor
0x8013130c	72	2	EnvQueryDBForDayStage__Fv
0x801072e4	344	2	LLSkyObjLoadDome__Fi
0x8010775c	80	2	LLCloudInit__Fv
0x801077e4	356	2	LLCloudLoadModel__Fi
0x80131674	520	2	EnvCalcDayStage__FUiPf
0x801074c8	100	2	LLSkyObjDomeColorBlend__Ff
0x80107a3c	100	2	LLCloudColorBlend__Ff
0x80107238	92	2	LLSkyObjInit__Fv
0x802a6af8	80	1	OPTICS_PARM_EFFECT_SUN
0x802a6b48	80	1	OPTICS_PARM_EFFECT_SUN_DUSK
0x80131dd0	384	2	OpticsAddEffect__FP22OpticalEffectParmBlock
0x802a6c38	280	1	OPTICS_PARM_SECONDARY_FLARES
0x80131f94	188	2	OpticsAddSecondary__FP15OpticalEffect_TP24OpticsSecondaryParmBlock
0x80107948	148	2	LLCloudUnloadModel__Fv
0x801077ac	56	2	LLCloudShutdown__Fv
0x8010743c	140	2	LLSkyObjUnloadDome__Fv
0x80107294	80	2	LLSkyObjShutdown__Fv
0x80203cb0	64	2	Vec3Lerp
0x8031b0c0	20	0	_fogOptions
0x8021e1f0	548	2	GXSetFog
0x80204494	8	2	VptGetCurrentViewport
0x802048a4	56	2	VptFrustum
0x801c6744	36	2	GlibSetProjection
0x801079dc	96	2	LLCloudDrawModel__FP12TMViewport_tUi
0x80108140	132	2	LLBezierFindNearestPoint__FPC6Vec4_tPC6Vec3_tT0P6Vec4_t
0x802035d8	48	2	Vec2Magnitude
0x802a4040	1	1	ptkdbg
0x80108dcc	440	2	LLIBLRender__FScii
0x8012636c	28	2	IBLGetData__FPiPPC14IBLVertexPairT
0x80126388	388	2	IBLCalcColor__FScPUi
0x802a40dc	1	1	llPartAnimTexParms
0x80108f84	80	2	LLParticlesInit__Fv
0x80108fd4	36	2	LLParticlesShutdown__Fv
0x80108ff8	2024	2	LLParticlesDraw__FP8ObjHdr_ti
0x801097e0	48	2	LLParticlesDrawSetup__Fv
0x80109810	112	2	LLParticlesLoadAnimTexLib__FP10AnimTexResPP12AnimTexObj_tPv
0x80109880	72	2	LLParticlesUnLoadAnimTexLib__FPP12AnimTexObj_t
0x801098c8	4	2	LLParticlesResetBuffer__Fv
0x801098cc	4	2	LLParticlesDrawDone__Fv
0x801d5cb4	320	2	ColorRampEval
0x8021e538	84	2	GXSetBlendMode
0x8021cddc	152	2	GXLoadTlut
0x8021cd0c	84	2	GXLoadTexObj
0x801b99f0	368	2	AnimTexGenUVsWithOffset
0x801d43f8	28	2	PSysRenderCalcParticleScale
0x801d42d8	288	2	PSysRenderCalcParticleColor
0x801b9b60	108	2	AnimTexObjAddRes
0x801b9c84	192	2	AnimTexObjDelete
0x802a417c	4	1	ParticlesRes
0x8031b804	50	0	_PartPools
0x8031b7ac	88	0	Particles_abRequestNewRoosterTails
0x8010b16c	428	2	ParticleAdd__FP16Particles_parm_t
0x8010b318	44	2	ParticleDel__FP15ParticleSysObjT
0x8010b36c	28	2	ParticleAutoDelZeroParticles__FP15ParticleSysObjT
0x8010b410	36	2	ParticlesReset__FUs
0x8010b5f0	12	2	ParticlesSetFrozen__FUc
0x8010b680	168	2	ParticlesInitDistEmit__FP15ParticleSysObjT
0x8010b728	148	2	ParticlesInitEmitPos__FP15ParticleSysObjT
0x8010b7bc	20	2	ParticlesGetPoolID__F13ParticleTypeE
0x801d5370	140	2	EmitterGetNewPos
0x801d53fc	456	2	EmitterGetNewDir
0x801d3414	40	2	ParticleGetRandom
0x801d57bc	72	2	PsysColPrecalcDependantVals
0x801d5804	228	2	PsysColCalcCollision
0x801d4fc8	196	2	ParticleLibInitCustomBehavior
0x801d50f8	56	2	ParticleLibCustomSetGenNewFunc
0x801d5130	56	2	ParticleLibCustomSetUpdateFunc
0x801d508c	108	2	ParticleLibShutdownCustomBehavior
0x801d4fb0	12	2	ParticleLibGetSysList
0x801d4894	1812	2	ParticleParmLoad
0x801d3f10	508	2	ParticlePoolCreate
0x801b96a0	244	2	AnimTexLibInit
0x801d343c	560	2	ParticleLibInit
0x801d5168	12	2	ParticleLibGetTickLengthSec
0x801d5174	12	2	ParticleLibGetUpdatesPerSec
0x801d366c	232	2	ParticleLibShutdown
0x801b9794	192	2	AnimTexLibShutdown
0x801d410c	32	2	ParticlePoolBorrow
0x801d5990	12	2	PsysColExtClearAll
0x801d58e8	68	2	PsysColExtAdd
0x801d412c	332	2	ParticlePoolReturn
0x801d4278	96	2	ParticlePoolResetAll
0x801d3ca4	620	2	ParticleObjUpdate
0x8010be0c	36	2	FlameTrailReset__Fv
0x8010baec	180	2	FlameTrailStart__FP5Car_t
0x8010bdc0	76	2	FlameTrailStop__FP5Car_t
0x8010d3c4	76	2	evpBuildDirMatrix__FP5Mat_tPC6Vec3_tT1
0x8010d218	428	2	evpBuildOppDirMatrix__FP5Mat_tPC6Vec3_tT1
0x8010e264	1252	2	SparksSystemActivate__FP23RaceEventCarParticles_T
0x802a41b0	4	1	CarSdw_pShadow
0x8031c268	228	0	CarSdw_Info
0x8010fefc	284	2	SdwCalcNightDBParms__FPUiT0PfT2
0x80110018	160	2	SdwCalcDayDBParms__FPf
0x8011044c	208	2	llCShadowPreDraw__Fv
0x8011051c	64	2	llCShadowPostDraw__Fv
0x8011055c	240	2	llCShadowInit__F7SeriesE9CarModelE
0x8011064c	76	2	llCShadowShutdown__Fv
0x80280348	4	1	SHIMMER_DISTANCE
0x801109e8	48	2	LLShimmerInit__Fv
0x80110a18	48	2	LLShimmerShutdown__Fv
0x80110cc0	40	2	LLShimmerSetEnable__FUc
0x8011cde0	12	2	LLFrameBufferQuarterBufferActive__Fv
0x8011cdec	12	2	LLFrameBufferSetActiveQuarter__Fi
0x80110f30	836	2	ShimmerUpdate__Fv
0x80111274	80	2	ShimmerGetMesh__FPiT0PPCUsPPC14ShimmerVertexT
0x8011cdd4	12	2	LLFrameBufferSetQuarterBufferActive__FUc
0x80111694	120	2	TrackLightsUnloadOptics__Fv
0x802a6be8	80	1	OPTICS_PARM_EFFECT_VOLUMETRIC
0x80132090	44	2	OpticsCopyEffectParmBlock__FP22OpticalEffectParmBlockT0
0x802a6b98	80	1	OPTICS_PARM_EFFECT_LIGHT
0x80131f50	68	2	OpticsRemoveEffect__FP15OpticalEffect_T
0x802a4280	4	1	TrackShadow_pConstants
0x80111fa4	1916	2	TrackShadowCurveInfoUpdate__FP5Car_t
0x80112720	460	2	TrackShadowInitConstants__Fv
0x801129b4	100	2	TrackShadowLoadQuadTex__Fv
0x80112a18	72	2	TrackShadowUnLoadQuadTex__Fv
0x80112fe0	104	2	LtkshadowPosWorldToFrameVec2__FP6Vec2_tT0PC6Vec4_t
0x80113660	48	2	LtkshadowInitConstants__Fv
0x80113048	1176	2	LtkshadowLoadQuadTex__FUs
0x801135b8	96	2	LtkshadowLoadEmptyTex__Fv
0x801134e0	216	2	LtkshadowUnLoadQuadTex__Fv
0x80113618	72	2	LtkshadowUnLoadEmptyTex__Fv
0x80113800	52	2	LtkshadowInit__Fv
0x80113834	60	2	LtkshadowShutdown__Fv
0x802062b4	48	2	DCFlushRange
0x801fcf84	144	2	TMTextureTexNew
0x801fce1c	220	2	TMTextureSetFilter
0x8021cd98	36	2	GXGetTlutObjAll
0x8021d668	376	2	GXSetIndTexMtx
0x802a44b0	36	1	LLVLCrowd_uFemaleTotalPerMatColours
0x80113870	336	2	_LLVLFemaleFanBindTextures__FP13LLMotObjDef_tP20LLFemaleFanTexData_t
0x801139c0	104	2	_LLVLFemaleFanShiftPalette__FP13LLMotObjDef_tP23LLFemaleFanColourData_t
0x80113a74	252	2	LLVLFemaleFanInit__Fv
0x80113b70	108	2	LLVLFemaleFanShutdown__Fv
0x80113bdc	124	2	LLVLFemaleFanObjAdd__FP13LLMotObjDef_t
0x80113c58	32	2	LLVLFemaleFanObjDel__FP13LLMotObjDef_t
0x80113c78	176	2	LLVLFemaleFanDraw__FP13LLMotObjDef_tP22LLVLFemaleFanAddParm_t
0x80339c58	8	0	_AutographGarage_pCrowdSkelRes
0x8031da80	4	0	AnimIntf_Resource
0x802a95b0	4	1	Autograph_TexFile
0x8011e7d4	36	2	LLMotObjDraw__FP13LLMotObjDef_t
0x802a472c	12	1	_LLVLMaleFan_bMatSpecularDefs
0x802a4764	44	1	LLVLMaleFan_uMaleTotalPerMatColours
0x80113d28	336	2	_LLVLMaleFanBindTextures__FP13LLMotObjDef_tP16MaleFanTexData_t
0x80113e78	212	2	_LLVLMaleFanShiftPalette__FP13LLMotObjDef_tP23LLVLMaleFanColourData_t
0x80113f4c	240	2	_LLVLMaleFanSetSwappableGeoms__FP13LLMotObjDef_tP21LLVLMaleFanGeomData_t
0x80114088	252	2	LLVLMaleFanInit__Fv
0x80114184	108	2	LLVLMaleFanShutdown__Fv
0x801141f0	124	2	LLVLMaleFanObjAdd__FP13LLMotObjDef_t
0x8011426c	32	2	LLVLMaleFanObjDel__FP13LLMotObjDef_t
0x8011428c	176	2	LLVLMaleFanDraw__FP13LLMotObjDef_tP20LLVLMaleFanAddParm_t
0x8011433c	200	2	LLAutographGarage_AnimObjAdd__FP13LLMotObjDef_tP19AutographPropParm_t
0x80114404	32	2	LLAutographGarage_AnimObjDel__FP13LLMotObjDef_t
0x80114424	92	2	LLAutographGarage_AnimObjDraw__FP13LLMotObjDef_t
0x80114480	4	2	LLAutograph_GarageSceneRender__Fv
0x80114484	212	2	LLAutograph_GarageSceneInit__Fv
0x80114558	120	2	LLAutograph_GarageSceneShutdown__Fv
0x80339c50	8	0	_AutographGarage_pPropSkelRes
0x80339c64	268	0	_AutographGarage_Data
0x80157670	76	2	AutographPropScaleTMSkel__FP12TMSkeleton_tf
0x80206288	44	2	DCInvalidateRange
0x80216724	348	2	ARQPostRequest
0x8022af34	1404	2	__divdi3
0x8021cdbc	12	2	GXGetTlutObjData
0x8021cb44	12	2	GXGetTexObjData
0x80216968	240	2	ARQRemoveOwnerRequest
0x801ba0d8	224	2	AuxRamUpload
0x8021cb70	8	2	GXGetTexObjFmt
0x8021cdd4	8	2	GXGetTlutObjNumEntries
0x8021cdc8	12	2	GXGetTlutObjFmt
0x801febb4	64	2	TMClipMatrix
0x802a4be0	4	1	GEOMINSTRENDER_CUSTOMFADE_RANGE
0x801fa068	72	2	TMSwapGetState
0x80200254	48	2	TMExtentsDefGetExtent
0x801fc190	44	2	TMRenderGeomPtr
0x8021e838	112	2	GXCallDisplayList
0x8031c880	2752	0	LLCarBlend_Info
0x801ff050	92	2	TMBufferNew
0x801fa16c	108	2	TMModelClone
0x801fa788	76	2	TMModelAllocChannels
0x801fa7d4	64	2	TMModelFreeChannels
0x801ff0ac	68	2	TMBufferDelete
0x801fa744	68	2	TMModelResetChannels
0x801ff0f0	12	2	TMBufferReset
0x801ff4e4	76	2	TMBlendBegin
0x801ff554	40	2	TMBlendBindModel
0x801ff750	12	2	TMBlendSetBaseGeom
0x801ff4d0	20	2	TMBlendSetWeights
0x801ff6c4	140	2	TMBlendGeomAll
0x801ff530	36	2	TMBlendEnd
0x801f9734	636	2	TexMipmapDuplicate
0x80116784	56	2	ShadersInit__Fv
0x801167bc	48	2	ShadersShutdown__Fv
0x801fc474	84	2	TMShaderLibRegistryInit
0x801fde54	120	2	TMShaderStockInit
0x80117378	76	2	CommonShInit
0x8011a76c	76	2	CarShInit
0x8011c88c	204	2	TrackShInit
0x8011c958	124	2	TrackShShutdown
0x8011a7b8	52	2	CarShShutdown
0x801173c4	52	2	CommonShShutdown
0x801fdecc	60	2	TMShaderStockShutdown
0x801fc4c8	56	2	TMShaderLibRegistryShutdown
0x8021c3ac	60	2	GXSetNumChans
0x8021c3e8	184	2	GXSetChanCtrl
0x8021e1c8	40	2	GXSetNumTevStages
0x8021e02c	412	2	GXSetTevOrder
0x8021db94	68	2	GXSetTevColorIn
0x8021dc1c	104	2	GXSetTevColorOp
0x8021dbd8	68	2	GXSetTevAlphaIn
0x8021dc84	104	2	GXSetTevAlphaOp
0x8021dddc	92	2	GXSetTevKColorSel
0x8021de38	92	2	GXSetTevKAlphaSel
0x801fc3e4	60	2	TMShaderLibAddShader
0x801fc34c	40	2	TMShaderLibAlloc
0x801fc500	48	2	TMShaderLibRegister
0x801fc530	44	2	TMShaderLibUnregister
0x801fc374	112	2	TMShaderLibFree
0x8021da10	36	2	GXSetNumIndStages
0x8021d924	236	2	GXSetIndTexOrder
0x8021da7c	100	2	GXSetTevIndWarp
0x8021da34	72	2	GXSetTevDirect
0x8021dedc	128	2	GXSetTevSwapModeTable
0x8021de94	72	2	GXSetTevSwapMode
0x801fc2e8	8	2	TMShaderSetUnbindFunc
0x8021dcec	124	2	GXSetTevColor
0x801fb8fc	56	2	TMRenderBindTexXForm
0x801fb6f8	12	2	TMRenderBindMaterialBindFunc
0x8021c728	588	2	GXInitTexObj
0x801fc420	84	2	TMShaderLibRemoveShader
0x8011ca38	268	2	LLFrameBufferInit__Fv
0x8011cb44	64	2	LLFrameBufferShutdown__Fv
0x8021c504	348	2	GXGetTexBufferSize
0x8021b5cc	124	2	GXSetTexCopySrc
0x8021b67c	304	2	GXSetTexCopyDst
0x8021b96c	520	2	GXSetCopyFilter
0x8021bcf0	396	2	GXCopyTex
0x8021c9bc	356	2	GXInitTexObjLOD
0x801cb740	536	2	MemFill
0x8031d420	32	0	DMFog_GlobalFog
0x8011ce7c	184	2	_DMGeomAddPartData__FP7DMPartTP8DmaTag_TP14DMClusterMat_TPUs
0x8011d058	248	2	DMGeomAddLocalMatrices__FP12DMPartChunkTP14DMClusterMat_TP8DmaTag_TUs
0x8011cf34	228	2	_DMGeomAddBlendPartData__FP7DMPartTP8DmaTag_TP14DMClusterMat_TPUsP7Uint128
0x8011d018	64	2	DMGeomAddMaterial__FP12DMMaterial_TUiP8DmaTag_TPUs
0x8011d150	352	2	DMGeomBuildDMAList__FP8DmaTag_TUiP16DMRenderObject_T
0x8011d2b0	284	2	DMGeomBuildDMAListMultipass__FP8DmaTag_TUiP16DMRenderObject_T
0x802a5c24	32	1	_DMLod_Clamp
0x802a5c48	4	1	_DMMaterial_pNodes
0x801befd8	96	2	DSNewNode
0x801bf038	52	2	DSDelNode
0x00000000	0	0	HackLoadFile__FPc
0x801f91f0	140	2	TexCreate
0x801f9470	88	2	TexDelete
0x801f99b0	8	2	TexGetNumMaterials
0x801f99c0	16	2	TexGetMaterialByIndex
0x803b1c80	4	1	Glib_pVIF1Tag
0x801beef4	172	2	DSNewNodeHandler
0x801befa0	56	2	DSDelNodeHandler
0x8011d3cc	268	2	_DMMorphBuildActiveTargets__FP15DMMorphObject_TP15DMMorphWeight_T
0x8011d4d8	172	2	_DMMorphAddBlendData__FP8DmaTag_TP15DMMorphWeight_TUiUi
0x8011d584	480	2	_DMMorphAddPart__FP8DmaTag_TP7DMPartTP7Uint128P15DMMorphWeight_TiPUsP14DMClusterMat_T
0x8011d764	392	2	DMMorphBuildDMAList__FP8DmaTag_TUiP16DMRenderObject_T
0x801c69d4	16	2	GlibRenderGetBin
0x801cb37c	60	2	MemReallocMem
0x801cb3b8	168	2	MemGetSizeByAddr
0x801ba1b8	220	2	AuxRamDownload
0x802a5c60	4	1	_AnimIntf_pCPFrameCache
0x802a5c64	1	1	_bAnimIntfInited
0x8011de2c	40	2	AnimIntfLoadResident__FUi
0x801b4874	156	2	AnimInit
0x801b4fec	8	2	AnimFileSetCustomRelocateFunc
0x801b895c	212	2	AnimWgtInit
0x801b5a00	424	2	AnimFileStart
0x801b7894	104	2	AnimStInit
0x801b78fc	56	2	AnimStShutdown
0x801b5ba8	196	2	AnimFileStop
0x801b8a30	68	2	AnimWgtShutdown
0x801b4910	84	2	AnimShutdown
0x801b5c98	36	2	AnimFileLoadResident
0x801b6334	96	2	AnimFileGetResidentLoadStatus
0x801b5f34	132	2	AnimFileUnloadFile
0x8011de54	28	2	OpenBitStream__FP11BitStream_tPv15BitStreamMode_t
0x8011de70	40	2	CloseBitStream__FP11BitStream_t
0x8011de98	336	2	ReadBitStream__FP11BitStream_tUi
0x8011dfe8	64	2	RlerpFrame__FPsN20ii
0x8011e028	92	2	RlerpCmpFrame__FPsN20iiT0T0
0x8011e084	56	2	DecompFrame__FPsT0iT0T0
0x8011e174	160	2	CharAnimChooseAnim__FP23AnimFileStateAnimList_tPi
0x801b4d30	40	2	AnimChanStartAnim
0x801b4964	16	2	AnimInitHeader
0x801b4a74	80	2	AnimChanInitChannels
0x801b7944	40	2	AnimStInitStructure
0x801b7cc4	372	2	AnimStProcess
0x801b4ac4	280	2	AnimChanProcess
0x801b695c	692	2	AnimMotCreateWeightList
0x801b796c	856	2	AnimStStartState
0x8011e83c	152	2	LLMotGeomBuildPartList__FPUsP9TMModel_TP16LLMotGeomState_t
0x8011e8d4	100	2	LLMotObjSetupSkelRoot__FP11CharFrame_tP12TMSkeleton_tf
0x8011e800	4	2	LLMotObjVLPlatformDepPostInit__Fv
0x8011e804	4	2	LLMotObjVLPlatformDepShutdown__Fv
0x801fe1c4	24	2	TMClusterObjInitObj
0x801fe1f8	56	2	TMClusterObjAllocMatrices
0x8012598c	12	2	DMSdwGetNumShadows__Fv
0x801fe138	104	2	TMClusterObjInit
0x801fe1dc	28	2	TMClusterObjResetMatrices
0x801fe1a0	36	2	TMClusterObjShutdown
0x801fe230	568	2	TMClusterObjSynthesizeMatrices
0x801fb80c	88	2	TMRenderBindClusterObj
0x801fc048	116	2	TMRenderGeomList
0x801fa0b0	132	2	TMSwapGetGeomRefs
0x802a5c70	736	1	LLMotAnimDefaultCharacter
0x8011ea20	776	2	_LLMotAnimBitUnpackFrame__FP13MotionFrame_tPsPUcP13AnimCmpInfo_tUc
0x801c744c	152	2	Orient3Lerp
0x8011f35c	592	2	LLPitCrewInit__FUiP6Vec4_tT1
0x8011f5ac	144	2	LLPitCrewShutdown__Fv
0x8011f63c	184	2	LLPitCrewObjAdd__FP13LLMotObjDef_t
0x8011f6f4	32	2	LLPitCrewObjDel__FP13LLMotObjDef_t
0x8011f714	32	2	LLPitCrewDraw__FP13LLMotObjDef_tUi
0x802a65cc	4	1	PitCrew_uTexResID
0x8011f7cc	512	2	LLPropInit__FP6Vec4_tT0
0x8011f9cc	200	2	LLPropShutdown__Fv
0x8011fa94	176	2	LLPropAdd__FP13LLMotObjDef_tP12LLPropParm_t
0x8011fb44	32	2	LLPropDel__FP13LLMotObjDef_t
0x8011fb64	32	2	LLPropDraw__FP13LLMotObjDef_tUi
0x801fae7c	72	2	TMMaterialSetConst1u32
0x8011fbd0	272	2	LLRaceGirlInit__FP20LLRaceGirlInitParm_t
0x8011fce0	132	2	LLRaceGirlShutdown__Fv
0x8011fd64	212	2	LLRaceGirlObjAdd__FP13LLMotObjDef_t
0x8011fe38	32	2	LLRaceGirlObjDel__FP13LLMotObjDef_t
0x8011fe58	96	2	LLRaceGirlDraw__FP13LLMotObjDef_t
0x80339790	20	0	VL_pSkelRes
0x802a65a8	8	1	_PitCrew_StateDef
0x8031dd08	8	0	_PitCrew_StateSelFuncArray
0x802a65b0	16	1	_PitCrewHeads
0x802a65c0	12	1	_PitCrewBodyShapes
0x801257f4	32	2	DMSdwRegisterObject__FP8MotObj_t
0x80125814	32	2	DMSdwUnRegisterObject__FP8MotObj_t
0x8031dd18	40	0	PAAnms
0x801d21ec	128	2	ObjNewType_
0x801d23a8	32	2	ObjSetListObjFunc
0x8012483c	192	2	AnmsScriptStateSel__FP23AnimFileStateAnimList_tUsP12AnimObjHdr_tP13AnimChannel_tPvUi
0x801d226c	100	2	ObjDelType
0x802a65d0	8	1	_TwoJointProp_StateDef
0x8031dd10	4	0	_TwoJointProp_StateSelFuncArray
0x802a65d8	8	1	_OneJoint_StateDef
0x8031dd14	4	0	_OneJoint_StateSelFuncArray
0x80138dc8	96	2	RumblePitRumbleStart__F19RumblePitRumbleType
0x80121804	480	2	_PitActionSetAnimToRestartPoint__FUs
0x80123a84	44	2	PitAction_GetCameraGroupNum__Fv
0x80123b30	120	2	PitCameraSetLocalToWorld__FScP5Mat_t
0x801248fc	148	2	AnmsGetPlayerIndex__FP14AnmsPlayInfo_tUi
0x80124990	148	2	AnmsGetStaticIndex__FP14AnmsPlayInfo_tUi
0x801b4ef8	96	2	AnimChanGrow
0x801247bc	72	2	AnmsShutdownScript__FP14AnmsPlayInfo_t
0x80123ab0	12	2	PitCameraBindCameraGroupDefs__FP17PitCameraGroupDef
0x80123ba8	80	2	PitCameraSetPlayerCamGroup__FSc
0x80123bf8	28	2	PitCameraSetPlayerCamSeq__FScUsUs
0x801246dc	136	2	AnmsPlayScript__FP14AnmsPlayInfo_t
0x80124804	56	2	AnmsStopScript__FP14AnmsPlayInfo_t
0x801d2448	152	2	ObjNew
0x801d24e0	104	2	ObjAddToList
0x80123b00	48	2	PitCameraInit__Fv
0x80125864	44	2	DMSdwInitNightShadowParams__FP8MotObj_tPC6Vec3_tT1f
0x80125834	48	2	DMSdwInitDayShadowParams__FP8MotObj_tf
0x801244ec	496	2	AnmsLoadAnimFile__FP14AnmsPlayInfo_t
0x80124a78	52	2	AnmsIsCurSeqLoaded__FP14AnmsPlayInfo_t
0x80123c14	136	2	PitCameraStartPlayerCamSeq__FSc
0x801dcc4c	132	2	ResSync
0x80124764	88	2	AnmsProcess__FP14AnmsPlayInfo_tUi
0x801d2420	40	2	ObjProcessListFunc
0x8012448c	96	2	AnmsUnloadAnimFile__FP14AnmsPlayInfo_t
0x80124aac	92	2	AnmsIsLoading__FP14AnmsPlayInfo_t
0x801b7310	36	2	AnimSeqGetOpcodeParameter
0x80124a24	84	2	AnmsGetSeqCamera__FUiUsi
0x801bd648	84	2	CurveListEvaluate
0x80124078	16	2	AnimSeqGetSequencePtr__FUiP15SeqFileFormat_t
0x801243a4	56	2	AnmsResCallback__FPvUiT0UiT0
0x801243dc	176	2	AnmsCacheAnimFile__FUs
0x801b9128	88	2	AnimSequencerInit
0x801bd334	84	2	CurveInit
0x801bd388	80	2	CurveShutdown
0x801b9180	80	2	AnimSequencerShutdown
0x801b9330	880	2	AnimSeqncrRelocateSeqFile
0x801db6b4	368	2	ResLoadToBuffer
0x801b5fb8	44	2	AnimFileUnloadSlotDynamic
0x801b5de4	336	2	AnimFileCopySeqDynamic
0x801b5cbc	296	2	AnimFileLoadSeqDynamicAsync
0x801db9d0	596	2	ResLoadAsyncToBuffer
0x801b6394	28	2	AnimFileGetDynamicLoadStatus
0x801b92f8	40	2	AnimSeqncrGetPlayerPtr
0x801b9320	16	2	AnimSeqncrGetStaticPtr
0x801b6790	148	2	AnimFileGetVirtualSlotFromFileNum
0x801b9294	92	2	AnimSeqCamFindCamera
0x801d263c	52	2	ObjDelFromList
0x80125890	44	2	DMSdwSetDayShadowParams__FP8MotObj_tP6Vec3_tf
0x801258bc	128	2	DMSdwSetNightShadowParams__FP8MotObj_tP6Vec3_tf
0x8012593c	52	2	DMSdwUpdateNightShadowHeight__FP8MotObj_tf
0x80125970	28	2	DMSdwUpdateDayShadowHeight__FP8MotObj_tf
0x802037c0	80	2	Vec2ScaleLength
0x80125aec	44	2	LLDMShadowInit__Fv
0x80125b18	16	2	LLDMShadowShutdown__Fv
0x80125b28	148	2	LLDMShadowPreRender__Fv
0x80125c1c	88	2	LLDMShadowRender__FP14DMSdwListObj_t
0x80125bbc	96	2	LLDMShadowPostRender__Fv
0x802a6a00	4	1	tmpidx
0x802a6a04	4	1	utmpnum
0x8021e58c	44	2	GXSetColorUpdate
0x80203810	52	2	Vec3ScaleAcc
0x80127944	48	2	ShareDraftSetBonusConstants__FP23ShareDraftBonusParams_t
0x80127974	48	2	ShareDraftSetPenaltyConstants__FP25ShareDraftPenaltyParams_t
0x801279a4	40	2	ShareDraftSetTweakConstants__FP23ShareDraftTweakParams_t
0x8014ea2c	12	2	ClearHack__11SZScenarioC
0x80128ff0	76	2	SeasonMgrUsingCustomSchedule__Fv
0x80128b0c	72	2	SeasonMgrIncrementYear__FUi
0x80128b7c	8	2	SeasonMgrGetMaxNumYears__Fv
0x80128b84	76	2	SeasonMgrIsFinalYear__Fv
0x80128c60	140	2	_SeasonMgrSendRetirementPhoneMessages__Fv
0x8014b630	168	2	SeasonStatMgrGetNonFantasyAIDriverAtInverseRank__FUc7SeriesE
0x8014b438	140	2	SeasonStatMgrGetPlayerSeasonRank__Fi7SeriesE
0x8012dc08	72	2	GetContractIDFromCarID__16ContractManagerCi
0x8012deec	72	2	GetBasePrestige__16ContractManagerCi
0x8012ef9c	52	2	UnlockContract__16ContractManagerCi
0x8014d6cc	68	2	SetAppointmentAttendance__15SeasonScheduleCPC18SeasonAppointmentT11AttendanceE
0x8014b1e4	296	2	SeasonStatMgrUpdateChampion__F7SeriesE
0x8014cef0	4	2	Create__15SeasonScheduleC
0x8012f1ec	4	2	Create__16ContractManagerC
0x8012f1f0	4	2	Destroy__16ContractManagerC
0x8014cef4	4	2	Destroy__15SeasonScheduleC
0x8014cc1c	52	2	SetCurYear__11SeasonDateCUs
0x8014d0d0	172	2	RemoveSeries__15SeasonScheduleC7SeriesEUc4DayE
0x8014cf28	236	2	AddSeries__15SeasonScheduleC7SeriesEUc4DayE
0x8014a538	96	2	ChaseMgrCreateSchedule__Fv
0x8014d17c	112	2	MergeRaceSessionsByWeek__15SeasonScheduleC
0x8014d1ec	148	2	RemoveEmptyWeeks__15SeasonScheduleC
0x8012c728	124	2	AgentAddSillySeasonMessage__F7SeriesEi
0x8014d870	176	2	GetPctComplete__C15SeasonScheduleC
0x8014b34c	116	2	SeasonStatMgrProcessAfterRace__FPC18SeasonAppointmentT
0x8014cb5c	128	2	AdvanceCurDateByOneDay__11SeasonDateC
0x801419f4	268	2	AllStarUpdateSeasonSchedule__Fv
0x8012984c	32	2	CareerMgrWipePrevMerchandiseSales__Fv
0x8012980c	64	2	CareerMgrUpdateMerchandising__Fv
0x8012986c	140	2	CareerMgrUpdateSponsorPayouts__F7SeriesESc
0x80129980	344	2	CareerMgrSetPlayerCarId__F7SeriesEi
0x80129ad8	176	2	CareerMgrCacheDriverInfo__Fi
0x8012eb54	496	2	EvaluatePlayer__16ContractManagerC7SeriesEUc
0x801397cc	4	2	Create__15EconomyManagerC
0x8013b730	4	2	Create__19MerchandiseManagerC
0x8013c2e4	4	2	Create__19HiredDriverManagerC
0x80130b98	4	2	Create__15SponsorManagerC
0x80130b9c	4	2	Destroy__15SponsorManagerC
0x8013c2e8	4	2	Destroy__19HiredDriverManagerC
0x8013b734	4	2	Destroy__19MerchandiseManagerC
0x801397d0	4	2	Destroy__15EconomyManagerC
0x8014b30c	64	2	SeasonStatMgrProcessEndOfYear__Fv
0x8012f0cc	244	2	ProcessEndOfYear__16ContractManagerC7SeriesESc
0x80130898	724	2	ProcessEndOfYear__15SponsorManagerC7SeriesE
0x8013a0c0	520	2	CareerTeamMgrSetPittingStats__Fv
0x8013ac40	284	2	CareerPlayerRatingsUpdateAfterAppt__FP18SeasonAppointmentT
0x8012afb0	1132	2	AgentCheckHelpMessages__Fv
0x8012b8b8	36	2	AgentCheckSponsorMessages__FUs
0x8012cfd0	104	2	AgentCheckStandingsMessages__FUs
0x8012d348	72	2	AgentCheckPitCrewMessages__FUs
0x80129f50	396	2	CharityEventsEvaluatePlayer__Fv
0x8013cc0c	92	2	ShowdownGenerateChallenges__Fv
0x8012e344	56	2	GetCurrentCarEngine__16ContractManagerC7SeriesE
0x8012e414	56	2	GetCurrentCarAero__16ContractManagerC7SeriesE
0x8012e3ac	56	2	GetCurrentCarSuspension__16ContractManagerC7SeriesE
0x80338ebc	1	0	_19MerchandiseManagerC.s_Instance
0x8013bc04	1072	2	Process__19MerchandiseManagerC
0x8013bbcc	56	2	WipePreviousSales__19MerchandiseManagerC
0x8012fb60	264	2	GetCurrentBasePay__15SponsorManagerC7SeriesE
0x8012ffd4	140	2	SponsorHistoryAddEarnings__15SponsorManagerC7SeriesEi
0x80129ccc	68	2	CharityEventGetRaceID__Fi
0x80129d10	68	2	RaceGetCharityEventID__Fi
0x80129d54	68	2	CharityEventGetBonus__Fi
0x80129d98	68	2	CharityEventGetStylePoints__Fi
0x80129f4c	4	2	CharityEventAcceptOffer__Fi
0x8014e084	308	2	FindNextOpenSlot__C15SeasonScheduleC7SeriesE4DayET2P11SeasonDateC
0x8012c428	148	2	AgentAddCharityMessage__Fsss
0x8012acc0	60	2	AgentGetMessageType__Fs
0x8012a9c4	68	2	AgentGetWeekReceived__Fs
0x8012a980	68	2	AgentGetDayReceived__Fs
0x8012aa08	56	2	AgentSetResponseStatus__Fs20AgentResponseStatusE
0x8012aa40	164	2	AgentGetParameter__FsSc
0x8012aae4	84	2	AgentCheckUnreadPhoneMessages__Fv
0x8012ab38	392	2	AgentAddMessage__F17AgentMessageTypeE20AgentMessageSubtypeEsfffff
0x8012acfc	60	2	AgentGetMessageSubtype__Fs
0x8012ad38	32	2	AgentOKMessageGetDisplayString__FsPc
0x8012ad84	124	2	AgentHelpMessageGetDisplayString__FsPc
0x8012b41c	372	2	AgentSponsorMessageGetDisplayString__FsPc
0x8012b8dc	312	2	AgentContractMessageGetDisplayString__FsPc
0x8012bba4	532	2	AgentTestingMessageGetDisplayString__FsPc
0x8012c08c	88	2	AgentTextMessageGetDisplayString__FsPc
0x8012c1ec	396	2	AgentCharityMessageGetDisplayString__FsPc
0x8013cb6c	112	2	ShowdownGetAgentDisplayString__FsPc
0x8012c4bc	172	2	AgentGarageMessageGetDisplayString__FsPc
0x8012c650	104	2	AgentSillySeasonMessageGetDisplayString__FsPc
0x8012c7a4	48	2	AgentSkillPointsMessageGetDisplayString__FsPc
0x8012c844	180	2	AgentHeroVillainMessageGetDisplayString__FsPc
0x8012c9ec	140	2	AgentConfrontMessageGetDisplayString__FsPc
0x8012cca0	224	2	AgentStandingsMessageGetDisplayString__FsPc
0x8012d038	168	2	AgentRatingsMessageGetDisplayString__FsPc
0x8012ad58	8	2	AgentOKMessageGetResponses__Fs
0x8012ae00	32	2	AgentHelpMessageGetResponses__Fs
0x8012b590	32	2	AgentSponsorMessageGetResponses__Fs
0x8012ba14	32	2	AgentContractMessageGetResponses__Fs
0x8012bdb8	68	2	AgentTestingMessageGetResponses__Fs
0x8012c0e4	32	2	AgentTextMessageGetResponses__Fs
0x8012c378	68	2	AgentCharityMessageGetResponses__Fs
0x8012c568	32	2	AgentGarageMessageGetResponses__Fs
0x8012c6b8	32	2	AgentSillySeasonMessageGetResponses__Fs
0x8012c7d4	32	2	AgentSkillPointsMessageGetResponses__Fs
0x8012c8f8	32	2	AgentHeroVillainMessageGetResponses__Fs
0x8012ca78	80	2	AgentConfrontMessageGetResponses__Fs
0x8012cd80	32	2	AgentStandingsMessageGetResponses__Fs
0x8012d0e0	32	2	AgentRatingsMessageGetResponses__Fs
0x8012ae20	32	2	AgentHelpMessageSendResponse__Fs14AgentResponseE
0x8012b5b0	32	2	AgentSponsorMessageSendResponse__Fs14AgentResponseE
0x8012ba34	32	2	AgentContractMessageSendResponse__Fs14AgentResponseE
0x8012bdfc	60	2	AgentTestingMessageSendResponse__Fs14AgentResponseE
0x8012c104	32	2	AgentTextMessageSendResponse__Fs14AgentResponseE
0x8012c3bc	60	2	AgentCharityMessageSendResponse__Fs14AgentResponseE
0x8012ad60	36	2	AgentOKMessageSendResponse__Fs14AgentResponseE
0x8012c588	32	2	AgentGarageMessageSendResponse__Fs14AgentResponseE
0x8012c6d8	32	2	AgentSillySeasonMessageSendResponse__Fs14AgentResponseE
0x8012c7f4	32	2	AgentSkillPointsMessageSendResponse__Fs14AgentResponseE
0x8012c918	32	2	AgentHeroVillainMessageSendResponse__Fs14AgentResponseE
0x8012cac8	324	2	AgentConfrontMessageSendResponse__Fs14AgentResponseE
0x8012cda0	32	2	AgentStandingsMessageSendResponse__Fs14AgentResponseE
0x8012d100	32	2	AgentRatingsMessageSendResponse__Fs14AgentResponseE
0x8012ae40	124	2	AgentHelpMessageGetSummaryString__FsPc
0x8012b5d0	176	2	AgentSponsorMessageGetSummaryString__FsPc
0x8012ba54	176	2	AgentContractMessageGetSummaryString__FsPc
0x8012be38	104	2	AgentTestingMessageGetSummaryString__FsPc
0x8012c124	88	2	AgentTextMessageGetSummaryString__FsPc
0x8012c3f8	48	2	AgentCharityMessageGetSummaryString__FsPc
0x8013cbdc	48	2	ShowdownGetAgentSummaryString__FsPc
0x8012c5a8	168	2	AgentGarageMessageGetSummaryString__FsPc
0x8012c6f8	48	2	AgentSillySeasonMessageGetSummaryString__FsPc
0x8012c814	48	2	AgentSkillPointsMessageGetSummaryString__FsPc
0x8012c938	180	2	AgentHeroVillainMessageGetSummaryString__FsPc
0x8012cc0c	48	2	AgentConfrontMessageGetSummaryString__FsPc
0x8012cdc0	152	2	AgentStandingsMessageGetSummaryString__FsPc
0x8012d120	116	2	AgentRatingsMessageGetSummaryString__FsPc
0x8012c17c	112	2	AgentAddTextMessage__Fs
0x801e57b0	76	2	TDbTblInfoGetMaxRows
0x8014d818	88	2	GetNumRacesAttended__C15SeasonScheduleC
0x8012d63c	148	2	SeriesGetHighestOwnerSeries__Fv
0x8012b680	388	2	AgentAddSponsorMessage__F20AgentMessageSubtypeE7SeriesEsSc
0x8014da58	108	2	GetNumRacesAttended__C15SeasonScheduleC7SeriesE
0x80130818	128	2	GenerateWarnings__15SponsorManagerC7SeriesE
0x8012bb04	160	2	AgentAddContractMessage__F20AgentMessageSubtypeE7SeriesEsSc
0x8012bea0	172	2	AgentAddTestingReportMessage__FScs
0x8012bf4c	320	2	AgentAddTestingMessage__FsssUs
0x8012dc50	64	2	GetSeries__16ContractManagerCi
0x8012cc3c	100	2	AgentAddConfrontMessage__Fi
0x8012ce58	204	2	AgentAddStandingsMessage__F7SeriesEi
0x8012d194	208	2	AgentAddRatingsMessage__F7SeriesEUc
0x8012d264	228	2	_AgentCheckPitCrewMessagesBySeries__F7SeriesE
0x8012d564	104	2	_SeriesIntToEnum__FSc
0x8012d6d0	148	2	SeriesGetHighestDriverSeries__Fv
0x8014d014	188	2	AddSeries__15SeasonScheduleC7SeriesEUc4DayE17ScheduleSizeTypeE
0x8012e17c	92	2	ComputePercentMerchandise__16ContractManagerCSc
0x8012dff0	72	2	GetOfferedPrestige__16ContractManagerCi
0x8012e144	56	2	GetCurrentPerRaceIncome__16ContractManagerC7SeriesE
0x8012e210	56	2	GetCurrentPercentMerchandise__16ContractManagerC7SeriesE
0x8012e248	92	2	ComputePercentWinnings__16ContractManagerCSc
0x8012e2dc	56	2	GetCurrentPercentWinnings__16ContractManagerC7SeriesE
0x8012e314	48	2	ComputeCarEngine__16ContractManagerCSc
0x8012efd0	168	2	ComputeLinearValue__16ContractManagerCSc
0x8012e37c	48	2	ComputeCarSuspension__16ContractManagerCSc
0x8012e3e4	48	2	ComputeCarAero__16ContractManagerCSc
0x8012e44c	48	2	ComputeTeamSkill__16ContractManagerCSc
0x8012f078	84	2	ComputeParabolicValue__16ContractManagerCSc
0x8012e47c	56	2	GetCurrentTeamSkill__16ContractManagerC7SeriesE
0x8012e4b4	48	2	ComputeTeamSpeed__16ContractManagerCSc
0x8012e4e4	56	2	GetCurrentTeamSpeed__16ContractManagerC7SeriesE
0x8012e574	184	2	EndCurrentContract__16ContractManagerC7SeriesE
0x8012e698	104	2	RestoreOriginalDriver__16ContractManagerCi
0x8012e890	708	2	StoreRaceResults__16ContractManagerC7SeriesEUsUc
0x8012edf8	140	2	OfferContract__16ContractManagerCi
0x8012ee84	220	2	GetExpectedFinish__16ContractManagerC7SeriesE
0x8012ef60	60	2	MetExpectations__16ContractManagerC7SeriesESc
0x8012f1c0	4	2	__16ContractManagerC
0x8012f1c4	40	2	_._16ContractManagerC
0x8012f824	88	2	GetCarModel__15SponsorManagerCi
0x8012f6e0	88	2	GetCarNumber__15SponsorManagerCi
0x8012f738	236	2	GetCarTypeName__15SponsorManagerCiPc
0x8022e3d0	556	2	expf
0x8012f4fc	72	2	_SeriesGetModifier__F7SeriesE
0x8012f8c0	72	2	GetBasePrestige__15SponsorManagerCi
0x8012f9a0	84	2	GetCurrentPrestige__15SponsorManagerC7SeriesE
0x8012f9f4	100	2	GetSeriesMultiplier__15SponsorManagerC7SeriesE
0x8012fcd0	56	2	GetLevel__15SponsorManagerCi
0x8012fd08	56	2	GetCurrentLevel__15SponsorManagerC7SeriesE
0x8012fc68	104	2	PrestigeToLevel__15SponsorManagerCSc
0x8012fe90	136	2	SelectRandomSponsor__15SponsorManagerC7SeriesEScSc
0x801301c0	316	2	LockSponsor__15SponsorManagerCi
0x801302fc	252	2	GetExpectedFinish__15SponsorManagerCi
0x801303f8	60	2	MetExpectations__15SponsorManagerCiSc
0x80130434	440	2	ConstructColorFromSponsorScheme__15SponsorManagerCiiUi
0x80130b6c	4	2	__15SponsorManagerC
0x80130b70	40	2	_._15SponsorManagerC
0x8014b4c4	268	2	SeasonStatMgrGetOwnedTeamSeasonRank__F7SeriesE
0x802a6aa0	4	1	ENV_MIDNIGHT
0x802a6aa4	4	1	ENV_NOON
0x802a6aa8	4	1	ENV_DAWN_MIDWAY
0x802a6aac	4	1	ENV_DAWN_DUR_IN
0x802a6ab0	4	1	ENV_DAWN_DUR_OUT
0x802a6ab4	4	1	ENV_DUSK_MIDWAY
0x802a6ab8	4	1	ENV_DUSK_DUR_IN
0x802a6abc	4	1	ENV_DUSK_DUR_OUT
0x8031e1a4	4	0	ENV_DAWN_BEGIN
0x8031e1b4	4	0	ENV_DUSK_END
0x80131354	400	2	EnvInit__FP13EnvSettings_t
0x8031e1a8	4	0	ENV_DAWN_END
0x8031e1b0	4	0	ENV_DUSK_BEGIN
0x8031e1b8	4	0	ENV_DUSK_DUR
0x8031e1ac	4	0	ENV_DAWN_DUR
0x802a6ac0	1	1	_OpticsInit
0x802a6af4	4	1	NumOpticalEffects
0x8031e418	800	0	pOpticalEffectList
0x8031e220	504	0	OpticsResInfo
0x801320bc	32	2	OpticsWorldToScreenUnit__FP6Vec4_tP6Vec3_t
0x801320dc	532	2	OpticsIsOnScreen__FP6Vec4_ti
0x80134128	68	2	LLOpticsLoadTexture__FP16OpticsResource_T
0x801343b0	36	2	LLOpticsReleaseTexture__FP16OpticsResource_T
0x801340e4	68	2	LLOpticsShutdown__FPvi
0x80134384	4	2	LLOpticsInitRes__FP15LLOpticsResParm
0x80134630	48	2	VisTestInit__Fv
0x80134660	16	2	VisTestShutdown__Fv
0x801342c8	124	2	LLOpticsSetElementParms__FP15OpticsElement_T
0x80134344	64	2	LLOpticsSetEffectParms__FP15OpticalEffect_T
0x80133bfc	196	2	LLOpticsAddEffect__FP15OpticalEffect_Ti
0x80133cc0	756	2	LLOpticsDrawEffects__Fii
0x80133fb4	304	2	LLOpticsDrawEffects_RearView__Fii
0x8013416c	348	2	LLOpticsWorldToScreenUnit__FP6Vec4_tP6Vec3_t
0x80132360	80	2	PaceLightsUnloadOptics__Fv
0x802a6fdc	864	1	_10CarLightsC.s_LocationsInFeet
0x802a733c	72	1	_10CarLightsC.s_EffectType
0x80132784	436	2	__10CarLightsC
0x80132c60	96	2	GetNumBrakeLightsForCarModel__10CarLightsCUi
0x80132cc0	52	2	SetBrakeLightsCar__10CarLightsCPQ210CarLightsC10CarLightsTUc
0x80132938	180	2	_._10CarLightsC
0x80132ab8	348	2	UpdateCar__10CarLightsCi
0x80132cf4	116	2	UpdatePlayerHeadlights_Night__10CarLightsCP5Car_tPQ210CarLightsC10CarLightsT
0x80132d68	220	2	UpdatePlayerBrakeLights_Night__10CarLightsCP5Car_tPQ210CarLightsC10CarLightsT
0x80132c14	76	2	IsCarBrakeOn__10CarLightsCP5Car_t
0x802a7480	2	1	PollNumPollReqs
0x8031eac0	2048	0	PollReqList
0x80132f54	80	2	PollAddRequest__F8PollType
0x80132fa4	12	2	PollSetCoords__FP11PollRequestff
0x80132fb0	8	2	PollSetActiveState__FP11PollRequestUc
0x801347ec	112	2	LLPollProcessActiveRequests__Fv
0x80133628	1120	2	_LLOpticsRender__FP15OpticalEffect_TiP6Vec4_tf
0x801344bc	176	2	LLOpticsSetCameraTransform__FP5Mat_t
0x801343d4	196	2	LLOpticsBeginDraw__FP18LLOpticsRenderParm
0x8013456c	148	2	LLOpticsBatchRenderOptics__Fi
0x80134498	36	2	LLOpticsEndDraw__FP18LLOpticsRenderParm
0x80134388	40	2	LLOpticsUploadTexture__FP16OpticsResource_T
0x80134600	48	2	LLOpticsGetTexLib__FUi
0x8021aecc	36	2	GXPeekZ
0x802a749c	16	1	TrackMap_AICarColor
0x802a74ac	16	1	TrackMap_afMapHalfSizes
0x803388d4	4	0	TrackMap_pData
0x80338894	64	0	TrackMap_Matrix
0x80134a58	84	2	TrackMapCarIsLeader__FP5Car_t
0x801363a0	164	2	LLTrackMapConvertFile__FP14TrackmapData_t
0x801352f0	96	2	LLTrackMapInit__FPvUiUi
0x80135350	56	2	LLTrackMapShutdown__Fv
0x80135388	464	2	LLTrackMapDrawTrack__Fi
0x80135558	3656	2	LLTrackMapDrawCars__Fi
0x802a74c8	128	1	_LLTrackMap_CarTranslateAdj
0x80134b6c	168	2	_LLTrackMapInitNumbers__Fv
0x80134c14	116	2	_LLTrackMapShutdownNumbers__Fv
0x80134c88	16	2	_LLTrackMap_InitNumberRenderParams__Fv
0x80134c98	72	2	_LLTrackMap_StoreNumberParams__FP5Car_tR6Vec2_tRf
0x80134ce0	940	2	_LLTrackMapDrawNumbers__Fv
0x801c6960	44	2	GlibSetScissor
0x8021ecd8	36	2	GXGetViewportv
0x8021ec90	72	2	GXSetViewport
0x8013831c	116	2	lgFFStopSurfaceJitter__Fi
0x8013798c	336	2	lgFFDoCollisionEffect__FiP6Vec4_tf
0x80137adc	404	2	lgFFDoSurfaceBumpEffect__Fif
0x8013800c	192	2	lgFFStartSurfaceJitter__Fii
0x801380cc	592	2	lgFFContinueSurfaceJitter__Fii
0x801631f8	204	2	LGDownloadForceEffect
0x801632c4	208	2	LGUpdateForceEffect
0x803b2f48	4	1	Per_DeviceArray
0x80163038	212	2	LGSetDeviceProperty
0x80163394	188	2	LGStartForceEffect
0x8016350c	188	2	LGDestroyForceEffect
0x801d7abc	4	2	PerLGWheelDriverRefreshDevices
0x80163450	188	2	LGStopForceEffect
0x801c69e4	8	2	GlibRenderInit
0x801c6b44	112	2	GlibBinAllocList
0x801c6998	56	2	GlibRenderSetBinList
0x801c69d0	4	2	GlibRenderSetDefaultBin
0x801c6bb4	64	2	GlibBinFreeList
0x801c69f4	4	2	GlibRenderFreeList
0x801c69ec	8	2	GlibRenderShutdown
0x80138824	12	2	RumbleEnableSurfaceRumble__FUc
0x801d6540	188	2	PerSendDeviceData
0x80138e74	208	2	LLRumbleInitValues__FP15LLRumbleValuesT
0x80138f44	32	2	LLRumbleStartSurfaceJitter__Fii
0x80138f64	32	2	LLRumbleContinueSurfaceJitter__Fii
0x80138f84	32	2	LLRumbleStopSurfaceJitter__Fi
0x80138fa4	32	2	LLRumbleDoCollision__FiP6Vec4_tf
0x80138fc4	32	2	LLRumbleDoSurfaceBumpEffect__Fif
0x80138fe4	12	2	GSGetDependencyList__C17FlowModuleFileIOC
0x80138ff0	8	2	GSGetAntiDependencyList__C17FlowModuleFileIOC
0x80138ff8	12	2	GSGetModuleName__C17FlowModuleFileIOC
0x80139004	76	2	GSStart__17FlowModuleFileIOC
0x80139050	8	2	GSStop__17FlowModuleFileIOC
0x802bf9d8	96	1	_vt.17FlowModuleFileIOC
0x802588e4	32	2	_._17FlowModuleFileIOC
0x801c28ac	36	2	FileSetDeviceList
0x801c28d8	12	2	FileSetDefaultDevice
0x801c1fa4	500	2	FileInit
0x8013911c	12	2	GSGetDependencyList__C14FlowModuleDMAC
0x80139128	8	2	GSGetAntiDependencyList__C14FlowModuleDMAC
0x80139130	12	2	GSGetModuleName__C14FlowModuleDMAC
0x8013913c	8	2	GSStart__14FlowModuleDMAC
0x80139144	8	2	GSStop__14FlowModuleDMAC
0x802bfa38	96	1	_vt.14FlowModuleDMAC
0x80258904	32	2	_._14FlowModuleDMAC
0x80139210	12	2	GSGetDependencyList__C17FlowModuleDMAMemC
0x8013921c	8	2	GSGetAntiDependencyList__C17FlowModuleDMAMemC
0x80139224	12	2	GSGetModuleName__C17FlowModuleDMAMemC
0x80139230	8	2	GSStart__17FlowModuleDMAMemC
0x80139238	8	2	GSStop__17FlowModuleDMAMemC
0x802bfa98	96	1	_vt.17FlowModuleDMAMemC
0x80258924	32	2	_._17FlowModuleDMAMemC
0x80139304	12	2	GSGetDependencyList__C28FlowModuleDMAResizeFEToRaceC
0x80139310	8	2	GSGetAntiDependencyList__C28FlowModuleDMAResizeFEToRaceC
0x80139318	12	2	GSGetModuleName__C28FlowModuleDMAResizeFEToRaceC
0x80139324	8	2	GSStart__28FlowModuleDMAResizeFEToRaceC
0x8013932c	8	2	GSStop__28FlowModuleDMAResizeFEToRaceC
0x802bfaf8	96	1	_vt.28FlowModuleDMAResizeFEToRaceC
0x80258944	32	2	_._28FlowModuleDMAResizeFEToRaceC
0x801393f8	12	2	GSGetDependencyList__C28FlowModuleDMAResizeRaceToFEC
0x80139404	8	2	GSGetAntiDependencyList__C28FlowModuleDMAResizeRaceToFEC
0x8013940c	12	2	GSGetModuleName__C28FlowModuleDMAResizeRaceToFEC
0x80139418	8	2	GSStart__28FlowModuleDMAResizeRaceToFEC
0x80139420	8	2	GSStop__28FlowModuleDMAResizeRaceToFEC
0x802bfb58	96	1	_vt.28FlowModuleDMAResizeRaceToFEC
0x80258964	32	2	_._28FlowModuleDMAResizeRaceToFEC
0x801394ec	12	2	GSGetDependencyList__C15FlowModuleGlibC
0x801394f8	8	2	GSGetAntiDependencyList__C15FlowModuleGlibC
0x80139500	12	2	GSGetModuleName__C15FlowModuleGlibC
0x8013950c	156	2	GSStart__15FlowModuleGlibC
0x801395a8	60	2	GSStop__15FlowModuleGlibC
0x802bfbb8	96	1	_vt.15FlowModuleGlibC
0x80258984	32	2	_._15FlowModuleGlibC
0x801c5e64	88	2	GlibInit
0x801fb38c	68	2	TMRenderInit
0x801fa498	380	2	TMModelInit
0x801faf9c	60	2	TMMaterialListInit
0x801fab08	132	2	TMMaterialInit
0x801f9db0	40	2	TMModelResAddChunkType
0x801fcae4	52	2	TMTexLibRegistryInit
0x801fafd8	52	2	TMMaterialListShutdown
0x801fab8c	92	2	TMMaterialShutdown
0x801fcb18	40	2	TMTexLibRegistryShutdown
0x801fa614	32	2	TMModelShutdown
0x801fb3d0	60	2	TMRenderShutdown
0x801c5ebc	88	2	GlibShutdown
0x801396a8	12	2	GSGetDependencyList__C22FlowModuleUSBKeyboardC
0x801396b4	12	2	GSGetAntiDependencyList__C22FlowModuleUSBKeyboardC
0x801396c0	12	2	GSGetModuleName__C22FlowModuleUSBKeyboardC
0x801396cc	8	2	GSStart__22FlowModuleUSBKeyboardC
0x801396d4	8	2	GSStop__22FlowModuleUSBKeyboardC
0x802bfc18	96	1	_vt.22FlowModuleUSBKeyboardC
0x802589a4	32	2	_._22FlowModuleUSBKeyboardC
0x801397a0	4	2	__15EconomyManagerC
0x801397a4	40	2	_._15EconomyManagerC
0x801399fc	56	2	GetLifetimeEarnings__15EconomyManagerC
0x80139a34	52	2	SetLifetimeEarnings__15EconomyManagerCi
0x80139a68	108	2	Economy_CurrencyMod__Ff
0x802a7af8	24	1	_CTMPriceMultipliers
0x802a7b10	44	1	_CTMChiefSkillMultipliers
0x80139b80	84	2	_CTMStatToSeries__F10CrewStat_e
0x80139c88	148	2	_CTMGetStats__F10CrewStat_e
0x80139d5c	48	2	_CTMIsOwner__Fv
0x8013a050	112	2	CareerTeamMgrPaySalaries__Fv
0x8013a418	60	2	_CPRGetRatingModifier__F7SeriesE
0x8013a71c	68	2	CareerPlayerRatingsGetMaxFanSupportForSeries__F7SeriesE
0x8013aa2c	352	2	CareerPlayerRatingsUpdateAfterRace__FUcUc7SeriesE
0x8013ab8c	180	2	CareerPlayerRatingsUpdateAfterQualifying__FUc7SeriesE
0x8014b76c	104	2	SeasonStatMgrGetLastRaceStats__Fi7SeriesEP20SSMDriverRaceStats_t
0x802a7b40	12	1	_CGMPriceMultipliers
0x8013b108	80	2	_CGMCarStatToColRef__F9CarStat_e
0x8013b20c	84	2	CareerGarageMgrGetStats__F7SeriesE9CarStat_e
0x8013b704	4	2	__19MerchandiseManagerC
0x8013b708	40	2	_._19MerchandiseManagerC
0x8013b854	76	2	GetPriceAdjustment__19MerchandiseManagerC12MerchandiseE7SeriesE
0x8013bae4	232	2	CalculateOptimumPrice__19MerchandiseManagerC12MerchandiseE7SeriesE
0x802865e0	1	1	_19HiredDriverManagerC.s_uMinPopularity
0x802865e1	1	1	_19HiredDriverManagerC.s_uMaxPopularity
0x802865e4	4	1	_19HiredDriverManagerC.s_uMinSalary
0x802865e8	4	1	_19HiredDriverManagerC.s_uMaxSalary
0x8013c2b8	4	2	__19HiredDriverManagerC
0x8013c2bc	40	2	_._19HiredDriverManagerC
0x8013c694	48	2	PayHiredBackupDriver__19HiredDriverManagerCi
0x8013cd18	68	2	ShowdownGetChallengerCarId__Fi
0x8013ce64	80	2	ScenarioDefGetCarWithScenarioID__Fi
0x8013cf8c	480	2	ScenarioDefReloadCars__Fv
0x8013d16c	236	2	ScenarioDefResetStruct__Fv
0x8013d258	144	2	ScenarioDefKillStruct__Fv
0x8013d2e8	900	2	ScenarioDefSetupStruct__Fi
0x8013d66c	96	2	ScenarioDefAssociateCars__Fv
0x8013d8dc	76	2	ScenarioDefGetCarWithCarID__Fi
0x8013d6cc	20	2	ScenarioDefGetNumCars__Fv
0x8013d6e0	16	2	ScenarioDefGetTotalLaps__Fv
0x8013d714	16	2	ScenarioDefGetLastLapDownLapChecked__Fv
0x8013d754	16	2	ScenarioDefSetHasForceCautionEventOccurred__FUc
0x8013d764	16	2	ScenarioDefGetHasForceCautionEventOccurred__Fv
0x8013d794	40	2	ScenarioDefGetChallengeID__Fv
0x8013d7bc	88	2	ScenarioDefGetCarInfo__FScPiPUc
0x8013d8c4	24	2	ScenarioDefGetCarAtIndex__Fi
0x8013d814	4	2	ScenarioDefGetStartingPosition__FSc
0x8013d818	64	2	ScenarioDefGetCarEvents__FiPP15ScenarioEvent_tPi
0x8013d858	48	2	ScenarioDefGetTasks__FPP14ScenarioTask_tPi
0x8013d888	28	2	ScenarioDefGetTaskStatus__FSc
0x8013d8a4	16	2	ScenarioDefSetPlayerWins__FUc
0x8013d8b4	16	2	ScenarioDefDidPlayerWin__Fv
0x8013d928	48	2	ScenarioDefGetPlayerCar__Fv
0x8013d958	52	2	ScenarioDefGetPartnerCar__Fv
0x8013d98c	16	2	ScenarioDefGetDifficulty__Fv
0x8013d9ac	16	2	ScenarioIsActive__Fv
0x8013f1fc	472	2	ScenarioSimulateLaps__Fv
0x8013f6a4	60	2	ScenarioReset__Fv
0x8013fa60	12	2	ScenarioGetExpungeCause__Fv
0x80141994	96	2	AllStarAllPlayersEliminated__Fv
0x80141984	16	2	AllStarSetPlayerEliminated__FUci
0x80142efc	280	2	AllStarSetWinstonSegmentWinners__F13AllStarRace_e
0x80141964	16	2	AllStarSetCarDisqualified__FUci
0x80141d28	280	2	AllStarShouldShootoutBeOffered__Fv
0x801422c4	296	2	AllStarShouldWinstonOpenBeOffered__Fv
0x80142794	252	2	AllStarShouldWinstonBeOffered__Fv
0x80141b00	40	2	AllStarIsRaceExhibition__F12AllStarTypeE
0x80141be4	324	2	AllStarIsPlayerEligibleShootout__FScUs
0x80142668	300	2	AllStarIsPlayerEligibleWinston__FiUs
0x8014d560	88	2	HasAppointmentBeenScheduled__C15SeasonScheduleCPC18SeasonAppointmentT
0x8014d2c8	68	2	RemoveAppointment__15SeasonScheduleCPC18SeasonAppointmentT
0x8014c734	224	2	SeasonStatMgrDriverIsPoleWinner__Fis7SeriesE
0x8014c95c	68	2	__lt__C11SeasonDateCRC11SeasonDateC
0x802a7bb0	1	1	_9ScenarioC.s_uNumRefs
0x8014387c	100	2	InitDataToDefaults__9ScenarioC
0x801438e0	96	2	ResetData__9ScenarioC
0x80143940	220	2	InitDataFromDB__9ScenarioC
0x80143a1c	84	2	__9ScenarioC
0x802bfc78	96	1	_vt.9ScenarioC
0x80143a70	80	2	_._9ScenarioC
0x80143ac8	68	2	SetStartTime__9ScenarioC
0x80143b0c	8	2	IsActive__9ScenarioC
0x80143b14	56	2	SetActive__9ScenarioC
0x80143b54	192	2	SetFinished__9ScenarioC
0x80143e7c	8	2	SetExitTime__9ScenarioCUi
0x80143c1c	60	2	SetEndImmediately__9ScenarioC
0x80143c58	76	2	Reset__9ScenarioC
0x80143ca4	60	2	Update__9ScenarioC
0x80143ce0	100	2	LoadScenario__9ScenarioCi
0x80143d44	132	2	UnloadScenario__9ScenarioC
0x80143dc8	80	2	SetEndString__9ScenarioCPc
0x80143e84	20	2	GetCarPlacementInfo__C9ScenarioCP21ScenarioCarPlacementEPSc
0x80143e98	92	2	GetAllowedFastLineIndices__C9ScenarioCPSc
0x80143ef4	92	2	GetCarPlacementSpacing__C9ScenarioCPfT1
0x8014f698	28	2	SZBlockArrowClearAllBlockees__Fv
0x8014f64c	16	2	SZBlockArrowSetPlayerCar__FP5Car_t
0x801456dc	92	2	Reset__15ScenarioCarMgrC
0x801460ec	160	2	ProcessAllStandardRules__16ScenarioRuleMgrC
0x80145434	224	2	__15ScenarioCarMgrCi
0x80145f24	192	2	__16ScenarioRuleMgrCi
0x80145514	160	2	_._15ScenarioCarMgrC
0x80143fb4	32	2	__17ScenarioAIActionC27ScenarioAIActionProcessingE
0x802bfcd8	32	1	_vt.17ScenarioAIActionC
0x80143fd4	52	2	_._17ScenarioAIActionC
0x80144008	140	2	Eval__17ScenarioAIActionCP5Car_t
0x80144094	148	2	CreateOneAIAction__12ScenarioCarCScs
0x80144128	396	2	GroupAIActions__12ScenarioCarC
0x801442b4	248	2	CreateAIActions__12ScenarioCarC
0x801443ac	232	2	DestroyAIActions__12ScenarioCarC
0x80144494	60	2	ResetAIActions__12ScenarioCarC
0x801444d0	68	2	ResetFromDB__12ScenarioCarC
0x80144514	120	2	__12ScenarioCarCiUs
0x8014458c	64	2	_._12ScenarioCarC
0x801445cc	52	2	Reset__12ScenarioCarC
0x80144600	132	2	EvalHiPriorityActions__12ScenarioCarCP5Car_t
0x80144684	132	2	EvalLoPriorityActions__12ScenarioCarCP5Car_t
0x80144708	132	2	ExecHiPriorityActions__12ScenarioCarCP5Car_t
0x8014478c	132	2	ExecLoPriorityActions__12ScenarioCarCP5Car_t
0x80144810	148	2	ProcessTeleportActions__12ScenarioCarCP5Car_t
0x801448a4	164	2	GetStdPlacement__C12ScenarioCarCP24ScenarioCarStdPlacementT
0x80144948	520	2	ResetPosition__12ScenarioCarCPC24ScenarioCarStdPlacementT
0x80144b50	804	2	ResetDamage__12ScenarioCarC
0x80144e74	108	2	SimulateLaps__12ScenarioCarCif
0x80144ee0	360	2	SimulateLaps__12ScenarioCarCifs
0x8014662c	196	2	__26ScenarioActConstrainLinesCs
0x80146b98	116	2	__23ScenarioActMirrorSpeedCs
0x801467cc	100	2	__21ScenarioActDoNothingCs
0x802a7bb8	1	1	_15ScenarioCarMgrC.s_uRefCount
0x80145048	124	2	SetStdRacerInitialPositions__15ScenarioCarMgrC
0x80145374	192	2	CarToScenarioCar__15ScenarioCarMgrCP5Car_t
0x801450c4	424	2	SetRandRacerInitialPositions__15ScenarioCarMgrC
0x8014526c	100	2	SetPaceCarInitialPosition__15ScenarioCarMgrC
0x801452d0	164	2	SimulateLaps__15ScenarioCarMgrC
0x80145b20	60	2	SetDescription__13ScenarioRuleCPCc
0x80145b5c	32	2	__13ScenarioRuleC13EQEventType_e
0x802bfcf8	56	1	_vt.13ScenarioRuleC
0x80145b7c	52	2	_._13ScenarioRuleC
0x80145bb0	4	2	Process__13ScenarioRuleC
0x80145bb4	116	2	CompareType__13ScenarioRuleCPCvT1
0x80145c28	4	2	ProcessEventBased__13ScenarioRuleCP14_NascarEvent_t
0x802a7bc0	1	1	_16ScenarioRuleMgrC.s_uRefCount
0x80289870	72	1	_16ScenarioRuleMgrC.s_aCreateRuleFunc
0x80145c2c	360	2	CreateRules__16ScenarioRuleMgrC
0x80145d94	400	2	OrganizeEventBased__16ScenarioRuleMgrC
0x802bfd30	32	1	_vt.16ScenarioRuleMgrC
0x80145fe4	264	2	_._16ScenarioRuleMgrC
0x801462b4	184	2	Notify__16ScenarioRuleMgrCP14_NascarEvent_t
0x80158eb4	20	2	__14CEventObserver
0x80158f2c	12	2	SetEventList__14CEventObserverP13EQEventType_eUi
0x80148ea8	60	2	CreateRule__22ScenarioRuleMinPointsCUi
0x80147e48	60	2	CreateRule__19ScenarioRuleDamageCUi
0x801481d0	60	2	CreateRule__26ScenarioRuleDamageMonitorCUi
0x80148530	60	2	CreateRule__21ScenarioRuleDistanceCUi
0x80148cb4	60	2	CreateRule__18ScenarioRuleMercyCUi
0x801498d0	60	2	CreateRule__25ScenarioRulePassingAwardCUi
0x80149d6c	60	2	CreateRule__28ScenarioRuleRecklessDrivingCUi
0x80149edc	60	2	CreateRule__24ScenarioRuleStayOnTrackCUi
0x80149b70	60	2	CreateRule__27ScenarioRulePassingPenaltyCUi
0x80146f38	60	2	CreateRule__26ScenarioRuleBlockingAwardCUi
0x8014a260	60	2	CreateRule__22ScenarioRuleTimeLimitCUi
0x80147c30	60	2	CreateRule__28ScenarioRuleBlockingPenaltyCUi
0x80148a10	60	2	CreateRule__28ScenarioRuleDraftingPenaltyCUi
0x8014798c	60	2	CreateRule__25ScenarioRuleBlockingCarsCUi
0x80149294	60	2	CreateRule__20ScenarioRuleMinTimeCUi
0x80149638	60	2	CreateRule__28ScenarioRuleOffTrackPenaltyCUi
0x80149090	60	2	CreateRule__21ScenarioRuleMinSpeedCUi
0x801487a0	60	2	CreateRule__26ScenarioRuleDraftingAwardCUi
0x80289940	4	1	_26ScenarioActConstrainLinesC.s_fMaxDistOffset
0x80289944	4	1	_26ScenarioActConstrainLinesC.s_fMaxYawOffset
0x80289948	4	1	_26ScenarioActConstrainLinesC.s_fInitialDecisionTime
0x8014636c	240	2	TimeToSwitchLines__26ScenarioActConstrainLinesC
0x8014645c	464	2	GetNextFastLineIndex__C26ScenarioActConstrainLinesCPC5Car_t
0x802bfd50	32	1	_vt.26ScenarioActConstrainLinesC
0x801466f0	48	2	_._26ScenarioActConstrainLinesC
0x80146720	172	2	Execute__26ScenarioActConstrainLinesCP5Car_t
0x802bfd70	32	1	_vt.21ScenarioActDoNothingC
0x80146830	48	2	_._21ScenarioActDoNothingC
0x80146860	4	2	Execute__21ScenarioActDoNothingCP5Car_t
0x80146864	820	2	SetTargetSpeed__23ScenarioActMirrorSpeedCP5Car_tPC11LineLocId_t
0x802bfd90	32	1	_vt.23ScenarioActMirrorSpeedC
0x80146c0c	48	2	_._23ScenarioActMirrorSpeedC
0x80146c3c	188	2	Execute__23ScenarioActMirrorSpeedCP5Car_t
0x802a7bc8	1	1	_26ScenarioRuleBlockingAwardC.s_uRefCount
0x80146cf8	120	2	__26ScenarioRuleBlockingAwardCUi
0x802bfdb0	56	1	_vt.26ScenarioRuleBlockingAwardC
0x80146d70	180	2	FormatDescription__26ScenarioRuleBlockingAwardC
0x80146e24	60	2	_._26ScenarioRuleBlockingAwardC
0x80146e60	4	2	Reset__26ScenarioRuleBlockingAwardC
0x80146e64	212	2	ProcessEventBased__26ScenarioRuleBlockingAwardCP14_NascarEvent_t
0x80146f74	8	2	GetRuleType__C26ScenarioRuleBlockingAwardC
0x8014f100	248	2	ApplyBonus__11SZScenarioCf
0x8014f430	36	2	DisplayHUDMessage__11SZScenarioCPCcUii
0x802a7bd0	1	1	_25ScenarioRuleBlockingCarsC.s_uRefCount
0x80146f7c	324	2	__25ScenarioRuleBlockingCarsCUi
0x802bfde8	56	1	_vt.25ScenarioRuleBlockingCarsC
0x801475cc	188	2	Reset__25ScenarioRuleBlockingCarsC
0x801470c0	36	2	ResetCarData__25ScenarioRuleBlockingCarsCP23ScRuleBCActiveCarInfo_t
0x801470e4	336	2	GetNextFreeCar__25ScenarioRuleBlockingCarsC
0x801474a0	92	2	ExpungeCar__25ScenarioRuleBlockingCarsCP23ScRuleBCActiveCarInfo_tT117SCBlockingResultE
0x80147234	140	2	CalcSpawnLinePct__25ScenarioRuleBlockingCarsCP5Car_t
0x801472c0	84	2	SpawnNewAICar__25ScenarioRuleBlockingCarsC
0x80147314	396	2	PlaceCarOnTrack__25ScenarioRuleBlockingCarsCP23ScRuleBCActiveCarInfo_t
0x801474fc	36	2	AddToActiveList__25ScenarioRuleBlockingCarsCP23ScRuleBCActiveCarInfo_t
0x80147520	72	2	RemoveFromActiveList__25ScenarioRuleBlockingCarsCP23ScRuleBCActiveCarInfo_tT1
0x80147568	100	2	_._25ScenarioRuleBlockingCarsC
0x80147688	772	2	Process__25ScenarioRuleBlockingCarsC
0x801479c8	8	2	GetRuleType__C25ScenarioRuleBlockingCarsC
0x8014f65c	60	2	SZBlockArrowAddBlockee__FP5Car_tUc
0x802a7bd8	1	1	_28ScenarioRuleBlockingPenaltyC.s_uRefCount
0x801479d0	120	2	__28ScenarioRuleBlockingPenaltyCUi
0x802bfe20	56	1	_vt.28ScenarioRuleBlockingPenaltyC
0x80147a48	188	2	FormatDescription__28ScenarioRuleBlockingPenaltyC
0x80147b04	60	2	_._28ScenarioRuleBlockingPenaltyC
0x80147b40	4	2	Reset__28ScenarioRuleBlockingPenaltyC
0x80147b44	236	2	ProcessEventBased__28ScenarioRuleBlockingPenaltyCP14_NascarEvent_t
0x80147c6c	8	2	GetRuleType__C28ScenarioRuleBlockingPenaltyC
0x8014f1f8	248	2	ApplyPenalty__11SZScenarioCf
0x802a7be0	1	1	_19ScenarioRuleDamageC.s_uRefCount
0x80147c74	120	2	__19ScenarioRuleDamageCUi
0x802bfe58	56	1	_vt.19ScenarioRuleDamageC
0x80147cec	40	2	FormatDescription__19ScenarioRuleDamageC
0x80147d14	60	2	_._19ScenarioRuleDamageC
0x80147d50	4	2	Reset__19ScenarioRuleDamageC
0x80147d54	244	2	ProcessEventBased__19ScenarioRuleDamageCP14_NascarEvent_t
0x80147e84	8	2	GetRuleType__C19ScenarioRuleDamageC
0x802a7be8	1	1	_26ScenarioRuleDamageMonitorC.s_uRefCount
0x80147e8c	128	2	__26ScenarioRuleDamageMonitorCUi
0x802bfe90	56	1	_vt.26ScenarioRuleDamageMonitorC
0x80147f0c	228	2	FormatDescription__26ScenarioRuleDamageMonitorC
0x80147ff0	60	2	_._26ScenarioRuleDamageMonitorC
0x8014802c	4	2	Reset__26ScenarioRuleDamageMonitorC
0x80148030	416	2	ProcessEventBased__26ScenarioRuleDamageMonitorCP14_NascarEvent_t
0x8014820c	8	2	GetRuleType__C26ScenarioRuleDamageMonitorC
0x802a7bf0	1	1	_21ScenarioRuleDistanceC.s_uRefCount
0x80148214	160	2	__21ScenarioRuleDistanceCUi
0x802bfec8	56	1	_vt.21ScenarioRuleDistanceC
0x801482b4	248	2	FormatDescription__21ScenarioRuleDistanceC
0x801483ac	164	2	SetScenarioLenString__21ScenarioRuleDistanceCf
0x80148450	60	2	_._21ScenarioRuleDistanceC
0x8014848c	52	2	Reset__21ScenarioRuleDistanceC
0x801484c0	112	2	Process__21ScenarioRuleDistanceC
0x8014856c	8	2	GetRuleType__C21ScenarioRuleDistanceC
0x80148574	124	2	__26ScenarioRuleDraftingAwardCUi
0x802bff00	56	1	_vt.26ScenarioRuleDraftingAwardC
0x801485f0	120	2	FormatDescription__26ScenarioRuleDraftingAwardC
0x80148668	48	2	_._26ScenarioRuleDraftingAwardC
0x80148698	36	2	Reset__26ScenarioRuleDraftingAwardC
0x801486bc	228	2	ProcessEventBased__26ScenarioRuleDraftingAwardCP14_NascarEvent_t
0x801487dc	8	2	GetRuleType__C26ScenarioRuleDraftingAwardC
0x801487e4	124	2	__28ScenarioRuleDraftingPenaltyCUi
0x802bff38	56	1	_vt.28ScenarioRuleDraftingPenaltyC
0x80148860	120	2	FormatDescription__28ScenarioRuleDraftingPenaltyC
0x801488d8	48	2	_._28ScenarioRuleDraftingPenaltyC
0x80148908	36	2	Reset__28ScenarioRuleDraftingPenaltyC
0x8014892c	228	2	ProcessEventBased__28ScenarioRuleDraftingPenaltyCP14_NascarEvent_t
0x80148a4c	8	2	GetRuleType__C28ScenarioRuleDraftingPenaltyC
0x802a7bf8	1	1	_18ScenarioRuleMercyC.s_uRefCount
0x80148a54	120	2	__18ScenarioRuleMercyCUi
0x802bff70	56	1	_vt.18ScenarioRuleMercyC
0x80148acc	304	2	FormatDescription__18ScenarioRuleMercyC
0x80148bfc	60	2	_._18ScenarioRuleMercyC
0x80148c38	4	2	Reset__18ScenarioRuleMercyC
0x80148c3c	120	2	Process__18ScenarioRuleMercyC
0x80148cf0	8	2	GetRuleType__C18ScenarioRuleMercyC
0x802a7c00	1	1	_22ScenarioRuleMinPointsC.s_uRefCount
0x80148cf8	120	2	__22ScenarioRuleMinPointsCUi
0x802bffa8	56	1	_vt.22ScenarioRuleMinPointsC
0x80148d70	136	2	FormatDescription__22ScenarioRuleMinPointsC
0x80148df8	60	2	_._22ScenarioRuleMinPointsC
0x80148e34	4	2	Reset__22ScenarioRuleMinPointsC
0x80148e38	112	2	Process__22ScenarioRuleMinPointsC
0x80148ee4	8	2	GetRuleType__C22ScenarioRuleMinPointsC
0x80148eec	104	2	__21ScenarioRuleMinSpeedCUi
0x802bffe0	56	1	_vt.21ScenarioRuleMinSpeedC
0x80148f54	136	2	FormatDescription__21ScenarioRuleMinSpeedC
0x80148fdc	48	2	_._21ScenarioRuleMinSpeedC
0x8014900c	4	2	Reset__21ScenarioRuleMinSpeedC
0x80149010	128	2	Process__21ScenarioRuleMinSpeedC
0x801490cc	8	2	GetRuleType__C21ScenarioRuleMinSpeedC
0x802a7c08	1	1	_20ScenarioRuleMinTimeC.s_uRefCount
0x801490d4	120	2	__20ScenarioRuleMinTimeCUi
0x802c0018	56	1	_vt.20ScenarioRuleMinTimeC
0x8014914c	152	2	FormatDescription__20ScenarioRuleMinTimeC
0x801491e4	60	2	_._20ScenarioRuleMinTimeC
0x80149220	4	2	Reset__20ScenarioRuleMinTimeC
0x80149224	112	2	Process__20ScenarioRuleMinTimeC
0x801492d0	8	2	GetRuleType__C20ScenarioRuleMinTimeC
0x801492d8	108	2	__28ScenarioRuleOffTrackPenaltyCUi
0x802c0050	56	1	_vt.28ScenarioRuleOffTrackPenaltyC
0x80149344	200	2	FormatDescription__28ScenarioRuleOffTrackPenaltyC
0x8014940c	48	2	_._28ScenarioRuleOffTrackPenaltyC
0x8014943c	16	2	Reset__28ScenarioRuleOffTrackPenaltyC
0x8014944c	492	2	Process__28ScenarioRuleOffTrackPenaltyC
0x80149674	8	2	GetRuleType__C28ScenarioRuleOffTrackPenaltyC
0x802a7c10	1	1	_25ScenarioRulePassingAwardC.s_uRefCount
0x8014967c	120	2	__25ScenarioRulePassingAwardCUi
0x802c0088	56	1	_vt.25ScenarioRulePassingAwardC
0x801496f4	180	2	FormatDescription__25ScenarioRulePassingAwardC
0x801497a8	60	2	_._25ScenarioRulePassingAwardC
0x801497e4	4	2	Reset__25ScenarioRulePassingAwardC
0x801497e8	232	2	ProcessEventBased__25ScenarioRulePassingAwardCP14_NascarEvent_t
0x8014990c	8	2	GetRuleType__C25ScenarioRulePassingAwardC
0x802a7c18	1	1	_27ScenarioRulePassingPenaltyC.s_uRefCount
0x80149914	120	2	__27ScenarioRulePassingPenaltyCUi
0x802c00c0	56	1	_vt.27ScenarioRulePassingPenaltyC
0x8014998c	172	2	FormatDescription__27ScenarioRulePassingPenaltyC
0x80149a38	60	2	_._27ScenarioRulePassingPenaltyC
0x80149a74	4	2	Reset__27ScenarioRulePassingPenaltyC
0x80149a78	248	2	ProcessEventBased__27ScenarioRulePassingPenaltyCP14_NascarEvent_t
0x80149bac	8	2	GetRuleType__C27ScenarioRulePassingPenaltyC
0x802a7c20	1	1	_28ScenarioRuleRecklessDrivingC.s_uRefCount
0x80149bb4	88	2	__28ScenarioRuleRecklessDrivingCUi
0x802c00f8	56	1	_vt.28ScenarioRuleRecklessDrivingC
0x80149c0c	40	2	FormatDescription__28ScenarioRuleRecklessDrivingC
0x80149c34	60	2	_._28ScenarioRuleRecklessDrivingC
0x80149c70	4	2	Reset__28ScenarioRuleRecklessDrivingC
0x80149c74	248	2	Process__28ScenarioRuleRecklessDrivingC
0x80149da8	8	2	GetRuleType__C28ScenarioRuleRecklessDrivingC
0x802a7c28	1	1	_24ScenarioRuleStayOnTrackC.s_uRefCount
0x80149db0	88	2	__24ScenarioRuleStayOnTrackCUi
0x802c0130	56	1	_vt.24ScenarioRuleStayOnTrackC
0x80149e08	40	2	FormatDescription__24ScenarioRuleStayOnTrackC
0x80149e30	60	2	_._24ScenarioRuleStayOnTrackC
0x80149e6c	4	2	Reset__24ScenarioRuleStayOnTrackC
0x80149e70	108	2	Process__24ScenarioRuleStayOnTrackC
0x80149f18	8	2	GetRuleType__C24ScenarioRuleStayOnTrackC
0x802a7c30	1	1	_22ScenarioRuleTimeLimitC.s_uRefCount
0x80149f20	136	2	__22ScenarioRuleTimeLimitCUi
0x802c0168	56	1	_vt.22ScenarioRuleTimeLimitC
0x80149fa8	144	2	FormatDescription__22ScenarioRuleTimeLimitC
0x8014a038	288	2	SetScenarioLenString__22ScenarioRuleTimeLimitCf
0x8014a158	60	2	_._22ScenarioRuleTimeLimitC
0x8014a194	40	2	Reset__22ScenarioRuleTimeLimitC
0x8014a1bc	164	2	Process__22ScenarioRuleTimeLimitC
0x8014a29c	8	2	GetRuleType__C22ScenarioRuleTimeLimitC
0x8014a774	184	2	ChaseMgrCalculateSkillPoints__Fv
0x8014db64	164	2	GetPctCompleteForVL__C15SeasonScheduleC7SeriesE
0x8014bc7c	236	2	SeasonStatMgrUpdatePoleStats__F7SeriesE
0x8014c2ac	420	2	SeasonStatMgrBreakTie_Initial__FScP14TieBreakList_tUcss7SeriesE
0x8014c8e0	36	2	CountDays__C11SeasonDateC
0x8014c9a0	68	2	__le__C11SeasonDateCRC11SeasonDateC
0x8014c9e4	80	2	__pp__11SeasonDateC
0x8028c3d0	1	1	_15SeasonScheduleC.s_uMaxNumApptsPerDay
0x8014cd18	4	2	__15SeasonScheduleC
0x8014cd1c	40	2	_._15SeasonScheduleC
0x8014cd44	428	2	MergeRaceSessions__15SeasonScheduleCUc
0x8014dc08	92	2	GetNumCompleteAppointments__C15SeasonScheduleC7SeriesE
0x8014ecc4	92	2	__11SZScenarioC
0x802a7cc8	4	1	strDraftingHelp
0x802a7ccc	1	1	_11SZScenarioC.s_uRefCount
0x8014e62c	168	2	InitDataToDefaults__11SZScenarioC
0x8014e6d4	324	2	InitDataFromDB__11SZScenarioC
0x8014e818	192	2	CalcMedalPointsBased__11SZScenarioC
0x8014e8d8	148	2	CalcMedalTimeBased__11SZScenarioC
0x8014e96c	192	2	_UpdateHacks__11SZScenarioC
0x8014ea38	172	2	UpdateTime__11SZScenarioC
0x8014eae4	480	2	UpdateDBResults__11SZScenarioC
0x8014ed68	116	2	GetNextSpeedZoneScenarioID__11SZScenarioC
0x802c01a0	96	1	_vt.11SZScenarioC
0x8014ed20	72	2	_._11SZScenarioC
0x8014eddc	84	2	Reset__11SZScenarioC
0x8014ee30	100	2	Update__11SZScenarioC
0x8014f2f0	88	2	UpdateMedalLevel__11SZScenarioC
0x8014ee94	100	2	LoadScenario__11SZScenarioCi
0x8014eef8	68	2	UnloadScenario__11SZScenarioC
0x8014ef3c	324	2	SetFinished__11SZScenarioC
0x8014f080	52	2	SetEndImmediately__11SZScenarioC
0x8014f350	96	2	DidPlayerWin__11SZScenarioC
0x8014f3b0	128	2	SetActive__11SZScenarioC
0x8014f97c	120	2	LLSZBlockArrowInit__Fv
0x8014f9f4	88	2	LLSZBlockArrowShutdown__Fv
0x8014fa4c	216	2	LLSZBlockArrowPreDraw__Fv
0x8014fb50	256	2	LLSZBlockArrowDraw__FP5Mat_tfP6Vec3_tiPC19SZBlockArrowColor_t
0x8014fb24	44	2	LLSZBlockArrowPostDraw__Fv
0x801fcd4c	100	2	TMTexLibSetWrapParm
0x8014fc50	4	2	LLVLStageRender__Fv
0x8014fc54	4	2	LLVLStageInit__Fiiiiii
0x8014fc58	4	2	LLVLStageShutdown__Fv
0x8014fc5c	4	2	LLVLStageSetLocalToWorld__FP5Mat_t
0x802a7ee0	8	1	_LLVLCrew_MatDefList
0x8014fcac	448	2	_LLVLCrewSetTeamColor__FP15TexMatTypeHdr_tUsUcP6Vec4_t
0x80150448	1944	2	LLVLCrewInit__FP6Vec4_tT0UiUiUiT0T0UiUiUiT0T0UiUiUi
0x80150be0	448	2	LLVLCrewShutdown__Fv
0x80150da0	32	2	LLVLCrewDraw__FP13LLMotObjDef_t
0x80150dc0	32	2	LLVLCrewObjDel__FP13LLMotObjDef_t
0x80150de0	268	2	LLVLCrewObjAdd__FP13LLMotObjDef_tP19LLVLCrewAddParams_tUi
0x80150eec	456	2	LLVLCrewObjAddDriver__FP13LLMotObjDef_tP19LLVLCrewAddParams_t
0x801510b4	208	2	LLVLCrewObjAddRival__FP13LLMotObjDef_tP19LLVLCrewAddParams_t
0x80151184	208	2	LLVLCrewObjAddOtherDriver__FP13LLMotObjDef_tP19LLVLCrewAddParams_t
0x80151254	16	2	LLVLCrewObjGetCrewHatTexInfo__FPP10TMTexLib_t
0x80154abc	88	2	VictoryLaneIsCreateADriver__Fv
0x80339c14	4	0	VLCrew_TexFile
0x80151554	912	2	LLVLPropInit__FP16LLPropInitParm_t
0x801518e4	292	2	LLVLPropShutdown__Fv
0x80151a08	220	2	LLVLPropAdd__FP13LLMotObjDef_tP12LLPropParm_t
0x80151ae4	32	2	LLVLPropDel__FP13LLMotObjDef_t
0x80151b04	32	2	LLVLPropDraw__FP13LLMotObjDef_t
0x80151b24	112	2	LLVLPropSetCarPosition__FPfN20
0x80154aa0	28	2	VictoryLaneGetCurrentScene__Fv
0x802a9041	1	1	VicLaneDbg_bDisableInputHandler
0x801549f8	48	2	VictoryLaneIsStageVisible__Fv
0x80151f94	324	2	_VLUpdateCarSpeed__Fv
0x801520d8	4	2	_VLStartCameraFlashes__Fv
0x801520dc	4	2	_VLStopCameraFlashes__Fv
0x801520e0	4	2	_VLStartCrowdSound__Fv
0x801520e4	4	2	_VLStartCarSound__Fv
0x801520e8	4	2	_VLStopCarSound__Fv
0x801520ec	316	2	_VLGetGrudgeDriver__FUcPi
0x80152228	4	2	_VLDbgSelectAnimSegments__Fv
0x8015222c	796	2	_VLSelectAnimSegments__Fv
0x80152548	108	2	_VLLoadCommonModelResources__Fv
0x801525b4	104	2	_VLUnloadCommonModelResources__Fv
0x8015261c	140	2	_VLSetLocalToWorld__Fv
0x801549c0	8	2	VictoryLaneIsRaceGirlInScenes__Fv
0x80152e24	68	2	_VLGetDriverGender__Fi
0x801539c8	172	2	_VLShutdownAnimData__Fv
0x80153bd4	472	2	_VLInitCarData__Fv
0x80153dac	48	2	_VLResetDriverData__Fv
0x80154680	184	2	VictoryLaneOpcodeSkip__FPvUsUi
0x80154738	648	2	VictoryLaneOpcodeProcess__FPvUsUi
0x80154b14	12	2	VictoryLaneGetRaceId__Fv
0x80155ec0	24	2	VLPropSetCarModelOffset__Ffff
0x80154d30	44	2	VLAnimCameraSetLocalToWorld__FP5Mat_t
0x80154c40	56	2	VLAnimCameraInit__F8VLSceneE
0x801553cc	348	2	VLCrewAddObjType__FPvP16VLCrewInitParm_t
0x80155d6c	236	2	VLPropAddObjType__FPvP16LLPropInitParm_t
0x801561b8	224	2	VLRaceGirlAddObjType__FPvP21VLRaceGirlInitParms_t
0x80155e80	32	2	VLPropAddStageModel__Fiiiiii
0x801550b8	32	2	VLAnimLoadSequence__FP14AnmsPlayInfo_t
0x80154d14	28	2	VLAnimCameraShutdown__Fv
0x80155528	52	2	VLCrewDelObjType__Fv
0x80155ea0	32	2	VLPropDelStageModel__Fv
0x80155e58	40	2	VLPropDelObjType__Fv
0x80156298	40	2	VLRaceGirlDelObjType__Fv
0x80154c78	156	2	VLAnimCameraSelect__F8VLSceneE
0x80155010	116	2	VLAnimPlaySequence__FP14AnmsPlayInfo_t
0x80155098	32	2	VLAnimShutdownSequence__FP14AnmsPlayInfo_t
0x802a9048	24	1	_VLAnim_CamDefs
0x802a9060	24	1	_VLAnim_CamDefs_6
0x802a9078	24	1	_VLAnim_CamDefs_3
0x802a9090	24	1	_VLAnim_CamDefs_Win1
0x802a90a8	24	1	_VLAnim_CamDefs_000
0x802a90c0	24	1	_VLAnim_CamDefs_222
0x802a90d8	24	1	_VLAnim_CamDefs_002
0x802a90f0	24	1	_VLAnim_CamDefs_111
0x802a9108	96	1	_VLAnim_pCamDefs
0x80154bf8	72	2	_VLAnimChooseRandomCam__FUi
0x80154f48	56	2	VLAnimCameraChangeGroup__FUi
0x80155084	20	2	VLAnimSetScriptDone__Fv
0x802a9168	8	1	_VLCrew_StateDef
0x80339c04	8	0	_VLCrew_StateSelFuncArray
0x802a9530	8	1	_VLProp_StateDef
0x80339c3c	4	0	_VLProp_StateSelFuncArray
0x802a9548	8	1	_VLRaceGirl_StateDef
0x80339c40	4	0	_VLRaceGirl_StateSelFuncArray
0x801562c0	312	2	_AutographProcessSounds__Fv
0x80156620	8	2	AutographOpcodeSkip__FPvUsUi
0x80156628	8	2	AutographOpcodeProcess__FPvUsUi
0x80157904	12	2	Autograph_GarageSceneGetIntroDuration__Fv
0x801576bc	252	2	Autograph_GarageSceneInit__Fv
0x801577b8	184	2	Autograph_GarageSceneShutdown__Fv
0x801578bc	72	2	Autograph_GarageSceneAnimate__Fi
0x80157870	76	2	Autograph_GarageSceneDraw__Fv
0x801579dc	40	2	Autograph_GarageSceneStartLevel__FUi
0x80157a04	32	2	Autograph_GarageSceneStopLevel__Fv
0x80157a24	12	2	Autograph_GarageSceneSetSuccessPct__FUi
0x80156c1c	212	2	_AutographGarage_PropAnimObjAddObjType__FPv
0x80156cf0	36	2	Autograph_PropDelObjType__Fv
0x80156e7c	4	2	_AutographGarage_InitPropData__Fv
0x80156e80	840	2	_AutographGarage_InitCrowdData__Fv
0x801571c8	244	2	_AutographGarage_DeleteCrowdData__Fv
0x801572bc	608	2	_AutographGarage_InitCrowdAnimInfo__Fv
0x80157a30	80	2	Autograph_GarageSceneGetWaveAnim__Fv
0x80157a80	72	2	Autograph_GarageSceneGetPeerAnim__Fv
0x8015751c	164	2	_AutographGarage_StopCrowdAnims__Fv
0x80157910	204	2	Autograph_GarageSceneIsFanHappy__Fv
0x80157ac8	80	2	Autograph_GarageSceneGetGladAnim__Fv
0x80157b18	80	2	Autograph_GarageSceneGetMadAnim__Fv
0x80157b68	56	2	Autograph_GarageSceneGetTryAnim__Fv
0x80158854	276	2	AutographMaleFanInit__Fv
0x80157ff8	276	2	AutographFemaleFanInit__Fv
0x801589b8	92	2	AutographMaleFanAddInstance__FP16VLMaleFan_Parm_t
0x8015815c	92	2	AutographFemaleFanAddInstance__FP18VLFemaleFan_Parm_t
0x80158a14	80	2	AutographMaleFanDeleteInstance__FP11VLMaleFan_t
0x801581b8	80	2	AutographFemaleFanDeleteInstance__FP13VLFemaleFan_t
0x80158968	80	2	AutographMaleFanShutdown__Fv
0x8015810c	80	2	AutographFemaleFanShutdown__Fv
0x80158a64	164	2	AutographMaleFanInitAnim__FP24VLMaleFanAnimInitParms_tP11VLMaleFan_tf
0x80158b08	52	2	AutographMaleFanStartAnim__FP11VLMaleFan_t
0x80158208	164	2	AutographFemaleFanInitAnim__FP26VLFemaleFanAnimInitParms_tP13VLFemaleFan_tf
0x801582ac	52	2	AutographFemaleFanStartAnim__FP13VLFemaleFan_t
0x80158b3c	92	2	AutographMaleFanStopAnim__FP11VLMaleFan_t
0x801582e0	92	2	AutographFemaleFanStopAnim__FP13VLFemaleFan_t
0x80158c0c	64	2	AutographMaleFanDraw__Fv
0x801583b0	64	2	AutographFemaleFanDraw__Fv
0x80158b98	116	2	AutographMaleFanProcessAnim__Ff
0x8015833c	116	2	AutographFemaleFanProcessAnim__Ff
0x801d25b0	140	2	ObjRemoveFromList
0x801d2548	104	2	ObjDel
0x80158c4c	60	2	__21CEventObserverHandler
0x802c0200	32	1	_vt.14CEventObserver
0x802a96cc	4	1	_20CReplayEventObserver.m_pEvObserver
0x80158f40	60	2	__20CReplayEventObserverP13EQEventType_eUi
0x802c0220	32	1	_vt.20CReplayEventObserver
0x80158f7c	56	2	_._20CReplayEventObserver
0x8015900c	60	2	Notify__20CReplayEventObserverP14_NascarEvent_t
0x80159048	56	2	TibExtMemAlloc
0x80159080	36	2	TibExtMemFree
0x802a9714	0	0	__SN_Libsn_version
0x80003464	0	0	__init_vm
0x80003464	0	0	__premain
0x8015bee8	0	0	__mod2i
0x80003468	36	2	__init_hardware
0x8015928c	0	0	SNDebugInit
0x8020b4e0	40	2	DBInit
0x8020b07c	32	2	__init_user
0x8020700c	128	2	OSReport
0x8020b110	84	2	exit
0x802a9728	0	0	SN_ISI
0x802a972c	0	0	SN_DSI
0x802a9730	0	0	SN_ALIGNMENT
0x802a9734	0	0	SN_BUFFERED_TTY
0x802a9738	0	0	SN_FPE
0x802a973c	0	0	bConnected
0x80159604	0	0	cmdNop
0x801596d8	0	0	cmdRecvMem
0x80159774	0	0	cmdSendMem
0x80159c44	0	0	cmdGo
0x80159a74	0	0	cmdReset
0x80159228	0	0	EnableMetroTRKInterrupts
0x801594dc	0	0	SNDebugBoot
0x80159df8	0	0	proviewtty
0x80159ac4	0	0	tunerprotocol
0x8015a7cc	0	0	checkexternal
0x8015a9b8	0	0	DSIentry
0x8015a9a0	0	0	ISIentry
0x8015aae4	0	0	snIsSNTDEV
0x802a99d0	4	1	g_nRWasyncPhase
0x8015c604	116	2	PCrwAsyncNextPh
0x802076b8	0	0	__RAS_OSDisableInterrupts_begin
0x802076c4	0	0	__RAS_OSDisableInterrupts_end
0x8015c7b4	112	2	SNInitEXI2TCHandler
0x8015cd1c	124	2	SNDVDEmuInitDSIHandler
0x80228020	540	2	WriteUARTN
0x80227fb0	112	2	InitializeUART
0x8015ccfc	32	2	SNDVDEmuInit
0x80204d44	20	2	PPCHalt
0x8015b320	0	0	snInitFileserver
0x8015b410	0	0	PCinit
0x80206340	52	2	ICInvalidateRange
0x8015cd98	188	2	SNDVDEmuControl
0x8015c5b0	84	2	CompleteAsync
0x8015b120	0	0	snFileserver
0x8022a344	4	2	EXI2_Init
0x8022a348	4	2	EXI2_EnableInterrupts
0x8022a34c	8	2	EXI2_Poll
0x8022a354	8	2	EXI2_ReadN
0x8022a35c	8	2	EXI2_WriteN
0x8022a364	4	2	EXI2_Reserve
0x8022a368	4	2	EXI2_Unreserve
0x8022a750	120	2	DBInitComm
0x8022a6fc	84	2	DBInitInterrupts
0x8022a660	156	2	DBQueryData
0x8022a5d4	140	2	DBRead
0x8022a374	608	2	DBWrite
0x8022a370	4	2	DBOpen
0x8022a36c	4	2	DBClose
0x8015b470	0	0	SNInitComm
0x8015b5c4	0	0	SNInitInterrupts
0x8015b60c	0	0	SNQueryData
0x8015b694	0	0	SNRead
0x8015b850	0	0	SNWrite
0x8015b9e8	0	0	SNOpen
0x8015b9ec	0	0	SNClose
0x8015b420	0	0	PCopen
0x8015b430	0	0	PCread
0x8015b440	0	0	PClseek
0x8015b450	0	0	PCreadAsync
0x8015b458	0	0	PCwriteAsync
0x8015b460	0	0	PCreadAsync2
0x8015b468	0	0	PCwriteAsync2
0x8015c168	164	2	PCreadAsyncInit
0x8015bfec	8	2	PCwriteAsyncInit
0x8015bb8c	0	0	SNDVDRead_init
0x8015bbdc	0	0	SNDVDReadAsync_next
0x8015bc4c	0	0	SNDVDReadSync_next
0x8015bcb4	0	0	SNDVDWrite_init
0x8015bd18	0	0	SNDVDWriteAsync_next
0x8015bd88	0	0	SNDVDWriteSync_next
0x8015bdf0	0	0	SNDVDWriteNoDMA_next
0x802076b8	20	2	OSDisableInterrupts
0x80207a80	136	2	__OSMaskInterrupts
0x802076e0	36	2	OSRestoreInterrupts
0x80207704	28	2	__OSSetInterruptHandler
0x80207b08	136	2	__OSUnmaskInterrupts
0x8015be94	0	0	__cvt_fp2unsigned
0x8015bedc	0	0	__shr2u
0x8015bee0	0	0	__div2i
0x8015bee4	0	0	__shl2i
0x8015beec	0	0	__shr2i
0x8015bef0	0	0	__div2u
0x8015bef4	0	0	__mod2u
0x8015bef8	0	0	__va_arg
0x8022b7f8	1332	2	__moddi3
0x8022aef4	64	2	__ashrdi3
0x8022c230	1176	2	__umoddi3
0x802a99dc	4	1	g_nDbgFsAsyncCnt
0x80206ad8	216	2	OSLoadContext
0x80205758	28	2	__OSSetExceptionHandler
0x803b1840	4	1	gSPCH_Allocator
0x802a99e8	12	1	gExtVecs
0x803b1844	4	1	gSPCH_Initialized
0x803b1848	4	1	gVoxBanks
0x803b184c	4	1	gUniqueBankHandle
0x803b1850	4	1	gNumBanks
0x803b1854	4	1	gBankCount
0x803b185c	4	1	gClearCycle
0x80343760	20	0	gCallbacks
0x80343774	64	0	gEventDats
0x803437b4	320	0	gVoxEvents
0x803438f4	64	0	gVoxInGame
0x803b27a0	0	0	gGameNum
0x803b27a4	0	0	gDataRate
0x80343934	32	0	gFilterSetting
0x803b27a8	0	0	gPreLoadTicks
0x803b27ac	0	0	gLastTick
0x803b27b0	0	0	gLastSubTick
0x8015d0c8	100	2	iSPCH_FindEventDatInfo
0x8015d12c	84	2	iSPCH_FindEvent
0x8015d180	80	2	iSPCH_FindEventChannel
0x8015d1d0	84	2	iSPCH_GetDatID
0x8015d224	84	2	iSPCH_GetGlobalMatchParmsArray
0x8015d278	48	2	iSPCH_InitEventDat
0x8015d2a8	72	2	iSPCH_GetFilterLength
0x8015d34c	196	2	iSPCH_InitEventQueue
0x8015db98	160	2	iSPCH_ClearEvent__Fi
0x8015d55c	364	2	iSPCH_AddEvent
0x8015dd3c	152	2	SPCH_PlayLastEvent
0x8015d6c8	332	2	SPCH_AddEventV
0x8015dad0	200	2	SPCH_ClearEventQueue
0x8015de48	200	2	SPCH_Choose
0x8015df70	68	2	iSPCH_MemFree
0x80160db8	56	2	SPCHEXT_gettick
0x8016066c	224	2	iSPCH_Rand
0x8015df18	88	2	iSPCH_MemAlloc
0x8015dfb4	52	2	iSPCH_InitInGame
0x8015fb28	180	2	iSPCH_ClearSentenceChoiceChannel
0x801602b4	200	2	iSPCH_ChooseSingleSentence
0x8015fdd0	244	2	iSPCH_PlayChosen
0x8015fdb8	24	2	iSPCH_OneChosen
0x8015df10	8	2	SPCH_SetAllocator
0x8015dfe8	108	2	SPCH_GetSampleDataRate
0x8015e054	40	2	SPCH_InitRuleCallbacks
0x8015e0a0	200	2	SPCH_Init
0x8015e168	68	2	SPCH_Deinit
0x802a9a2c	59	1	spchlibauthor
0x801605c0	172	2	iSPCH_InitRandom
0x8015fbdc	136	2	iSPCH_InitSentenceChoice
0x8016037c	8	2	SPCH_SetPreLoadTicks
0x80160eac	24	2	iSPCH_InitBanks
0x80160ec4	24	2	iSPCH_DisposeBanks
0x8015e50c	20	2	SPCH_GetEventDatInfo
0x8015ecec	28	2	iSPCH_DecodeWeight
0x80160078	572	2	iSPCH_ChooseSentence
0x801610a4	144	2	iSPCH_FindBank
0x80161134	192	2	iSPCH_FindSubBank
0x801611f4	76	2	iSPCH_TestSubBankBounds
0x801613a0	128	2	iSPCHBank_GetSampleTimeInQueue
0x80160d30	136	2	iSPCH_GetSampleSizeData
0x80160d00	48	2	iSPCH_GetSampleParmAddr
0x801608a8	112	2	iSPCH_GetRuleID
0x80161240	68	2	iSPCH_FindBankIndexFromHandle
0x80161330	112	2	iSPCHBank_AddToQueue
0x80160918	272	2	iSPCH_RuleSet
0x80160a28	440	2	iSPCH_GetRuleSettings
0x80160ca0	96	2	iSPCH_CheckSentenceRules
0x802a9a14	24	1	seedX
0x80160384	264	2	iSPCH_EACrandom__Fv
0x803b1868	4	1	gRandArrayIndex
0x80343e54	128	0	gRandArray
0x8016144c	196	2	iSPCH_SetCycleBits__FP10VOXBANKHDR
0x80160edc	8	2	SPCH_GetBankPtrMemSize
0x80160ee4	64	2	SPCH_InitBankMem
0x80161284	172	2	SPCH_FreeBank
0x80161420	44	2	iSPCH_GetStartSample
0x80161510	204	2	SPCH_AddBank
0x80343ed4	564	0	sndgs
0x802a9a68	4	1	_4Csis.gIsInited
0x801615fc	72	2	Set__Q24Csis14FunctionHandlePCQ24Csis11InterfaceId
0x80161644	236	2	SetFast__Q24Csis14FunctionHandlePCQ24Csis11InterfaceId
0x80344108	4	0	_4Csis.gSystems
0x80161730	80	2	Valid__Q24Csis14FunctionHandle
0x8034410c	4	0	_4Csis.gpAllocator
0x801617d4	236	2	SetFast__Q24Csis11ClassHandlePCQ24Csis11InterfaceId
0x801618c0	80	2	Valid__Q24Csis11ClassHandle
0x8016191c	236	2	SetFast__Q24Csis20GlobalVariableHandlePCQ24Csis11InterfaceId
0x80161a08	80	2	Valid__Q24Csis20GlobalVariableHandle
0x80161a58	84	2	SendParameters__Q24Csis9ClassDataPQ24Csis9Parameter
0x80161aac	16	2	SetAllocator__Q24Csis6SystemPQ32EA9Allocator10IAllocator
0x80161ae0	68	2	Init__Q24Csis6System
0x80344110	24	0	_4Csis.gMutexHandle
0x80161b24	20	2	Restore__Q24Csis6System
0x80161b90	392	2	Subscribe__Q24Csis6SystemPv
0x80161d18	232	2	Unsubscribe__Q24Csis6SystemPv
0x80161e00	116	2	CallFast__Q24Csis8FunctionPQ24Csis14FunctionHandlePv
0x80161e74	72	2	Subscribe__Q24Csis8FunctionPQ24Csis14FunctionHandlePQ24Csis14FunctionClient
0x80161ebc	100	2	SubscribeFast__Q24Csis8FunctionPQ24Csis14FunctionHandlePQ24Csis14FunctionClient
0x80161f20	124	2	UnsubscribeFast__Q24Csis8FunctionPQ24Csis14FunctionHandlePQ24Csis14FunctionClient
0x80161fec	232	2	CreateInstanceFast__Q24Csis5ClassPQ24Csis11ClassHandlePvPPQ24Csis5Class
0x80162114	148	2	ReleaseFast__Q24Csis5Class
0x801621a8	16	2	GetRefCount__Q24Csis5ClassPi
0x801621b8	24	2	AddRef__Q24Csis5Class
0x801621d0	92	2	DecRef__Q24Csis5Class
0x80162274	36	2	SetMemberDataFast__Q24Csis5ClassPv
0x80162298	100	2	SubscribeConstructorFast__Q24Csis5ClassPQ24Csis11ClassHandlePQ24Csis22ClassConstructorClient
0x801622fc	124	2	UnsubscribeConstructorFast__Q24Csis5ClassPQ24Csis11ClassHandlePQ24Csis22ClassConstructorClient
0x80162378	60	2	SubscribeDestructorFast__Q24Csis5ClassPQ24Csis21ClassDestructorClient
0x801623b4	152	2	UnsubscribeDestructorFast__Q24Csis5ClassPQ24Csis21ClassDestructorClient
0x8016244c	60	2	SubscribeMemberDataFast__Q24Csis5ClassPQ24Csis14FunctionClient
0x80162488	152	2	UnsubscribeMemberDataFast__Q24Csis5ClassPQ24Csis14FunctionClient
0x80162520	136	2	SetFast__Q24Csis14GlobalVariablePQ24Csis20GlobalVariableHandlePv
0x801625a8	120	2	SubscribeFast__Q24Csis14GlobalVariablePQ24Csis20GlobalVariableHandlePQ24Csis14FunctionClient
0x80162620	124	2	UnsubscribeFast__Q24Csis14GlobalVariablePQ24Csis20GlobalVariableHandlePQ24Csis14FunctionClient
0x80208214	56	2	OSInitMutex
0x8020824c	220	2	OSLockMutex
0x80208328	200	2	OSUnlockMutex
0x803b3000	8	1	_half$localstatic3$sqrtf__Ff
0x803b3008	8	1	_three$localstatic4$sqrtf__Ff
0x80162fb8	128	2	LGClose
0x80162df0	456	2	LGOpen
0x8016310c	236	2	LGRead
0x8022a080	368	2	SIReadSteering
0x80229bf0	180	2	SIResetSteeringAsync
0x8022a250	84	2	SISetSteeringSamplingCallback
0x8022a2a4	160	2	SIControlSteering
0x8022d0dc	2000	2	pow
0x8022dc58	224	2	sin
0x8020ac70	8	2	OSGetTick
0x802c02c0	128	1	_vt.6AptXml
0x801649dc	184	2	__6AptXmlP8AptValue
0x80164a94	104	2	_._6AptXml
0x80164afc	88	2	PreDestroy__6AptXml
0x80164b54	204	2	CleanNativeFunctions__6AptXml
0x803b186c	4	1	_6AptXml.psMethod_getBytesTotal
0x803b1870	4	1	_6AptXml.psMethod_getBytesLoaded
0x803b1874	4	1	_6AptXml.psMethod_load
0x803b1878	4	1	_6AptXml.psMethod_parseXml
0x80164c20	2016	2	objectMemberLookup__C6AptXmlP8AptValuePC9EAStringC
0x80258a3c	296	2	in_word_set__14XmlMemberIndexPCcUi
0x80258b9c	28	2	IsEmpty__C9EAStringC
0x80165400	300	2	sMethod_getBytesTotal__6AptXmlP8AptValuei
0x802c0240	128	1	_vt.17AptNativeFunction
0x8016552c	300	2	sMethod_getBytesLoaded__6AptXmlP8AptValuei
0x80258b64	56	2	PushValue__14AptValueVectorP8AptValue
0x80165658	248	2	sMethod_load__6AptXmlP8AptValuei
0x80165750	248	2	sMethod_parseXml__6AptXmlP8AptValuei
0x802589c4	120	2	_._17AptNativeFunction
0x80165848	104	2	__10AptXmlNode31AptVirtualFunctionTable_IndicesP11IAptXmlNode
0x803b18c8	4	1	gpAptXmlImpl
0x801658bc	132	2	_._10AptXmlNode
0x80196cd0	116	2	RemoveGCAptValue__5AptGCP8AptValue
0x80348eb4	160	0	gAptFuncs
0x80165c1c	2916	2	objectMemberLookup__C10AptXmlNodeP8AptValuePC9EAStringC
0x803b18ac	4	1	_10StringPool.spFirstFree
0x803b18bc	4	1	gpValuesToRelease
0x80167ae0	64	2	ReserveSize__9EAStringCUi
0x801a6320	44	2	__nw__9AptStringUi
0x801a3cc8	176	2	__9AptString
0x80348bf4	704	0	_10StringPool.saConstant
0x80196c78	88	2	AddGCAptValue__5AptGCP8AptValue
0x801a9370	128	2	__8AptValue31AptVirtualFunctionTable_Indices
0x802c0d38	128	1	_vt.9AptObject
0x801a203c	28	2	__13AptNativeHashi
0x803b1894	4	1	_10AptBoolean.spFirstFree
0x80166ca8	44	2	__nw__10AptBooleanUi
0x802c10b8	128	1	_vt.8AptValue
0x801a94bc	20	2	setVtblIndex__8AptValue31AptVirtualFunctionTable_Indices
0x801a94a4	24	2	setRefCount__8AptValueUi
0x801a94d0	32	2	setIsDefined__8AptValuei
0x801a94f0	32	2	setGCMark__8AptValueb
0x801a9510	48	2	setGCRoot__8AptValuei
0x801a9540	16	2	SetReleaseAtEnd__8AptValue
0x802c03c0	128	1	_vt.10AptBoolean
0x803b189c	4	1	_10AptInteger.spFirstFree
0x8016716c	44	2	__nw__10AptIntegerUi
0x802c04c0	128	1	_vt.10AptInteger
0x80348f68	92	0	gAptActionInterpreter
0x802a9f68	9	1	_9EAStringC.s_EmptyInternalData
0x801a6e84	932	2	toString__C8AptValueR9EAStringC
0x803b18a0	4	1	_9EAStringC.sAptCallbacks
0x803b281c	4	0	gpUndefinedValue
0x801a1300	36	2	GetNumGCPointers__C9AptObject
0x801a1324	36	2	GetGCPointer__C9AptObjecti
0x801a136c	8	2	IsGarbageCollected__C9AptObject
0x801a1374	8	2	getNativeHashVirtual__9AptObject
0x801a137c	8	2	ContainsNativeHashVirtual__C9AptObject
0x8019fb88	64	2	objectMemberLookup__C9AptObjectP8AptValuePC9EAStringC
0x801a9320	8	2	objectMemberSet__8AptValueP8AptValuePC9EAStringCT1
0x801a1348	36	2	DestroyGCPointers__9AptObject
0x80165a64	440	2	objectMemberSet__10AptXmlNodeP8AptValuePC9EAStringCT1
0x801a2058	64	2	_._13AptNativeHash
0x801a9464	52	2	_._8AptValue
0x80168df8	192	2	InitFromBuffer__9EAStringCPCc
0x802c0340	128	1	_vt.10AptXmlNode
0x801658b0	12	2	PreDestroy__10AptXmlNode
0x80165940	292	2	CleanNativeFunctions__10AptXmlNode
0x803b187c	4	1	_10AptXmlNode.psMethod_appendChild
0x803b1880	4	1	_10AptXmlNode.psMethod_cloneNode
0x803b1884	4	1	_10AptXmlNode.psMethod_hasChildNodes
0x803b1888	4	1	_10AptXmlNode.psMethod_insertBefore
0x803b188c	4	1	_10AptXmlNode.psMethod_removeNode
0x803b1890	4	1	_10AptXmlNode.psMethod_toString
0x80166780	8	2	sMethod_appendChild__10AptXmlNodeP8AptValuei
0x80166788	8	2	sMethod_cloneNode__10AptXmlNodeP8AptValuei
0x80166790	444	2	sMethod_hasChildNodes__10AptXmlNodeP8AptValuei
0x8016694c	8	2	sMethod_insertBefore__10AptXmlNodeP8AptValuei
0x80166954	8	2	sMethod_removeNode__10AptXmlNodeP8AptValuei
0x8016695c	324	2	sMethod_toString__10AptXmlNodeP8AptValuei
0x80170c44	192	2	Apt_stricmp__FPCcT0
0x801aaf28	100	2	__16AptXmlAttributes31AptVirtualFunctionTable_IndicesP11IAptXmlNode
0x801a2250	468	2	Set__13AptNativeHashPC9EAStringCP8AptValue
0x80183c2c	108	2	__8AptArray
0x80184204	204	2	set__8AptArrayiP8AptValue
0x80166aa0	132	2	ClearPool__10AptBoolean
0x80166b24	16	2	DeleteThis__10AptBoolean
0x80166b34	16	2	ForceDelete__10AptBoolean
0x80166b44	8	2	GetNumGCPointers__C10AptBoolean
0x80166b4c	8	2	GetGCPointer__C10AptBooleani
0x80166b54	84	2	_._10AptBoolean
0x80166cd4	44	2	__dl__10AptBooleanPvUi
0x80166ba8	248	2	Create__10AptBooleanb
0x80166ca0	8	2	GetBool__C10AptBoolean
0x801a9300	8	2	IsGarbageCollected__C8AptValue
0x801a9308	8	2	getNativeHashVirtual__8AptValue
0x801a9310	8	2	ContainsNativeHashVirtual__C8AptValue
0x801a9318	8	2	objectMemberLookup__C8AptValueP8AptValuePC9EAStringC
0x801a936c	4	2	DestroyGCPointers__8AptValue
0x803b1898	4	1	_8AptFloat.spFirstFree
0x80166d00	132	2	ClearPool__8AptFloat
0x80166d84	16	2	DeleteThis__8AptFloat
0x80166d94	16	2	ForceDelete__8AptFloat
0x802c0440	128	1	_vt.8AptFloat
0x80166da4	8	2	GetNumGCPointers__C8AptFloat
0x80166dac	8	2	GetGCPointer__C8AptFloati
0x80166db4	84	2	_._8AptFloat
0x80166f38	44	2	__dl__8AptFloatPvUi
0x80166f0c	44	2	__nw__8AptFloatUi
0x80166f04	8	2	GetFloat__C8AptFloat
0x80166f64	132	2	ClearPool__10AptInteger
0x80166fe8	16	2	DeleteThis__10AptInteger
0x80166ff8	16	2	ForceDelete__10AptInteger
0x80167008	8	2	GetNumGCPointers__C10AptInteger
0x80167010	8	2	GetGCPointer__C10AptIntegeri
0x80167018	84	2	_._10AptInteger
0x80167198	44	2	__dl__10AptIntegerPvUi
0x80167164	8	2	GetInt__C10AptInteger
0x802c0540	144	1	_vt.12AptExtObject
0x801674fc	120	2	CreateNewAptObject__12AptExtObjecti
0x801a25b0	224	2	Lookup__C13AptNativeHashPC9EAStringC
0x801a2204	76	2	SetIfNotExists__13AptNativeHashPC9EAStringCP8AptValue
0x801a2a94	32	2	GetNumGCPointers__C13AptNativeHash
0x801a2ab4	160	2	GetGCPointer__C13AptNativeHashi
0x801a2098	364	2	DestroyGCPointers__13AptNativeHash
0x80173a50	800	2	getVariable__20AptActionInterpreterP8AptValueT1PC9EAStringCii
0x8017242c	924	2	setVariable__20AptActionInterpreterP8AptValueT1PC9EAStringCT1ii
0x80167694	164	2	__9EAStringCUi
0x80167738	188	2	__9EAStringCUiUi
0x801677f4	216	2	__apl__9EAStringCRC9EAStringC
0x80168c8c	364	2	ChangeBuffer__9EAStringCUiUiUiQ29EAStringC10CBPushZeroUi
0x801678cc	256	2	__apl__9EAStringCPCc
0x801679cc	276	2	__pl__FPCcRC9EAStringC
0x80167b20	24	2	IsEnoughSize__C9EAStringCUi
0x80167b38	176	2	Append__9EAStringCPCcUi
0x80167be8	272	2	Format__9EAStringCPCce
0x80167cf8	108	2	Find__C9EAStringCPCci
0x80167d64	108	2	Find__C9EAStringCci
0x80167dd0	336	2	Delete__9EAStringCii
0x80167f20	224	2	Left__C9EAStringCi
0x80168000	220	2	Mid__C9EAStringCi
0x801680dc	228	2	Mid__C9EAStringCii
0x801681c0	248	2	EndWithRemove__9EAStringCPCc
0x801682b8	100	2	UTF8_GetBuffer__9EAStringCi
0x80258cc4	164	2	UTF8_ReadCharacter__9EAStringCPCcPi
0x8016831c	84	2	UTF8_Size__C9EAStringC
0x80168370	176	2	UTF8_Mid__C9EAStringCi
0x80168420	292	2	UTF8_Mid__C9EAStringCii
0x80168544	260	2	UTF8_Append__9EAStringCPCci
0x80168648	260	2	UTF8_Find__C9EAStringCPCci
0x8016874c	448	2	UTF8_MakeLower__9EAStringC
0x8016890c	448	2	UTF8_MakeUpper__9EAStringC
0x80168acc	448	2	UTF8_Initialize__9EAStringCi
0x80168eb8	112	2	CalculateHashValue__C9EAStringC
0x801bab8c	1260	2	vsnprintf
0x801bb354	116	2	strstr
0x803b18a4	4	1	_10StringPool.spPool
0x803b18a8	4	1	_10StringPool.spPoolSize
0x80168f28	22688	2	Initialize__10StringPooli
0x8016e7c8	280	2	Teardown__10StringPool
0x8016e8e0	584	2	GetFromPool__10StringPoolPCc
0x8016eb28	204	2	RemoveFromPool__10StringPoolP9AptString
0x8016ebf4	132	2	ClearTemporaryPool__10StringPool
0x801ab14c	140	2	ReleaseValues__14AptValueVector
0x803b18b0	4	1	gNullInput
0x803b18b4	4	1	gbSavedInputsEnabled
0x803b18b8	4	1	gbGarbageCollectThisFrame
0x803b18c0	4	1	gbBreakAfterAssert
0x8016ed94	4	2	_profileInit__Fv
0x8016edc4	172	2	__16AptUserFunctions
0x8016ee70	544	2	AptInitialize__FPC13AptInitParmsT
0x803b27cc	4	0	gstrTempString
0x8016f20c	32	2	AptInitializeGC__Fv
0x803b27dc	4	0	gpLoader
0x803b27e0	4	0	gpLinker
0x80259418	32	2	__9EAStringC
0x803b27e4	4	0	gpSavedInputCheckpoints
0x803b27d4	4	0	gpPool
0x8016f22c	52	2	AptInitializeGCTraceObjects__Fv
0x8016f090	380	2	AptShutdown__Fi
0x80258d68	376	2	_._9AptLinker
0x80258ee0	224	2	_._24AptSavedInputCheckpoints
0x8016f260	76	2	CleanAllNativeFunctions__Fv
0x8016f2ac	132	2	AptCompleteAnimationAsyncLoad__FGt12AptSharedPtr1Z7AptFilePvN21
0x8016f330	320	2	_AptGetAnimationAtLevel__Fi
0x8016f470	196	2	AptLoadAnimation__FPCcT0
0x803b27d8	4	0	gbBackgroundColorSet
0x803b27d0	4	0	gnCurTick
0x80348f54	20	0	gSIPlayback
0x80259454	96	2	__eq__C9EAStringCRC9EAStringC
0x80259438	28	2	__9EAStringCRC9EAStringC
0x80258fc0	1112	2	Insert__H1ZPC22AptFileSavedInputState_Q32EA6Stringt11BasicString2Zt22StringAsVectorEncoding1Z22AptFileSavedInputStateZ20StringAsVectorPolicyRCX00T1RCP22AptFileSavedInputState_v
0x8017074c	32	2	AptUpdate__FUi
0x8017078c	92	2	AptAddToInputQueue__F12AptInputType13AptInputState18AptInputController
0x801707e8	116	2	AptAddToInputAnalogQueue__FG18AptAnalogStickInfo
0x80170c20	36	2	Apt_atoff__FPCc
0x80171180	204	2	initStacks__20AptActionInterpreterRC13AptInitParmsT
0x801ab094	80	2	__14AptValueVectori
0x801a7e8c	1440	2	AptValueInitialize__Fv
0x80181db0	484	2	__20AptAnimationPoolDataRC13AptInitParmsT
0x8019b66c	68	2	ClipStackInit__7AptMathl
0x8019b6b0	52	2	ClipStackShutdown__7AptMath
0x8018221c	616	2	PreDestroy__20AptAnimationPoolData
0x801a842c	480	2	AptValueShutdown__Fi
0x80196e14	356	2	GarbageCollection__5AptGCb
0x801a860c	84	2	AptValueShutdownRemaining__Fv
0x80181f94	648	2	_._20AptAnimationPoolData
0x801ab0e4	104	2	_._14AptValueVector
0x8017124c	300	2	shutdownStacks__20AptActionInterpreter
0x80196c48	48	2	Initialize__5AptGC
0x8018382c	200	2	GetNumGCPointers__20AptAnimationPoolDataPv
0x801838f4	560	2	GetGCPointer__20AptAnimationPoolDataPvi
0x80196dc4	48	2	RegisterTraceObject__5AptGCPvPFPv_iPFPvi_P8AptValue
0x80183db8	512	2	CleanNativeFunctions__8AptArray
0x8018f500	1656	2	CleanNativeFunctions__7AptDate
0x8019baf0	820	2	CleanNativeFunctions__10AptMathObj
0x8019e0dc	292	2	CleanNativeFunctions__6AptKey
0x8019f610	116	2	CleanNativeFunctions__8AptMouse
0x801a0250	292	2	CleanNativeFunctions__11AptLoadVars
0x801a34bc	160	2	CleanNativeFunctions__8AptSound
0x801a99cc	204	2	CleanNativeFunctions__15AptScriptColour
0x80188014	1084	2	CleanNativeFunctions__16AptCharacterInst
0x801a3eb0	556	2	CleanNativeFunctions__9AptString
0x8019ae4c	20	2	AptSharedPtrIncRef__FP7AptFile
0x80199654	204	2	CompleteLoad__9AptLoaderGt12AptSharedPtr1Z7AptFilePvN22
0x801a93f0	116	2	__8AptValue31AptVirtualFunctionTable_IndicesQ28AptValue8CIH_ONLY
0x802c0970	128	1	_vt.6AptCIH
0x80194844	84	2	insert__19AptDisplayListStateiP6AptCIH
0x801a9498	12	2	getVtblIndex__C8AptValue
0x801a9574	20	2	isUndefined__C8AptValue
0x80197768	340	2	setValidFocusButton__20AptAnimationPoolData
0x8019a710	1484	2	Load__9AptLinkerRC9EAStringCG9EAStringC
0x80199264	332	2	Load__9AptLoaderRC9EAStringC
0x80182484	1104	2	tickIntervalTimers__20AptAnimationPoolDatai
0x801962c0	224	2	tick__14AptDisplayList
0x801829f4	616	2	runActions__20AptAnimationPoolData
0x80198ef8	104	2	processInputs__20AptAnimationPoolData
0x80199720	2424	2	Update__9AptLinker
0x80182ce0	124	2	addInput__20AptAnimationPoolDataUi
0x801991b0	180	2	IsLoaded__9AptLoaderRC9EAStringC
0x801cbf10	40	2	__builtin_vec_new
0x80174ebc	100	2	clearRegisters__20AptActionInterpreter
0x80196df4	32	2	GarbageCollectionInBetween__5AptGCb
0x80183448	120	2	clearBIL__20AptAnimationPoolData
0x8019b640	44	2	ClipStackPushUnit__7AptMath
0x803b2828	4	0	gpRenderingContext
0x80195fa8	624	2	render__14AptDisplayListP19AptRenderingContext22AptMaskRenderOperation
0x803b2f4c	4	1	_7AptMath.m_pTransformStack
0x80182d5c	56	2	addInput__20AptAnimationPoolData12AptInputType13AptInputState18AptInputController
0x80182c5c	132	2	addAnalogInput__20AptAnimationPoolDataG18AptAnalogStickInfo
0x801a6e00	132	2	toString__C8AptValuePc
0x801a9560	12	2	IsReleaseAtEnd__C8AptValue
0x80173e28	1432	2	callFunction__20AptActionInterpreterP8AptValueT1i
0x801bb878	32	2	atof
0x803b1ac4	4	1	gpGlobalExtensionObject
0x8019af0c	20	2	AptSharedPtrDecRef__FP15AptLinkerThingy
0x8019af20	100	2	AptSharedPtrDelete__FP15AptLinkerThingy
0x803b18cc	4	1	FSCOMMAND
0x80170e8c	756	2	_isNaN__FP8AptValue
0x80171378	2180	2	_parseStream__20AptActionInterpreterPUcT1P12AptConstFilePi
0x802c0750	128	1	_vt.9AptLookup
0x802c07d0	128	1	_vt.11AptRegister
0x80171bfc	40	2	unresolveStream__20AptActionInterpreterPUcT1Pi
0x80171c24	32	2	resolveStream__20AptActionInterpreterPUcT1P12AptConstFilePi
0x80171c44	540	2	loadVariables__20AptActionInterpreterP8AptValueT1PC9EAStringC
0x801758e0	324	2	urlDecode__20AptActionInterpreterPCcR9EAStringCT2
0x80171e60	312	2	getObject__20AptActionInterpreterP8AptValueT1PC9EAStringC
0x80171f98	348	2	getContext__20AptActionInterpreterP8AptValueT1PC9EAStringCPP8AptValueR9EAStringC
0x801720f4	508	2	getContext__20AptActionInterpreterP8AptValueT1PC9EAStringCPP8AptValuePc
0x80259694	8	2	ConvertAptValue__13AptNativeHashP8AptValue
0x8025969c	188	2	SetProtoGC__13AptNativeHashP8AptValue
0x801727c8	988	2	cbCallMethod_setInterval__20AptActionInterpreterP8AptValuei
0x80172ba4	268	2	cbCallMethod_clearInterval__20AptActionInterpreterP8AptValuei
0x80172cb0	332	2	cbCallMethod_isNaN__20AptActionInterpreterP8AptValuei
0x80172dfc	388	2	cbCallMethod_unescape__20AptActionInterpreterP8AptValuei
0x80175784	348	2	_unEscape__FR9EAStringC
0x80172f80	344	2	cbCallMethod_escape__20AptActionInterpreterP8AptValuei
0x801755c4	384	2	_escape__FR9EAStringC
0x801730d8	768	2	cbCallMethod_boolean__20AptActionInterpreterP8AptValuei
0x801735ec	328	2	getName2__20AptActionInterpreterP6AptCIHR9EAStringC
0x80173734	184	2	getName__20AptActionInterpreterP6AptCIHR9EAStringC
0x801737ec	612	2	_doCloneSprite__20AptActionInterpreterP6AptCIHP8AptValueN22iT2
0x80173d70	184	2	valueToObject__20AptActionInterpreterP8AptValueN21PP8AptValue
0x802c05d0	128	1	_vt.13AptFrameStack
0x80175394	560	2	runStream__20AptActionInterpreterPUcP6AptCIHi
0x801743c0	2812	2	_createObject__20AptActionInterpreterP8AptValueT1PC9EAStringCi
0x80259a84	48	2	__eq__C9EAStringCPCc
0x802c0650	128	1	_vt.12AptMovieClip
0x802c06d0	128	1	_vt.12AptPrototype
0x80259758	188	2	SetPrototypeGC__13AptNativeHashP8AptValue
0x80174f20	688	2	_doEnumerate__20AptActionInterpreterP8AptValueT1
0x802a9fcc	740	1	_20AptActionInterpreter.sGlobalTable
0x80175ac0	4	2	_FunctionAptActionEnd__20AptActionInterpreterP20AptActionInterpreterPQ220AptActionInterpreter13LocalContextT
0x80175ac4	76	2	_FunctionAptActionNextFrame__20AptActionInterpreterP20AptActionInterpreterPQ220AptActionInterpreter13LocalContextT
0x80175b10	76	2	_FunctionAptActionPrevFrame__20AptActionInterpreterP20AptActionInterpreterPQ220AptActionInterpreter13LocalContextT
0x80175b5c	116	2	_FunctionAptActionPlay__20AptActionInterpreterP20AptActionInterpreterPQ220AptActionInterpreter13LocalContextT
0x80175bd0	116	2	_FunctionAptActionStop__20AptActionInterpreterP20AptActionInterpreterPQ220AptActionInterpreter13LocalContextT
0x80175c44	4	2	_FunctionAptActionToggleQuality__20AptActionInterpreterP20AptActionInterpreterPQ220AptActionInterpreter13LocalContextT
0x80175c48	4	2	_FunctionAptActionStopSounds__20AptActionInterpreterP20AptActionInterpreterPQ220AptActionInterpreter13LocalContextT
0x80175c4c	476	2	_FunctionAptActionAdd__20AptActionInterpreterP20AptActionInterpreterPQ220AptActionInterpreter13LocalContextT
0x80175e28	476	2	_FunctionAptActionSubtract__20AptActionInterpreterP20AptActionInterpreterPQ220AptActionInterpreter13LocalContextT
0x80176004	460	2	_FunctionAptActionMultiply__20AptActionInterpreterP20AptActionInterpreterPQ220AptActionInterpreter13LocalContextT
0x801761d0	484	2	_FunctionAptActionDivide__20AptActionInterpreterP20AptActionInterpreterPQ220AptActionInterpreter13LocalContextT
0x801763b4	500	2	_FunctionAptActionEquals__20AptActionInterpreterP20AptActionInterpreterPQ220AptActionInterpreter13LocalContextT
0x801765a8	468	2	_FunctionAptActionLessThan__20AptActionInterpreterP20AptActionInterpreterPQ220AptActionInterpreter13LocalContextT
0x8017677c	508	2	_FunctionAptActionAnd__20AptActionInterpreterP20AptActionInterpreterPQ220AptActionInterpreter13LocalContextT
0x80176978	504	2	_FunctionAptActionOr__20AptActionInterpreterP20AptActionInterpreterPQ220AptActionInterpreter13LocalContextT
0x80176b70	440	2	_FunctionAptActionNot__20AptActionInterpreterP20AptActionInterpreterPQ220AptActionInterpreter13LocalContextT
0x80176d28	668	2	_FunctionAptActionStringEquals__20AptActionInterpreterP20AptActionInterpreterPQ220AptActionInterpreter13LocalContextT
0x80176fc4	4	2	_FunctionAptActionStringLength__20AptActionInterpreterP20AptActionInterpreterPQ220AptActionInterpreter13LocalContextT
0x80176fc8	828	2	_FunctionAptActionSubString__20AptActionInterpreterP20AptActionInterpreterPQ220AptActionInterpreter13LocalContextT
0x80177304	140	2	_FunctionAptActionPop__20AptActionInterpreterP20AptActionInterpreterPQ220AptActionInterpreter13LocalContextT
0x80177390	412	2	_FunctionAptActionToInteger__20AptActionInterpreterP20AptActionInterpreterPQ220AptActionInterpreter13LocalContextT
0x8017752c	320	2	_FunctionAptActionGetVariable__20AptActionInterpreterP20AptActionInterpreterPQ220AptActionInterpreter13LocalContextT
0x8017766c	308	2	_FunctionAptActionSetVariable__20AptActionInterpreterP20AptActionInterpreterPQ220AptActionInterpreter13LocalContextT
0x801777a0	328	2	_FunctionAptActionSetTarget2__20AptActionInterpreterP20AptActionInterpreterPQ220AptActionInterpreter13LocalContextT
0x801778e8	232	2	_FunctionAptActionStringAdd__20AptActionInterpreterP20AptActionInterpreterPQ220AptActionInterpreter13LocalContextT
0x801779d0	480	2	_FunctionAptActionGetProperty__20AptActionInterpreterP20AptActionInterpreterPQ220AptActionInterpreter13LocalContextT
0x80177bb0	276	2	_FunctionAptActionSetProperty__20AptActionInterpreterP20AptActionInterpreterPQ220AptActionInterpreter13LocalContextT
0x80177cc4	220	2	_FunctionAptActionCloneSprite__20AptActionInterpreterP20AptActionInterpreterPQ220AptActionInterpreter13LocalContextT
0x80177da0	224	2	_FunctionAptActionRemoveSprite__20AptActionInterpreterP20AptActionInterpreterPQ220AptActionInterpreter13LocalContextT
0x80177e80	344	2	_FunctionAptActionTrace__20AptActionInterpreterP20AptActionInterpreterPQ220AptActionInterpreter13LocalContextT
0x80177fd8	4	2	_FunctionAptActionStartDragMovie__20AptActionInterpreterP20AptActionInterpreterPQ220AptActionInterpreter13LocalContextT
0x80177fdc	4	2	_FunctionAptActionStopDragMovie__20AptActionInterpreterP20AptActionInterpreterPQ220AptActionInterpreter13LocalContextT
0x80177fe0	4	2	_FunctionAptActionStringLessThan__20AptActionInterpreterP20AptActionInterpreterPQ220AptActionInterpreter13LocalContextT
0x80177fe4	448	2	_FunctionAptActionRandom__20AptActionInterpreterP20AptActionInterpreterPQ220AptActionInterpreter13LocalContextT
0x801781a4	4	2	_FunctionAptActionMBLength__20AptActionInterpreterP20AptActionInterpreterPQ220AptActionInterpreter13LocalContextT
0x801781a8	4	2	_FunctionAptActionOrd__20AptActionInterpreterP20AptActionInterpreterPQ220AptActionInterpreter13LocalContextT
0x801781ac	588	2	_FunctionAptActionChr__20AptActionInterpreterP20AptActionInterpreterPQ220AptActionInterpreter13LocalContextT
0x801783f8	316	2	_FunctionAptActionGetTimer__20AptActionInterpreterP20AptActionInterpreterPQ220AptActionInterpreter13LocalContextT
0x80178534	4	2	_FunctionAptActionMBSubString__20AptActionInterpreterP20AptActionInterpreterPQ220AptActionInterpreter13LocalContextT
0x80178538	4	2	_FunctionAptActionMBOrd__20AptActionInterpreterP20AptActionInterpreterPQ220AptActionInterpreter13LocalContextT
0x8017853c	4	2	_FunctionAptActionMBChr__20AptActionInterpreterP20AptActionInterpreterPQ220AptActionInterpreter13LocalContextT
0x80178540	592	2	_FunctionAptActionDelete__20AptActionInterpreterP20AptActionInterpreterPQ220AptActionInterpreter13LocalContextT
0x80178790	524	2	_FunctionAptActionDelete2__20AptActionInterpreterP20AptActionInterpreterPQ220AptActionInterpreter13LocalContextT
0x8017899c	188	2	_FunctionAptActionDefineLocal__20AptActionInterpreterP20AptActionInterpreterPQ220AptActionInterpreter13LocalContextT
0x80178a58	480	2	_FunctionAptActionCallFunction__20AptActionInterpreterP20AptActionInterpreterPQ220AptActionInterpreter13LocalContextT
0x80178c38	12	2	_FunctionAptActionReturn__20AptActionInterpreterP20AptActionInterpreterPQ220AptActionInterpreter13LocalContextT
0x80178c44	492	2	_FunctionAptActionModulo__20AptActionInterpreterP20AptActionInterpreterPQ220AptActionInterpreter13LocalContextT
0x80178e30	448	2	_FunctionAptActionNewObject__20AptActionInterpreterP20AptActionInterpreterPQ220AptActionInterpreter13LocalContextT
0x80178ff0	212	2	_FunctionAptActionDefineLocal2__20AptActionInterpreterP20AptActionInterpreterPQ220AptActionInterpreter13LocalContextT
0x801790c4	476	2	_FunctionAptActionInitArray__20AptActionInterpreterP20AptActionInterpreterPQ220AptActionInterpreter13LocalContextT
0x801792a0	700	2	_FunctionAptActionInitObject__20AptActionInterpreterP20AptActionInterpreterPQ220AptActionInterpreter13LocalContextT
0x8017955c	836	2	_FunctionAptActionTypeOf__20AptActionInterpreterP20AptActionInterpreterPQ220AptActionInterpreter13LocalContextT
0x801798a0	804	2	_FunctionAptActionTargetPath__20AptActionInterpreterP20AptActionInterpreterPQ220AptActionInterpreter13LocalContextT
0x80179bc4	40	2	_FunctionAptActionEnumerate__20AptActionInterpreterP20AptActionInterpreterPQ220AptActionInterpreter13LocalContextT
0x80179bec	1196	2	_FunctionAptActionAdd2__20AptActionInterpreterP20AptActionInterpreterPQ220AptActionInterpreter13LocalContextT
0x8017a098	700	2	_FunctionAptActionLessThan2__20AptActionInterpreterP20AptActionInterpreterPQ220AptActionInterpreter13LocalContextT
0x8017a354	2160	2	_FunctionAptActionEquals2__20AptActionInterpreterP20AptActionInterpreterPQ220AptActionInterpreter13LocalContextT
0x8017abc4	824	2	_FunctionAptActionToNumber__20AptActionInterpreterP20AptActionInterpreterPQ220AptActionInterpreter13LocalContextT
0x8017aefc	500	2	_FunctionAptActionToString__20AptActionInterpreterP20AptActionInterpreterPQ220AptActionInterpreter13LocalContextT
0x8017b0f0	112	2	_FunctionAptActionPushDuplicate__20AptActionInterpreterP20AptActionInterpreterPQ220AptActionInterpreter13LocalContextT
0x8017b160	4	2	_FunctionAptActionStackSwap__20AptActionInterpreterP20AptActionInterpreterPQ220AptActionInterpreter13LocalContextT
0x8017b164	1372	2	_FunctionAptActionGetMember__20AptActionInterpreterP20AptActionInterpreterPQ220AptActionInterpreter13LocalContextT
0x8017b6c0	664	2	_FunctionAptActionSetMember__20AptActionInterpreterP20AptActionInterpreterPQ220AptActionInterpreter13LocalContextT
0x8017b958	668	2	_FunctionAptActionIncrement__20AptActionInterpreterP20AptActionInterpreterPQ220AptActionInterpreter13LocalContextT
0x8017bbf4	668	2	_FunctionAptActionDecrement__20AptActionInterpreterP20AptActionInterpreterPQ220AptActionInterpreter13LocalContextT
0x8017be90	2708	2	_FunctionAptActionCallMethod__20AptActionInterpreterP20AptActionInterpreterPQ220AptActionInterpreter13LocalContextT
0x8017c924	552	2	_FunctionAptActionNewMethod__20AptActionInterpreterP20AptActionInterpreterPQ220AptActionInterpreter13LocalContextT
0x8017cb4c	40	2	_FunctionAptActionEnumerate2__20AptActionInterpreterP20AptActionInterpreterPQ220AptActionInterpreter13LocalContextT
0x8017ec40	308	2	_FunctionAptActionPushThis__20AptActionInterpreterP20AptActionInterpreterPQ220AptActionInterpreter13LocalContextT
0x8017ed74	308	2	_FunctionAptActionPushGlobal__20AptActionInterpreterP20AptActionInterpreterPQ220AptActionInterpreter13LocalContextT
0x8017eea8	316	2	_FunctionAptActionPush0__20AptActionInterpreterP20AptActionInterpreterPQ220AptActionInterpreter13LocalContextT
0x8017efe4	316	2	_FunctionAptActionPush1__20AptActionInterpreterP20AptActionInterpreterPQ220AptActionInterpreter13LocalContextT
0x8017f470	144	2	_FunctionAptActionCallFuncAndPop__20AptActionInterpreterP20AptActionInterpreterPQ220AptActionInterpreter13LocalContextT
0x8017f500	92	2	_FunctionAptActionCallFuncSetVar__20AptActionInterpreterP20AptActionInterpreterPQ220AptActionInterpreter13LocalContextT
0x8017f55c	144	2	_FunctionAptActionCallMethodPop__20AptActionInterpreterP20AptActionInterpreterPQ220AptActionInterpreter13LocalContextT
0x8017f5ec	92	2	_FunctionAptActionCallMethodSetVar__20AptActionInterpreterP20AptActionInterpreterPQ220AptActionInterpreter13LocalContextT
0x8017cb74	460	2	_FunctionAptActionBitAnd__20AptActionInterpreterP20AptActionInterpreterPQ220AptActionInterpreter13LocalContextT
0x8017cd40	460	2	_FunctionAptActionBitOr__20AptActionInterpreterP20AptActionInterpreterPQ220AptActionInterpreter13LocalContextT
0x8017cf0c	460	2	_FunctionAptActionBitXor__20AptActionInterpreterP20AptActionInterpreterPQ220AptActionInterpreter13LocalContextT
0x8017d0d8	460	2	_FunctionAptActionBitLShift__20AptActionInterpreterP20AptActionInterpreterPQ220AptActionInterpreter13LocalContextT
0x8017d2a4	460	2	_FunctionAptActionBitRShift__20AptActionInterpreterP20AptActionInterpreterPQ220AptActionInterpreter13LocalContextT
0x8017d470	4	2	_FunctionAptActionBitURShift__20AptActionInterpreterP20AptActionInterpreterPQ220AptActionInterpreter13LocalContextT
0x8017d474	1088	2	_FunctionAptActionStrictEquals__20AptActionInterpreterP20AptActionInterpreterPQ220AptActionInterpreter13LocalContextT
0x8017d8b4	700	2	_FunctionAptActionGreater__20AptActionInterpreterP20AptActionInterpreterPQ220AptActionInterpreter13LocalContextT
0x8017f648	136	2	_FunctionAptActionPushThisVariable__20AptActionInterpreterP20AptActionInterpreterPQ220AptActionInterpreter13LocalContextT
0x8017f6d0	108	2	_FunctionAptActionPushGlobalVariable__20AptActionInterpreterP20AptActionInterpreterPQ220AptActionInterpreter13LocalContextT
0x8017f73c	332	2	_FunctionAptActionPushZeroSetVar__20AptActionInterpreterP20AptActionInterpreterPQ220AptActionInterpreter13LocalContextT
0x8017f120	316	2	_FunctionAptActionPushTrue__20AptActionInterpreterP20AptActionInterpreterPQ220AptActionInterpreter13LocalContextT
0x8017f25c	316	2	_FunctionAptActionPushFalse__20AptActionInterpreterP20AptActionInterpreterPQ220AptActionInterpreter13LocalContextT
0x8017f398	108	2	_FunctionAptActionPushNULL__20AptActionInterpreterP20AptActionInterpreterPQ220AptActionInterpreter13LocalContextT
0x8017f404	108	2	_FunctionAptActionPushUndefined__20AptActionInterpreterP20AptActionInterpreterPQ220AptActionInterpreter13LocalContextT
0x8017db70	124	2	_FunctionAptActionGotoFrame__20AptActionInterpreterP20AptActionInterpreterPQ220AptActionInterpreter13LocalContextT
0x8017dbec	416	2	_FunctionAptActionGetUrl__20AptActionInterpreterP20AptActionInterpreterPQ220AptActionInterpreter13LocalContextT
0x8017dd8c	176	2	_FunctionAptActionStoreRegister__20AptActionInterpreterP20AptActionInterpreterPQ220AptActionInterpreter13LocalContextT
0x8017de3c	40	2	_FunctionAptActionDefineDictionary__20AptActionInterpreterP20AptActionInterpreterPQ220AptActionInterpreter13LocalContextT
0x8017de64	4	2	_FunctionAptActionWaitForFrame__20AptActionInterpreterP20AptActionInterpreterPQ220AptActionInterpreter13LocalContextT
0x8017de68	232	2	_FunctionAptActionSetTarget__20AptActionInterpreterP20AptActionInterpreterPQ220AptActionInterpreter13LocalContextT
0x8017df50	4	2	_FunctionAptActionGotoLabel__20AptActionInterpreterP20AptActionInterpreterPQ220AptActionInterpreter13LocalContextT
0x8017df54	252	2	_FunctionAptActionWith__20AptActionInterpreterP20AptActionInterpreterPQ220AptActionInterpreter13LocalContextT
0x8017e050	344	2	_FunctionAptActionPush__20AptActionInterpreterP20AptActionInterpreterPQ220AptActionInterpreter13LocalContextT
0x8017ebe0	96	2	_FunctionAptActionBranchAlways__20AptActionInterpreterP20AptActionInterpreterPQ220AptActionInterpreter13LocalContextT
0x8017e1a8	1076	2	_FunctionAptActionGetUrl2__20AptActionInterpreterP20AptActionInterpreterPQ220AptActionInterpreter13LocalContextT
0x8017e5dc	392	2	_FunctionAptActionDefineFunction__20AptActionInterpreterP20AptActionInterpreterPQ220AptActionInterpreter13LocalContextT
0x8017e764	220	2	_FunctionAptActionBranchIfTrue__20AptActionInterpreterP20AptActionInterpreterPQ220AptActionInterpreter13LocalContextT
0x8017e840	368	2	_FunctionAptActionCallFrame__20AptActionInterpreterP20AptActionInterpreterPQ220AptActionInterpreter13LocalContextT
0x8017e9b0	560	2	_FunctionAptActionGotoFrame2__20AptActionInterpreterP20AptActionInterpreterPQ220AptActionInterpreter13LocalContextT
0x8017f888	376	2	_FunctionAptActionPushString__20AptActionInterpreterP20AptActionInterpreterPQ220AptActionInterpreter13LocalContextT
0x8017fa00	132	2	_FunctionAptActionPushStringDictByte__20AptActionInterpreterP20AptActionInterpreterPQ220AptActionInterpreter13LocalContextT
0x8017fa84	144	2	_FunctionAptActionPushStringDictWord__20AptActionInterpreterP20AptActionInterpreterPQ220AptActionInterpreter13LocalContextT
0x8017fb14	276	2	_FunctionAptActionPushStringGetVar__20AptActionInterpreterP20AptActionInterpreterPQ220AptActionInterpreter13LocalContextT
0x8017fc28	392	2	_FunctionAptActionPushStringGetMember__20AptActionInterpreterP20AptActionInterpreterPQ220AptActionInterpreter13LocalContextT
0x8017fdb0	392	2	_FunctionAptActionPushStringSetVar__20AptActionInterpreterP20AptActionInterpreterPQ220AptActionInterpreter13LocalContextT
0x8017ff38	392	2	_FunctionAptActionPushStringSetMember__20AptActionInterpreterP20AptActionInterpreterPQ220AptActionInterpreter13LocalContextT
0x801800c0	160	2	_FunctionAptActionStringDictByteGetVar__20AptActionInterpreterP20AptActionInterpreterPQ220AptActionInterpreter13LocalContextT
0x80180160	148	2	_FunctionAptActionStringDictByteGetMember__20AptActionInterpreterP20AptActionInterpreterPQ220AptActionInterpreter13LocalContextT
0x801801f4	248	2	_FunctionAptActionDictCallFuncPop__20AptActionInterpreterP20AptActionInterpreterPQ220AptActionInterpreter13LocalContextT
0x801802ec	192	2	_FunctionAptActionDictCallFuncSetVar__20AptActionInterpreterP20AptActionInterpreterPQ220AptActionInterpreter13LocalContextT
0x801803ac	248	2	_FunctionAptActionDictCallMethodPop__20AptActionInterpreterP20AptActionInterpreterPQ220AptActionInterpreter13LocalContextT
0x801804a4	192	2	_FunctionAptActionDictCallMethodSetVar__20AptActionInterpreterP20AptActionInterpreterPQ220AptActionInterpreter13LocalContextT
0x80180564	360	2	_FunctionAptActionPushFloat__20AptActionInterpreterP20AptActionInterpreterPQ220AptActionInterpreter13LocalContextT
0x801806cc	332	2	_FunctionAptActionPushByte__20AptActionInterpreterP20AptActionInterpreterPQ220AptActionInterpreter13LocalContextT
0x80180818	344	2	_FunctionAptActionPushWord__20AptActionInterpreterP20AptActionInterpreterPQ220AptActionInterpreter13LocalContextT
0x80180970	356	2	_FunctionAptActionPushDWord__20AptActionInterpreterP20AptActionInterpreterPQ220AptActionInterpreter13LocalContextT
0x80180ad4	220	2	_FunctionAptActionBranchIfFalse__20AptActionInterpreterP20AptActionInterpreterPQ220AptActionInterpreter13LocalContextT
0x80175744	64	2	_escape2Char__Fcc
0x80175a24	76	2	isFSCommand__20AptActionInterpreterPCc
0x80175a70	80	2	doFSCommand__20AptActionInterpreterPCcT1
0x802599c4	36	2	GetNumGCPointers__C13AptFrameStack
0x802599e8	36	2	GetGCPointer__C13AptFrameStacki
0x802599ac	8	2	IsGarbageCollected__C13AptFrameStack
0x802599b4	8	2	getNativeHashVirtual__13AptFrameStack
0x802599bc	8	2	ContainsNativeHashVirtual__C13AptFrameStack
0x80259a0c	120	2	_._13AptFrameStack
0x80259988	36	2	DestroyGCPointers__13AptFrameStack
0x80259910	120	2	_._12AptMovieClip
0x80259850	36	2	GetNumGCPointers__C12AptPrototype
0x80259874	36	2	GetGCPointer__C12AptPrototypei
0x80259848	8	2	IsGarbageCollected__C12AptPrototype
0x80259838	8	2	getNativeHashVirtual__12AptPrototype
0x80259840	8	2	ContainsNativeHashVirtual__C12AptPrototype
0x80259898	120	2	_._12AptPrototype
0x80259814	36	2	DestroyGCPointers__12AptPrototype
0x80259624	8	2	GetNumGCPointers__C9AptLookup
0x8025962c	8	2	GetGCPointer__C9AptLookupi
0x80259634	96	2	_._9AptLookup
0x802595b4	8	2	GetNumGCPointers__C11AptRegister
0x802595bc	8	2	GetGCPointer__C11AptRegisteri
0x802595c4	96	2	_._11AptRegister
0x802594b4	256	2	_._20AptActionInterpreter
0x801a8b14	1468	2	findChild__8AptValuePC9EAStringCP8AptValue
0x80186720	336	2	updateObjectMethods__26AptCharacterSpriteInstBasePC9EAStringCP6AptCIHi
0x8018dd10	408	2	updateObjectMethods__22AptCharacterButtonInstPC9EAStringCP6AptCIHi
0x803b2820	4	0	gpGlobalObjectPrototype
0x8018f1c0	124	2	getNativeHash__6AptCIH
0x80187a08	76	2	getBoundingRect__6AptCIHP7AptRect
0x80195384	720	2	placeObject__14AptDisplayListP6AptCIHiP12AptCharacterPC9EAStringCT1iiP9AptCXFormP9AptMatrixP17AptEventActionSetfP8AptValue
0x80194560	272	2	findInst__19AptDisplayListStateiPC9EAStringCPP6AptCIHT3
0x801828d4	288	2	_tickNewInsts__20AptAnimationPoolData
0x801a3440	124	2	__8AptSoundP6AptCIH
0x8022caf4	856	2	fmod
0x802c09f0	128	1	_vt.7AptDate
0x8018fc78	312	2	setDates__7AptDateP11AptSysClockT1i
0x802c0eb8	128	1	_vt.13AptTextFormat
0x801a9808	284	2	__15AptScriptColourP8AptValue
0x802c0b38	128	1	_vt.11AptLoadVars
0x801a285c	148	2	getFirstItem__13AptNativeHash
0x801a28f0	156	2	getNextItem__13AptNativeHashP11AptHashItem
0x801ac808	32	2	strtoul
0x8018dea8	612	2	jumpToFrame__6AptCIHi
0x80195954	100	2	removeClonedObject__14AptDisplayListP6AptCIH
0x801a2cc4	124	2	AptRand__Fv
0x801842d0	56	2	get__8AptArrayi
0x801a90d0	256	2	isMCInParentChain__C8AptValue
0x803b2824	4	0	gpGlobalMovieclipPrototype
0x801a9588	32	2	isLookup__C8AptValue
0x801a956c	4	2	c_lookup__C8AptValue
0x801a9608	32	2	isRegister__C8AptValue
0x801a9570	4	2	c_register__C8AptValue
0x801aabf0	328	2	__17AptScriptFunctionP24AptAction_DefineFunctionP13AptFrameStackP12AptCharacterP6AptCIH
0x801a2004	56	2	labelToFrame__8AptMoviePC9EAStringC
0x801a1ee0	148	2	runFrameActions__8AptMovieP6AptCIHi
0x803b1ac8	4	1	gpGlobalGlobalObject
0x80180ca8	1312	2	_fixup__21AptCharacterAnimationPvP12AptConstFileT1
0x801811c8	104	2	resolve__21AptCharacterAnimationPvP12AptConstFileT1
0x80181230	68	2	_unmapCharacter__21AptCharacterAnimationP12AptCharacter
0x80181274	72	2	_isImport__21AptCharacterAnimationi
0x801812bc	1764	2	unresolve__21AptCharacterAnimationPv
0x801819a0	152	2	__25AptCharacterAnimationInstGt12AptSharedPtr1Z7AptFile
0x802c0850	40	1	_vt.25AptCharacterAnimationInst
0x80181a38	132	2	_._25AptCharacterAnimationInst
0x80181abc	36	2	PreDestroy__25AptCharacterAnimationInst
0x80181ae0	720	2	link__21AptCharacterAnimationP12AptCharacterPv
0x80182ee8	224	2	clearActions__20AptAnimationPoolData
0x80259ab4	124	2	cleanParams__16AptIntervalTimer
0x80182d94	340	2	removeTimerFunctions__20AptAnimationPoolDataP6AptCIH
0x80182fc8	168	2	addActionBack__20AptAnimationPoolDataP14AptActionBlockP6AptCIHUi
0x80183070	168	2	addActionFront__20AptAnimationPoolDataP14AptActionBlockP6AptCIHUi
0x80183118	204	2	addFunctionBack__20AptAnimationPoolDataP6AptCIHP8AptValueiUi
0x801831e4	204	2	addFunctionFront__20AptAnimationPoolDataP6AptCIHP8AptValueiUi
0x801832b0	408	2	removeActionFor__20AptAnimationPoolDataP6AptCIH
0x801834c0	160	2	appendButtonToBIL__20AptAnimationPoolDataP6AptCIHP9AptMatrix
0x80183560	176	2	removeFromBIL__20AptAnimationPoolDataP6AptCIH
0x80183610	56	2	isInputMasked__20AptAnimationPoolDataP6AptCIH
0x80183648	352	2	doImportedInitActions__21AptCharacterAnimationP6AptCIH
0x801837a8	52	2	GetDequeSize__C20AptAnimationPoolData
0x801837dc	80	2	GetDequeLocation__C20AptAnimationPoolDatai
0x80259b30	64	2	DestroyGCPointers__16AptCharacterInst
0x801a1708	980	2	resolve__8AptMoviePUcP12AptConstFilePi
0x801a1adc	664	2	unresolve__8AptMoviePUcPi
0x80186870	232	2	__26AptCharacterSpriteInstBase
0x80186958	176	2	_._26AptCharacterSpriteInstBase
0x801963a0	128	2	clear__14AptDisplayList
0x801959dc	312	2	__14AptDisplayList
0x80195b14	128	2	_._14AptDisplayList
0x80196420	116	2	PreDestroy__14AptDisplayList
0x8018dc38	216	2	gotoState__6AptCIH29AptCharacterButtonRecordState
0x8018e728	536	2	tick__6AptCIH
0x80194670	40	2	getLength__19AptDisplayListState
0x80196d88	60	2	GetAsGCPointer__5AptGCP8AptValue
0x80194698	44	2	getValue__19AptDisplayListStatei
0x80183b24	264	2	in_word_set__17ArrayMembersIndexPCcUi
0x802c0878	128	1	_vt.8AptArray
0x80183c98	288	2	_._8AptArray
0x803b18d0	4	1	_8AptArray.psMethod_concat
0x803b18d4	4	1	_8AptArray.psMethod_join
0x803b18d8	4	1	_8AptArray.psMethod_pop
0x803b18dc	4	1	_8AptArray.psMethod_push
0x803b18e0	4	1	_8AptArray.psMethod_shift
0x803b18e4	4	1	_8AptArray.psMethod_unshift
0x803b18f8	4	1	_8AptArray.psMethod_reverse
0x803b18f0	4	1	_8AptArray.psMethod_sort
0x803b18fc	4	1	_8AptArray.psMethod_splice
0x803b1900	4	1	_8AptArray.psMethod_slice
0x803b18f4	4	1	_8AptArray.psMethod_sortOn
0x80183fb8	188	2	DestroyGCPointers__8AptArray
0x80184074	68	2	GetNumGCPointers__C8AptArray
0x801840b8	128	2	GetGCPointer__C8AptArrayi
0x80184138	204	2	_reserve__8AptArrayi
0x80184308	352	2	toString__8AptArrayR9EAStringCPCc
0x80184468	2324	2	objectMemberLookup__C8AptArrayP8AptValuePC9EAStringC
0x80184e3c	376	2	sMethod_concat__8AptArrayP8AptValuei
0x80184fb4	488	2	sMethod_join__8AptArrayP8AptValuei
0x8018519c	128	2	sMethod_pop__8AptArrayP8AptValuei
0x8018521c	360	2	sMethod_push__8AptArrayP8AptValuei
0x80185384	164	2	sMethod_shift__8AptArrayP8AptValuei
0x80185428	440	2	sMethod_unshift__8AptArrayP8AptValuei
0x80185ad4	160	2	sMethod_reverse__8AptArrayP8AptValuei
0x80185804	164	2	sMethod_sort__8AptArrayP8AptValuei
0x80185b74	576	2	sMethod_splice__8AptArrayP8AptValuei
0x80185db4	364	2	sMethod_slice__8AptArrayP8AptValuei
0x80185a00	212	2	sMethod_sortOn__8AptArrayP8AptValuei
0x80184dc8	116	2	objectMemberSet__8AptArrayP8AptValuePC9EAStringCT1
0x803b27f0	4	0	strFieldName
0x801ac67c	396	2	strtol
0x801ac828	4	2	qsort
0x80185ff4	296	2	in_word_set__16TextMembersIndexPCcUi
0x8018611c	144	2	render__12AptCharacterP19AptRenderingContext22AptMaskRenderOperationP9AptMatrix
0x801861ac	152	2	_getBoundingRect__12AptCharacterP19AptRenderingContextP7AptRectP9AptMatrix
0x80186244	496	2	GetNumGCPointers__C12AptCharacter
0x80186434	748	2	GetGCPointer__C12AptCharacteri
0x802c08f8	40	1	_vt.26AptCharacterSpriteInstBase
0x802c0920	40	1	_vt.16AptCharacterInst
0x80186a08	36	2	PreDestroy__26AptCharacterSpriteInstBase
0x80186a2c	696	2	SetText__20AptCharacterTextInstP6AptCIH
0x80186ce4	612	2	UpdateText__20AptCharacterTextInstP6AptCIH
0x803b1904	4	1	_6AptCIH.emptyAssetString
0x80186f48	596	2	ensureStringAllocated__6AptCIHP6AptCIH
0x80187e18	264	2	setProceduralProperty__6AptCIH21AptProceduralPropertyfb
0x8018719c	1708	2	render__6AptCIHP19AptRenderingContextPQ27AptMath15ClipTransform_t22AptMaskRenderOperation
0x80187848	448	2	_getBoundingRect__6AptCIHP19AptRenderingContextP7AptRect
0x80187a54	184	2	getGlobalBoundingRect__6AptCIHP7AptRect
0x80187b0c	172	2	getGlobalTranslation__6AptCIHPfT1
0x80187c1c	492	2	setupProceduralProperty__6AptCIH
0x80187e08	16	2	getProceduralProperty__6AptCIH21AptProceduralProperty
0x80187f20	244	2	_gotoAndX__16AptCharacterInstP8AptValueii
0x803b190c	4	1	_16AptCharacterInst.psMethod_gotoAndPlay
0x803b1908	4	1	_16AptCharacterInst.psMethod_gotoAndStop
0x803b1954	4	1	_16AptCharacterInst.psMethod_prevFrame
0x803b1950	4	1	_16AptCharacterInst.psMethod_nextFrame
0x803b1948	4	1	_16AptCharacterInst.psMethod_stop
0x803b194c	4	1	_16AptCharacterInst.psMethod_play
0x803b1944	4	1	_16AptCharacterInst.psMethod_loadVariables
0x803b1910	4	1	_16AptCharacterInst.psMethod_attachMovie
0x803b1914	4	1	_16AptCharacterInst.psMethod_loadMovie
0x803b1918	4	1	_16AptCharacterInst.psMethod_unloadMovie
0x803b191c	4	1	_16AptCharacterInst.psMethod_duplicateMovieClip
0x803b1920	4	1	_16AptCharacterInst.psMethod_removeMovieClip
0x803b1928	4	1	_16AptCharacterInst.psMethod_createTextField
0x803b1924	4	1	_16AptCharacterInst.psMethod_removeTextField
0x803b192c	4	1	_16AptCharacterInst.psMethod_getDepth
0x803b1938	4	1	_16AptCharacterInst.psMethod_getBounds
0x803b193c	4	1	_16AptCharacterInst.psMethod_hitTest
0x803b1940	4	1	_16AptCharacterInst.psMethod_createEmptyMovieClip
0x803b1964	4	1	_16AptCharacterInst.psMethod_getNewTextFormat
0x803b1960	4	1	_16AptCharacterInst.psMethod_setTextFormat
0x803b1958	4	1	_16AptCharacterInst.psMethod_getBytesTotal
0x803b195c	4	1	_16AptCharacterInst.psMethod_getBytesLoaded
0x803b1930	4	1	_16AptCharacterInst.psMethod_swapDepths
0x803b1934	4	1	_16AptCharacterInst.psMethod_setMask
0x80188450	36	2	sMethod_gotoAndStop__16AptCharacterInstP8AptValuei
0x80188474	36	2	sMethod_gotoAndPlay__16AptCharacterInstP8AptValuei
0x80188498	656	2	sMethod_attachMovie__16AptCharacterInstP8AptValuei
0x80188728	480	2	sMethod_loadMovie__16AptCharacterInstP8AptValuei
0x80188908	52	2	sMethod_unloadMovie__16AptCharacterInstP8AptValuei
0x8018893c	160	2	sMethod_duplicateMovieClip__16AptCharacterInstP8AptValuei
0x801889dc	128	2	sMethod_removeMovieClip__16AptCharacterInstP8AptValuei
0x80188a5c	128	2	sMethod_removeTextField__16AptCharacterInstP8AptValuei
0x80188adc	936	2	sMethod_createTextField__16AptCharacterInstP8AptValuei
0x80188e84	296	2	sMethod_getDepth__16AptCharacterInstP8AptValuei
0x80188fac	660	2	sMethod_swapDepths__16AptCharacterInstP8AptValuei
0x80189240	216	2	sMethod_setMask__16AptCharacterInstP8AptValuei
0x80189318	1188	2	sMethod_getBounds__16AptCharacterInstP8AptValuei
0x801897bc	940	2	sMethod_hitTest__16AptCharacterInstP8AptValuei
0x80189b68	436	2	sMethod_createEmptyMovieClip__16AptCharacterInstP8AptValuei
0x80189d1c	180	2	sMethod_loadVariables__16AptCharacterInstP8AptValuei
0x80189dd0	160	2	sMethod_stop__16AptCharacterInstP8AptValuei
0x80189e70	160	2	sMethod_play__16AptCharacterInstP8AptValuei
0x80189f10	76	2	sMethod_nextFrame__16AptCharacterInstP8AptValuei
0x80189f5c	76	2	sMethod_prevFrame__16AptCharacterInstP8AptValuei
0x80189fa8	548	2	sMethod_getBytesTotal__16AptCharacterInstP8AptValuei
0x8018a1cc	548	2	sMethod_getBytesLoaded__16AptCharacterInstP8AptValuei
0x8018a3f0	2876	2	objectMemberSet__16AptCharacterInstP8AptValuePC9EAStringCT1
0x8018af2c	9112	2	objectMemberLookup__16AptCharacterInstP8AptValuePC9EAStringC
0x8018d8b8	860	2	sMethod_getNewTextFormat__16AptCharacterInstP8AptValuei
0x8018d700	440	2	sMethod_setTextFormat__16AptCharacterInstP8AptValuei
0x802aa530	48	1	_aClipEvents1
0x8018d2c4	1084	2	associateInstToClass__6AptCIH
0x80259b70	72	2	copyTextFormatObj__10TextFormatPC10TextFormat
0x80259bb8	4	2	PreDestroy__16AptCharacterInst
0x80259bbc	120	2	_._16AptCharacterInst
0x801a2ff8	80	2	pushVertexMatrix__19AptRenderingContext
0x801a31c4	72	2	appendVertexMatrix__19AptRenderingContextP9AptMatrix
0x801a3048	128	2	popVertexMatrix__19AptRenderingContext
0x801a320c	300	2	expandBoundingRect__19AptRenderingContextP7AptRectT1
0x801a39e0	328	2	in_word_set__18SpriteMembersIndexPCcUi
0x801a886c	680	2	urlEncodeCustomRender__8AptValue
0x801a2f78	128	2	getVertexMatrix__19AptRenderingContextP9AptMatrix
0x8034a188	24	0	gIdentityMatrix
0x801a2ddc	120	2	pushColourTransform__19AptRenderingContext
0x801a2ec8	176	2	appendColourTransform__19AptRenderingContextP9AptCXForm
0x801a2e54	116	2	popColourTransform__19AptRenderingContext
0x80196218	168	2	_getBoundingRect__14AptDisplayListP19AptRenderingContextP7AptRect
0x801a30c8	252	2	multMatrix__19AptRenderingContextP9AptMatrixN21
0x8022e1b0	544	2	atan2f
0x8022f504	220	2	cosf
0x8022f6cc	220	2	sinf
0x8019586c	160	2	removeObject__14AptDisplayListP6AptCIH
0x80194898	64	2	remove__19AptDisplayListStateP6AptCIH
0x803b27f8	4	0	gpCBsetInterval
0x803b27fc	4	0	gpCBclearInterval
0x803b2800	4	0	gpCBisNaN
0x803b2804	4	0	gpCBunescape
0x803b2808	4	0	gpCBescape
0x803b280c	4	0	gpCBboolean
0x803b2830	4	0	gpObjRegistrationHash
0x8018dc14	36	2	PreDestroy__22AptCharacterButtonInst
0x802c0948	40	1	_vt.22AptCharacterButtonInst
0x80259c34	148	2	_._22AptCharacterButtonInst
0x802aa560	96	1	_aClipEvents
0x8018e10c	1564	2	queueClipEvents__6AptCIHiUii
0x8018e940	160	2	doInitActions__6AptCIH
0x801a1d74	364	2	doFrameControls__8AptMovieP14AptDisplayListP6AptCIHi
0x80196494	8	2	getState__14AptDisplayList
0x8019649c	8	2	useState__14AptDisplayListP19AptDisplayListState
0x801964a4	1956	2	mergeState__14AptDisplayListP19AptDisplayListStateP7AptHashT2
0x801a1f74	144	2	queueFrameActions__8AptMovieP6AptCIHi
0x8018e9e0	212	2	_._6AptCIH
0x8018ec1c	1084	2	ClearCIH__6AptCIHb
0x8018eab4	176	2	Remove__6AptCIH
0x8018eb64	64	2	PreDestroy__6AptCIH
0x8018eba4	120	2	DestroyGCPointers__6AptCIH
0x8018f058	200	2	GetNumGCPointers__C6AptCIH
0x8018f120	160	2	GetGCPointer__C6AptCIHi
0x8018f23c	32	2	getNativeHashVirtual__6AptCIH
0x8018f25c	48	2	ContainsNativeHashVirtual__C6AptCIH
0x8018f28c	40	2	objectMemberLookup__C6AptCIHP8AptValuePC9EAStringC
0x8018f2b4	44	2	objectMemberSet__6AptCIHP8AptValuePC9EAStringCT1
0x8018f2e0	28	2	AddRef__6AptCIH
0x8018f2fc	92	2	Release__6AptCIH
0x8018f358	8	2	IsGarbageCollected__C6AptCIH
0x8019acdc	368	2	CancelLoad__9AptLinkerP6AptCIH
0x8018f360	416	2	in_word_set__16DateMembersIndexPCcUi
0x803b1968	4	1	_7AptDate.psMethod_getDate
0x803b196c	4	1	_7AptDate.psMethod_getDay
0x803b1970	4	1	_7AptDate.psMethod_getFullYear
0x803b1974	4	1	_7AptDate.psMethod_getHours
0x803b1978	4	1	_7AptDate.psMethod_getMilliseconds
0x803b197c	4	1	_7AptDate.psMethod_getMinutes
0x803b1980	4	1	_7AptDate.psMethod_getMonth
0x803b1984	4	1	_7AptDate.psMethod_getSeconds
0x803b1988	4	1	_7AptDate.psMethod_getTime
0x803b198c	4	1	_7AptDate.psMethod_getTimezoneOffset
0x803b1990	4	1	_7AptDate.psMethod_getUTCDate
0x803b1994	4	1	_7AptDate.psMethod_getUTCDay
0x803b1998	4	1	_7AptDate.psMethod_getUTCFullYear
0x803b199c	4	1	_7AptDate.psMethod_getUTCHours
0x803b19a0	4	1	_7AptDate.psMethod_getUTCMilliseconds
0x803b19a4	4	1	_7AptDate.psMethod_getUTCMinutes
0x803b19a8	4	1	_7AptDate.psMethod_getUTCMonth
0x803b19ac	4	1	_7AptDate.psMethod_getUTCSeconds
0x803b19b0	4	1	_7AptDate.psMethod_getYear
0x803b19b4	4	1	_7AptDate.psMethod_setDate
0x803b19b8	4	1	_7AptDate.psMethod_setFullYear
0x803b19bc	4	1	_7AptDate.psMethod_setHours
0x803b19c0	4	1	_7AptDate.psMethod_setMilliseconds
0x803b19c4	4	1	_7AptDate.psMethod_setMinutes
0x803b19c8	4	1	_7AptDate.psMethod_setMonth
0x803b19cc	4	1	_7AptDate.psMethod_setSeconds
0x803b19d0	4	1	_7AptDate.psMethod_setTime
0x803b19d4	4	1	_7AptDate.psMethod_setUTCDate
0x803b19d8	4	1	_7AptDate.psMethod_setUTCFullYear
0x803b19dc	4	1	_7AptDate.psMethod_setUTCHours
0x803b19e0	4	1	_7AptDate.psMethod_setUTCMilliseconds
0x803b19e4	4	1	_7AptDate.psMethod_setUTCMinutes
0x803b19e8	4	1	_7AptDate.psMethod_setUTCMonth
0x803b19ec	4	1	_7AptDate.psMethod_setUTCSeconds
0x803b19f0	4	1	_7AptDate.psMethod_setYear
0x803b19f4	4	1	_7AptDate.psMethod_toString
0x803b19f8	4	1	_7AptDate.psMethod_UTC
0x8018fb78	84	2	dateIsYearLeap__7AptDatei
0x8018fbcc	172	2	dateGetNumDaysInMonth__7AptDateii
0x8018fdb0	684	2	getDayOfWeek__7AptDateiii
0x8019005c	728	2	toString__7AptDateR9EAStringC
0x80190334	248	2	sMethod_getDate__7AptDateP8AptValuei
0x8019042c	260	2	sMethod_getDay__7AptDateP8AptValuei
0x80190530	248	2	sMethod_getFullYear__7AptDateP8AptValuei
0x80190628	248	2	sMethod_getHours__7AptDateP8AptValuei
0x80190720	248	2	sMethod_getMilliseconds__7AptDateP8AptValuei
0x80190818	248	2	sMethod_getMinutes__7AptDateP8AptValuei
0x80190910	248	2	sMethod_getMonth__7AptDateP8AptValuei
0x80190a08	248	2	sMethod_getSeconds__7AptDateP8AptValuei
0x80190b00	248	2	sMethod_getTime__7AptDateP8AptValuei
0x80190bf8	260	2	sMethod_getTimezoneOffset__7AptDateP8AptValuei
0x80190cfc	248	2	sMethod_getUTCDate__7AptDateP8AptValuei
0x80190df4	260	2	sMethod_getUTCDay__7AptDateP8AptValuei
0x80190ef8	248	2	sMethod_getUTCFullYear__7AptDateP8AptValuei
0x80190ff0	248	2	sMethod_getUTCHours__7AptDateP8AptValuei
0x801910e8	248	2	sMethod_getUTCMilliseconds__7AptDateP8AptValuei
0x801911e0	248	2	sMethod_getUTCMinutes__7AptDateP8AptValuei
0x801912d8	248	2	sMethod_getUTCMonth__7AptDateP8AptValuei
0x801913d0	248	2	sMethod_getUTCSeconds__7AptDateP8AptValuei
0x801914c8	248	2	sMethod_getYear__7AptDateP8AptValuei
0x801915c0	324	2	sMethod_setDate__7AptDateP8AptValuei
0x80191704	404	2	sMethod_setFullYear__7AptDateP8AptValuei
0x80191898	324	2	sMethod_setHours__7AptDateP8AptValuei
0x801919dc	324	2	sMethod_setMilliseconds__7AptDateP8AptValuei
0x80191b20	324	2	sMethod_setMinutes__7AptDateP8AptValuei
0x80191c64	324	2	sMethod_setMonth__7AptDateP8AptValuei
0x80191da8	324	2	sMethod_setSeconds__7AptDateP8AptValuei
0x80191eec	248	2	sMethod_setTime__7AptDateP8AptValuei
0x80191fe4	328	2	sMethod_setUTCDate__7AptDateP8AptValuei
0x8019212c	408	2	sMethod_setUTCFullYear__7AptDateP8AptValuei
0x801922c4	328	2	sMethod_setUTCHours__7AptDateP8AptValuei
0x8019240c	328	2	sMethod_setUTCMilliseconds__7AptDateP8AptValuei
0x80192554	328	2	sMethod_setUTCMinutes__7AptDateP8AptValuei
0x8019269c	328	2	sMethod_setUTCMonth__7AptDateP8AptValuei
0x801927e4	328	2	sMethod_setUTCSeconds__7AptDateP8AptValuei
0x8019292c	324	2	sMethod_setYear__7AptDateP8AptValuei
0x80192a70	300	2	sMethod_toString__7AptDateP8AptValuei
0x80192b9c	8	2	sMethod_UTC__7AptDateP8AptValuei
0x80192ba4	6468	2	objectMemberLookup__C7AptDateP8AptValuePC9EAStringC
0x801944e8	120	2	_._7AptDate
0x801946c4	104	2	insert__19AptDisplayListStateP6AptCIHT1
0x8019472c	280	2	insert__19AptDisplayListStatei31AptVirtualFunctionTable_IndicesP16AptCharacterInst
0x801948d8	1668	2	instantiateCharacter__14AptDisplayListiP12AptCharacterPC9EAStringCP6AptCIHiiPP6AptCIHPi
0x802c0a98	40	1	_vt.22AptCharacterSpriteInst
0x802c0a70	40	1	_vt.20AptCharacterTextInst
0x802c0ae8	40	1	_vt.26AptCharacterStaticTextInst
0x802c0b10	40	1	_vt.21AptCharacterShapeInst
0x802c0ac0	40	1	_vt.21AptCharacterMorphInst
0x80194f5c	320	2	_convertToCXForm__FP9AptCXFormP10AptnCXForm
0x8019509c	236	2	placeObjectNCXForm__14AptDisplayListP6AptCIHiP12AptCharacterPC9EAStringCT1iiP10AptnCXFormP9AptMatrixP17AptEventActionSetf
0x80195188	508	2	_addToSetCaches__14AptDisplayListP6AptCIHi
0x80195654	536	2	placeObject__14AptDisplayListP22AptControlPlaceObject2P6AptCIH
0x8019590c	72	2	removeObject__14AptDisplayListi
0x801959b8	36	2	removeObject__14AptDisplayListP23AptControlRemoveObject2
0x80259cc8	44	2	__dl__19AptDisplayListStatePvUi
0x80259cf4	84	2	_._7AptHash
0x80259f34	368	2	_._20AptCharacterTextInst
0x80259ee0	84	2	_._22AptCharacterSpriteInst
0x80259e58	136	2	_._21AptCharacterMorphInst
0x80259dd0	136	2	_._26AptCharacterStaticTextInst
0x80259d48	136	2	_._21AptCharacterShapeInst
0x8025a0a4	44	2	__dl__20AptCharacterTextInstPvUi
0x801a2424	396	2	Unset__13AptNativeHashPC9EAStringC
0x803b19fc	4	1	_5AptGC.sFirstAptValue
0x803b1a00	4	1	_5AptGC.sNextTraceObject
0x8039bcf4	192	1	_5AptGC.sTraceObjects
0x80196f78	8	2	GetGCLinkedList__5AptGCP8AptValue
0x80196d44	68	2	IsValueGarbageCollected__5AptGCPC8AptValue
0x80196f80	8	2	GetNextGCAptValue__5AptGCP8AptValue
0x80196f88	156	2	RecursiveMark__5AptGCP8AptValue
0x80197024	132	2	RecursiveMark__5AptGCPQ25AptGC21RegisteredTraceObject
0x8019755c	96	2	_ActionConditionFlagToActionEventFlags__Fi
0x801975bc	428	2	_doButtonActions__20AptAnimationPoolDataP6AptCIHi
0x801979ac	408	2	_isPointInButtonHitTestRegion__20AptAnimationPoolDataP18AptCharacterButtonP9AptMatrixii
0x80197b44	584	2	_getButton__20AptAnimationPoolDataii
0x80197d8c	640	2	_processMouseInput__20AptAnimationPoolDataUi
0x8019800c	180	2	_pointHits__20AptAnimationPoolDataP6AptCIHUi
0x801980c0	632	2	_processKeyboardInput__20AptAnimationPoolData12AptInputType13AptInputStateUi
0x80198338	236	2	_processAnalogInput__20AptAnimationPoolData12AptInputTypeUi
0x801985ac	292	2	_addListenerToQueue__20AptAnimationPoolDataP8AptValueiUi
0x80198424	196	2	_processMouseListenerEvents__20AptAnimationPoolData12AptInputType13AptInputStateUi
0x801984e8	196	2	_processListenerEvents__20AptAnimationPoolData12AptInputType13AptInputStateUi
0x801986d0	1208	2	_handleFocusButton__20AptAnimationPoolData12AptInputType13AptInputStatePP6AptCIHPb
0x80198b88	652	2	_handleAutoNav__20AptAnimationPoolDataP6AptCIH12AptInputType13AptInputState
0x80198e14	228	2	_processInput__20AptAnimationPoolDataUi
0x80198f60	216	2	findFile__9AptLoaderRC9EAStringC
0x80199038	272	2	Invalidate__9AptLoaderP7AptFile
0x80199148	104	2	notify__9AptLoaderGt12AptSharedPtr1Z7AptFile
0x8019af84	1464	2	GlobalNotificationFunction__FGt12AptSharedPtr1Z7AptFile
0x801993b0	288	2	AllImportsAvailable__9AptLoaderGt12AptSharedPtr1Z7AptFile
0x801994d0	388	2	Update__9AptLoader
0x8019aef8	20	2	AptSharedPtrIncRef__FP15AptLinkerThingy
0x8019a098	1656	2	Notify__9AptLinkerGt12AptSharedPtr1Z7AptFile
0x8025a0fc	1452	2	Insert__H1ZPCt12AptSharedPtr1Z7AptFile_Q32EA6Stringt11BasicString2Zt22StringAsVectorEncoding1Zt12AptSharedPtr1Z7AptFileZ20StringAsVectorPolicyRCX00T1RCPt12AptSharedPtr1Z7AptFile_v
0x8025a0d0	44	2	__dl__7AptFilePvUi
0x8019b53c	260	2	ClipStackMakeUnit__7AptMath
0x803b2f50	4	1	_7AptMath.m_pStackBase
0x803b2f54	4	1	_7AptMath.m_pStackEnd
0x8019b6e4	356	2	in_word_set__15KeyMembersIndexPCcUi
0x8019b848	416	2	in_word_set__16MathMembersIndexPCcUi
0x8019b9e8	264	2	in_word_set__20LoadVarsMembersIndexPCcUi
0x803b1a04	4	1	_10AptMathObj.psMethod_sin
0x803b1a08	4	1	_10AptMathObj.psMethod_cos
0x803b1a0c	4	1	_10AptMathObj.psMethod_atan2
0x803b1a10	4	1	_10AptMathObj.psMethod_round
0x803b1a14	4	1	_10AptMathObj.psMethod_min
0x803b1a18	4	1	_10AptMathObj.psMethod_max
0x803b1a1c	4	1	_10AptMathObj.psMethod_abs
0x803b1a20	4	1	_10AptMathObj.psMethod_acos
0x803b1a24	4	1	_10AptMathObj.psMethod_asin
0x803b1a28	4	1	_10AptMathObj.psMethod_atan
0x803b1a2c	4	1	_10AptMathObj.psMethod_ceil
0x803b1a30	4	1	_10AptMathObj.psMethod_exp
0x803b1a34	4	1	_10AptMathObj.psMethod_floor
0x803b1a38	4	1	_10AptMathObj.psMethod_log
0x803b1a3c	4	1	_10AptMathObj.psMethod_pow
0x803b1a40	4	1	_10AptMathObj.psMethod_random
0x803b1a44	4	1	_10AptMathObj.psMethod_sqrt
0x803b1a48	4	1	_10AptMathObj.psMethod_tan
0x8019be24	3192	2	objectMemberLookup__C10AptMathObjP8AptValuePC9EAStringC
0x8019ca9c	304	2	sMethod_sin__10AptMathObjP8AptValuei
0x8019cbcc	304	2	sMethod_cos__10AptMathObjP8AptValuei
0x8019ccfc	340	2	sMethod_atan2__10AptMathObjP8AptValuei
0x8019ce50	348	2	sMethod_round__10AptMathObjP8AptValuei
0x8019cfac	360	2	sMethod_min__10AptMathObjP8AptValuei
0x8019d114	360	2	sMethod_max__10AptMathObjP8AptValuei
0x8019d27c	304	2	sMethod_abs__10AptMathObjP8AptValuei
0x8019d3ac	304	2	sMethod_acos__10AptMathObjP8AptValuei
0x8019d4dc	304	2	sMethod_asin__10AptMathObjP8AptValuei
0x8019d60c	304	2	sMethod_atan__10AptMathObjP8AptValuei
0x8019d73c	304	2	sMethod_ceil__10AptMathObjP8AptValuei
0x8019d86c	304	2	sMethod_exp__10AptMathObjP8AptValuei
0x8019d99c	304	2	sMethod_floor__10AptMathObjP8AptValuei
0x8019dacc	304	2	sMethod_log__10AptMathObjP8AptValuei
0x8019dbfc	340	2	sMethod_pow__10AptMathObjP8AptValuei
0x8019dd50	300	2	sMethod_random__10AptMathObjP8AptValuei
0x8019de7c	304	2	sMethod_sqrt__10AptMathObjP8AptValuei
0x8019dfac	304	2	sMethod_tan__10AptMathObjP8AptValuei
0x803b1a4c	4	1	_6AptKey.psMethod_getCode
0x803b1a54	4	1	_6AptKey.psMethod_getController
0x803b1a58	4	1	_6AptKey.psMethod_addListener
0x803b1a5c	4	1	_6AptKey.psMethod_removeListener
0x803b1a60	4	1	_6AptKey.psMethod_getAnalogStickInfo
0x803b1a50	4	1	_6AptKey.psMethod_getAscii
0x8019e200	1800	2	objectMemberLookup__C6AptKeyP8AptValuePC9EAStringC
0x8019e908	324	2	sMethod_getCode__6AptKeyP8AptValuei
0x8019eb98	256	2	sMethod_getController__6AptKeyP8AptValuei
0x8019ec98	260	2	sMethod_addListener__6AptKeyP8AptValuei
0x8019ed9c	596	2	sMethod_removeListener__6AptKeyP8AptValuei
0x8019eff0	1568	2	sMethod_getAnalogStickInfo__6AptKeyP8AptValuei
0x8019ea4c	332	2	sMethod_getAscii__6AptKeyP8AptValuei
0x803b1a64	4	1	_8AptMouse.psMethod_addListener
0x803b1a68	4	1	_8AptMouse.psMethod_removeListener
0x8019f684	428	2	objectMemberLookup__C8AptMouseP8AptValuePC9EAStringC
0x8019f830	260	2	sMethod_addListener__8AptMouseP8AptValuei
0x8019f934	596	2	sMethod_removeListener__8AptMouseP8AptValuei
0x8019fbc8	1552	2	objectMemberLookup__C11AptLoadVarsP8AptValuePC9EAStringC
0x803b1a6c	4	1	_11AptLoadVars.psMethod_load
0x801a0374	1024	2	sMethod_load__11AptLoadVarsP8AptValuei
0x803b1a70	4	1	_11AptLoadVars.psMethod_send
0x801a0774	900	2	sMethod_send__11AptLoadVarsP8AptValuei
0x803b1a74	4	1	_11AptLoadVars.psMethod_sendAndLoad
0x801a0af8	1156	2	sMethod_sendAndLoad__11AptLoadVarsP8AptValuei
0x803b1a78	4	1	_11AptLoadVars.psMethod_getBytesTotal
0x801a0f7c	312	2	sMethod_getBytesTotal__11AptLoadVarsP8AptValuei
0x803b1a7c	4	1	_11AptLoadVars.psMethod_getBytesLoaded
0x801a10b4	312	2	sMethod_getBytesLoaded__11AptLoadVarsP8AptValuei
0x803b1a80	4	1	_11AptLoadVars.psMethod_toString
0x801a11ec	276	2	sMethod_toString__11AptLoadVarsP8AptValuei
0x801a01d8	120	2	_._11AptLoadVars
0x802c0bb8	128	1	_vt.8AptMouse
0x801a1604	4	2	AddRef__8AptMouse
0x801a1608	4	2	Release__8AptMouse
0x801a1648	36	2	GetNumGCPointers__C8AptMouse
0x801a166c	36	2	GetGCPointer__C8AptMousei
0x801a1640	8	2	IsGarbageCollected__C8AptMouse
0x801a1630	8	2	getNativeHashVirtual__8AptMouse
0x801a1638	8	2	ContainsNativeHashVirtual__C8AptMouse
0x801a1690	120	2	_._8AptMouse
0x801a160c	36	2	DestroyGCPointers__8AptMouse
0x802c0c38	128	1	_vt.6AptKey
0x801a1500	4	2	AddRef__6AptKey
0x801a1504	4	2	Release__6AptKey
0x801a1544	36	2	GetNumGCPointers__C6AptKey
0x801a1568	36	2	GetGCPointer__C6AptKeyi
0x801a153c	8	2	IsGarbageCollected__C6AptKey
0x801a152c	8	2	getNativeHashVirtual__6AptKey
0x801a1534	8	2	ContainsNativeHashVirtual__C6AptKey
0x801a158c	120	2	_._6AptKey
0x801a1508	36	2	DestroyGCPointers__6AptKey
0x802c0cb8	128	1	_vt.10AptMathObj
0x801a13fc	4	2	AddRef__10AptMathObj
0x801a1400	4	2	Release__10AptMathObj
0x801a1440	36	2	GetNumGCPointers__C10AptMathObj
0x801a1464	36	2	GetGCPointer__C10AptMathObji
0x801a1438	8	2	IsGarbageCollected__C10AptMathObj
0x801a1428	8	2	getNativeHashVirtual__10AptMathObj
0x801a1430	8	2	ContainsNativeHashVirtual__C10AptMathObj
0x801a1488	120	2	_._10AptMathObj
0x801a1404	36	2	DestroyGCPointers__10AptMathObj
0x801a1384	120	2	_._9AptObject
0x8022df84	556	2	asinf
0x8022f230	528	2	atanf
0x8022e7c4	640	2	logf
0x8022f7a8	128	2	tanf
0x803b2834	4	0	gpObjRegistrationFunc
0x801a8660	524	2	urlEncode__8AptValue
0x801a283c	32	2	ClearAll__13AptNativeHash
0x8025a6a8	16	2	IsEmpty__C13AptNativeHash
0x8025a6b8	88	2	FirstAllocation__13AptNativeHash
0x8025a710	1468	2	HashSet__13AptNativeHashPC9EAStringCP8AptValue
0x8025accc	616	2	HashFindKey__C13AptNativeHashPC9EAStringC
0x801a2690	428	2	ClearData__13AptNativeHash
0x801a298c	264	2	Expand__13AptNativeHash
0x801a2d80	92	2	__19AptRenderingContext
0x801a3338	264	2	in_word_set__17SoundMembersIndexPCcUi
0x802c0db8	128	1	_vt.8AptSound
0x803b1a88	4	1	_8AptSound.psMethod_attachSound
0x803b1a90	4	1	_8AptSound.psMethod_stop
0x803b1a8c	4	1	_8AptSound.psMethod_start
0x801a355c	316	2	sMethod_attachSound__8AptSoundP8AptValuei
0x801a3698	100	2	sMethod_start__8AptSoundP8AptValuei
0x801a36fc	8	2	sMethod_stop__8AptSoundP8AptValuei
0x801a3704	612	2	objectMemberLookup__C8AptSoundP8AptValuePC9EAStringC
0x801a3968	120	2	_._8AptSound
0x801a3b28	416	2	in_word_set__18StringMembersIndexPCcUi
0x802c0e38	128	1	_vt.9AptString
0x801a3d78	144	2	_._9AptString
0x801a3e08	84	2	DeleteThis__9AptString
0x8025af34	108	2	Clear__9EAStringC
0x801a3e5c	84	2	ForceDelete__9AptString
0x803b1a94	4	1	_9AptString.psMethod_charAt
0x803b1a98	4	1	_9AptString.psMethod_charCodeAt
0x803b1a9c	4	1	_9AptString.psMethod_concat
0x803b1aa0	4	1	_9AptString.psMethod_fromCharCode
0x803b1aa4	4	1	_9AptString.psMethod_indexOf
0x803b1aa8	4	1	_9AptString.psMethod_lastIndexOf
0x803b1aac	4	1	_9AptString.psMethod_slice
0x803b1ab0	4	1	_9AptString.psMethod_split
0x803b1ab4	4	1	_9AptString.psMethod_substr
0x803b1ab8	4	1	_9AptString.psMethod_substring
0x803b1abc	4	1	_9AptString.psMethod_toLowerCase
0x803b1ac0	4	1	_9AptString.psMethod_toUpperCase
0x801a40dc	340	2	sMethod_charAt__9AptStringP8AptValuei
0x801a4230	464	2	sMethod_charCodeAt__9AptStringP8AptValuei
0x801a4400	464	2	sMethod_concat__9AptStringP8AptValuei
0x801a45d0	396	2	sMethod_fromCharCode__9AptStringP8AptValuei
0x801a475c	508	2	sMethod_indexOf__9AptStringP8AptValuei
0x801a4958	8	2	sMethod_lastIndexOf__9AptStringP8AptValuei
0x801a4960	732	2	sMethod_slice__9AptStringP8AptValuei
0x801a4c3c	1404	2	sMethod_split__9AptStringP8AptValuei
0x801a51b8	548	2	sMethod_substr__9AptStringP8AptValuei
0x801a53dc	592	2	sMethod_substring__9AptStringP8AptValuei
0x801a562c	328	2	sMethod_toLowerCase__9AptStringP8AptValuei
0x801a5774	328	2	sMethod_toUpperCase__9AptStringP8AptValuei
0x801a58bc	2480	2	objectMemberLookup__C9AptStringP8AptValuePC9EAStringC
0x801a626c	8	2	GetNumGCPointers__C9AptString
0x801a6274	8	2	GetGCPointer__C9AptStringi
0x801a634c	296	2	in_word_set__22TextFormatMembersIndexPCcUi
0x801a6474	1024	2	objectMemberLookup__C13AptTextFormatP8AptValuePC9EAStringC
0x801a6874	492	2	objectMemberSet__13AptTextFormatP8AptValuePC9EAStringCT1
0x801a6a60	148	2	_._13AptTextFormat
0x801a6af4	448	2	in_word_set__11ObjectIndexPCcUi
0x802c1038	128	1	_vt.7AptNone
0x802c0fb8	128	1	_vt.9AptExtern
0x803b282c	4	0	gpExternValue
0x803b2810	4	0	gpGlobalMathObject
0x803b2814	4	0	gpGlobalKeyObject
0x803b2818	4	0	gpGlobalMouseObject
0x802c0f38	128	1	_vt.24AptGlobalExtensionObject
0x8034a1a0	32	0	gIdentityCXForm
0x8025b110	4	2	AddRef__24AptGlobalExtensionObject
0x8025b114	4	2	Release__24AptGlobalExtensionObject
0x8025b154	36	2	GetNumGCPointers__C24AptGlobalExtensionObject
0x8025b178	36	2	GetGCPointer__C24AptGlobalExtensionObjecti
0x8025b14c	8	2	IsGarbageCollected__C24AptGlobalExtensionObject
0x8025b13c	8	2	getNativeHashVirtual__24AptGlobalExtensionObject
0x8025b144	8	2	ContainsNativeHashVirtual__C24AptGlobalExtensionObject
0x8025b19c	120	2	_._24AptGlobalExtensionObject
0x8025b118	36	2	DestroyGCPointers__24AptGlobalExtensionObject
0x8025b018	4	2	AddRef__9AptExtern
0x8025b01c	4	2	Release__9AptExtern
0x8025b0a0	8	2	GetNumGCPointers__C9AptExtern
0x8025b0a8	8	2	GetGCPointer__C9AptExterni
0x8025b020	128	2	objectMemberSet__9AptExternP8AptValuePC9EAStringCT1
0x8025b0b0	96	2	_._9AptExtern
0x8025afa0	4	2	AddRef__7AptNone
0x8025afa4	4	2	Release__7AptNone
0x8025afa8	8	2	GetNumGCPointers__C7AptNone
0x8025afb0	8	2	GetGCPointer__C7AptNonei
0x8025afb8	96	2	_._7AptNone
0x8025b214	12	2	c_str__C9EAStringC
0x8025b220	12	2	__opPCc__C9EAStringC
0x801a9550	16	2	ClearReleaseAtEnd__8AptValue
0x801a95a8	32	2	isString__C8AptValue
0x801a95c8	32	2	isBoolean__C8AptValue
0x801a95e8	32	2	isInteger__C8AptValue
0x801a9628	32	2	isFloat__C8AptValue
0x803b2838	4	0	gbLeaksInPool
0x802c1138	128	1	_vt.9AptGlobal
0x801a9648	96	2	objectMemberLookup__C9AptGlobalP8AptValuePC9EAStringC
0x801a96a8	92	2	objectMemberSet__9AptGlobalP8AptValuePC9EAStringCT1
0x801a9704	4	2	AddRef__9AptGlobal
0x801a9708	4	2	Release__9AptGlobal
0x801a9748	36	2	GetNumGCPointers__C9AptGlobal
0x801a976c	36	2	GetGCPointer__C9AptGlobali
0x801a9740	8	2	IsGarbageCollected__C9AptGlobal
0x801a9730	8	2	getNativeHashVirtual__9AptGlobal
0x801a9738	8	2	ContainsNativeHashVirtual__C9AptGlobal
0x801a9790	120	2	_._9AptGlobal
0x801a970c	36	2	DestroyGCPointers__9AptGlobal
0x802c11b8	128	1	_vt.15AptScriptColour
0x801a9924	168	2	_._15AptScriptColour
0x803b1acc	4	1	_15AptScriptColour.psMethod_setRGB
0x803b1ad0	4	1	_15AptScriptColour.psMethod_getRGB
0x803b1ad4	4	1	_15AptScriptColour.psMethod_getTransform
0x803b1ad8	4	1	_15AptScriptColour.psMethod_setTransform
0x801a9a98	892	2	objectMemberLookup__C15AptScriptColourP8AptValuePC9EAStringC
0x801a9e14	292	2	sMethod_setRGB__15AptScriptColourP8AptValuei
0x801a9f38	348	2	sMethod_getRGB__15AptScriptColourP8AptValuei
0x801aa094	2168	2	sMethod_getTransform__15AptScriptColourP8AptValuei
0x801aa90c	740	2	sMethod_setTransform__15AptScriptColourP8AptValuei
0x802c1238	128	1	_vt.17AptScriptFunction
0x801aad38	120	2	_._17AptScriptFunction
0x801aadb0	12	2	PreDestroy__17AptScriptFunction
0x801aadbc	80	2	GetNumGCPointers__C17AptScriptFunction
0x801aae0c	160	2	GetGCPointer__C17AptScriptFunctioni
0x801aaeac	124	2	DestroyGCPointers__17AptScriptFunction
0x802c12b8	128	1	_vt.16AptXmlAttributes
0x801aaf8c	128	2	_._16AptXmlAttributes
0x801ab00c	12	2	PreDestroy__16AptXmlAttributes
0x801ab018	124	2	objectMemberSet__16AptXmlAttributesP8AptValuePC9EAStringCT1
0x803b1ae0	4	1	_5Adapt.s_pInstance
0x801ab1d8	32	2	_AptCallbackMemAlloc__FUi
0x801ac450	120	2	AllocateMem__5Adapti
0x801ab1f8	32	2	_AptCallbackMemFree__FPv
0x801ab218	76	2	_AptCallbackDebugPrint__FPCce
0x801ab264	4	2	_AptCallbackDebugAddSavedInput__FP19AptSavedInputRecordi
0x801ab268	4	2	_AptCallbackDebugSetScreenGrabPending__FPCc
0x801ab26c	4	2	_AptCallbackAssertFail__FPCcT0Ui
0x801ab270	188	2	_AptCallbackLoadAnimation__FPCcGt12AptSharedPtr1Z7AptFile
0x801ac294	328	2	CompleteLoadAnimation__5AdaptPCcGt12AptSharedPtr1Z7AptFile
0x801ab32c	44	2	_AptCallbackFreeAnimation__FPv
0x801ab358	76	2	_AptCallbackFreeConstantTable__FPv
0x801ab3a4	84	2	_AptCallbackSetBackgroundColour__FUi
0x801ab3f8	64	2	_AptCallbackSetVertexMatrix__FP9AptMatrix
0x801ab438	4	2	_AptCallbackSetColourTransform__FP9AptCXForm
0x801ab43c	32	2	_AptCallbackLoadRenderingUnit__FPvi
0x801ab45c	64	2	_AptCallbackFreeRenderingUnit__FPv
0x801ab49c	44	2	_AptCallbackDrawRenderingUnit__FPv22AptMaskRenderOperation
0x801ab4c8	32	2	_AptCallbackLoadTexture__FPvi
0x801ab4e8	44	2	_AptCallbackBindTexture__FPviT0
0x801ab514	64	2	_AptCallbackFreeTexture__FPv
0x801ab554	112	2	_AptCallbackLoadSound__FPviPCc
0x801ab5c4	124	2	_AptCallbackFreeSound__FPv
0x801ab640	100	2	_AptCallbackStartSound__FPvPCc
0x801ab6a4	4	2	_AptCallbackStartSoundStream__FPvi
0x801ab6a8	8	2	__nw__FUiPv3ONA
0x801ab6b0	84	2	_AptCallbackAllocateString__FP27AptAllocateStringParameters
0x801ab704	56	2	_AptCallbackDeallocateString__FPvUi
0x801ab73c	172	2	_AptCallbackDrawString__FPv22AptMaskRenderOperation
0x801ab7e8	412	2	_AptCallbackCustomControlRender__FPcT0PvPCc
0x801ab984	148	2	_AptCallbackCommand__FPCcT0
0x801aba18	68	2	_AptCallbackLoadVariables__FPCc
0x801aba5c	8	2	_AptCallbackLoadVariablesNULL__Fv
0x801aba64	136	2	_AptCallbackSetExternVariable__FPCcT0
0x801abaec	172	2	_AptCallbackGetExternVariable__FPCc
0x801abb98	8	2	_AptCallbackPointHitTest__FffPv
0x801abba0	4	2	_AptCallbackGetRealTimeClock__FP11AptSysClockb
0x801abba4	8	2	_AptCallbackGetBytesTotal__FPCc15AptGetBytesEnum
0x801abbac	8	2	_AptCallbackGetBytesLoaded__FPCc15AptGetBytesEnum
0x801ac03c	208	2	SetAnalogStickPosition__5AdaptffUiUcUc
0x801ac560	16	2	GetInterface__5Adapt
0x801ac570	16	2	GetInstanceProject__5Adapt
0x801ac8dc	156	2	_._14AdaptAnimation
0x801af258	8	2	GetLoadingAnimation__C11AdaptOpaque
0x801ac980	8	2	GetConstData__C14AdaptAnimation
0x801acc5c	72	2	FreeConstData__14AdaptAnimation
0x8021b8f4	120	2	GXSetCopyClear
0x801ac988	312	2	LoadAsset__14AdaptAnimationi
0x801b038c	352	2	Draw__15AdaptRenderUnitRC9AptCXForm22AptMaskRenderOperationPQ27AptMath15ClipTransform_t
0x801acac0	148	2	BindTexture__14AdaptAnimationP12AdaptTexturei
0x801b0774	48	2	Play__10AdaptSound
0x801b0804	832	2	__11AdaptStringRC10AdaptFontsP27AptAllocateStringParameters
0x801b0b44	112	2	_._11AdaptString
0x803b2f58	4	1	_16AdaptRenderState.m_eCurrentConfig
0x801b0bb8	836	2	Draw__11AdaptStringRC10AdaptFontsPQ27AptMath15ClipTransform_t
0x801b1be0	76	2	Enter__17AdaptCustomRender
0x801b0628	176	2	FlushMask__15AdaptRenderUnit
0x801ad534	44	2	IsTypeOf__8AdaptFmvPCc
0x801ad560	12	2	GetInstance__8AdaptFmv
0x801ad614	280	2	CustomRender__8AdaptFmvRC9AptCXFormP15AdaptRenderUnitPCcN23
0x801b129c	44	2	IsTypeOf__15AdaptSwappableCPCc
0x801b12c8	12	2	GetInstance__15AdaptSwappableC
0x801b133c	104	2	CustomRender__15AdaptSwappableCRC9AptCXFormP15AdaptRenderUnitPCcN23
0x801b1c2c	4	2	Exit__17AdaptCustomRender
0x801ad56c	168	2	ProcessAction__8AdaptFmvPCc
0x801b12d4	104	2	ProcessAction__15AdaptSwappableCPCc
0x801ad90c	420	2	SetExternVariable__8AdaptFmvPCcT1
0x801b1610	360	2	SetExternVariable__15AdaptSwappableCPCcT1
0x801ad72c	480	2	GetExternVariable__8AdaptFmvPCc
0x801b1588	136	2	GetExternVariable__15AdaptSwappableCPCc
0x801aeae8	232	2	__11AdaptOpaqueP14AdaptInterfacePFPv_v
0x80293130	144	1	_vt.15AdaptExtMessage
0x801af174	92	2	ProcessLibraries__11AdaptOpaque
0x801aebd0	192	2	_._11AdaptOpaque
0x801af928	68	2	Close__12AdaptProject
0x801af8b8	112	2	Open__12AdaptProjectPCcUi
0x801afa64	156	2	PreloadGroup__12AdaptProjectUs
0x801afba4	76	2	PreloadMovie__12AdaptProjectUi
0x801af96c	248	2	ReleasePreloads__12AdaptProject
0x801afb00	164	2	ReleaseGroup__12AdaptProjectUs
0x801afc3c	72	2	ReleaseMovie__12AdaptProjectUi
0x801ac82c	176	2	__14AdaptAnimationPCc
0x801af260	8	2	SetLoadingAnimation__11AdaptOpaqueP14AdaptAnimation
0x801ac978	8	2	GetMovieData__C14AdaptAnimation
0x801adda0	148	2	FindFont__C10AdaptFontsPCcUsPUs
0x801add8c	20	2	GetFont__C10AdaptFontsUs
0x801af248	16	2	GetLibrary__11AdaptOpaqueUi
0x801adea4	156	2	Set__13AdaptLibraryCUiPCc17AdaptLibraryTypeE
0x801adf40	140	2	Clear__13AdaptLibraryC
0x801adfcc	232	2	Load__13AdaptLibraryCUs
0x801ae0b4	188	2	Unload__13AdaptLibraryCUs
0x801ae170	84	2	GetData__13AdaptLibraryCUs
0x803b1b30	1	1	_15AdaptRenderUnit.s_bMaskOn
0x803b1b31	1	1	_15AdaptRenderUnit.s_bMaskDrawn
0x8034a338	20	0	_11AdaptOpaque.s_RenderChain
0x803b3040	2	1	_13AdaptLibraryC.ADAPTLIBRARY_INVALID_RESOURCE
0x00000000	0	0	_14AdaptAnimation.FLAG_NONE
0x00000000	0	0	_14AdaptAnimation.FLAG_USERLOADED
0x803b1af8	4	1	_8AdaptFmv.ADAPTFMV_TYPE
0x803b1afc	4	1	_8AdaptFmv.ADAPTFMV_COMMAND_INIT
0x803b1b00	4	1	_8AdaptFmv.ADAPTFMV_COMMAND_SHUTDOWN
0x803b1b04	4	1	_8AdaptFmv.ADAPTFMV_COMMAND_PLAY
0x803b1b08	4	1	_8AdaptFmv.ADAPTFMV_COMMAND_STOP
0x803b1b0c	4	1	_8AdaptFmv.ADAPTFMV_VAR_ISDONE
0x803b1b10	4	1	_8AdaptFmv.ADAPTFMV_VAR_HASNEXT
0x803b1b14	4	1	_8AdaptFmv.ADAPTFMV_VAR_LOOP
0x803b1b18	4	1	_8AdaptFmv.ADAPTFMV_VAR_ITEM
0x803b1b1c	4	1	_8AdaptFmv.ADAPTFMV_VAR_NEXTITEM
0x803b1b20	4	1	_8AdaptFmv.ADAPTFMV_VAR_VTXINDEX
0x803b1b24	4	1	_8AdaptFmv.ADAPTFMV_VAR_U
0x803b1b28	4	1	_8AdaptFmv.ADAPTFMV_VAR_V
0x803b3038	4	1	_8AdaptFmv.ADAPTFMV_TYPE_LEN
0x803b303c	2	1	_8AdaptFmv.ADAPTFMV_INVALID_RESOURCE
0x00000000	0	0	_8AdaptFmv.ADAPTFMV_NUM_VERTS
0x8034a308	48	0	_8AdaptFmv.s_fmvInstance
0x803b1b38	4	1	_15AdaptSwappableC.ADAPTSWAPPABLE_TYPE
0x803b1b3c	4	1	_15AdaptSwappableC.ADAPTSWAPPABLE_COMMAND_INIT
0x803b1b40	4	1	_15AdaptSwappableC.ADAPTSWAPPABLE_COMMAND_SHUTDOWN
0x803b1b48	4	1	_15AdaptSwappableC.ADAPTSWAPPABLE_FIELD_ID
0x803b1b4c	4	1	_15AdaptSwappableC.ADAPTSWAPPABLE_FIELD_LIB
0x803b1b50	4	1	_15AdaptSwappableC.ADAPTSWAPPABLE_FIELD_ITEM
0x803b1b54	4	1	_15AdaptSwappableC.ADAPTSWAPPABLE_VAR_VTXINDEX
0x803b1b58	4	1	_15AdaptSwappableC.ADAPTSWAPPABLE_VAR_U
0x803b1b5c	4	1	_15AdaptSwappableC.ADAPTSWAPPABLE_VAR_V
0x803b1b60	4	1	_15AdaptSwappableC.ADAPTSWAPPABLE_VAR_FADE_FRAMES
0x803b1b44	4	1	_15AdaptSwappableC.ADAPTSWAPPABLE_VAR_ID
0x803b3048	4	1	_15AdaptSwappableC.ADAPTSWAPPABLE_TYPE_LEN
0x803b304c	4	1	_15AdaptSwappableC.ADAPTSWAPPABLE_INVALID_NODE
0x8034a4b0	20	0	_15AdaptSwappableC.s_Instance
0x803b1aec	4	1	_15AdaptExtMessage.psMethod_start
0x803b1af0	4	1	_15AdaptExtMessage.psMethod_send
0x803b1af4	4	1	_15AdaptExtMessage.psMethod_end
0x803b2f5c	4	1	_15AdaptExtMessage.s_uMessageID
0x8034a1c0	164	0	_15AdaptExtMessage.s_msgParams
0x8034a264	164	0	_15AdaptExtMessage.s_msgReturns
0x803b1ae8	4	1	_15AdaptExtMessage.s_eState
0x803b3044	4	1	_11AdaptString.BORDER_SIZE
0x801acc1c	64	2	LoadResource__14AdaptAnimationPvi
0x801acb54	200	2	LoadAssetData__14AdaptAnimationPUi
0x801afbf0	76	2	LoadMovie__12AdaptProjectPCcPUi
0x801af3d8	196	2	HashMovieName__12AdaptProjectPCc
0x801afc84	56	2	UnloadMovie__12AdaptProjectUi
0x801afdec	1204	2	__15AdaptRenderUnitiPv
0x80293500	48	1	_vt.18AdaptRenderUnitNGC
0x801b2e40	184	2	__15AdaptTextureNGCiPv
0x801b06d8	76	2	__10AdaptSoundPvi
0x801b04ec	208	2	BindTexture__15AdaptRenderUnitP12AdaptTexturei
0x801acca4	272	2	GetReturn__15AdaptExtMessageUi
0x801acdb4	160	2	Initialize__15AdaptExtMessage
0x801ace54	108	2	sMethod_start__15AdaptExtMessageP8AptValuei
0x801acec0	388	2	sMethod_send__15AdaptExtMessageP8AptValuei
0x801ad044	208	2	sMethod_end__15AdaptExtMessageP8AptValuei
0x801ad188	84	2	_._15AdaptExtMessage
0x801ad17c	12	2	GetName__15AdaptExtMessage
0x801ae820	128	2	GetFieldAsUtf8String__C12AdaptMessageUi
0x801ae494	104	2	AddUtf8StringCopy__12AdaptMessagePCc
0x801ae364	108	2	Clear__12AdaptMessage
0x801ae358	12	2	__12AdaptMessage
0x801ad234	84	2	__8AdaptFmv
0x801ad288	112	2	_Init__8AdaptFmv
0x801ad2f8	116	2	_Shutdown__8AdaptFmv
0x801ad36c	112	2	_Play__8AdaptFmv
0x801ad3dc	92	2	_Stop__8AdaptFmv
0x801ad438	252	2	_Draw__8AdaptFmvRC9AptCXFormP15AdaptRenderUnitP12UIGTexNode_t
0x80202250	556	2	UIGLibraryLoadItem
0x801b1ce8	4	2	_LLShutdown__8AdaptFmv
0x80201404	80	2	UIGFmvStop
0x80201398	108	2	UIGFmvStart
0x801b05bc	108	2	GetStyleColor__15AdaptRenderUnitUsUsP20AdaptRenderUnitColor
0x801b1cec	84	2	_LLSetColorScale__8AdaptFmvRC6Vec4_tT1
0x801b1d40	860	2	_LLDraw__8AdaptFmvRC21AdaptRenderUnitBoundsRC20AdaptRenderUnitColorP12UIGTexNode_t
0x80202864	24	2	UIGLibraryGetType
0x80201258	100	2	UIGFmvUpdate
0x802029a8	204	2	UIGLibraryIsItemDataAvailable
0x802012bc	84	2	UigFmvSetLooping
0x801adb48	408	2	Init__10AdaptFonts
0x801adce0	172	2	Exit__10AdaptFonts
0x801c4ba8	276	2	FontAddFont
0x801c4e78	220	2	FontCreateFont
0x801c4f54	56	2	FontUploadTextures
0x801c4f8c	96	2	FontDestroyFont
0x801c4dc4	180	2	FontRemoveFont
0x801ade34	36	2	__13AdaptLibraryC
0x801ade58	76	2	_._13AdaptLibraryC
0x801ae31c	60	2	AsyncLoadCallback__13AdaptLibraryCPvUiT1UiT1
0x801ae27c	160	2	FinishLoad__13AdaptLibraryCUsPv
0x801ae1c4	36	2	Get__13AdaptLibraryCUs
0x801ae1e8	148	2	Process__13AdaptLibraryC
0x801dcb9c	176	2	ResIsLoading
0x801ae9d0	212	2	Utf8Decode__12AdaptMessagePCc
0x801ae6ec	308	2	GetFieldAsString__C12AdaptMessageUi
0x801ae8f4	220	2	Utf8EncodeIfNeeded__12AdaptMessagePCc
0x801aeaa4	68	2	Utf8DecodeChar__12AdaptMessagePPCc
0x801aec90	236	2	InitViewport__11AdaptOpaque
0x801aed7c	264	2	InitCamera__11AdaptOpaque
0x801aee84	616	2	InitAllocator__11AdaptOpaque
0x801af0ec	136	2	InitLibraries__11AdaptOpaque
0x801af1d0	120	2	ShutdownLibraries__11AdaptOpaque
0x80204374	120	2	VptSetCallback
0x801afd34	80	2	ChainCreate__17AdaptRenderChainCUi
0x801afd84	104	2	ChainDelete__17AdaptRenderChainC
0x802043ec	68	2	VptRemoveCallback
0x801af314	96	2	_._12AdaptProject
0x802044a4	16	2	VptSetEraseColor
0x801b119c	168	2	Init__15AdaptSwappableCUiP11AdaptOpaque
0x801b1244	88	2	Shutdown__15AdaptSwappableC
0x801afcbc	32	2	__17AdaptRenderChainC
0x801afcdc	64	2	_._17AdaptRenderChainC
0x801af374	100	2	Relocate__12AdaptProject
0x801af49c	132	2	FindMovie__12AdaptProjectUi
0x801af520	136	2	OpenGroup__12AdaptProjectUs
0x801af5a8	116	2	CloseGroup__12AdaptProjectUs
0x801af61c	184	2	LoadMovie__12AdaptProjectP15AdaptProjMovieTPUi
0x801af6d4	220	2	UnloadMovie__12AdaptProjectP15AdaptProjMovieT
0x801af7b0	264	2	UnloadAllResources__12AdaptProject
0x801afd1c	24	2	Reset__17AdaptRenderChainC
0x80293390	48	1	_vt.15AdaptRenderUnit
0x801b02a0	236	2	_._15AdaptRenderUnit
0x801b22cc	516	2	SynthesizeTexCoord__15AdaptRenderUnitP5Style
0x802933c0	24	1	_vt.10AdaptSound
0x801b07a4	96	2	LoadSound__10AdaptSoundPvi
0x801b0724	80	2	_._10AdaptSound
0x801b0efc	456	2	GetLine__11AdaptStringPPCcPffRCPv
0x801c54bc	12	2	FontGetDescent
0x801c50e0	24	2	FontSetRenderFlags
0x801c50f8	24	2	FontClearRenderFlags
0x801c547c	64	2	FontGetCharWidth
0x801c5368	276	2	FontGetTextWidth
0x801b10c4	36	2	__15AdaptSwappableC
0x801b10e8	104	2	_Init__15AdaptSwappableC
0x801b1150	76	2	_Shutdown__15AdaptSwappableC
0x801b13a4	484	2	_ParseCustomProperties__15AdaptSwappableCPCcPUiPUsT3
0x801b1b70	108	2	SetUnused__20AdaptSwappableImageC
0x801b1810	92	2	__20AdaptSwappableImageC
0x801b186c	8	2	SetOpaque__20AdaptSwappableImageCP11AdaptOpaque
0x801b1a30	288	2	CustomRender__20AdaptSwappableImageCRC9AptCXFormP15AdaptRenderUnitUsUs
0x801b1b50	16	2	SetU__20AdaptSwappableImageCUcf
0x801b1b60	16	2	SetV__20AdaptSwappableImageCUcf
0x803b3050	2	1	_20AdaptSwappableImageC.ADAPTIMAGE_INVALID_RESOURCE
0x00000000	0	0	_20AdaptSwappableImageC.ADAPTIMAGE_NUM_VERTS
0x801b1874	444	2	_Draw__20AdaptSwappableImageCRC9AptCXFormP15AdaptRenderUnit
0x801b2ae8	856	2	_LLDraw__20AdaptSwappableImageCRC6Vec4_tT1RC21AdaptRenderUnitBoundsRC20AdaptRenderUnitColorP12AdaptTexture
0x801c7f90	44	2	MatGetCurMatrixPtr
0x801b21b0	80	2	NGCSetColorState__18AdaptRenderUnitNGC
0x801b2200	204	2	NGCSetUseTexture__18AdaptRenderUnitNGCUc
0x802031c0	444	2	LLUIGSetClamp
0x80203088	312	2	LLUIGTexNodeRegisterObj
0x801b209c	276	2	OnDraw__18AdaptRenderUnitNGCPQ27AptMath15ClipTransform_tUc
0x801b24d0	1312	2	DrawGeometry__18AdaptRenderUnitNGCPQ27AptMath15ClipTransform_tUc
0x801b29f0	32	2	OnClearMask__18AdaptRenderUnitNGC
0x801b2a10	32	2	_._18AdaptRenderUnitNGC
0x8021cb20	28	2	GXInitTexObjWrapMode
0x801c6680	132	2	GlibClearZBuffer
0x80293548	48	1	_vt.15AdaptTextureNGC
0x801b2ef8	112	2	_._15AdaptTextureNGC
0x801b2f68	24	2	BindTexture__15AdaptTextureNGC
0x801b2f80	8	2	GetData__15AdaptTextureNGC
0x801b2f88	92	2	FinishLibraryLoad__15AdaptTextureNGCUiUs
0x801b2fe4	32	2	__12AdaptTextureiPv
0x801b3004	52	2	_._12AdaptTexture
0x80293578	48	1	_vt.12AdaptTexture
0x801b3394	72	2	Get__8KeyboardUi
0x803b1b6c	4	1	_Q27Service16ManagerConcreteC.s_pServiceManager
0x802935f0	40	1	_vt.Q28Keyboard9AbstractC
0x801b34dc	44	2	SetText__Q28Keyboard9AbstractCPc
0x80293618	24	1	_vt.Q27Service10InterfaceC
0x801b34d4	8	2	GetKeyboardData__Q28Keyboard9AbstractC
0x801b3508	8	2	GetText__Q28Keyboard9AbstractC
0x802935d8	24	1	_vt.Q28Keyboard27CreateInstanceDataConcreteC
0x801b3510	128	2	KeyEnabledString__Q28Keyboard9AbstractCPcUc
0x801b35c4	52	2	_._Q28Keyboard27CreateInstanceDataConcreteC
0x801b3590	52	2	_._Q27Service10InterfaceC
0x80293700	40	1	_vt.11NoAKeyboard
0x802936d8	40	1	_vt.13NoNumKeyboard
0x80293740	80	1	_vt.Q28Keyboard13USPIConcreteC
0x801b368c	8	2	GetInstance__Q28Keyboard13USPIAbstractC
0x80293728	24	1	_vt.12KeyboardData
0x801b3750	48	2	_._13NoNumKeyboard
0x801b3780	20	2	IsKeyEnabled__13NoNumKeyboardcUc
0x801b3794	8	2	ValidateText__13NoNumKeyboardPPcN21
0x801b36f8	48	2	_._11NoAKeyboard
0x801b3728	32	2	IsKeyEnabled__11NoAKeyboardcUc
0x801b3748	8	2	ValidateText__11NoAKeyboardPPcN21
0x801b36c4	52	2	_._12KeyboardData
0x801b3694	48	2	_._Q28Keyboard13USPIConcreteC
0x801b38e0	80	2	__Q28Keyboard13USPIAbstractC
0x801b3930	80	2	_._Q28Keyboard13USPIAbstractC
0x801b3980	56	2	SetKeyboardID__Q28Keyboard13USPIAbstractCPC12AdaptMessageP12AdaptMessage
0x801b39b8	140	2	GetKeyboardData__Q28Keyboard13USPIAbstractCPC12AdaptMessageP12AdaptMessage
0x801b3a44	140	2	IsKeyEnabled__Q28Keyboard13USPIAbstractCPC12AdaptMessageP12AdaptMessage
0x801b3ad0	124	2	KeyEnabledString__Q28Keyboard13USPIAbstractCPC12AdaptMessageP12AdaptMessage
0x801b3b4c	76	2	SetText__Q28Keyboard13USPIAbstractCPC12AdaptMessageP12AdaptMessage
0x801b3b98	64	2	GetText__Q28Keyboard13USPIAbstractCPC12AdaptMessageP12AdaptMessage
0x801b3bd8	232	2	ValidateText__Q28Keyboard13USPIAbstractCPC12AdaptMessageP12AdaptMessage
0x801b379c	324	2	Handle__Q28Keyboard13USPIAbstractCUsPC12AdaptMessageP12AdaptMessage
0x802937b0	80	1	_vt.Q28Keyboard13USPIAbstractC
0x801b3d98	112	2	RegisterModule__11SCOpHandlerUsPFUsPC12AdaptMessageP12AdaptMessage_Uc
0x801b3e08	76	2	UnregisterModule__11SCOpHandlerUs
0x801b3cc0	68	2	__Q211SCOpHandler9ConcreteCPCQ27Service28CreateInstanceDataInterfaceC
0x80293818	24	1	_vt.Q211SCOpHandler9ConcreteC
0x801b3d90	8	2	GetAdaptMessageHandlerCB__CQ211SCOpHandler27CreateInstanceDataConcreteC
0x801b3d04	52	2	HandleAdaptMessage__Q211SCOpHandler9ConcreteCUsPC12AdaptMessageP12AdaptMessage
0x801b3d38	68	2	CreateInstance__Q211SCOpHandler9ConcreteCPCQ27Service28CreateInstanceDataInterfaceC
0x801b3d7c	20	2	__Q211SCOpHandler27CreateInstanceDataConcreteCPFUsPC12AdaptMessageP12AdaptMessage_Uc
0x80293800	24	1	_vt.Q211SCOpHandler27CreateInstanceDataConcreteC
0x801b3f24	52	2	_._Q211SCOpHandler27CreateInstanceDataConcreteC
0x801b3ef0	52	2	_._Q211SCOpHandler9ConcreteC
0x801b4120	136	2	__Q27Service16ManagerConcreteCUi
0x80293860	112	1	_vt.Q27Service16ManagerConcreteC
0x801b41a8	108	2	_._Q27Service16ManagerConcreteC
0x802938d0	112	1	_vt.Q27Service17ManagerInterfaceC
0x801b4214	192	2	RegisterService__Q27Service16ManagerConcreteCUiPFPCQ27Service28CreateInstanceDataInterfaceC_PQ27Service10InterfaceCPCQ27Service28CreateInstanceDataInterfaceCQ37Service17ManagerInterfaceC8StartupE
0x801b42d4	168	2	RegisterServiceInterface__Q27Service16ManagerConcreteCUiPQ27Service10InterfaceC
0x801b437c	84	2	UnregisterService__Q27Service16ManagerConcreteCUi
0x801b43d0	84	2	UnregisterModule__Q27Service16ManagerConcreteCUs
0x801b4424	112	2	GetService__Q27Service16ManagerConcreteCUi
0x801b4494	88	2	IsServiceRegistered__Q27Service16ManagerConcreteCUi
0x801b44ec	348	2	SetCurrentPosition__Q27Service16ManagerConcreteCUcQ210AccessList9PositionE
0x801b4648	72	2	GetCurrentService__Q27Service16ManagerConcreteC
0x801b4690	12	2	GetCurrentServiceID__Q27Service16ManagerConcreteC
0x801b469c	24	2	IsCurrentServiceValid__Q27Service16ManagerConcreteC
0x801b4750	4	2	DumpServiceList__Q27Service16ManagerConcreteC
0x801b4754	52	2	_._Q27Service17ManagerInterfaceC
0x801be240	40	2	DSGetListMemSize
0x801be71c	152	2	DSTraverseList
0x802ab43c	9	1	_Anim_ModuleID
0x801b4788	80	2	_AnimDoUserOpcodeCallback
0x801b47d8	52	2	_AnimDoUserOpcodeSkipCallback
0x801b480c	36	2	_AnimUserCallbackPushState
0x801b4830	36	2	_AnimUserCallbackPushInfo
0x801b4854	16	2	_AnimUserCallbackPopState
0x801b4864	16	2	_AnimUserCallbackPopInfo
0x801b4980	8	2	AnimGetSeqVersion
0x801b6824	208	2	AnimFileProcessBigFile
0x801b68f4	8	2	AnimFileSetRelocateBigFileFunc
0x801b6438	856	2	AnimFileNewProcessBigFile
0x801e3754	180	2	SysSetLastErrorFunc
0x801b4bdc	340	2	AnimChanStartAnimPerState
0x801b4d58	36	2	AnimChanSetWeightFunction
0x801b4f58	100	2	AnimChanStart
0x801b4d90	128	2	AnimChanStopByStateIndex
0x801b4e10	64	2	AnimChanGetNumActiveByState
0x801b4e50	100	2	AnimChanGetStateChannelByIndex
0x801b4eb4	68	2	AnimChanSetDelayByState
0x801b8b18	60	2	AnimWgtProcess
0x801b63d4	60	2	AnimFileGetPtrFromSlot
0x801b52d0	8	2	AnimFileGetFileNum
0x801b52ec	64	2	AnimFileGetStateRef
0x801b52d8	20	2	AnimFileGetAnimation
0x801b8a74	108	2	AnimWgtSet
0x801b71b4	296	2	AnimSeqGrow
0x801b7190	36	2	AnimSeqStart
0x801b4ff4	724	2	AnimFileRelocate
0x801b52c8	8	2	AnimFileGetObjectType
0x801b532c	148	2	AnimFileGetStateAnimListByStateRef
0x801b53c0	128	2	AnimFileGetStateTransListByStateRef
0x801b5440	160	2	AnimFileGetFramePerState
0x801b8c94	180	2	AnimCacheInvalidate
0x801b9068	192	2	AnimFrameCacheGetFrame
0x803b1b90	4	1	_AnimFile_ResFile
0x803b1b94	4	1	_AnimFile_RelocateBigFileFunc
0x803b2f60	4	1	_AnimFile_NumResBuffers
0x803b2f64	4	1	_AnimFile_NumDynBuffers
0x803b2f68	4	1	_AnimFile_NumBuffers
0x803b2f6c	4	1	_AnimFile_pBufferInfo
0x801b63b0	36	2	AnimFileGetVirtualLoadStatus
0x803b2f70	4	1	_AnimFile_MemoryHeap
0x803b2f74	4	1	_AnimFile_AsyncPriority
0x803b2f78	4	1	_AnimFile_NumVirtBuffers
0x803b2f7c	4	1	_AnimFile_DefaultUserDataBuffer
0x801b5c6c	44	2	AnimFileLoadSeqResident
0x801b6114	140	2	AnimFileGetStateAnimList
0x801b61a0	144	2	AnimFileGetTransList
0x801b6230	100	2	AnimFileGetSlotFromFileNum
0x801b6294	160	2	AnimFileGetTransitionStateFromObjType
0x801b6410	40	2	AnimFileGetFrameCacheFromSlot
0x801e3808	172	2	SysGetLastError
0x801c3c84	40	2	FileHostCheckActive
0x801c3abc	232	2	FileDebugProcess
0x801dbc24	596	2	ResCopyAsyncToBuffer
0x801b8d48	108	2	AnimCacheGetStateInfo
0x801b7e38	60	2	AnimStGetStateStatus
0x803b2f80	4	1	_AnimSeq_CurrentInfo
0x801b72dc	52	2	AnimSeqGetLife
0x801b7ea8	48	2	AnimStSetStateDelay
0x801b8b54	136	2	AnimWgtSetLinear
0x801b7ed8	52	2	_AnimTranGetStateTransitions
0x801b8048	1544	2	_AnimTranDoTransition
0x8039bdb4	72	1	AnimTran_TransListArray
0x801b8650	236	2	_AnimTranGetBestTransition
0x801b8bdc	184	2	AnimWgtSetLinearInAndOut
0x803b1ba4	4	1	_AnimWgt_pFunctions
0x803b1ba8	4	1	_AnimWgt_TypeStructSize
0x802ab448	16	1	_AnimWgt_pLibFunctions
0x803b1bac	4	1	_AnimWgt_LibTypeStructSize
0x803b2f84	4	1	_AnimWgt_NumFunctions
0x801b8ae0	56	2	AnimWgtClrTypeStruct
0x803b1bb0	1	1	_AnimCache_Initialized
0x803b2f88	4	1	_AnimCache_nCaches
0x803b2f8c	4	1	_AnimCache_MemoryHeap
0x803b2f90	4	1	_AnimCache_pCaches
0x802ab458	18	1	_AnimSequencer_ModuleID
0x803b1bb4	1	1	_AnimSequencer_ModuleActive
0x803b1bb8	4	1	_AnimSequencer_fTicksPerSecond
0x801b91d0	68	2	AnimSeqCamFindGroup
0x801b9214	128	2	AnimSeqCamFindSubGroup
0x802ab46c	20	1	gLibState
0x801b99b0	64	2	AnimTexUnbindTexture
0x801b9854	140	2	AnimTexObjGenParms
0x801b9970	64	2	AnimTexBindTexture
0x801b9bcc	184	2	AnimTexObjAddExtern
0x801b9d44	120	2	AnimTexGetByName
0x801ba090	4	2	LLAnimTexLibInit
0x801b9f3c	32	2	LLAnimTexDeleteTexture
0x801ba094	4	2	LLAnimTexLibShutdown
0x801b9f5c	176	2	LLAnimTexBindTexture
0x801ba05c	52	2	LLAnimTexUnbindTexture
0x801ba00c	80	2	LLAnimTexAllocTexCoords
0x801b9f1c	32	2	LLAnimTexCreateTexture
0x8021cd60	56	2	GXInitTlutObj
0x8021c974	72	2	GXInitTexObjCI
0x801ba0c8	16	2	AuxRamARQCallback
0x80214b7c	196	2	ARInit
0x802166b4	112	2	ARQInit
0x80214c40	8	2	ARGetBaseAddress
0x801ba294	32	2	toupper
0x801bb3f8	100	2	stricmp
0x8020455c	12	2	VptSetCamera
0x80204570	16	2	VptRemoveCamera
0x802ab480	12	1	CamFocusDef
0x801bc788	176	2	CharTraverseSkeleton
0x801bc8e4	120	2	CharSkelGetJointByName
0x801d8064	168	2	QuatFromEuler
0x801d7ef0	372	2	QuatToEuler
0x801d7dec	260	2	QuatTranslate
0x801d7ac0	160	2	QuatMultiply
0x801d7b60	160	2	QuatToMatrix
0x801d7db0	60	2	QuatFromMat
0x801c89e0	68	2	MatGetPos
0x802ab5d8	10	1	_Curve_ModuleID
0x801bd69c	20	2	CurveListCalculateHermite
0x801bd6b0	200	2	CurveListCalculateBezier
0x801bdb10	1116	2	PolynomialCalculateRoots
0x803b2f94	4	1	Dma_iActiveBuffer
0x803b1be0	4	1	_DmaMem_pMemPools
0x801beeb0	68	2	DSGetNodeHandlerStat
0x803b1bf0	7	1	DS_ModuleID
0x801be02c	24	2	DSAlignSize
0x801be148	76	2	DSListInitModule
0x8039bdfc	432	1	DSList_Interface
0x801be194	172	2	DSAddListType
0x801be268	124	2	DSGetListStat
0x801bee88	40	2	DSGetNodeHandlerMemSize
0x801becb8	140	2	DSListInitLinkedModule
0x801c0b80	140	2	DSListInitBinTreeModule
0x801bfbdc	140	2	DSListInitSplayTreeModule
0x801bf06c	52	2	DSGetStackMemSize
0x80293d28	48	1	_vt.12FlowManagerC
0x801c10e0	116	2	PreStartModuleList__12FlowManagerCPCC20FlowModuleListEntryT
0x801c1154	152	2	StartModuleList__12FlowManagerCPCC20FlowModuleListEntryT
0x801c11ec	116	2	StopModuleList__12FlowManagerCPCC20FlowModuleListEntryT
0x801c1260	164	2	Transition__12FlowManagerCiii
0x801c1304	104	2	StartModule__12FlowManagerCP11FlowModuleC
0x801c136c	104	2	StopModule__12FlowManagerCP11FlowModuleC
0x801c1a60	8	2	LockModuleList__11FlowModuleCUc
0x801c1444	208	2	Init__10FlowGroupC
0x801c1a68	4	2	CheckDependencyLists__11FlowModuleC
0x801c1a6c	4	2	CheckAntiDependencyLists__11FlowModuleC
0x801c1514	76	2	Start__10FlowGroupCi
0x801c15a8	52	2	GetStageModuleList__10FlowGroupCi
0x801c1578	8	2	IsStarted__C10FlowGroupC
0x801c1560	24	2	Stop__10FlowGroupC
0x801c15dc	92	2	Process__10FlowGroupC
0x801c19f8	52	2	GetDependencyList__C11FlowModuleC
0x801c1880	36	2	PreStart__11FlowModuleC
0x801c19f0	8	2	IsStarted__C11FlowModuleC
0x801c1638	80	2	TransitionStart__10FlowGroupCi
0x801c16d8	112	2	Transition__10FlowGroupCi
0x801c1688	80	2	TransitionEnd__10FlowGroupCi
0x801cb60c	144	2	MemPushGroupLabel
0x801c1a2c	52	2	GetName__C11FlowModuleC
0x801cb588	132	2	MemSetGroupLabel
0x801c18a4	140	2	Start__11FlowModuleCUc
0x801cb69c	68	2	MemPopGroupLabel
0x801c1930	192	2	Stop__11FlowModuleCUc
0x803b1bf8	1	1	_11FlowModuleC.s_bLockModuleList
0x803b1bfc	4	1	_11FlowModuleC.s_uNumModules
0x8039bfac	2000	1	_11FlowModuleC.s_aModuleList
0x80293d58	88	1	_vt.10FlowGroupC
0x801c159c	12	2	GetDefaultStage__C10FlowGroupC
0x801c1748	52	2	GetName__C10FlowGroupC
0x80293dd0	96	1	_vt.11FlowModuleC
0x80293db0	32	1	_vt.18FlowModuleCounterC
0x801c1aa4	68	2	Visit__18FlowModuleCounterCP11FlowModuleC
0x801c1a70	52	2	_._18FlowModuleCounterC
0x803b1c08	1	1	File_ModuleActive
0x803b1c0c	7	1	File_ModuleID
0x803b1c14	4	1	File_StreamInfo
0x803b1c18	4	1	File_HandleInUseCS
0x803b1c1c	4	1	_File_DefaultDevice
0x802ab5e4	68	1	_File_DefaultvDevicePath
0x802ab628	36	1	_File_DefaultvDeviceList
0x803b1c20	4	1	_File_CurrentvDeviceList
0x803b1c24	4	1	File_uMemFlags
0x8039c77c	32	1	File_RequestListCS
0x803b2f98	4	1	File_pFileRequestList
0x801c1bb8	88	2	_FileGetAsyncRequest
0x8039c79c	32	1	File_AsyncRequestListCS
0x803b2f9c	4	1	File_pAsyncRequestList
0x801c1c10	312	2	_FileReqDoNextBlock
0x801c1d48	324	2	_FileRequest
0x801c1e8c	280	2	FileCreateAbsoluteFileName
0x8039c7bc	1036	1	File_InitParms
0x8039cbc8	9	1	File_AsyncThreadActive
0x8039cbd4	32	1	File_AsyncThreadActiveCS
0x803b2fa0	1	1	File_AsyncFileCopy
0x801c22f8	204	2	FileSeek
0x801c23c4	80	2	FileExistsFileDevice
0x801c2684	124	2	FileReadAsync
0x801c24cc	220	2	FileReadCallback
0x801c25a8	220	2	FileWriteCallback
0x801c2700	120	2	FileReadAsyncCyclic
0x801c2778	124	2	FileWriteAsync
0x801c27f4	144	2	FileRePrioritizeAsync
0x801c2898	20	2	FileGetPosition
0x801c28d0	8	2	FileGetDeviceList
0x801c28e4	40	2	FileLockAsyncRequestList
0x801c290c	40	2	FileUnlockAsyncRequestList
0x801e3cf8	40	2	SysReleaseTimeFunc
0x801c32cc	212	2	FileQueueAsyncRequest
0x801c3ba4	224	2	FileLLInit
0x801c33a0	160	2	FileAsyncWaitStream
0x801c2ed0	260	2	FileOpenhDevice
0x801c2fd4	156	2	FileCloseStream
0x803b1c28	1	1	ModuleLoaded
0x803b1c2c	4	1	_pFile_CurRequest
0x801c309c	280	2	FilePerformRead
0x801c31b4	280	2	FilePerformWrite
0x801c2d90	248	2	_FileProcessRequestFinish
0x801c3070	36	2	FileOpenWriteStream
0x801c3cac	100	2	FileGetSize
0x801c3d10	8	2	FileCompareModificationTime
0x801c3d18	8	2	FileSetLength
0x801c4780	8	2	FileHostOpen
0x801c47a4	8	2	FileHostGetSize
0x801c3f34	208	2	CDVD_open
0x801c410c	44	2	CDVD_getattrfromhandle
0x801c41ac	44	2	FileMCGetPort
0x801c41d8	32	2	FileMCGetSlot
0x801c41f8	560	2	FileMCOpen
0x801c4788	4	2	FileHostClose
0x801c4004	76	2	CDVD_close
0x801c4428	100	2	FileMCClose
0x801c4050	188	2	CDVD_read
0x801c479c	8	2	FileHostLSeek
0x801c478c	8	2	FileHostRead
0x801c448c	224	2	FileMCSeek
0x801c456c	204	2	FileMCRead
0x801c4794	8	2	FileHostWrite
0x801c4638	212	2	FileMCWrite
0x80213f64	164	2	PADControlMotor
0x80217348	44	2	PSMTXIdentity
0x8021ea70	80	2	GXLoadNrmMtxImm
0x8021b3d8	52	2	GXSetCoPlanar
0x8021ecfc	120	2	GXSetScissor
0x801c662c	8	2	GlibSetVIInt
0x801c5fec	60	2	GlibEnableVIRetraceCallback
0x801c4fec	100	2	FontResetRenderState
0x801e3654	20	2	SysSetSystemTime
0x802ab680	12064	1	_SystemFontData
0x801c4cbc	264	2	FontAddFontFromBuffer
0x801c3e44	240	2	CDVD_init
0x801c4180	44	2	FileMCInit
0x801c477c	4	2	FileHostInit
0x8039cbf4	28	1	Cdinfo
0x8039cc40	32768	1	_CDVDAlignedBuffer
0x80209858	96	2	OSSignalSemaphore
0x802097e8	112	2	OSWaitSemaphore
0x80209790	88	2	OSInitSemaphore
0x8020a07c	488	2	OSCreateThread
0x8020a504	648	2	OSResumeThread
0x8020b8f8	200	2	DVDOpen
0x8020b9c0	36	2	DVDClose
0x8020bc08	192	2	DVDReadAsyncPrio
0x803a4c40	40960	1	FileMCWorkArea
0x801c470c	112	2	FileMCFlush
0x802241b0	72	2	CARDRead
0x8024cc28	84	2	DateIsYearLeap
0x802206d4	172	2	CARDInit
0x80222208	56	2	CARDProbe
0x80222aa4	72	2	CARDMount
0x80222b88	172	2	CARDUnmount
0x80222240	380	2	CARDProbeEx
0x802220e8	84	2	CARDCheck
0x8022090c	336	2	CARDFreeBlocks
0x80224adc	276	2	CARDGetStatus
0x8022489c	72	2	CARDDelete
0x80223d3c	72	2	CARDCreate
0x8022388c	260	2	CARDFastOpen
0x80224d64	72	2	CARDSetStatus
0x80223990	84	2	CARDClose
0x8022452c	72	2	CARDWrite
0x803b1c40	1	1	Font_ModuleActive
0x801c4918	84	2	FontProcessFontFile
0x801c4aec	108	2	FontOpenFileDevice
0x801c4b58	80	2	FontCloseFile
0x803aec40	60	1	Font_RenderState
0x801c5110	600	2	FontDrawText
0x801c5bc4	332	2	FontLLUploadPalettes
0x801c5d10	4	2	FontLLReleasePalettes
0x801c5e60	4	2	FontLLCreateFont
0x801c5d14	288	2	FontLLUploadTextures
0x801c5e34	44	2	FontLLReleaseTextures
0x803aec7c	7100	1	_FontLLRenderMapScratch
0x803b1c48	1	1	_Glib_ModuleActive
0x801c6028	1044	2	GlibLLInit
0x801c643c	8	2	GlibLLShutdown
0x802ae5c0	15	1	Glib_TexBitsPerPixel
0x803b1c68	7	1	Glib_PalBitsPerPixel
0x802ae5d0	60	1	Glib_TexPalEntries
0x801c5f68	8	2	GlibSetVsyncCallbackAfter
0x803b2fa4	4	1	_Glib_StartCycle
0x803b2fa8	4	1	_Glib_Cycle
0x802ae648	60	1	Pal574IntDfScale
0x803b0838	36	1	_Glib_LLInitBlock
0x803b085c	100	1	_Glib_LLRenderObj
0x801c6768	56	2	GlibSetCopyFilter
0x803b2fac	4	1	_Glib_BreakCycle
0x801c6660	8	2	GlibGetZDepthBits
0x801c698c	12	2	GlibGetXFBHeight
0x801e3684	16	2	SysIncVsyncCounter
0x80218f10	84	2	GXDisableBreakPt
0x8021115c	68	2	VISetPostRetraceCallback
0x802b3590	60	1	GXNtsc240Ds
0x802b35cc	60	1	GXNtsc240DsAa
0x802b3608	60	1	GXNtsc240Int
0x802b3644	60	1	GXNtsc240IntAa
0x802b3680	60	1	GXNtsc480IntDf
0x802b36bc	60	1	GXNtsc480Int
0x802b36f8	60	1	GXNtsc480IntAa
0x8021b430	288	2	GXAdjustForOverscan
0x80211db8	2088	2	VIConfigure
0x80212710	108	2	VISetNextFrameBuffer
0x80217824	1936	2	GXInit
0x8021b550	124	2	GXSetDispCopySrc
0x8021b648	52	2	GXSetDispCopyDst
0x8021b828	204	2	GXSetDispCopyYScale
0x8021e64c	212	2	GXSetPixelFmt
0x8021277c	124	2	VISetBlack
0x802125e0	304	2	VIFlush
0x8021afbc	68	2	GXSetDrawDoneCallback
0x8021918c	8	2	GXGetCPUFifo
0x80218da8	152	2	GXGetFifoPtrs
0x80218e84	140	2	GXEnableBreakPt
0x801c69f8	276	2	GlibRenderBegin
0x801fb480	556	2	TMRenderBeginFrame
0x801fb6d8	32	2	TMRenderEndFrame
0x8021ac20	152	2	GXSetDrawDone
0x8021acb8	76	2	GXWaitDrawDone
0x803b1c84	4	1	Glib_pGIF3Tag
0x803b1c88	4	1	Glib_pRenderBinList
0x803b1c8c	4	1	Glib_nRenderBins
0x801c6b0c	4	2	GlibRenderFlush
0x803b1c90	4	1	_bDrawDone
0x8021cfa0	72	2	GXInvalidateTexAll
0x802128a4	156	2	VIGetNextField
0x8021ec38	88	2	GXSetViewportJitter
0x8021a588	16	2	GXInvalidateVtxCache
0x801c6b10	48	2	GlibBinAlloc
0x801c6b40	4	2	GlibBinFree
0x802ae684	9	1	Math_ModuleID
0x801c7ae0	32	2	MathLLInit
0x802ae690	12	1	_MathRand_InitFunc
0x802ae69c	12	1	_MathRand_ResetFunc
0x802ae6a8	12	1	_MathRand_CopyFunc
0x802ae6b4	12	1	_MathRand_Func
0x801c75d4	384	2	MathLLAngleInit
0x803b08c0	36	1	_Math_Taylor
0x801c7874	120	2	_MathSinCos16
0x801c78ec	88	2	MathSinCosVec4
0x801c7b00	76	2	MathInvSqrt
0x801c7b4c	48	2	MathInverse
0x803b1ca8	4	1	_Mat_pCurStack
0x801c7cbc	36	2	MatGetStackPtrFromIndex
0x801c8258	4	2	MatLLInit
0x801c825c	336	2	MatRotAxis
0x801c8108	168	2	MatMulMatrices4x4
0x801c81e8	56	2	MatCat4x4
0x801c8bb4	48	2	MatStoreSlot
0x801c8be4	48	2	MatCatSlot
0x80217374	204	2	PSMTXConcat
0x803b08e4	32	1	_Mem_Crit
0x801ca988	60	2	MemHeapBreakdown
0x801ca73c	248	2	MemCustomHeap
0x801ca958	48	2	MemCheckSentinelAll
0x801ca9c4	48	2	MemHeapActive
0x801caa64	128	2	MemGetLargestFree
0x801caae4	52	2	MemCheckSentinel
0x801cb6e0	84	2	MemGetGroupLabelByAddr
0x801cb734	8	2	MemGetMemLL
0x801cb73c	4	2	MemFreeMemLL
0x801cbfc4	96	2	_MemCDetachCallback
0x801cc024	148	2	_MemCGetTypeFromCapacityAndSectorSize
0x801cc0b8	212	2	_MemCExprMatch
0x801cc18c	668	2	_MemCConvertFileTime
0x801cc524	44	2	MemCGetPort
0x801cc550	164	2	_MemCRemoveDevice
0x801cc5f4	300	2	_MemCAddDevice
0x801cd044	136	2	_MemCOpenDeleteCB
0x801cd0cc	220	2	_MemCOpenCreateCB
0x802233d0	72	2	CARDFormatAsync
0x80222904	416	2	CARDMountAsync
0x802220c0	40	2	CARDCheckAsync
0x80224744	72	2	CARDFastDelete
0x80223b1c	544	2	CARDCreateAsync
0x80224418	276	2	CARDWriteAsync
0x80224618	300	2	CARDFastDeleteAsync
0x8022406c	324	2	CARDReadAsync
0x80224bf0	372	2	CARDSetStatusAsync
0x802208dc	48	2	CARDGetResultCode
0x801ce26c	296	2	MovieRcmpInitVideo
0x801ce518	176	2	MovieRcmpResetTime
0x801ce394	116	2	MovieRcmpShutdownVideo
0x801ce408	188	2	MovieRcmpInitAudio
0x801ce4c4	84	2	MovieRcmpShutdownAudio
0x801ce5c8	388	2	MovieRcmpGetTime
0x801ce74c	360	2	MovieRcmpIsDecodeTime
0x801ce8b4	12	2	MovieRcmpGetGoalFrame
0x801ce8c0	12	2	MovieRcmpGetCurFrame
0x801ce8cc	84	2	MovieRcmpGetFrame
0x801ce920	40	2	MovieRcmpReleaseFrame
0x801ce948	104	2	MovieRcmpGetDataFromFrame
0x801ce9b0	64	2	MovieRcmpGetSizeFromFrame
0x801e3054	240	2	STREAM_release
0x801e2f54	256	2	STREAM_get
0x80364a60	16	0	_4RCMP.rcmp_sys
0x801cec48	80	2	MovieRcmpHandleChunk__FP15MovieRcmpInfo_tP14STREAMCHUNKHDR
0x801cfb5c	52	2	MAD_CODEC_is_chunk_for_codec__4RCMPUi
0x801d1cc0	48	2	VP6_CODEC_is_chunk_for_codec__4RCMPUi
0x801d1ca8	24	2	VP6_CODEC_is_head_chunk_for_codec__4RCMPUi
0x801cefbc	24	2	__Q24RCMP5CHUNK
0x801ced84	72	2	ChooseCodec__Q24RCMP7DECODERPQ24RCMP5CODECPQ24RCMP5CHUNK
0x801cedcc	88	2	FreeChosenCodec__Q24RCMP7DECODER
0x801e31c4	92	2	STREAM_isendofstream
0x801ceff4	24	2	__Q24RCMP11CODEC_IDATAPQ24RCMP8STREAMERPFPQ24RCMP7DECODERPQ24RCMP8STREAMERPPQ24RCMP5CHUNK_vPFPQ24RCMP7DECODERPQ24RCMP8STREAMERPQ24RCMP5CHUNK_vUi
0x801cecb8	116	2	__Q24RCMP7DECODERPCQ24RCMP11CODEC_IDATA
0x80243cc0	88	2	SNDplaysetdef
0x802370b8	72	2	SNDSTRM_overheadtap
0x8024867c	64	2	SNDSTRM_createtap
0x80237f50	44	2	SNDSTRM_queuerequestid
0x80240fc8	188	2	SNDSTRM_destroy
0x80245300	64	2	SNDSYS_entercritical
0x802412b4	532	2	SNDSTRM_requeststatus
0x80245340	64	2	SNDSYS_leavecritical
0x8023cd84	56	2	SNDPROFILE_outputlatency
0x801cee6c	140	2	GetFrame__Q24RCMP7DECODERUi
0x801cee24	72	2	GetCurrentFrameNumber__Q24RCMP7DECODER
0x801ceef8	56	2	ReleaseFrame__Q24RCMP7DECODERPQ24RCMP5FRAME
0x801ceb30	152	2	MovieRcmpRenderInit__FP5SHAPE
0x801cebc8	128	2	MovieRcmpRenderShape__FP5SHAPE10CodeType_t
0x801d0e2c	96	2	yuvrenderinit
0x801d0e8c	100	2	yuvrenderDoubleYLines
0x801cec98	32	2	__Q24RCMP11RCMP_SYSTEM
0x80294aa8	24	1	_vt.Q24RCMP11RCMP_SYSTEM
0x80294a90	24	1	_vt.Q24RCMP7DECODER
0x801cefd4	32	2	__Q24RCMP11CODEC_IDATA
0x801ced2c	88	2	_._Q24RCMP7DECODER
0x801cef30	88	2	GetChunk__Q24RCMP7DECODER
0x801cef88	52	2	ReleaseChunk__Q24RCMP7DECODERPQ24RCMP5CHUNK
0x801cf060	52	2	_._Q24RCMP11RCMP_SYSTEM
0x801cf10c	180	2	__9MAD_FRAMEUiUi
0x801cf1c0	108	2	_._9MAD_FRAME
0x801cf22c	52	2	__18MAD_CODEC_INTERNAL
0x80294ae8	64	1	_vt.18MAD_CODEC_INTERNAL
0x801cf260	424	2	_._18MAD_CODEC_INTERNAL
0x80294b28	64	1	_vt.Q24RCMP5CODEC
0x801cf408	28	2	Init__18MAD_CODEC_INTERNALPQ24RCMP7DECODERPQ24RCMP5CHUNK
0x801cf424	8	2	GetCurrentFrameNumber__18MAD_CODEC_INTERNAL
0x801cf42c	8	2	GetFrameRate__18MAD_CODEC_INTERNAL
0x801cf434	68	2	GetNextChunk__18MAD_CODEC_INTERNALPPQ24RCMP5CHUNK
0x801cf478	44	2	ReleaseChunk__18MAD_CODEC_INTERNALPQ24RCMP5CHUNK
0x801cf4a4	972	2	DecodeChunk__18MAD_CODEC_INTERNALPQ24RCMP5CHUNK
0x801cf99c	112	2	CreateKorM__18MAD_CODEC_INTERNAL
0x801cfa0c	112	2	CreateE__18MAD_CODEC_INTERNAL
0x801cf870	300	2	GetFrame__18MAD_CODEC_INTERNALUi
0x801cfa7c	84	2	ReleaseFrame__18MAD_CODEC_INTERNALPQ24RCMP5FRAME
0x801cfb1c	64	2	_._Q24RCMP5CODEC
0x801d0234	320	2	MAD_initdecode__FPCUsii
0x801d0374	824	2	MAD_decodemacroblock__FPCUcN20PUcN23i
0x80364a70	2048	0	madvlctbl1
0x80365670	1024	0	madvlctbl3
0x80365270	1024	0	madvlctbl2
0x80365a70	256	0	madvlctbl4
0x803b28a0	4	0	madshiftreg
0x803b28a4	4	0	madbitcount
0x803b289c	4	0	maddataptr
0x80365b70	256	0	madquant
0x80366470	256	0	idctinput
0x802ae724	256	1	idctprescale
0x801d0704	364	2	madvlcdecode
0x801d0cc4	356	2	idctcompute
0x801d0e28	4	2	yuvrenderrestore
0x801d0ef0	1460	2	YUV_convert
0x801d14a4	616	2	yuvtoRGB32_C
0x801d170c	344	2	yuvtoA32_C
0x801d1864	744	2	yuvtoRGBA32_C
0x801d1b4c	348	2	YUV_convert_RGBA
0x8021919c	264	2	GXRedirectWriteGatherPipe
0x802192a4	416	2	GXRestoreWriteGatherPipe
0x803b1cf8	1	1	_Obj_ModuleActive
0x802b0028	11	1	Obj_ModuleID
0x803b2fb0	4	1	_Obj_NumTypes
0x803b2fb4	4	1	_Obj_pTypeList
0x801d2670	132	2	ObjClearList
0x802b0034	24	1	gPoolHeapDef
0x801d3778	560	2	ParticleObjInitParms
0x801d39a8	96	2	ParticleObjInitState
0x801d3bb4	176	2	ParticleObjSetLocalMat
0x801d3b7c	56	2	ParticleObjAttachTex
0x801d3b2c	80	2	ParticleObjAddSys
0x801d4414	68	2	PartRead8
0x801d4658	68	2	_partReadWrite
0x801d4458	68	2	PartRead16
0x801d449c	68	2	PartRead32
0x801d44e0	64	2	PartRead
0x801d4520	140	2	PartReadVec3
0x801d4fbc	12	2	ParticleLibGetOrientation
0x801d52d8	152	2	EmitterPrecalcDependantVals
0x801d51d4	260	2	EmitterInitParms
0x801d574c	112	2	PsysColInitParms
0x801d5dfc	144	2	ColorRampCopy
0x801d5b8c	128	2	ColorRampInitParms
0x801d592c	100	2	PsysColExtSet
0x801d5b4c	64	2	ColorRampInit
0x801d5df4	8	2	ColorRampSetInterp
0x801d5c0c	168	2	ColorRampInsertColor
0x803b1d08	1	1	Per_ModuleActive
0x803b2fb8	4	1	Per_NumDrivers
0x803b2fbc	4	1	Per_DriverArray
0x803b2fc0	4	1	Per_MaxButtons
0x803b2fc4	4	1	Per_MaxDevices
0x803b2fc8	4	1	Per_DeviceDataBuffer
0x803b2fcc	4	1	Per_NumDevices
0x801d63f8	148	2	PerReleaseDevices
0x801d6274	24	2	PerIsActive
0x801d6344	180	2	PerReleaseSingleDevice
0x801d65fc	12	2	PerGetDataSize
0x801d66dc	96	2	PerSystemInit
0x801d6770	84	2	PerRegisterDevices
0x801d673c	52	2	PerSystemShutdown
0x801d6a00	8	2	PerSystemGetDriverDataSize
0x803b2fd0	4	1	Per_LLDriverData
0x801d6850	84	2	PerUnRegisterDevices
0x801d67c4	140	2	PerRegisterSingleDevice
0x801d68fc	168	2	PerCheckConnectSingle
0x801d69c8	56	2	PerSystemGetLLDriverData
0x802139a0	536	2	PADInit
0x8024cd58	84	2	Init_GFLink
0x801d73c0	80	2	PerJoyDriverPollPADs
0x80229a78	36	2	SIProbe
0x803b0904	48	1	padStatus
0x8024cdac	172	2	GetState_GFLink
0x8021379c	256	2	PADReset
0x80213bb8	940	2	PADRead
0x80212e28	276	2	PADClamp
0x8024ce58	48	2	GBAFanServiceLink
0x801d7c00	432	2	QuatFromMatrix
0x802b0080	13	1	_Res_ModuleID
0x802b0090	9	1	_Res_ResidentString
0x803b1d20	1	1	_Res_ModuleActive
0x803b1d24	4	1	_Res_AsyncLoadCount
0x803b1d28	4	1	_Res_AsyncOverride
0x801d87cc	64	2	_ResFileSearchByFileNameFunc
0x803b0934	32	1	_ResCount_CS
0x801dd114	20	2	ResUnprotect
0x803b0954	32	1	_Res_CS
0x803b2fd4	4	1	_Res_ResourceFileList
0x801db824	428	2	ResWriteFromBuffer
0x801dc1a4	1616	2	ResLoadAll
0x801dcf40	468	2	ResCallTimedAsync
0x801dcd3c	252	2	ResGetStreamInfo
0x801dd128	132	2	ResGetAlignment
0x801dd1bc	8	2	ResGetMemAllocFlags
0x8024d55c	208	2	GCmpBlockStart
0x8024d62c	144	2	GCmpBlockProcess
0x8024d6bc	156	2	GCmpBlockStop
0x801dec40	380	2	ResCacheWrite
0x8024d528	52	2	GCmpIsBlockCodec
0x8024d864	116	2	GCmpSetLabel
0x8024d150	184	2	GCmpDecompress
0x801ddfb4	696	2	ResTrackResource
0x801deea4	124	2	ResLooseFileGetSize
0x801def20	84	2	ResLooseFileOpen
0x801de814	244	2	ResQuickloadIsInFile
0x801e3694	8	2	SysGetVsyncCounter
0x8024d06c	24	2	GCmpIsActive
0x8024ce88	320	2	GCmpInit
0x801de98c	8	2	ResCacheSetDevice
0x8024cfc8	164	2	GCmpShutdown
0x801de994	492	2	ResCacheOpen
0x801debb8	136	2	ResCacheUpdateState
0x801deb80	56	2	ResCacheClose
0x801dd7f8	220	2	_ResCloseWrite
0x801dee6c	56	2	ResLooseFileExists
0x801dd1c4	36	2	ProcHashHSH1
0x801dd1e8	84	2	ProcHashHSH2
0x801dd23c	560	2	ProcBuildHashTable
0x801def74	112	2	HashString
0x801dd4c4	780	2	ResWriteResourceIgnoreCompression
0x801dd7d0	40	2	ResWriteResource
0x8024d098	184	2	GCmpCompress
0x803b1d70	1	1	bResTrackResource
0x803b1d71	1	1	bResTrackInit
0x801ddf9c	24	2	_ResTrackIsPaused
0x8023185c	152	2	bsearch
0x803b0974	255	1	_ResLooseFile_PathName
0x802b009c	10	1	_Snd_ModuleID
0x80295f58	56	1	_vt.23TiburonIAllocator13Impl
0x801df6d4	280	2	SndUnloadAll
0x801dff00	92	2	SndUnloadSeq
0x801dfb58	76	2	SndGetBankResidentSize
0x801e0a0c	104	2	SndAemsAllocFileDesc
0x801e0a74	52	2	SndAemsDerefrenceFileDesc
0x801e0adc	120	2	Alloc__23TiburonIAllocator13ImplUiRCQ22EA12TagValuePair
0x801e0b54	36	2	Free__23TiburonIAllocator13ImplPvUi
0x801e0b78	8	2	AddRef__23TiburonIAllocator13Impl
0x801e0b80	8	2	Release__23TiburonIAllocator13Impl
0x801e0aa8	52	2	_._23TiburonIAllocator13Impl
0x80295f90	56	1	_vt.Q32EA9Allocator10IAllocator
0x801e0b88	52	2	_._Q32EA9Allocator10IAllocator
0x801e0bbc	148	2	SndllResolveBank
0x80241744	20	2	SNDBANK_asyncloadmemdone
0x801e0c50	48	2	SndSetHeap
0x80241650	244	2	SNDBANK_asyncloadmem
0x80247a38	400	2	SNDbankadd
0x801e32b8	4	2	_StreamMUTEX_init
0x80246134	32	2	SetMaxBuses__Q23Snd17GlobalFxProcessori
0x802392bc	60	2	VectorToCsisMutex__Q23Snd6System
0x80238570	176	2	SetHeap__Q23Snd6MemoryQ23Snd6DevicePvi
0x80238300	552	2	Init__Q23Snd6Systemi
0x80244aa0	176	2	SNDmidiinit
0x80238540	48	2	Restore__Q23Snd6System
0x80241230	132	2	SNDSYS_linkmaincpumixer
0x802093a4	128	2	OSGetSoundMode
0x80238094	120	2	SetOutputMode__Q23Snd6SystemQ23Snd10OutputMode
0x80238218	116	2	SetSndInitsAram__Q23Snd6Systemb
0x8023810c	268	2	SetVoices__Q23Snd6SystemQ23Snd6Devicei
0x80237f7c	116	2	SetMaxBanks__Q23Snd6Systemi
0x8023828c	116	2	SetAbortHandler__Q23Snd6SystemPFPCc_v
0x80238620	124	2	SetFunctionProfiler__Q23Snd7ProfilePFPCc_vT1
0x80244b94	84	2	SNDmidistopall
0x80244b50	68	2	SNDmidirestore
0x802438e0	400	2	SNDbankremove
0x80236774	24	2	SNDbankheadersize
0x802432b4	116	2	SNDbankheadercopy
0x80244cb0	184	2	SNDCTRL_drylevel
0x80237a78	152	2	SNDBANK_play
0x80243dc0	96	2	SNDstop
0x80236670	260	2	SNDrelease
0x80243d18	36	2	SNDover
0x802453d4	380	2	SNDvol
0x8023c200	148	2	SNDpitchmult
0x80244be8	200	2	SNDseqstop
0x80237100	68	2	SNDSTRM_overhead
0x80240fa0	40	2	SNDSTRM_create
0x80241084	36	2	SNDSTRM_queuefile
0x802410a8	312	2	SNDSTRM_purge
0x802378f4	388	2	SNDSTRM_autovol
0x80243eec	92	2	SNDSTRM_pitchmult
0x8024361c	708	2	SNDSTRM_setvol
0x802476bc	692	2	SNDSTRM_setazimuth
0x80243384	224	2	SNDSTRM_status
0x8023ce0c	152	2	SNDSTRM_getprogvol
0x802431b8	252	2	SNDSTRM_fxlevel
0x8023cdbc	80	2	SNDSTRM_drylevel
0x802411e0	80	2	SNDSTRM_lowpass
0x80248938	192	2	SNDmastervol
0x80244e30	120	2	SNDSYS_service
0x802364b4	300	2	AddAems1CompatibilitySystem__Q23Snd4AemsPv
0x802365e0	144	2	RemoveAems1CompatibilitySystem__Q23Snd4Aems
0x80247428	440	2	SNDAEMS_streaminit
0x802475e0	148	2	SNDAEMS_streamrestore
0x80243f90	440	2	SNDAEMS_addmodulebank
0x8023bce0	460	2	SNDAEMS_removemodulebank
0x80245794	72	2	SNDmemlimits
0x803b1d98	1	1	_Sort_ModuleActive
0x802b00a8	9	1	Sort_ModuleID
0x803b0a74	16	1	_Sort_Interface
0x801e0dac	32	2	SortAddSortType
0x801e0fac	44	2	SortInitBubbleModule
0x801e12b4	44	2	SortInitQuickModule
0x801e1438	632	2	_Spch_AddEvent__Fiie
0x80295fc8	40	1	_vt.Q32EA9Allocator21TiburonIAllocatorImpl
0x801e18ac	44	2	Allocate__Q32EA9Allocator21TiburonIAllocatorImplUiUii
0x801e18d8	36	2	Deallocate__Q32EA9Allocator21TiburonIAllocatorImplPv
0x801e18fc	8	2	MaxAlloc__CQ32EA9Allocator21TiburonIAllocatorImpl
0x80236130	72	2	SPCH_AddEventDB
0x801e23dc	32	2	STREAM_overhead
0x801e2d88	460	2	STREAM_kill
0x801e2784	116	2	STREAM_setgreedylevel
0x801e27f8	112	2	STREAM_setgreedystate
0x801e2a1c	260	2	STREAM_queuemem
0x801e2b20	616	2	STREAM_cancelrequest
0x801e3144	64	2	STREAM_gettable
0x801e3184	64	2	STREAM_state
0x801e3220	72	2	STREAM_buffersize
0x801e330c	40	2	_StreamMUTEX_lock
0x801e3334	40	2	_StreamMUTEX_unlock
0x801e32bc	40	2	_StreamMUTEX_alloc
0x801e32e4	40	2	_StreamMUTEX_free
0x801e3c34	64	2	SysInitSemaphore
0x801e3cc0	56	2	SysShutdownSemaphore
0x801e3c74	40	2	SysLockSemaphore
0x801e3c9c	36	2	SysUnlockSemaphore
0x802b00b4	11	1	_Sys_ModuleID
0x803b1da8	1	1	_Sys_ModuleActive
0x803b1dbc	4	1	_Sys_SystemTimer
0x801e369c	128	2	SysAllocTimer
0x801e371c	56	2	SysFreeTimer
0x801e3668	28	2	SysIncSystemTime
0x801e3990	116	2	SysInitDependent
0x801e3a44	104	2	SysStartTimer
0x801e3a04	64	2	SysShutdownDependent
0x801e3aac	72	2	SysStopTimer
0x801e3d20	32	2	SysGetThreadID
0x8024ccac	172	2	DateGetNumDaysInMonth
0x8024cc7c	48	2	DateGetNumDaysInYear
0x801e406c	448	2	SysUpdateRealTimeClock
0x801e42d8	60	2	SysResetSystem
0x80206398	40	2	LCDisable
0x8021389c	260	2	PADRecalibrate
0x80216fd8	12	2	AIReset
0x8021aab0	368	2	GXAbortFrame
0x80208a0c	664	2	OSGetResetButtonState
0x80208998	116	2	OSSetResetCallback
0x8020aaec	192	2	OSSetThreadPriority
0x80211118	68	2	VISetPreRetraceCallback
0x8020a040	60	2	OSYieldThread
0x80209aa8	12	2	OSGetCurrentThread
0x8020a78c	368	2	OSSuspendThread
0x8022b708	176	2	__floatdisf
0x8022b4b0	68	2	__fixsfdi
0x803b1de8	4	1	TDbStrlen
0x803b1dec	4	1	TDbStrncmp
0x803b1df0	4	1	TDbStrcpy
0x803b1df4	4	1	TDbStrncpy
0x803b1df8	4	1	_tDbMemAllocInfoCallback
0x803b1dfc	4	1	_tDbDefaultDbStackUsed
0x803b1e00	4	1	_tDbDatabaseList
0x803b1e04	4	1	_tDbGlobalMemoryHeapID
0x803b1e08	4	1	_tDbQueries
0x803b1e0c	4	1	_tDbstrEmptyString
0x803b0a84	400	1	_tDbDefaultDbStack
0x801e438c	200	2	_TDbTblFindDbTable
0x801e4454	84	2	_TDbQryRefGet
0x803b0c14	120	1	_tDbQryCallbackNames
0x803b0c8c	28	1	_tDbGlobalExprPool
0x803b0ca8	28	1	_tDbQryMem
0x803b0cc4	28	1	_tDbQrySearchMem
0x803b0ce0	28	1	_tDbIndexPool
0x801e5234	64	2	TDbTblDefaultDbGet
0x801e5310	184	2	TDbInsertRow
0x801e53c8	136	2	TDbTblRowCopyTrig
0x801e5450	176	2	TDbQryRowCopyTrig
0x801e5500	120	2	TDbQryDeleteRow
0x801e58ac	276	2	TDbTblGetCount
0x801e59c0	288	2	TDbIdxCreate
0x801e5d5c	136	2	TDbQrySetRow
0x801e5de4	160	2	TDbQryCreateTbl
0x801e5e84	44	2	TDbQryColStats
0x801f81f4	20	2	TDbExtMemInit
0x801eea84	248	2	_TDbMemPoolInit
0x801eeb7c	140	2	_TDbMemPoolDeinit
0x801f8218	8	2	TDbExtMemShutdown
0x801f8220	84	2	TDbExtMemAlloc
0x801f3e14	212	2	_TDbQryDestroy
0x801f6f1c	532	2	_TDbTblDestroy
0x801f831c	36	2	TDbExtMemFree
0x801e762c	1552	2	_TDbIOLoadDatabase
0x801e7c3c	852	2	_TDbIOSaveDatabase
0x801e7f90	132	2	_TDbIOCRC32
0x801ed3d4	124	2	_TDbDataGetBitData
0x801ed450	184	2	_TDbDataSetBitData
0x801f6bd4	52	2	_TDbTblFindTable
0x801f6c08	788	2	_TDbTblCreate
0x801f6b08	204	2	_TDbTblResolveColRef
0x801f7130	1088	2	_TDbTblInsertRow
0x801f78f0	1368	2	_TDbTblRowCopyTrig
0x801f31cc	552	2	_TDbQryPrepSearch
0x801f33f4	112	2	_TDbQryPrepFree
0x801f5ca0	1044	2	_TDbQryRowCopyTrig
0x801f3844	520	2	_TDbQryDeleteRow
0x801f7754	256	2	_TDbTblRowGrow
0x801f7854	156	2	_TDbTblRowTruncate
0x801f0538	1748	2	_TDbExprPrepare
0x801f3464	624	2	_TDbQryPrepSimple
0x801f2c34	916	2	_TDbQrySyncStart
0x801f2fc8	516	2	_TDbQrySyncSkip
0x801f0c0c	176	2	_TDbExprFree
0x801ee4a0	1020	2	_TDbIndexCreate
0x801ee918	364	2	_TDbIndexDestroy
0x801f3a4c	968	2	_TDbQryCreate
0x801f3ee8	84	2	_TDbQryGetCount
0x801f3f3c	2400	2	_TDbQryRetrieve
0x801f36d4	368	2	_TDbQryPrepComplex
0x801efe2c	1320	2	_TDbExprTest
0x801f5480	244	2	_TDbQryPrepColLits
0x801f59e0	416	2	_TDbQryFillToColLits
0x801f60b4	364	2	_TDbQrySetRow
0x801f489c	3044	2	_TDbQryCreateTbl
0x801f6220	1232	2	_TDbQryColStats
0x803b1e10	4	1	_tDbGlobalFileVersion
0x801edfdc	232	2	_TDbIndexRowAdd
0x801ee374	300	2	_TDbIndexRowDelete
0x801eec4c	312	2	__TDbMemPoolAlloc
0x801eed84	16	2	__TDbMemPoolFree
0x801f8274	92	2	TDbExtMemAllocTemp
0x801ebb0c	592	2	_T3DBParse_OrderBy
0x801ebff0	1060	2	T3DB_Lexer_GetTokens
0x801f7e48	112	2	TDbUtilFillTableColRefsForTableColLits
0x801ec670	3136	2	T3DB_Lexer_Identifier
0x801ec414	604	2	T3DB_Lexer_Number
0x801ed2b0	292	2	T3DB_Lexer_StringLiteral
0x801ed508	212	2	_TDbIdxSeekClosest
0x801ed8d8	148	2	_TDbIdxTreeMoveLeft
0x801ed5dc	612	2	_TDbIdxSeek
0x801ed840	152	2	_TDbIdxTreeMoveRight
0x801edaf0	276	2	_TDbIdxTreeInsert
0x801edc04	324	2	_TDbIdxTreeDelete
0x801ee0c4	220	2	_TDbIndexRowFindNode
0x801ee1a0	468	2	_TDbIndexRowUpdated
0x801ee89c	124	2	_TDbIndexZap
0x801f1ca8	160	2	_TDbQryQueryDeleteFixEx
0x801eec08	68	2	_TDbMemPoolReset
0x801f0354	484	2	_TDbExprCopy
0x801f0cbc	216	2	_TDbExprFindTableCol
0x801f0ec0	400	2	_TDbQryCheckQIdxUsage
0x801f1050	376	2	_TDbQryRebuildQIdx
0x801f1b5c	332	2	_TDbQryQueryDeleteFix
0x801f5be8	184	2	_TDbQryCallTriggers
0x801f5574	1132	2	_TDbQryFillFromColLits
0x801f5b80	104	2	_TDbQryClearModFlags
0x801f7570	484	2	_TDbTblDeleteSingleRow
0x801f7f28	296	2	_TDbBlobGetData
0x801f80c0	108	2	_TDbDataGetPtrData
0x801f8050	112	2	_TDbDataSetPtrData
0x801f6a04	260	2	_TDbTblGetFullRow
0x801f689c	360	2	_TDbTblCallInsertTriggers
0x801f82d0	76	2	TDbExtMemRealloc
0x802b075c	28	1	tdbioreswriteCallback
0x803b1e2c	4	1	_Tex_ImageHeap
0x802b0778	12	1	_Tex_ModuleID
0x803b1e34	4	1	_Tex_pFileTypes
0x802b0784	12	1	_Tex_RawFileType
0x802b0790	12	1	_Tex_MipmapFileType
0x801f9b34	332	2	TexDecompressTexture
0x801f927c	340	2	TexCreateEmpty
0x801f93d0	160	2	TexUpdateFrame
0x801f91d4	28	2	TexAddConversionType
0x801f99b8	8	2	TexGetNumPalettes
0x801f99d0	36	2	TexGetMaterialNameByIndex
0x8025348c	84	2	IffGetChunk
0x801f9dfc	28	2	TMModelResRelocatePtr
0x801f9d70	64	2	TMModelResInit
0x801f9dd8	36	2	TMModelResShutdown
0x801f9f78	204	2	TMSwapRelocateChunk
0x801fa044	36	2	TMSwapGetNode
0x801fa1d8	416	2	TMModelBindModelChunk
0x801ff1c4	80	2	TMLightDefRelocateChunk
0x801fdf1c	228	2	TMMaterialDefRelocateChunk
0x80200a18	132	2	TMSkelRelocateChunk
0x80200dec	236	2	TMGeomRelocateChunk
0x80200220	52	2	TMExtentsDefRelocateChunk
0x801fe078	52	2	TMClusterDefRelocateChunk
0x80200284	108	2	TMTexXformRelocateChunk
0x80200764	156	2	TMInstanceDefRelocateChunk
0x8020086c	244	2	TMInstanceRegionDefRelocateChunk
0x802006cc	152	2	TMDebugInfoRelocateChunk
0x8020097c	156	2	TMMorphAnimRelocate
0x801fd444	68	2	TMMemAllocArray
0x801fe000	120	2	TMMaterialDefGetIndexByName
0x80200ed8	96	2	TMGeometryRemapMaterials
0x801fd488	40	2	TMMemFreeArray
0x80200a9c	152	2	TMSkelBuildRemapTable
0x801fe0ac	140	2	TMClusterDefRemap
0x80200b34	296	2	TMSkelRemapNodes
0x801fb00c	108	2	TMMaterialListAlloc
0x803b0cfc	36	1	_TMMaterial_pTexNodes
0x801fad4c	56	2	TMMaterialBindShaderRef
0x801fad84	60	2	TMMaterialBindShader
0x801fd9a8	168	2	TMShaderDefGetParmByName
0x802002f8	136	2	TMTexXformFind
0x801fb168	100	2	TMMaterialListSelect
0x801fd334	40	2	TMNameCompareExact
0x801fd35c	68	2	TMNameCompareWildcard
0x801fb33c	80	2	TMRenderDisable32BitIndirectCluts
0x801fb40c	32	2	TMRenderSetDefaultTexture
0x801fb42c	84	2	TMRenderReset
0x801fb6ac	44	2	TMRenderBeginViewport
0x801fbc8c	56	2	TMRenderBindMaterialIndex
0x801fd240	100	2	TMTextureMakeNullTexture
0x801fd118	4	2	TMTextureTexDelete
0x8021e720	44	2	GXSetDither
0x802006c4	4	2	TMProfBeginFrame
0x802006c8	4	2	TMProfEndFrame
0x801fdf18	4	2	TMShaderCodeLoad
0x801fc2f0	8	2	TMShaderSelect
0x8021cb3c	8	2	GXInitTexObjTlut
0x80200468	236	2	TMChannelListSubmit_DFA
0x80200554	108	2	TMChannelListSubmit_A
0x80200380	232	2	TMChannelListBuild
0x801fc1bc	248	2	TMShaderNew
0x801fc2b4	44	2	TMShaderDelete
0x801fc2e0	8	2	TMShaderSetBindFunc
0x801fdf08	16	2	TMShaderParmGetSize
0x801fc594	8	2	TMShaderLibSetNullShader
0x801fd5d0	92	2	TMRegistryAddEntry
0x801fd4c4	88	2	TMRegistryAlloc
0x801fd9a0	8	2	TMRegistryGetNumEntries
0x801fd7e0	48	2	TMRegistryGetDataByIndex
0x801fd51c	52	2	TMRegistryFree
0x801fd954	76	2	TMRegistryGetDataByName
0x801fd7a4	60	2	TMRegistryRemoveEntryByName
0x801fd550	100	2	TMRegistryReset
0x801fd8d0	132	2	TMRegistrySearchPath
0x801fc7f0	132	2	TMTexLibAlloc
0x801fc874	96	2	TMTexLibFree
0x801fcbcc	36	2	TMTexLibGetTextureByTexNode
0x801fcbf0	56	2	TMTexLibGetClutByTexNode
0x801fcc28	56	2	TMTexLibGetTexNode
0x801fd5b4	28	2	TMRegistrySetEntry
0x801fd014	260	2	TMTextureSetTexData
0x801fd2a4	4	2	TMTextureSetTexName
0x801fd23c	4	2	TMTextureClutDelete
0x801fd768	60	2	TMRegistryRemoveEntryByData
0x801fcf5c	40	2	TMTextureSetWrapParm
0x803b0d20	256	1	_TMTexture_NullData
0x802062e4	48	2	DCStoreRange
0x801fd3a0	164	2	TMNameSplitPath
0x801fd62c	144	2	TMRegistryGetIndexByName
0x801fd6bc	68	2	TMRegistryGetIndexByData
0x801fd700	104	2	TMRegistryRemoveEntryByIndex
0x801fd810	192	2	TMRegistrySearch
0x802b07e4	28	1	_TMShaderStock_ReplaceDef
0x801fe468	404	2	TMTevSetTevOp
0x80206490	12	2	LCQueueLength
0x8020649c	20	2	LCQueueWait
0x802063e4	172	2	LCStoreData
0x801ff024	44	2	TMClipResetExtent
0x801fef5c	120	2	TMClipProjVertexList
0x801ff0fc	16	2	TMBufferGetFreeSpace
0x801ff10c	76	2	TMBufferOpen
0x801ff158	36	2	TMBufferClose
0x801ff17c	72	2	TMBufferAlloc
0x801ff614	12	2	TMBlendSetMaxActiveTargets
0x801ff57c	152	2	TMBlendBindModel2
0x801ff620	164	2	TMBlendGeom
0x801ff7e8	112	2	TMBlendChannelSet
0x802000b0	184	2	TMBlendOpExtract
0x801fff70	320	2	TMBlendOpAccumulate
0x801ff858	68	2	TMBlendChannelSetMem
0x80200168	184	2	TMBlendOpIntract
0x801ff8d0	28	2	TMBlendChannelSetOverride
0x801ff8ec	132	2	TMBlendChannelBegin
0x801ff970	4	2	TMBlendChannelEnd
0x801ff89c	52	2	TMBlendChannelSetChannels
0x801ff7d4	20	2	TMBlendChannelGetBuffer
0x802006b8	4	2	TMViewportLLNew
0x802006bc	4	2	TMViewportLLDelete
0x802006c0	4	2	TMViewportLLMatrices
0x80200960	28	2	TMMorphAnimResRelocatePtr
0x803b1e98	1	1	UIGFMV_bPlay
0x803b1e99	1	1	UIGFMV_AlphaMap
0x803b1e9a	1	1	UIGFMV_Sound
0x802010b8	100	2	UIGFmvInit
0x8020111c	48	2	UIGFmvShutdown
0x8020114c	72	2	UIGFmvProcess
0x80201194	104	2	UIGFmvAddInstance
0x802011fc	92	2	UIGFmvDeleteInstance
0x80201318	8	2	UIGFmvHaveAlphaMap
0x80201328	72	2	UIGFmvHaveSound
0x80201370	8	2	UIGFmvGetHeap
0x802028c4	20	2	UIGLibraryGetFilename
0x802021e0	112	2	UIGLibrarySelfManagedInit
0x802028ec	20	2	UIGLibrarySetResFile
0x8020178c	4	2	LLUIGFmvInit
0x802028d8	20	2	UIGLibraryGetResFile
0x80201790	4	2	LLUIGFmvShutdown
0x802025e8	32	2	UIGLibraryGetItemData
0x80201454	12	2	LLUIGFmvProcess
0x80201890	244	2	LLUIGFmvAddInstance
0x80202608	32	2	UIGLibrarySetItemData
0x80201984	160	2	LLUIGFmvDeleteInstance
0x80202d58	48	2	UIGLibrarySetMemInfo
0x80201628	356	2	LLUIGFmvUpdate
0x80202d88	56	2	UIGLibraryClearMemInfo
0x80201ef0	8	2	LLUIGFmvIsFinished
0x80201a24	472	2	LLUIGFmvStartInstance
0x80201bfc	224	2	LLUIGFmvStopInstance
0x803b1ea0	4	1	_pToImage
0x80201460	68	2	LLUIGDumpImage
0x802014a4	136	2	LLUIGFmvDecompressFrame
0x8020152c	252	2	LLUIGFmvNextFrame
0x80202ed0	60	2	LLUIGTexNodeRoundToPowerOf2
0x8020247c	364	2	UIGLibraryPreloadItem
0x80202628	84	2	UIGLibraryReferenceCount
0x8020287c	20	2	UIGLibraryGetVramHeapID
0x80202a74	20	2	UIGLibrarySetData
0x80202a88	20	2	UIGLibraryGetData
0x80202dc0	28	2	UIGCSResetColorStyleCache
0x80202ddc	112	2	UIGTexNodeUnLoad
0x802034fc	120	2	UIGFontDestroyFont
0x80202e4c	132	2	UIGTexNodeLoad
0x80203450	172	2	UIGFontCreateFont
0x8020337c	128	2	UIGFontCreateFontLibrary
0x802033fc	84	2	UIGFontDestroyFontLibrary
0x80203024	100	2	LLUIGTexNodeFreeImage
0x80202f0c	280	2	LLUIGTexNodeSetImage
0x803b0e20	32	1	LLUIGTexTexObj
0x803b0e40	32	1	LLUIGTexTlutTexObj
0x803b0e60	12	1	LLUIGTexTlutObj
0x803b0e6c	64	1	LLUIGTexLightObj
0x8021cb50	16	2	GXGetTexObjWidth
0x8021cb60	16	2	GXGetTexObjHeight
0x8021d010	124	2	GXSetTexCoordScaleManually
0x8021d5fc	108	2	GXSetTevIndirect
0x802036a0	56	2	Vec3InvMagnitude
0x80203640	20	2	Vec2MagnitudeSqr
0x80203670	48	2	Vec2InvMagnitude
0x803b1ecc	4	1	_Vpt_ViewportList
0x803b1ed0	4	1	_Vpt_CallbackList
0x803b2fd8	4	1	_Vpt_pCurrentViewport
0x803b2fdc	1	1	_Vpt_MatrixStackIndex
0x80204524	56	2	VptSaveMatrix
0x802047a0	80	2	VptLLInit
0x80204ba4	44	2	VptFlushObjectTrashSync
0x802047f0	48	2	VptLLShutdown
0x80204820	8	2	VptLLOpen
0x80204828	8	2	VptLLClose
0x80204830	116	2	VptViewport
0x802048dc	160	2	VptOrtho
0x80217440	156	2	C_MTXFrustum
0x802b092c	9	1	Vram_ModuleID
0x80204d04	8	2	PPCMfmsr
0x80204d0c	8	2	PPCMtmsr
0x80204d14	8	2	PPCMfhid0
0x80204d1c	8	2	PPCMthid0
0x80204d24	8	2	PPCMfl2cr
0x80204d2c	8	2	PPCMtl2cr
0x80204d34	8	2	PPCMtdec
0x80204d3c	8	2	PPCSync
0x80204d58	8	2	PPCMtmmcr0
0x80204d60	8	2	PPCMtmmcr1
0x80204d68	8	2	PPCMtpmc1
0x80204d70	8	2	PPCMtpmc2
0x80204d78	8	2	PPCMtpmc3
0x80204d80	8	2	PPCMtpmc4
0x80204d88	32	2	PPCMffpscr
0x80204da8	40	2	PPCMtfpscr
0x80204dd0	8	2	PPCMfhid2
0x80204dd8	8	2	PPCMthid2
0x80204de0	12	2	PPCMfwpar
0x80204dec	8	2	PPCMtwpar
0x80204df4	40	2	PPCDisableSpeculation
0x80204e1c	8	2	PPCSetFpNonIEEEMode
0x803b1ef0	4	1	__OSVersion
0x803b2974	4	1	__OSIsGcam
0x80204e24	296	2	__OSFPRInit
0x80204f4c	40	2	OSGetConsoleType
0x803b2994	4	1	__OSSavedRegionStart
0x803b2990	4	1	__OSSavedRegionEnd
0x803b29a0	8	1	__OSStartTime
0x803b2998	4	1	__OSInIPL
0x802058e4	44	2	OSRegisterVersion
0x802057f0	0	0	__OSEVSetNumber
0x80205788	0	0	__OSEVStart
0x80205820	0	0	__OSEVEnd
0x80205730	0	0	__OSDBINTSTART
0x80205754	0	0	__OSDBINTEND
0x80205754	0	0	__OSDBJUMPSTART
0x80205758	0	0	__OSDBJUMPEND
0x802057e0	0	0	__DBVECTOR
0x80205824	88	2	OSDefaultExceptionHandler
0x80205774	20	2	__OSGetExceptionHandler
0x8020587c	84	2	__OSPSInit
0x802058d0	20	2	__OSGetDIConfig
0x80208874	48	2	OSGetResetCode
0x8020ac78	100	2	__OSGetSystemTime
0x803b2a3c	4	1	__DVDLongFileNameFlag
0x803b2be0	4	1	__PADSpec
0x80205fd8	8	2	OSSetArenaLo
0x80205fd0	8	2	OSSetArenaHi
0x802098d8	100	2	__OSInitSystemCall
0x80205910	76	2	OSInitAlarm
0x80207f24	24	2	__OSModuleInit
0x80207734	116	2	__OSInterruptInit
0x802088a4	244	2	__OSResetSWInterruptHandler
0x80206fc4	72	2	__OSContextInit
0x802066a8	244	2	__OSCacheInit
0x802274d4	468	2	EXIInit
0x80228b30	180	2	SIInit
0x80208e1c	316	2	__OSInitSram
0x80209940	344	2	__OSThreadInit
0x80205fe0	444	2	__OSInitAudioSystem
0x802080fc	280	2	__OSInitMemoryProtection
0x802076cc	20	2	OSEnableInterrupts
0x8020dc20	208	2	DVDInquiryAsync
0x8020b57c	80	2	DBPrintf
0x80206314	44	2	DCFlushRangeNoSync
0x8020b560	28	2	__DBIsExceptionMarked
0x802073d0	744	2	__OSUnhandledException
0x80206374	16	2	ICFlashInvalidate
0x8020595c	16	2	OSCreateAlarm
0x80205bbc	104	2	OSSetAlarm
0x80205c24	284	2	OSCancelAlarm
0x80209ab4	64	2	OSDisableScheduler
0x80206bb8	36	2	OSClearContext
0x802069f0	92	2	OSSetCurrentContext
0x80209af4	64	2	OSEnableScheduler
0x8020a010	48	2	__OSReschedule
0x8020619c	216	2	__OSStopAudioSystem
0x80206274	20	2	DCEnable
0x80206384	20	2	ICEnable
0x802063c0	36	2	LCStoreBlocks
0x802064b0	152	2	L2GlobalInvalidate
0x80206548	352	2	DMAErrorHandler
0x80206c98	680	2	OSDumpContext
0x802071b8	536	2	OSSetErrorHandler
0x802069e8	8	2	OSSaveFPUContext
0x80206a4c	12	2	OSGetCurrentContext
0x80206a58	128	2	OSSaveContext
0x80206bb0	8	2	OSGetStackPointer
0x80206bdc	188	2	OSInitContext
0x803b1f08	4	1	__OSFpscrEnableBits
0x8020708c	300	2	OSPanic
0x8036b270	68	1	__OSErrorTable
0x80231828	52	2	vprintf
0x803b29c0	2	1	__OSLastInterrupt
0x803b29bc	4	1	__OSLastInterruptSrr0
0x803b29c8	8	1	__OSLastInterruptTime
0x80207720	20	2	__OSGetInterruptHandler
0x80207b90	836	2	__OSDispatchInterrupt
0x80208480	132	2	OSRegisterResetFunction
0x802083f0	112	2	__OSUnlockAllMutex
0x80208460	32	2	OSSignalCond
0x80209a98	16	2	OSInitThreadQueue
0x80209d98	80	2	__OSPromoteThread
0x8020a8fc	236	2	OSSleepThread
0x80209b9c	60	2	__OSGetEffectivePriority
0x8020a9e8	260	2	OSWakeupThread
0x80208574	72	2	__OSDoHotReset
0x80209394	16	2	__OSSyncSram
0x8020a348	444	2	OSCancelThread
0x80214990	124	2	__PADDisableRecalibration
0x80208f58	92	2	__OSLockSram
0x8020934c	36	2	__OSUnlockSram
0x8020b1a0	832	2	__OSReboot
0x80209668	112	2	OSGetGbsMode
0x802096d8	184	2	OSSetGbsMode
0x80208fb4	92	2	__OSLockSramEx
0x80209370	36	2	__OSUnlockSramEx
0x80209538	132	2	OSGetWirelessID
0x802095bc	172	2	OSSetWirelessID
0x802276a8	244	2	EXILock
0x80226ee8	300	2	EXISelect
0x8022779c	220	2	EXIUnlock
0x80226380	604	2	EXIImm
0x80226768	588	2	EXISync
0x80227014	272	2	EXIDeselect
0x8022667c	236	2	EXIDma
0x802265dc	160	2	EXIImmEx
0x802098b8	0	0	__OSSystemCallVectorStart
0x802098d4	0	0	__OSSystemCallVectorEnd
0x8020abac	172	2	OSClearStack
0x8020a264	228	2	OSExitThread
0x8020b0f0	32	2	abort
0x8020b164	32	2	_ExitProcess
0x802b4d98	8	1	_ctors
0x802b4da0	8	1	_dtors
0x8020e1d8	8	2	DVDGetCurrentDiskID
0x8020d8e4	220	2	DVDReadAbsAsyncPrio
0x8020e1e0	248	2	DVDCheckDisk
0x8020dd34	76	2	DVDGetCommandBlockStatus
0x8020de2c	16	2	DVDSetAutoInvalidation
0x8020de3c	80	2	DVDResume
0x8020e2d8	284	2	__DVDPrepareResetAsync
0x80216e14	28	2	AISetStreamVolLeft
0x80216e40	28	2	AISetStreamVolRight
0x8020db64	188	2	DVDCancelStreamAsync
0x80216b54	216	2	AISetStreamPlayState
0x803b2a20	4	1	__DBInterface
0x803b1f18	4	1	DBStackEnd
0x8036bd40	4096	1	DBStack
0x8020b550	16	2	__DBExceptionDestination
0x803b2a24	4	1	DBVerbose
0x8020b508	72	2	__DBExceptionDestinationAux
0x8020b5cc	56	2	__DVDFSInit
0x8020b604	756	2	DVDConvertPathToEntrynum
0x8020bb44	196	2	DVDGetCurrentDir
0x803b2a40	8	1	__DVDThreadQueue
0x8020e108	172	2	DVDCancel
0x803b1f28	4	1	__DVDVersion
0x803b2a9c	4	1	LastState
0x8020dcf0	68	2	DVDReset
0x8020d9c0	208	2	DVDReadAbsAsyncForBS
0x8020da90	212	2	DVDReadDiskID
0x8020de8c	636	2	DVDCancelAsync
0x8020e3f4	56	2	__DVDClearWaitingQueue
0x8020eaec	64	2	__DVDInitWA
0x8020eb2c	736	2	__DVDInterruptHandler
0x8020e984	360	2	__fstLoad
0x8020f090	664	2	DVDLowRead
0x8020e87c	48	2	__DVDPrintFatalMessage
0x8020e708	124	2	__DVDStoreErrorCode
0x8020f48c	140	2	DVDLowStopMotor
0x8020f518	140	2	DVDLowRequestError
0x8020f328	148	2	DVDLowSeek
0x8020e784	248	2	DVDCompareDiskID
0x8020f764	156	2	DVDLowAudioBufferConfig
0x8020f3e8	164	2	DVDLowReadDiskID
0x8020f3bc	44	2	DVDLowWaitCoverClose
0x8020e534	88	2	__DVDCheckWaitingQueue
0x8020e494	160	2	__DVDPopWaitingQueue
0x8020f6d8	140	2	DVDLowRequestAudioStatus
0x8020f640	152	2	DVDLowAudioStream
0x8020f5a4	156	2	DVDLowInquiry
0x8020e42c	104	2	__DVDPushWaitingQueue
0x8020f800	188	2	DVDLowReset
0x8020f8bc	20	2	DVDLowBreak
0x8020e58c	96	2	__DVDDequeueWaitingQueue
0x8020f8d0	28	2	DVDLowClearCallback
0x803b1f80	4	1	Japanese
0x803b1f84	4	1	English
0x802962c8	24	1	Europe
0x802129d8	104	2	VIGetTvFormat
0x802534e0	88	2	OSGetFontEncode
0x8020f8ec	68	2	__DVDLowSetWAType
0x8020fa14	508	2	__VMSwapPageIn
0x8020f9e4	48	2	__VMAllocMRAMSwapSpace
0x8020f9cc	8	2	__VMGetNumPagesInMRAM
0x8020f9d4	8	2	VMGetARAMSize
0x8020f9dc	8	2	VMGetARAMBase
0x80210238	204	2	VMBASEInit
0x802100f0	168	2	__VMAllocVirtualToARAMLUT
0x80210198	160	2	__VMAllocARAMToVirtualLUT
0x8022c6ec	40	2	_savegpr_23
0x8020fc18	68	2	__VMGetPageToReplace
0x8021053c	16	2	VMBASEGetVirtualAddrFromPageInMRAM
0x80214a50	60	2	ARGetDMAStatus
0x80214ce0	16	2	__ARGetInterruptStatus
0x80210474	40	2	VMBASEIsPageDirty
0x802100c4	24	2	__VMSetARAMPageAsDirty
0x8021002c	64	2	__VMTranslateVMPageToARAMPage
0x80214a8c	240	2	ARStartDMA
0x80210398	140	2	VMBASEClearPageTableEntry
0x802100dc	20	2	__VMIsARAMPageDirty
0x8021006c	32	2	__VMDoesMappingExist
0x8021008c	56	2	__VMMappingErrorAlert
0x80214cc0	32	2	__ARClearInterrupt
0x80210304	148	2	VMBASESetPageTableEntry
0x8022c738	40	2	_restgpr_23
0x80210424	40	2	VMBASEIsPageValid
0x8020fc5c	464	2	__VMPageReplacementLRU
0x8020fe2c	148	2	__VMPageReplacementRandom
0x8020fec0	108	2	__VMPageReplacementFIFO
0x8022c6f0	36	2	_savegpr_24
0x8021044c	40	2	VMBASEIsPageReferenced
0x8021055c	12	2	VMBASEIsPageLocked
0x8021049c	144	2	VMBASESetPageReferenced
0x8022c73c	36	2	_restgpr_24
0x80210590	8	2	__VMBASESetSwapPageCallback
0x802105d4	48	2	__VMBASEInitLockedPageTable
0x80210604	48	2	__VMBASEInitReversePageTable
0x80210598	60	2	__VMBASEInitPageTable
0x802109e8	380	2	__VMBASESetupExceptionHandlers
0x8021094c	84	2	__VMBASESetupVMRegisters
0x802108f4	88	2	__VMBASEInvalidateEntireTLB
0x802108dc	24	2	__VMBASEVirtualAddrToPageTableAddr
0x8021052c	16	2	__VMBASEClearPageFromTLB
0x8021054c	16	2	__VMBASESetVirtualAddressForPageInMRAM
0x80210568	40	2	VMBASESetPageLocked
0x80210634	344	2	__VMBASEInvalidatePageTable
0x8021078c	216	2	__VMBASEInvalidateLockedPageTable
0x80210864	120	2	__VMBASEInvalidateReversePageTable
0x802109b8	0	0	__VMBASESetupVMRegisters_SetSDR1
0x802109e0	0	0	__VMBASESetupVMRegisters_End
0x80210c50	0	0	__VMBASEDSIExceptionHandler_SetOriginalInstruction
0x80210c54	0	0	__VMBASEDSIExceptionHandler_SetBranchBack
0x80210df8	0	0	__VMBASEISIExceptionHandler_SetOriginalInstruction
0x80210dfc	0	0	__VMBASEISIExceptionHandler_SetBranchBack
0x80210c58	80	2	__VMBASEDSIServiceExceptionPrep
0x80210ca8	100	2	__VMBASEDSIServiceException
0x80210e00	76	2	__VMBASEISIServiceExceptionPrep
0x80210e4c	88	2	__VMBASEISIServiceException
0x8022c6fc	24	2	_savegpr_27
0x8022c748	24	2	_restgpr_27
0x803b1fb0	4	1	__VIVersion
0x80212c98	96	2	__VIGetCurrentPosition
0x80211240	512	2	__VIInit
0x802127f8	8	2	VIGetRetraceCount
0x80212940	152	2	VIGetCurrentLine
0x80212a7c	540	2	__VIDisplayPositionToXY
0x80229b80	36	2	SIRefreshSamplingRate
0x803b3060	8	1	_half$localstatic0$sqrtf__Ff
0x803b3068	8	1	_three$localstatic1$sqrtf__Ff
0x803b3070	8	1	_half$localstatic0$sqrt__Ff
0x803b3078	8	1	_three$localstatic1$sqrt__Ff
0x803b1fc0	4	1	__PADVersion
0x80214008	96	2	PADSetSpec
0x8021493c	84	2	PADSetSamplingCallback
0x802290d8	196	2	SIGetResponse
0x80228e6c	20	2	SISetCommand
0x80228efc	156	2	SIEnablePolling
0x80228f98	108	2	SIDisablePolling
0x802297f0	316	2	SIGetTypeAsync
0x8022962c	452	2	SIGetType
0x80229228	364	2	SITransfer
0x803b2d18	4	1	__PADFixBits
0x8022825c	60	2	SIIsChanBusy
0x80228df0	124	2	SIGetStatus
0x80229a9c	228	2	SISetSamplingRate
0x80228e80	16	2	SITransferCommands
0x8022823c	32	2	SIBusy
0x80228970	204	2	SIRegisterPollingHandler
0x80228a3c	244	2	SIUnregisterPollingHandler
0x803b1fe0	4	1	__ARVersion
0x80214a0c	68	2	ARRegisterDMACallback
0x803b1fe8	4	1	__ARQVersion
0x802164e4	256	2	__ARQServiceQueueLo
0x802165e4	4	2	__ARQCallbackHack
0x802165e8	204	2	__ARQInterruptServiceRoutine
0x80216880	232	2	ARQRemoveRequest
0x803b1ff0	4	1	__AIVersion
0x80216a58	68	2	AIRegisterDMACallback
0x80216a9c	136	2	AIInitDMA
0x80216b24	24	2	AIStartDMA
0x80216b3c	24	2	AIStopDMA
0x80216c2c	16	2	AIGetStreamPlayState
0x80216e04	16	2	AIGetStreamSampleRate
0x80216e5c	16	2	AIGetStreamVolRight
0x80216e30	16	2	AIGetStreamVolLeft
0x80216c3c	224	2	AISetDSPSampleRate
0x80216d1c	20	2	AIGetDSPSampleRate
0x80216e6c	364	2	AIInit
0x8036d0d0	48	1	profile
0x803b2c78	8	1	__ai_src_time_end
0x803b2c80	8	1	__ai_src_time_start
0x803b2000	4	1	__GXVersion
0x803b31a8	4	1	__GXData
0x803b2c88	4	1	__piReg
0x803b2c8c	4	1	__cpReg
0x803b2c90	4	1	__peReg
0x803b2c94	4	1	__memReg
0x80217fb4	2360	2	__GXInitGX
0x8021cb78	24	2	GXGetTexObjMipMap
0x80218e40	68	2	GXSetBreakPtCallback
0x8021aef0	68	2	GXSetDrawSyncCallback
0x8021a944	364	2	__GXAbort
0x8021a854	148	2	GXSetMisc
0x80218f64	76	2	__GXFifoInit
0x80218a20	108	2	GXInitFifoBase
0x80218b08	296	2	GXSetCPUFifo
0x80218c30	376	2	GXSetGPFifo
0x8021b080	116	2	__GXPEInit
0x8021dae4	36	2	__GXFlushTextureState
0x8021ce74	244	2	GXInitTexCacheRegion
0x8021cf68	56	2	GXInitTlutRegion
0x8021d2a8	852	2	__GXSetTmemConfig
0x802b3a7c	60	1	GXPal528IntDf
0x802b3c20	60	1	GXEurgb60Hz480IntDf
0x802b38d8	60	1	GXMpal480IntDf
0x80219f60	640	2	GXSetVtxAttrFmtv
0x8021b2cc	64	2	GXSetLineWidth
0x8021b30c	64	2	GXSetPointSize
0x8021b34c	72	2	GXEnableTexOffsets
0x8021ed74	64	2	GXSetScissorBoxOffset
0x8021cfe8	20	2	GXSetTexRegionCallback
0x8021cffc	20	2	GXSetTlutRegionCallback
0x8021dfa0	140	2	GXSetZTexture
0x8021d7e0	324	2	GXSetIndTexCoordScale
0x8021e414	292	2	GXSetFogRangeAdj
0x8021e5b8	44	2	GXSetAlphaUpdate
0x8021e74c	60	2	GXSetDstAlpha
0x8021e788	56	2	GXSetFieldMask
0x8021e7c0	120	2	GXSetFieldMode
0x8021b7d0	88	2	GXSetCopyClamp
0x8021bb74	20	2	GXSetDispCopyGamma
0x8021b7ac	36	2	GXSetDispCopyFrame2Field
0x8021be7c	56	2	GXClearBoundingBox
0x8021ae58	24	2	GXPokeColorUpdate
0x8021addc	24	2	GXPokeAlphaUpdate
0x8021ae94	24	2	GXPokeDither
0x8021adf4	100	2	GXPokeBlendMode
0x8021ada8	20	2	GXPokeAlphaMode
0x8021adbc	32	2	GXPokeAlphaRead
0x8021ae70	36	2	GXPokeDstAlpha
0x8021aeac	32	2	GXPokeZMode
0x8021ee60	2120	2	GXSetGPMetric
0x8021f850	16	2	GXClearGPMetric
0x80218afc	12	2	GXInitFifoLimits
0x80218a8c	112	2	GXInitFifoPtrs
0x803b2ccc	4	1	__GXCurrentBP
0x8021908c	256	2	__GXCleanGPFifo
0x80219194	8	2	GXGetGPFifo
0x802196b0	648	2	GXSetVtxDescv
0x80219938	188	2	__GXSetVCD
0x802199f4	292	2	__GXCalculateVLim
0x80219b18	436	2	GXGetVtxDesc
0x8021a1e0	156	2	__GXSetVAT
0x8021a27c	640	2	GXGetVtxAttrFmt
0x8021eddc	132	2	__GXSetMatrixIndex
0x8021b0f4	128	2	__GXSetDirtyState
0x8021b40c	36	2	__GXSetGenMode
0x8021b244	136	2	__GXSendFlushPrim
0x8021d12c	380	2	__GXSetSUTexRegs
0x8021dae0	4	2	__GXUpdateBPMask
0x802b3734	60	1	GXNtsc480Prog
0x802b3770	60	1	GXNtsc480ProgSoft
0x802b37ac	60	1	GXNtsc480ProgAa
0x802b37e8	60	1	GXMpal240Ds
0x802b3824	60	1	GXMpal240DsAa
0x802b3860	60	1	GXMpal240Int
0x802b389c	60	1	GXMpal240IntAa
0x802b3914	60	1	GXMpal480Int
0x802b3950	60	1	GXMpal480IntAa
0x802b398c	60	1	GXPal264Ds
0x802b39c8	60	1	GXPal264DsAa
0x802b3a04	60	1	GXPal264Int
0x802b3a40	60	1	GXPal264IntAa
0x802b3ab8	60	1	GXPal528Int
0x802b3af4	60	1	GXPal524IntAa
0x802b3b30	60	1	GXEurgb60Hz240Ds
0x802b3b6c	60	1	GXEurgb60Hz240DsAa
0x802b3ba8	60	1	GXEurgb60Hz240Int
0x802b3be4	60	1	GXEurgb60Hz240IntAa
0x802b3c5c	60	1	GXEurgb60Hz480Int
0x802b3c98	60	1	GXEurgb60Hz480IntAa
0x802b3cd4	60	1	GXRmHW
0x8021c660	200	2	__GetImageTileCount
0x8021bed0	400	2	GXInitLightSpot
0x8021cb90	380	2	GXLoadTexObjPreLoaded
0x8021eba8	144	2	__GXSetViewport
0x8021f6a8	424	2	GXReadGPMetric
0x803b2060	4	1	__CARDVersion
0x803b2064	4	1	__CARDFreq
0x8021f860	4	2	__CARDDefaultApiCallback
0x8036dd08	544	1	__CARDBlock
0x8021f864	52	2	__CARDSyncCallback
0x8021f898	216	2	__CARDExtHandler
0x8021f970	280	2	__CARDExiHandler
0x8021fc74	240	2	__CARDReadStatus
0x8021fd64	172	2	__CARDClearStatus
0x8021fa88	168	2	__CARDTxHandler
0x8021fb30	132	2	__CARDUnlockedHandler
0x8021fbb4	192	2	__CARDEnableInterrupt
0x802203a4	308	2	__CARDReadSegment
0x802204d8	284	2	__CARDWritePage
0x802205f4	224	2	__CARDEraseSector
0x80220788	56	2	__CARDSetDiskID
0x80220780	8	2	__CARDGetFontEncode
0x8036df28	32	1	__CARDDiskNone
0x802207c0	184	2	__CARDGetControlBlock
0x80220878	100	2	__CARDPutControlBlock
0x80220a5c	152	2	__CARDSync
0x802269fc	124	2	EXISetExiCallback
0x80226bec	128	2	EXIProbe
0x80253a30	196	2	DSPInit
0x80220b44	8	2	__CARDGetFatBlock
0x80220f48	8	2	__CARDGetDirBlock
0x80220ce8	280	2	__CARDAllocBlock
0x80220e9c	172	2	__CARDUpdateFatBlock
0x80220e00	156	2	__CARDFreeBlock
0x80226228	100	2	__CARDWrite
0x802211ac	432	2	__CARDCheckSum
0x802210e8	196	2	__CARDUpdateDir
0x80221aa4	140	2	__CARDVerify
0x80221b30	1424	2	CARDCheckExAsync
0x802227cc	312	2	__CARDMountCallback
0x803b2068	2	1	__CARDVendorID
0x80226c6c	180	2	EXIProbeEx
0x80227878	24	2	EXIGetState
0x802278b8	944	2	EXIGetID
0x80225120	2904	2	__CARDUnlock
0x802260e8	100	2	__CARDRead
0x80226d20	268	2	EXIAttach
0x80226e2c	188	2	EXIDetach
0x80222d78	1624	2	__CARDFormatRegionAsync
0x80223418	104	2	__CARDCompareFileName
0x80223480	148	2	__CARDAccess
0x80223514	308	2	__CARDIsWritable
0x80223648	244	2	__CARDIsReadable
0x8022373c	336	2	__CARDGetFileNo
0x802239e4	8	2	__CARDIsOpened
0x803b206a	1	1	__CARDPermMask
0x80223d84	440	2	__CARDSeek
0x8022478c	272	2	CARDDeleteAsync
0x80253afc	112	2	DSPAddTask
0x80253a1c	20	2	DSPSendMailToDSP
0x802539e4	16	2	DSPCheckMailToDSP
0x803b2078	4	1	__EXIVersion
0x802269b4	72	2	EXIClearInterrupts
0x80227df4	444	2	__OSEnableBarnacle
0x803b20b0	4	1	__SIVersion
0x80228e90	108	2	SISetXY
0x8022992c	332	2	SIDecodeType
0x8036e208	160	1	__SISteering
0x803b2d30	4	1	__SIResetSteering
0x80229fd8	104	2	__SISteeringEnable
0x80229f64	116	2	__SISteeringTransfer
0x803b2d3c	4	1	__SISteeringEnableBits
0x8022a040	64	2	__SISteeringDisable
0x802b46f4	4	1	_exit_dummy_ref
0x8022adec	144	2	__do_global_ctors
0x802b46f8	4	1	_exit_dummy_decl
0x8022b4f4	440	2	__fixunssfdi
0x8022c760	60	2	__cmpdi2
0x8022b6ac	92	2	__floatdidf
0x8022c7ac	44	2	__terminate
0x8022c6c8	76	2	_savegpr_14
0x8022c6cc	72	2	_savegpr_15
0x8022c6d0	68	2	_savegpr_16
0x8022c6d4	64	2	_savegpr_17
0x8022c6d8	60	2	_savegpr_18
0x8022c6dc	56	2	_savegpr_19
0x8022c6e0	52	2	_savegpr_20
0x8022c6e4	48	2	_savegpr_21
0x8022c6e8	44	2	_savegpr_22
0x8022c6f4	32	2	_savegpr_25
0x8022c6f8	28	2	_savegpr_26
0x8022c700	20	2	_savegpr_28
0x8022c704	16	2	_savegpr_29
0x8022c708	12	2	_savegpr_30
0x8022c70c	8	2	_savegpr_31
0x8022c714	76	2	_restgpr_14
0x8022c718	72	2	_restgpr_15
0x8022c71c	68	2	_restgpr_16
0x8022c720	64	2	_restgpr_17
0x8022c724	60	2	_restgpr_18
0x8022c728	56	2	_restgpr_19
0x8022c72c	52	2	_restgpr_20
0x8022c730	48	2	_restgpr_21
0x8022c734	44	2	_restgpr_22
0x8022c740	32	2	_restgpr_25
0x8022c744	28	2	_restgpr_26
0x8022c74c	20	2	_restgpr_28
0x8022c750	16	2	_restgpr_29
0x8022c754	12	2	_restgpr_30
0x8022c758	8	2	_restgpr_31
0x8022c79c	16	2	__default_terminate
0x802b46fc	4	1	__terminate_func
0x803b2710	4	1	_register_malloc
0x8022dac0	60	2	fabs
0x8022f828	340	2	scalbn
0x8022fb8c	172	2	__kernel_sin
0x8022fc38	868	2	__ieee754_rem_pio2
0x8022fa98	244	2	__kernel_cos
0x8022f5e0	36	2	fabsf
0x8022f97c	284	2	scalbnf
0x8022ff9c	236	2	__kernel_cosf
0x80230348	848	2	__ieee754_rem_pio2f
0x80230088	172	2	__kernel_sinf
0x80230134	532	2	__kernel_tanf
0x80230698	80	2	copysign
0x802306e8	52	2	copysignf
0x8023071c	2184	2	__kernel_rem_pio2
0x80230fa4	2180	2	__kernel_rem_pio2f
0x803b273c	4	1	_impure_ptr
0x80231fd4	216	2	vfprintf
0x803b2714	4	1	_register_free
0x802318f4	92	2	strround
0x80231950	76	2	strrev
0x8023199c	124	2	itoa
0x80231a18	1256	2	fftoa
0x802320ac	6128	2	_vfprintf_r
0x8023389c	392	2	add_separators
0x802351a4	372	2	sn_floor
0x80235318	860	2	sn_fmod
0x80235f50	32	2	write
0x80233af8	5756	2	_vfiprintf_r
0x80235180	36	2	localeconv
0x803b2728	4	1	__mb_cur_max
0x80235ab8	812	2	_mbtowc_r
0x80235970	328	2	sn_log10
0x80235de4	192	2	memchr
0x80235174	12	2	_localeconv_r
0x80235674	764	2	sn_log
0x803b4310	8	1	sn___infinity
0x80235ea4	92	2	__sn_serialp
0x80235f00	80	2	_write
0x80235f8c	164	2	SPCH_ClearMatchParmSettings
0x80236218	220	2	iSPCH_InitCsis
0x802b4da8	4	1	_3Snd.gpA1cSystemDesc
0x802b4dac	4	1	_3Snd.gpA1cAllocator
0x802b4db0	4	1	_3Snd.gA1cAbortIfIncompatible
0x802362f4	44	2	A1cMemberDataCallBack__3SndPQ24Csis9ParameterPv
0x80236320	152	2	A1cDestructorCallBack__3SndPQ24Csis5ClassPv
0x802363b8	252	2	A1cConstructorCallBack__3SndPQ24Csis5ClassPQ24Csis9ParameterPv
0x802376e4	84	2	SNDVOICEI_get__Fi
0x8023f884	348	2	SNDPLATFORM_stop__Fi
0x80248734	172	2	iSNDpatchkey__FiPi
0x80243328	92	2	SNDBANKI_valid__Fi
0x80243d80	64	2	SNDBANKI_getppatch__FP8BANKVER5i
0x8023678c	1308	2	SNDI_patchtohdr__FPvP11TAGGEDPATCHP15SNDSAMPLEFORMATP13SNDSAMPLEATTRP13SNDSAMPLEDESCPUc
0x80236f60	192	2	SNDMEMI_free__FPv
0x80237738	52	2	SNDI_checkplayopts__FP11SNDPLAYOPTS
0x8037c254	1988	0	sndms
0x8023fd18	520	2	SNDI_patchtohdrgen__FPvPQ29Sndgendef14GENTAGGEDPATCHP15SNDSAMPLEFORMATP13SNDSAMPLEATTRP13SNDSAMPLEDESC
0x80237020	152	2	SND_attrsetdef
0x80236d5c	516	2	SNDMEMI_allocz__Fi
0x80237c70	500	2	MemCpy__Q23Snd4UtilPvPCvUi
0x80237e64	236	2	SNDI_gettag__FP10SNDTAGINFO
0x8036e850	4	0	_3Snd.gFoldDownTarget
0x80236ca8	44	2	SNDMEMI_constrain__FPUiPi
0x80236cd4	104	2	SNDMEMI_init__FPvi
0x80236d3c	32	2	SNDMEMI_restore__Fv
0x802b4dcc	4	1	_3Snd.gMaxFxBuses
0x802386fc	52	2	SNDPKTPLAY_overhead
0x80237144	64	2	SNDVOICEI_isreserved__Fii
0x8036e46c	12	0	sndvoicereserved
0x80237184	960	2	SNDVOICEI_alloc__FiiPiii
0x80237544	416	2	SNDVOICEI_free__Fi
0x802b4dbc	2	1	_3Snd.gFastestTimeMultFixedPoint
0x8023776c	392	2	StreamFader__3SndPv
0x80296c58	36	1	_3Snd.gChannelToVoiceIndexLut
0x802b4dc8	4	1	_3Snd.gMasterVol
0x8023f100	332	2	SetVol__Q23Snd3Hali
0x80237b10	352	2	SNDPLATFORM_setfxlevel__Fii
0x8037ca18	4	0	_3Snd.gVariableTimerList
0x80240330	52	2	SNDSTRMI_getstreamptr__Fi
0x8037ca20	4	0	_3Snd.gVariableTimerPeriod
0x80248244	604	2	SNDBANKI_playpatch__FPvP11TAGGEDPATCHiiP11SNDPLAYOPTS
0x8036fec0	49344	0	snddrv
0x8023c658	116	2	SNDDRV_DSPMixerSetAuxBus__FP6_AXVPBUsi
0x80242df4	52	2	SNDMIX_setwetgain
0x802496fc	128	2	SNDI_getb__FPvi
0x80249684	120	2	SNDSTRMI_getrequestptr__Fi
0x80240e80	288	2	SNDSTRMI_queue__FiiPcii
0x802b4db8	4	1	_3Snd.gFastestTimeMult
0x802b4dc0	4	1	_3Snd.pheap
0x802b4dc4	4	1	_3Snd.outputmode
0x80237ff0	164	2	CapOutputMode__Q23Snd6SystemQ23Snd10OutputModePb
0x8036e4a8	8	0	_3Snd.gOutputModeNext
0x8036e490	24	0	_3Snd.gOutputSampleRateNext
0x8036e478	24	0	_3Snd.gVoicesNext
0x8036e4b0	4	0	_3Snd.heapsize
0x80238528	24	2	IsInited__Q23Snd6System
0x802392f8	340	2	SNDSYS_getopts__FP10SNDSYSOPTS
0x8023944c	300	2	SNDSYS_setopts__FP10SNDSYSOPTS
0x8023fcd4	68	2	SNDPLATFORM_ModeSetUp__FP10SNDSYSOPTSQ23Snd10OutputMode
0x80239578	312	2	SNDSYSI_init__FPvii
0x8036e86c	4	0	fxBusesLinkList
0x80241d94	64	2	SNDI_freespkrtable__Fv
0x8023e294	140	2	SNDPLATFORM_restore__F9StartMode
0x802397a8	256	2	SNDSYSI_chanpubinit__Fv
0x8023df7c	792	2	SNDPLATFORM_init__F9StartMode
0x8036e84c	1	0	_3Snd.gTotalOutputChannels
0x80241dd4	436	2	SNDI_spkrconfig__Fv
0x802418c8	1072	2	SNDI_precalcaztospkrvol__Fv
0x802396b0	248	2	SNDSYS_restore__Fv
0x8023869c	84	2	SNDPKTPLAYI_gethighchannel__Fii
0x802386f0	12	2	SNDPKTPLAYI_overhead__Fi
0x80238730	244	2	SNDPKTPLAY_create
0x8036e4b4	900	0	sndpps
0x80238824	1112	2	SNDPKTPLAY_start
0x80238c7c	296	2	SNDPKTPLAY_submit
0x80238da4	96	2	SNDPKTPLAY_submitspace
0x80238e04	36	2	SNDPKTPLAY_framesoutstanding
0x80238e28	8	2	SNDPKTPLAY_purge
0x80238e30	160	2	SNDPKTPLAY_stop
0x802391cc	176	2	SNDPKTPLAYI_flushcallbackdata__Fv
0x80238ed0	84	2	SNDPKTPLAY_destroy
0x80238f24	572	2	SNDPKTPLAYI_get__FiiPiT2
0x80239160	108	2	SNDPKTPLAYI_freeframes__Fiii
0x8023ecc0	8	2	SNDPLATFORM_packetoverhead__Fv
0x8023ecc8	196	2	SNDPLATFORM_packetplaycreate__FiPv
0x8023e6a4	68	2	SNDPLATFORM_getvoicerange__FiPiT1
0x80248fd4	112	2	SetDefaultAzimuths__Q23Snd4UtilP7CHANPUB
0x802455dc	212	2	iSNDcalcpitch__Fi
0x8023ed8c	744	2	SNDPLATFORM_packetplay__FiiiiiP15SNDSAMPLEFORMATP13SNDSAMPLEATTR
0x8024977c	188	2	SNDI_validrendermode__FPiP15SNDIPATCHHEADER
0x8023f074	132	2	SNDPLATFORM_packetplaydestroy__Fi
0x8023927c	32	2	CsisMutexLock__3Sndv
0x8023929c	32	2	CsisMutexUnlock__3Sndv
0x802b5e28	4	1	_3Snd.gMutexLockFn
0x802b5e2c	4	1	_3Snd.gMutexUnlockFn
0x8036e838	20	0	_3Snd.gSpeakerPositions
0x8023dcd4	184	2	SNDPLATFORM_outputcaps__Fv
0x8023dd8c	496	2	SNDPLATFORM_outputset__Fv
0x802b5dd8	70	1	sndlibauthor
0x8023c294	52	2	SNDI_randomseed__FUi
0x8023fc58	40	2	SNDI_mutexalloc__Fv
0x8023fc80	4	2	SNDI_mutexfree__Fv
0x802398a8	20	2	SNDAEMSI_UpdateClassDestructor__FPQ27AemsDef20ClassDestructorState
0x802398bc	8	2	SNDAEMSI_UpdateClassData__FPQ27AemsDef14ClassDataState
0x802398c4	8	2	SNDAEMSI_UpdateGlobalVariable__FPQ27AemsDef19GlobalVariableState
0x802398cc	20	2	SNDAEMSI_updatecreate__FPQ27AemsDef11CREATESTATE
0x802398e0	596	2	SNDAEMSI_updatedestroy__FPQ27AemsDef12DESTROYSTATE
0x802b4e48	16	1	SNDAEMSplayerstopfn
0x80239b34	188	2	UpdateCallFunction__FPQ27AemsDef17CallFunctionState
0x80239bf0	460	2	UpdateControlClass__FPQ27AemsDef17ControlClassState
0x80239dbc	104	2	UpdateSetGlobalVariable__FPQ27AemsDef22SetGlobalVariableState
0x80239e24	124	2	SNDAEMSI_updatecounter__FPQ27AemsDef12COUNTERSTATE
0x80239ea0	92	2	SNDAEMSI_updaterandom__FPQ27AemsDef11RANDOMSTATE
0x80239efc	268	2	SNDAEMSI_updaterandomshuffle__FPQ27AemsDef18RANDOMSHUFFLESTATE
0x8023a008	180	2	SNDAEMSI_updaterandomweighted__FPQ27AemsDef19RANDOMWEIGHTEDSTATE
0x8023a0bc	116	2	SNDAEMSI_updaterangetrig__FPQ27AemsDef14RANGETRIGSTATE
0x8023a130	164	2	SNDAEMSI_updatedelaytrig__FPQ27AemsDef14DELAYTRIGSTATE
0x8023a1d4	96	2	SNDAEMSI_updatestategen__FPQ27AemsDef13STATEGENSTATE
0x8023a234	68	2	SNDAEMSI_updatemerge__FPQ27AemsDef14MERGETRIGSTATE
0x8023a278	60	2	SNDAEMSI_envelopeprogramsegment__FPQ27AemsDef13ENVELOPESTATE
0x8023a2b4	392	2	SNDAEMSI_updateenvelope__FPQ27AemsDef13ENVELOPESTATE
0x8023a43c	596	2	SNDAEMSI_updatetable__FPQ27AemsDef10TABLESTATE
0x8023a690	276	2	SNDAEMSI_updatedelayline__FPQ27AemsDef14DELAYLINESTATE
0x8023a7a4	48	2	SNDAEMSI_updatemux__FPQ27AemsDef8MUXSTATE
0x8023a7d4	80	2	SNDAEMSI_updatedemux__FPQ27AemsDef10DEMUXSTATE
0x8023a824	68	2	SNDAEMSI_updatemin__FPQ27AemsDef8MINSTATE
0x8023a868	28	2	SNDAEMSI_updatemin2__FPQ27AemsDef9MIN2STATE
0x8023a884	68	2	SNDAEMSI_updatemax__FPQ27AemsDef8MAXSTATE
0x8023a8c8	28	2	SNDAEMSI_updatemax2__FPQ27AemsDef9MAX2STATE
0x8023a8e4	188	2	SNDAEMSI_updatescale__FPQ27AemsDef10SCALESTATE
0x8023a9a0	156	2	SNDAEMSI_updatescale2__FPQ27AemsDef11SCALE2STATE
0x8023aa3c	60	2	SNDAEMSI_updateadd__FPQ27AemsDef8ADDSTATE
0x8023aa78	16	2	SNDAEMSI_updateadd2__FPQ27AemsDef9ADD2STATE
0x8023aa88	16	2	SNDAEMSI_updatesubtract__FPQ27AemsDef13SUBTRACTSTATE
0x8023aa98	16	2	SNDAEMSI_updatemultiply__FPQ27AemsDef13MULTIPLYSTATE
0x8023aaa8	32	2	SNDAEMSI_updatedivide__FPQ27AemsDef11DIVIDESTATE
0x8023aac8	40	2	SNDAEMSI_updatemodulo__FPQ27AemsDef11MODULOSTATE
0x8023aaf0	4	2	SNDAEMSI_bankinputstub__Fii
0x8023aaf4	92	2	SNDAEMSI_bankpitchmult__Fii
0x8023ab50	92	2	SNDAEMSI_banktimemult__Fii
0x8023abac	232	2	SNDAEMSI_bankvol__Fii
0x8023ac94	64	2	SNDAEMSI_bankazimuth__Fii
0x8023acd4	164	2	SNDAEMSI_bankfxwet0__Fii
0x8023ad78	72	2	SNDAEMSI_banklowpass__Fii
0x8023adc0	72	2	SNDAEMSI_bankhighpass__Fii
0x8023ae08	156	2	SNDAEMSI_bankdrylevel__Fii
0x802b4dd8	48	1	playerinterfacefn
0x8023aea4	48	2	SNDAEMSI_optpitchmult__FP11SNDPLAYOPTSi
0x8023aed4	40	2	SNDAEMSI_opttimemult__FP11SNDPLAYOPTSi
0x8023aefc	40	2	SNDAEMSI_optvol__FP11SNDPLAYOPTSi
0x8023af24	8	2	SNDAEMSI_optazimuth__FP11SNDPLAYOPTSi
0x8023af2c	40	2	SNDAEMSI_optfxwet0__FP11SNDPLAYOPTSi
0x8023af54	48	2	SNDAEMSI_optlowpass__FP11SNDPLAYOPTSi
0x8023af84	48	2	SNDAEMSI_opthighpass__FP11SNDPLAYOPTSi
0x8023afb4	40	2	SNDAEMSI_optdrylevel__FP11SNDPLAYOPTSi
0x8023afdc	4	2	SNDAEMSI_optstub__FP11SNDPLAYOPTSi
0x802b4e08	48	1	SNDAEMSoptfn
0x8023afe0	176	2	SNDAEMSI_playerplaybank__FPQ27AemsDef11PLAYERSTATEPQ27AemsDef11SAMPLEENTRY
0x8023b090	36	2	SNDAEMSI_playerstopbank__FPQ27AemsDef11PLAYERSTATE
0x8023b0b4	64	2	SNDAEMSI_playerpausebank__FGQ27AemsDef12PLAYERHANDLE
0x8023b0f4	168	2	SNDAEMSI_playerunpausebank__FPQ27AemsDef11PLAYERSTATE
0x8023b19c	56	2	SNDAEMSI_playerresetoutputs__FPQ27AemsDef11PLAYERSTATE
0x8023b1d4	480	2	SNDAEMSI_playerupdatebank__FPQ27AemsDef11PLAYERSTATE
0x802b4e38	16	1	SNDAEMSplayerplayfn
0x802b4e58	16	1	SNDAEMSplayerpausefn
0x802b4e68	16	1	SNDAEMSplayerunpausefn
0x802b4e78	16	1	SNDAEMSplayerupdatefn
0x8023b3b4	508	2	SNDAEMSI_updateplayer__FPQ27AemsDef11PLAYERSTATE
0x8023b5b0	544	2	SNDAEMSI_updateoscillator__FPQ27AemsDef15OSCILLATORSTATE
0x8023b7d0	428	2	SNDAEMSI_updateramp__FPQ27AemsDef9RAMPSTATE
0x8023b97c	76	2	SNDAEMSI_updateaddmax__FPQ27AemsDef11ADDMAXSTATE
0x8023b9c8	36	2	SNDAEMSI_updatesubtractmin__FPQ27AemsDef16SUBTRACTMINSTATE
0x8023b9ec	36	2	SNDAEMSI_updatemultiplymax__FPQ27AemsDef16MULTIPLYMAXSTATE
0x8023ba10	20	2	UpdateFunction__FPQ27AemsDef13FunctionState
0x802b4e88	160	1	sndaemsfuncs
0x8023ba24	12	2	SNDAEMSI_SetGlobalVariable__FPQ24Csis9ParameterPv
0x8023ba30	12	2	SNDAEMSI_SetClassDestructor__FPQ24Csis5ClassPv
0x8023ba3c	52	2	SNDAEMSI_SetClassData__FPQ24Csis9ParameterPv
0x8023ba70	60	2	CsisFunctionCallback__FPQ24Csis9ParameterPv
0x8023baac	476	2	SNDAEMSI_CreateModuleInstance__FPQ24Csis5ClassPQ24Csis9ParameterPv
0x8023bc88	88	2	SNDAEMSI_restore__Fv
0x8023beac	40	2	SNDAEMSI_createmodulebankhandle__Fv
0x8023bed4	812	2	SNDAEMSI_resolvemodulebank__FPQ27AemsDef10ModuleBankPQ27AemsDef15FUNCFIXUPHEADERPci
0x8037c21c	56	0	sndaems
0x8023c2c8	264	2	iSNDrandom__Fv
0x8023f478	344	2	SNDPLATFORM_setpitch__Fi
0x8023f5d0	140	2	SNDPLATFORM_timemult__Fii
0x8023f288	496	2	SetPan__Q23Snd3Hali
0x8023f65c	240	2	SNDPLATFORM_lowpass__Fii
0x8023f74c	136	2	SNDPLATFORM_highpass__Fii
0x8023f24c	60	2	SetDry__Q23Snd3Hali
0x8023f7d4	176	2	SNDPLATFORM_getcurframe__Fi
0x80248e08	128	2	iSNDsin__Fi
0x802486bc	120	2	SNDAEMSI_timerupdate__FPv
0x802b4f2c	24	1	SNDIrandseedorig
0x8036e854	24	0	SNDIrandseed
0x802b4f44	1296	1	tablecopyto
0x802b5454	216	1	mapchannel
0x802b552c	40	1	filtersizetable
0x802b5554	40	1	filtermodsizetable
0x8023c3d0	20	2	MIX_getwetbuffer
0x8036e870	8	0	sndfx
0x8036e878	4	0	modlist
0x8036e87c	4	0	conlist
0x8023c3e4	164	2	MIX_createFxglobals
0x8023c488	180	2	MIX_destroyFxglobals
0x8037c030	492	0	sndmix
0x80242128	456	2	MIXI_interpolatemix
0x8024350c	64	2	SFILTER_createLPFRC__FP10LPFRCSTATE
0x8024354c	208	2	SFILTER_modifyLPFRC__FP10LPFRCSTATEPi
0x80243be8	84	2	SFILTER_createHPFFIR8__FP8HPFSTATE
0x80243c3c	132	2	SFILTER_modifyHPFFIR8__FP8HPFSTATEPi
0x802b5580	2048	1	SNDDRV_dolbypl2balances
0x8023c53c	68	2	SNDDRV_DSPMixerResetChannel__FP16SNDDRVMIXCHANNEL
0x8023c580	216	2	SNDDRV_DSPMixerSetPan__FP6_AXVPBPfUsi
0x8023c6cc	84	2	SNDDRV_DSPMixerInit__Fi
0x8023c720	500	2	SNDDRV_DSPMixerInitChannel__FP6_AXVPBUliUsUsPfUsi
0x8023c914	28	2	SNDDRV_DSPMixerReleaseChannel__FP6_AXVPB
0x8023c930	40	2	SNDDRV_DSPMixerSetVol__FP6_AXVPBi
0x8023c958	1068	2	SNDDRV_DSPMixerUpdate__Fv
0x8023f0f8	8	2	SNDPLATFORM_outputlatency__Fv
0x8024a754	148	2	SNDCTRL_getprogvol
0x8023cea4	156	2	SNDDRV_freenextframe__Fv
0x8023cf40	44	2	SNDDRV_mixvoicefree__Fi
0x8023cf6c	216	2	SNDDRV_callbackdropvoice__FPv
0x8023d2b8	276	2	SNDDRV_freeaxvoice__Fii
0x8023d044	628	2	SNDDRV_allocateaxvoice__Fi
0x8023d3cc	140	2	SNDDRV_dmaslotenter__Fi
0x8023d458	76	2	SNDDRV_dmcallback__FUl
0x8023d4a4	288	2	SNDDRV_dmapost__FUlPvT1Uli
0x8023d5c4	152	2	SNDDRV_restoredma__Fi
0x8023d65c	400	2	SNDDRV_audiocallback__FPvT0
0x8023d7ec	252	2	SNDDRV_initmixer__Fv
0x8023d8e8	140	2	SNDDRV_restoremixer__Fv
0x8023d974	548	2	SNDDRV_fillbufwithpackets__FiP13SNDDRVPKTCHANP7CHANPUB
0x8023db98	316	2	SNDDRV_thread__FPv
0x8023fa78	68	2	SNDPLATFORM_memalloc__Fii
0x8023e320	900	2	iSNDserve__Fv
0x8023e6e8	56	2	SNDPLATFORM_asyncresolvetimbre__FP15SNDIPATCHHEADERPcPi
0x8023e720	1292	2	SNDPLATFORM_playtimbre__FP15SNDIPATCHHEADERPviiii
0x8023ec2c	48	2	SNDDRV_getmastervoice__Fi
0x8023ec5c	100	2	SNDDRV_getsamplechan__Fi
0x8023fabc	76	2	SNDPLATFORM_memfree__FiUi
0x8023f9e0	152	2	SNDPLATFORM_filteradd__FiP12SNDFILTERDEF
0x8023fb08	84	2	SNDPLATFORM_memlimits__Fii
0x8023fb5c	84	2	SNDPLATFORM_download__FiPvT1i
0x8023fbb0	168	2	SNDPLATFORM_downloadcomplete__Fi
0x8023fc84	40	2	SNDI_mutexlock__Fv
0x8023fcac	40	2	SNDI_mutexunlock__Fv
0x802548c0	128	2	AXFreeVoice
0x80254940	372	2	AXAcquireVoice
0x80241cf8	156	2	SNDI_aztospkrvol__FiPf
0x8037ca3c	4	0	MIXinitfn
0x8037ca40	4	0	MIXrestorefn
0x8037ca44	4	0	MIXaudioslicefn
0x80245060	608	2	SNDSYSI_100hzserver__Fv
0x8037ca1c	4	0	_3Snd.gVariableTimerTick
0x80244ff4	108	2	SNDSYSI_variabletimerservice__Fv
0x80249a70	80	2	SNDARAM_init__Fi
0x80249ac0	84	2	SNDARAM_setpool__FUii
0x80254548	36	2	AXInit
0x80255678	8	2	AXSetCompressor
0x80255664	20	2	AXSetMode
0x80254f3c	12	2	AXRegisterAuxACallback
0x80249b14	80	2	SNDARAM_restore__Fv
0x802545b8	52	2	AXQuit
0x8025715c	164	2	AXSetVoiceAdpcm
0x80257298	108	2	AXSetVoiceAdpcmLoop
0x8025704c	272	2	AXSetVoiceAddr
0x80256ff0	92	2	AXSetVoiceState
0x80256f2c	196	2	AXSetVoiceSrcType
0x802429c8	532	2	MIX_playinit
0x80242bdc	164	2	MIX_play
0x8037ca48	4	0	MIXplayinitfn
0x8037ca4c	4	0	MIXplayfn
0x80242dc0	52	2	SNDMIX_setdrygain
0x80257200	152	2	AXSetVoiceSrcRatio
0x8037ca54	4	0	MIXsetpitchfn
0x80249e14	60	2	MIX_settimemult
0x80244ea8	332	2	MIX_setlowpass
0x8024a5a4	208	2	MIX_sethighpass
0x80243f48	72	2	MIX_getframe
0x8037ca50	4	0	MIXstopfn
0x80246154	136	2	MIX_filteradd
0x80249bb4	452	2	SNDARAM_alloc__Fi
0x80249d78	156	2	SNDARAM_free__FUi
0x802b5d90	36	1	_3Snd.gVoiceIndexToChannelLut
0x8023ff20	120	2	StreamRemoveFaders__3SndP16SNDSTREAMCHANNEL
0x8023ff98	708	2	SNDSTRMI_startstream__FP16SNDSTREAMCHANNEL
0x8024025c	120	2	SNDSTRMI_calcdatarate__FP15SNDSAMPLEFORMAT
0x802402d4	92	2	SNDSTRMI_destroyall__Fv
0x8037bf80	128	0	sndss
0x80240364	104	2	SNDSTRMI_removerequest__Fi
0x802403cc	60	2	SNDSTRMI_releasecallback__FPvT0
0x80240408	168	2	SNDSTRMI_framescallback__FiiPv
0x802404b0	572	2	SNDSTRMI_parseheader__FiP14STREAMCHUNKHDR
0x802406ec	280	2	SNDSTRMI_parsedata__FP16SNDSTREAMCHANNELP14STREAMCHUNKHDR
0x80240804	120	2	SNDSTRMI_parsechunk__FiP14STREAMCHUNKHDR
0x8024087c	220	2	SNDSTRMI_isheld__FP16SNDSTREAMCHANNEL
0x80240958	384	2	SNDSTRMI_service__Fv
0x80240ad8	72	2	SNDSTRMI_numcreated__Fv
0x80240b20	864	2	SNDSTRMI_create__FP11SNDPLAYOPTSiiPviii
0x80241758	184	2	SNDfxlevel
0x80296dd8	144	1	_3Snd.gAzimuthFoldDownLut
0x80296e68	36	1	_3Snd.gAzimuthSpacingsLut
0x8024a6ec	104	2	SNDCTRL_filteradd
0x80249a10	96	2	SNDLINKI_remove__FP11SNDLINKLISTP11SNDLINKNODE
0x80249958	60	2	SNDLINKI_push__FP11SNDLINKLISTP11SNDLINKNODE
0x80249944	20	2	SNDLINKI_init__FP11SNDLINKLIST
0x80244d68	44	2	iSNDserveraddclient__FPFv_v
0x80241810	76	2	SNDSTRM_setgreedylevel
0x802499d0	64	2	SNDLINKI_pop__FP11SNDLINKLIST
0x80249994	60	2	SNDLINKI_pushtail__FP11SNDLINKLISTP11SNDLINKNODE
0x80244d94	156	2	iSNDserverremoveclient__FPFv_v
0x80248da0	104	2	SNDCTRL_lowpass
0x80242564	864	2	MIX_create
0x802428c4	216	2	MIX_destroy
0x80242e28	912	2	MIX_audioslice
0x80242cc0	256	2	MIX_stop
0x8024a7e8	188	2	MIX_setpitch
0x80243ad0	152	2	SNDI_cos__Ff
0x802414c8	180	2	SNDBANKI_asyncloadmemresolve__Fv
0x8037c000	20	0	sndbams
0x8024157c	212	2	SNDBANKI_asyncloadmem100hz__Fv
0x802490e0	128	2	SNDBANKI_asyncresolvepatch__FiP11TAGGEDPATCHPcPi
0x80249870	212	2	SNDSYS_remove100hzclient
0x80243d3c	68	2	SNDBANKI_alloc__Fv
0x80249838	56	2	SNDSYS_add100hzclient
0x802441ac	76	2	SNDI_midigetseqindex__Fi
0x8024185c	108	2	SNDI_equalpower__FP11SNDGAINPAIRfff
0x8037c014	4	0	sndaztospkr_buf
0x8037c018	24	0	sndaztospkr
0x80248f40	148	2	SNDI_sin__Ff
0x80241f88	416	2	MIXI_interpolateto0__FPfT0
0x802422f0	4	2	SNDMIX_setmasterlowpass
0x802422f4	560	2	SNDMIXI_volramp__FP11SNDMIXVOICE
0x80242524	32	2	SNDI_New__FUi
0x80242544	32	2	SNDI_Delete__FPv
0x8024299c	44	2	MIX_reset
0x80242c80	64	2	MIXI_stop__Fi
0x80248f28	12	2	CODASetNew__3SndPFUi_Pv
0x80248f34	12	2	CODASetDelete__3SndPFPv_v
0x8024a594	16	2	SetMemCpy__Q33Snd4Coda6SystemPFPvPCvUi_Pv
0x802489f8	72	2	MIXI_initunpack16
0x80247674	72	2	MIXI_initunpackxa
0x80243a70	96	2	MIXI_initunpackmt
0x8024a6d4	24	2	SFILTER_ft24_32init__FP12FT24_32STATE
0x802456b0	104	2	SFILTER_add
0x80248ef8	48	2	mixc
0x8024a8a4	88	2	decode16x87
0x80246050	228	2	SFILTER_timestretchinit__FP16TIMESTRETCHSTATEPUci
0x80243464	168	2	SFILTER_lpfRC__FPviT0T0i
0x80243e20	204	2	SND3dpos
0x802b5db4	36	1	ChannelToOutput
0x802461dc	1700	2	SNDI_parsetimbre__FPPvP15SNDIPATCHHEADER
0x80247970	200	2	SNDBANKI_userdatacallback__FP15SNDIPATCHHEADERi
0x8024bc88	256	2	SFILTER_unpackmtfinit__FPvP16UNPACKINITPARAMS
0x8024a504	144	2	SFILTER_unpackmtpfinit__FPvP16UNPACKINITPARAMS
0x8024859c	224	2	SFILTER_unpackmtlfinit__FPvP16UNPACKINITPARAMS
0x80243b68	128	2	SFILTER_hpfFIR8__FPviT0T0i
0x80248ce0	192	2	SNDI_fir8__FP11SNDFIRSTATEiPvT2
0x80248cb4	44	2	SNDI_fir8init__FP11SNDFIRSTATE
0x80249ed8	936	2	calcFIRCoeffs__FP11SNDFIRSTATEi
0x802441f8	252	2	SNDI_midiupdatefade__Fi
0x802442f4	128	2	SNDI_midiseqover__Fi
0x80244374	400	2	SNDI_midiparsenoteon__FiP11SNDMIDICHANii
0x80244504	172	2	SNDI_midiparsenoteoff__Fiii
0x802445b0	428	2	SNDI_midiparsecontrol__FiP11SNDMIDICHANii
0x8024475c	188	2	SNDI_midiparsepitchbend__FiP11SNDMIDICHANii
0x80244818	444	2	SNDI_midiprocesstick__Fi
0x802449d4	204	2	SNDI_midiserver__Fv
0x8024c04c	20	2	SNDI_pantoazimuth__Fi
0x8024bd88	176	2	SNDpitchbend__Fii
0x80245718	124	2	SFILTER_remove
0x802452c0	32	2	DefaultMutexLockFn__3Sndv
0x802452e0	32	2	DefaultMutexUnlockFn__3Sndv
0x8024bee4	360	2	iSNDcalcvol__Fi
0x802b5e30	256	1	sndcents
0x80245550	140	2	iSNDdetunetolinear__Fi
0x80245c34	292	2	stretchframesneeded__FPvi
0x80245d58	328	2	stretch__FPviPfT2
0x80245ea0	64	2	SFILTER_timestretchsetratio__FP16TIMESTRETCHSTATEi
0x80245ee0	312	2	SFILTER_timestretch__FPviT0T0i
0x80246018	56	2	SFILTER_timestretchrestore__FPv
0x80249e50	136	2	SNDPKTPLAYI_voicetopackethandle__Fi
0x802b5f30	8	1	snddefaultenvelope
0x80246880	272	2	SNDAEMSI_streamgethandle__Fi
0x80246990	72	2	SNDAEMSI_streampitchmult__Fii
0x802469d8	64	2	SNDAEMSI_streamtimemult__Fii
0x80246a18	112	2	SNDAEMSI_streamvol__Fii
0x80246a88	112	2	SNDAEMSI_streamazimuth__Fii
0x80246af8	68	2	SNDAEMSI_streamfxwet0__Fii
0x80246b3c	72	2	SNDAEMSI_streamlowpass__Fii
0x80246b84	72	2	SNDAEMSI_streamhighpass__Fii
0x80246bcc	64	2	SNDAEMSI_streamdrylevel__Fii
0x80246c0c	4	2	SNDAEMSI_streamstub__Fii
0x802b5f38	48	1	SNDAEMSstreaminputfn
0x80246c10	372	2	SNDAEMSI_playerplaystream__FPQ27AemsDef11PLAYERSTATEPQ27AemsDef11SAMPLEENTRY
0x80246d84	220	2	SNDAEMSI_playerstopstream__FPQ27AemsDef11PLAYERSTATE
0x80246ed8	188	2	SNDAEMSI_playerunpausestream__FPQ27AemsDef11PLAYERSTATE
0x80246e60	120	2	SNDAEMSI_playerpausestream__FGQ27AemsDef12PLAYERHANDLE
0x80246f94	792	2	SNDAEMSI_playerupdatestream__FPQ27AemsDef11PLAYERSTATE
0x802472ac	380	2	SNDAEMSI_streamsystemtask__Fv
0x80248e88	112	2	SNDSTRM_timemult
0x8024be94	80	2	SNDSTRM_highpass
0x802488a8	144	2	SFILTER_unpackxafinit__FPvP16UNPACKINITPARAMS
0x8024c8e8	216	2	SFILTER_unpackxalfinit__FPvP16UNPACKINITPARAMS
0x80248c24	144	2	SFILTER_unpackxapfinit__FPvP16UNPACKINITPARAMS
0x80247bc8	132	2	SNDBANKI_findfreekey__Fv
0x80247c4c	1528	2	SNDBANKI_playtimbre__FiiPvP11SNDPLAYOPTSP15SNDIPATCHHEADERiii
0x8024be38	92	2	randrange__Fi
0x802484a0	8	2	SFILTER_unpackgetframemtlf__FPv
0x802484a8	200	2	SFILTER_unpackmtlf__FPviT0T0i
0x80248570	44	2	SFILTER_unpackmtlfrestore__FPv
0x8024b938	552	2	Decode__Q23Snd10CMTBLKDecfPPfi
0x8024bba0	28	2	SetState__Q23Snd10CMTBLKDecfPQ23Snd8MTFSTATEi
0x8024b8a8	144	2	Feed__Q23Snd10CMTBLKDecfPvii
0x8024a928	44	2	__dl__Q23Snd10CMTBLKDecfPv
0x8024a8fc	44	2	__nw__Q23Snd10CMTBLKDecfUi
0x8024b878	48	2	__Q23Snd10CMTBLKDecf
0x8024bb60	64	2	GetState__Q23Snd10CMTBLKDecf
0x802487e0	148	2	SFILTER_unpackxaf__FPviT0T0i
0x80248874	8	2	SFILTER_unpackgetframexaf__FPv
0x8024887c	44	2	SFILTER_unpackxafrestore__FPv
0x80249488	440	2	Decode__Q23Snd12CEAXABLKDecfPPfi
0x802493f8	44	2	__dl__Q23Snd12CEAXABLKDecfPv
0x802493cc	44	2	__nw__Q23Snd12CEAXABLKDecfUi
0x80249424	40	2	__Q23Snd12CEAXABLKDecf
0x8024944c	60	2	Feed__Q23Snd12CEAXABLKDecfPvii
0x8024c5ec	64	2	SFILTER_unpackfinit__FPvP16UNPACKINITPARAMS
0x8024c460	68	2	SFILTER_unpacklfinit__FPvP16UNPACKINITPARAMS
0x8024caf0	116	2	SFILTER_unpackpfinit__FPvP16UNPACKINITPARAMS
0x80248a40	440	2	SFILTER_unpackxapf__FPviT0T0i
0x80248bf8	44	2	SFILTER_unpackxapfrestore__FPv
0x80249670	20	2	SetState__Q23Snd12CEAXABLKDecfPQ23Snd8XAFSTATE
0x802b5f6c	514	1	sndsintbl
0x80249044	156	2	SNDCTRL_timemult
0x802b6170	4	1	_Q23Snd4Coda.gpMemCpy
0x8037ca24	4	0	_3Snd.CODANew
0x8037ca28	4	0	_3Snd.CODADelete
0x802b6174	32	1	_3Snd.xafilterf
0x802b6194	1024	1	_3Snd.xatablef
0x80249160	284	2	process_raw_block__3SndPQ23Snd10MXAPACKETF
0x8024927c	336	2	decodexac__3SndPQ23Snd10MXAPACKETF
0x80249640	48	2	GetState__Q23Snd12CEAXABLKDecf
0x8037ca2c	16	0	sndaram
0x80249b64	80	2	SNDARAM_constrain__FPUiPi
0x8024a280	600	2	SFILTER_unpackmtpf__FPviT0T0i
0x8024a4d8	44	2	SFILTER_unpackmtpfrestore__FPv
0x8024bbbc	8	2	SetCodecVersion__Q23Snd10CMTBLKDecfi
0x8024a674	96	2	SFILTER_ft24_32__FPviT0T0i
0x8024c340	92	2	SFILTER_rsfinit__FP8RSFSTATEii
0x8024c060	8	2	SFILTER_rsfsetpitch__FP8RSFSTATEi
0x8024a9b4	72	2	discardbits__3SndPQ23Snd15UTALKSTATE_CODAi
0x8024a9fc	504	2	readsamples__3SndPQ23Snd15UTALKSTATE_CODAiPfi
0x8024b310	368	2	initmut__Q23Snd10CMTBLKDecfPUcPQ23Snd15UTALKSTATE_CODAi
0x8024b480	1016	2	decodemut__3SndPQ23Snd15UTALKSTATE_CODA
0x8024bbc4	8	2	SFILTER_unpackgetframemtf__FPv
0x8024bbcc	144	2	SFILTER_unpackmtf__FPviT0T0i
0x8024bc5c	44	2	SFILTER_unpackmtfrestore__FPv
0x8024c4a4	104	2	SNDCTRL_highpass
0x802b6a18	256	1	sndpantoazimuthtab
0x8024c068	728	2	SFILTER_rsf__FPviT0T0i
0x8024cb64	196	2	rsflc
0x8024c39c	8	2	SFILTER_unpacklfgetframe__FPv
0x8024c3a4	188	2	SFILTER_unpacklf__FPviT0T0i
0x8024c50c	8	2	SFILTER_unpackfgetframe__FPv
0x8024c514	216	2	SFILTER_unpackf__FPviT0T0i
0x8024c62c	648	2	SFILTER_unpackxalf__FPviT0T0i
0x8024c8b4	8	2	SFILTER_unpackgetframexalf__FPv
0x8024c8bc	44	2	SFILTER_unpackxalfrestore__FPv
0x8024c9c0	304	2	SFILTER_unpackpf__FPviT0T0i
0x803b0eac	2432	1	_state
0x803b2fe0	4	1	_gfData
0x803b2fe4	4	1	_gameCode
0x803b2fe8	4	1	_brotherGameCode
0x803b2fec	1	1	_jbStatus
0x8025358c	164	2	GBAInit
0x80253630	144	2	GBAGetStatus
0x802b6b18	12	1	uColors
0x802b6b24	32	1	_GCmpModuleID
0x8024d084	20	2	GCmpRegisterType
0x8024d208	448	2	GCmpStart
0x8024d3c8	140	2	GCmpProcess
0x8024d454	212	2	GCmpStop
0x8024d758	88	2	GCmpRead
0x8024d7b0	180	2	GCmpWrite
0x802b6b94	40	1	GCmpTypeNONE
0x802b6b6c	40	1	GCmpTypeRLE
0x802b6b44	40	1	GCmpTypeHuffman
0x802b6bbc	40	1	GCmpTypeLZM
0x802b6be4	40	1	GCmpTypeLZH
0x80381fc0	1024	1	__GBA
0x803b2e30	4	1	__GBAReset
0x80253970	116	2	__GBATransfer
0x802537ac	52	2	__GBASyncCallback
0x802537e0	108	2	__GBASync
0x803b2780	4	1	__DSPVersion
0x802539f4	16	2	DSPCheckMailFromDSP
0x80253a04	24	2	DSPReadMailFromDSP
0x80253af4	8	2	DSPCheckInit
0x80253b6c	64	2	DSPCancelTask
0x80253bac	200	2	DSPAssertTask
0x80253c74	80	2	__DSP_debug_printf
0x80253cc4	1060	2	__DSPHandler
0x803b2e54	4	1	__DSP_tmp_task
0x803b2e60	4	1	__DSP_curr_task
0x803b2e58	4	1	__DSP_last_task
0x803b2e5c	4	1	__DSP_first_task
0x80254414	160	2	__DSP_insert_task
0x80254288	396	2	__DSP_boot_task
0x803b2e50	4	1	__DSP_rude_task
0x803b2e4c	4	1	__DSP_rude_task_pending
0x802540e8	416	2	__DSP_exec_task
0x802544b4	148	2	__DSP_remove_task
0x803b2788	4	1	__AXVersion
0x8025456c	76	2	AXInitEx
0x80254678	180	2	__AXAllocInit
0x80256d28	512	2	__AXVPBInit
0x8025624c	44	2	__AXSPBInit
0x80254ab4	228	2	__AXAuxInit
0x8025563c	36	2	__AXClInit
0x80255a50	928	2	__AXOutInit
0x8025472c	180	2	__AXAllocQuit
0x80256f28	4	2	__AXVPBQuit
0x80256278	4	2	__AXSPBQuit
0x80254b98	16	2	__AXAuxQuit
0x80255660	4	2	__AXClQuit
0x80255df0	88	2	__AXOutQuit
0x802545ec	24	2	__AXGetStackHead
0x80254604	116	2	__AXServiceCallbackStack
0x80254810	28	2	__AXPopCallbackStack
0x8025482c	148	2	__AXRemoveFromStack
0x802547e0	32	2	__AXPushFreeStack
0x80254800	16	2	__AXPushCallbackStack
0x80256ce8	64	2	__AXSetPBDefault
0x80254ba8	52	2	__AXGetAuxAInput
0x80254bdc	32	2	__AXGetAuxAInputDpl2
0x80254bfc	28	2	__AXGetAuxAOutput
0x80254c18	32	2	__AXGetAuxAOutputDpl2R
0x80254c38	32	2	__AXGetAuxAOutputDpl2Ls
0x80254c58	32	2	__AXGetAuxAOutputDpl2Rs
0x80254c78	52	2	__AXGetAuxBInput
0x80254cac	28	2	__AXGetAuxBOutput
0x80254cc8	28	2	__AXGetAuxBForDPL2
0x80254ce4	28	2	__AXGetAuxBOutputDPL2
0x80254d00	572	2	__AXProcessAux
0x803b2eb8	4	1	__AXClMode
0x80254f48	8	2	__AXGetCommandListCycles
0x80254f50	60	2	__AXGetCommandListAddress
0x80254f8c	1712	2	__AXNextFrame
0x80255e48	12	2	__AXGetStudio
0x80256cdc	12	2	__AXGetPBs
0x802b7e00	6720	1	__AXCompressorTable
0x8038a210	56	1	__AXLocalProfile
0x80255680	440	2	__AXOutNewFrame
0x80255838	188	2	__AXOutAiCallback
0x80255984	204	2	__AXOutInitDSP
0x80256a64	632	2	__AXSyncPBs
0x80255e54	1016	2	__AXPrintStudio
0x80256310	8	2	__AXGetNumVoices
0x80257304	72	2	__AXGetCurrentProfile
0x802b9840	7872	1	axDspSlave
0x803b2790	2	1	axDspSlaveLength
0x8025627c	148	2	__AXDepopVoice
0x80256318	1868	2	__AXServiceVPB
