Address	Size	Type	Binding	Name
0x00000000	16	OBJECT	LOCAL	_DirtyDnas_strHexEncode
0x00000000	0	NOTYPE	LOCAL	__gnu_compiled_c
0x00000000	308	FUNC	GLOBAL	_dnasimports
0x00000000	0	OBJECT	GLOBAL	_heap
0x00000000	0	NOTYPE	LOCAL	gcc2_compiled.
0x00000000	0	FUNC	GLOBAL	kprintf
0x00000004	4	OBJECT	GLOBAL	errno
0x00000004	0	FUNC	GLOBAL	scePrintf
0x00000008	0	FUNC	GLOBAL	sceSifMCallRpc
0x0000000c	0	FUNC	GLOBAL	sceSifMBindRpcParam
0x00000010	148	OBJECT	LOCAL	_DirtyDnas_ErrorMap
0x00000010	0	FUNC	GLOBAL	sceSifMUnBindRpc
0x00000014	0	FUNC	GLOBAL	sceCdInit
0x00000018	0	FUNC	GLOBAL	sceCdGetDiskType
0x0000001c	0	FUNC	GLOBAL	sceCdReadClock
0x00000020	0	FUNC	GLOBAL	sceCdMmode
0x00000024	0	FUNC	GLOBAL	sceCdNcmdDiskReady
0x00000028	0	FUNC	GLOBAL	sceCdDiskReady
0x0000002c	0	FUNC	GLOBAL	_sceCd_scmd_prechk
0x00000030	0	FUNC	GLOBAL	_sceCd_ncmdrdata
0x00000034	0	FUNC	GLOBAL	_sceCd_ncmd_semid
0x00000038	0	FUNC	GLOBAL	_sceCd_cd_ncmd
0x0000003c	0	FUNC	GLOBAL	_sceCd_ncmd_prechk
0x00000040	0	FUNC	GLOBAL	_sceCd_scmdrdata
0x00000044	0	FUNC	GLOBAL	_sceCd_cd_scmd
0x00000048	0	FUNC	GLOBAL	_sceCd_scmd_semid
0x0000004c	0	FUNC	GLOBAL	CreateThread
0x00000050	0	FUNC	GLOBAL	StartThread
0x00000054	0	FUNC	GLOBAL	DeleteThread
0x00000058	0	FUNC	GLOBAL	ChangeThreadPriority
0x0000005c	0	FUNC	GLOBAL	ReferThreadStatus
0x00000060	0	FUNC	GLOBAL	TerminateThread
0x00000064	0	FUNC	GLOBAL	GetThreadId
0x00000068	0	FUNC	GLOBAL	CreateSema
0x0000006c	0	FUNC	GLOBAL	WaitSema
0x00000070	0	FUNC	GLOBAL	DeleteSema
0x00000074	0	FUNC	GLOBAL	SignalSema
0x00000078	0	FUNC	GLOBAL	PollSema
0x0000007c	0	FUNC	GLOBAL	FlushCache
0x00000080	0	FUNC	GLOBAL	sceSifCallRpc
0x00000084	0	FUNC	GLOBAL	sceOpen
0x00000088	0	FUNC	GLOBAL	sceClose
0x0000008c	0	FUNC	GLOBAL	sceRead
0x00000090	0	FUNC	GLOBAL	sceWrite
0x00000094	0	FUNC	GLOBAL	sceLseek
0x00000098	0	FUNC	GLOBAL	getpid
0x0000009c	0	FUNC	GLOBAL	stat
0x000000a0	0	FUNC	GLOBAL	sceSifBindRpc
0x000000a4	0	FUNC	GLOBAL	iSignalSema
0x000000a8	0	FUNC	GLOBAL	iSetAlarm
0x000000a8	296	OBJECT	LOCAL	sceDNAS2ErrorStringTable
0x000000ac	0	FUNC	GLOBAL	SetAlarm
0x000000b0	0	FUNC	GLOBAL	ReleaseAlarm
0x000000b4	0	FUNC	GLOBAL	DisableIntc
0x000000b8	0	FUNC	GLOBAL	RemoveIntcHandler
0x000000bc	0	FUNC	GLOBAL	GsPutIMR
0x000000c0	0	FUNC	GLOBAL	SetGsCrt
0x000000c4	0	FUNC	GLOBAL	fstat
0x000000c8	0	FUNC	GLOBAL	isatty
0x000000cc	0	FUNC	GLOBAL	open
0x000000d0	0	FUNC	GLOBAL	write
0x000000d4	0	FUNC	GLOBAL	close
0x000000d8	0	FUNC	GLOBAL	lseek
0x000000dc	0	FUNC	GLOBAL	read
0x000000e0	0	FUNC	GLOBAL	AddIntcHandler
0x000000e4	0	FUNC	GLOBAL	EnableIntc
0x000000e8	0	FUNC	GLOBAL	__sce_sema_id
0x000000ec	0	FUNC	GLOBAL	TimerUSec2BusClock
0x000000f0	0	FUNC	GLOBAL	SetTimerAlarm
0x000000f0	85	OBJECT	LOCAL	sceDNAS2_SS_SERVER_BUSY_Body
0x000000f4	0	FUNC	GLOBAL	ReleaseTimerAlarm
0x000000f8	0	FUNC	GLOBAL	DelayThread
0x000000fc	0	FUNC	GLOBAL	sceSifInitRpc
0x00000100	0	FUNC	GLOBAL	sceSifInitIopHeap
0x00000104	0	FUNC	GLOBAL	sceSifAllocIopHeap
0x00000108	0	FUNC	GLOBAL	sceSifSetDma
0x0000010c	0	FUNC	GLOBAL	sceSifDmaStat
0x00000110	0	FUNC	GLOBAL	sceSifLoadModuleBuffer
0x00000114	0	FUNC	GLOBAL	sceSifFreeIopHeap
0x00000118	0	FUNC	GLOBAL	sceSifSearchModuleByName
0x0000011c	0	FUNC	GLOBAL	sceSifStopModule
0x00000120	0	FUNC	GLOBAL	sceSifUnloadModule
0x00000124	0	FUNC	GLOBAL	sceSifRebootIop
0x00000138	44	FUNC	GLOBAL	_dnasexports
0x00000148	58	OBJECT	LOCAL	sceDNAS2_SS_BEFORE_SERVICE_Body
0x00000168	68	FUNC	LOCAL	_DirtyDnasYieldThread
0x00000188	58	OBJECT	LOCAL	sceDNAS2_SS_OUT_OF_SERVICE_Body
0x000001b0	120	FUNC	LOCAL	_DirtyDnasEncodeUniqueID
0x000001c8	71	OBJECT	LOCAL	sceDNAS2_SS_END_OF_SERVICE_Body
0x000001d0	296	OBJECT	LOCAL	sceDNAS2ErrorStringTable
0x00000210	105	OBJECT	LOCAL	sceDNAS2_SS_SESSION_TIME_OUT_Body
0x00000228	28	FUNC	LOCAL	_DirtyDnasRelSetup
0x00000248	200	FUNC	LOCAL	_DirtyDnasRelInitDnas
0x00000280	70	OBJECT	LOCAL	sceDNAS2_SS_INVALID_SERVER_Body
0x000002c8	70	OBJECT	LOCAL	sceDNAS2_SS_INTERNAL_ERROR_Body
0x000002f8	296	OBJECT	LOCAL	sceDNAS2ErrorStringTable
0x00000310	124	FUNC	LOCAL	_DirtyDnasRelSetProxy
0x00000310	70	OBJECT	LOCAL	sceDNAS2_SS_EXTERNAL_ERROR_Body
0x00000358	76	OBJECT	LOCAL	sceDNAS2_SS_INVALID_PS2_Body
0x00000390	216	FUNC	LOCAL	_DirtyDnasRelAuthStart
0x000003a8	72	OBJECT	LOCAL	sceDNAS2_SS_INVALID_MEDIA_Body
0x000003f0	72	OBJECT	LOCAL	sceDNAS2_SS_INVALID_AUTHDATA_Body
0x00000420	296	OBJECT	LOCAL	sceDNAS2ErrorStringTable
0x00000438	76	OBJECT	LOCAL	sceDNAS2_SS_INVALID_HDD_BINDING_Body
0x00000468	228	FUNC	LOCAL	_DirtyDnasRelUpdateDnas
0x00000488	58	OBJECT	LOCAL	GLUE_ABORT_Body
0x000004c8	45	OBJECT	LOCAL	NET_PROXY_Body
0x000004f8	88	OBJECT	LOCAL	NET_TIMEOUT_Body
0x00000548	296	OBJECT	LOCAL	sceDNAS2ErrorStringTable
0x00000550	59	OBJECT	LOCAL	NET_SSL_Body
0x00000550	12	FUNC	LOCAL	_DirtyDnasRelUpdateHttp
0x00000560	208	FUNC	LOCAL	_DirtyDnasRelSetErrorResult
0x00000590	118	OBJECT	LOCAL	NET_DNS_HOST_NOT_FOUND_Body
0x00000608	105	OBJECT	LOCAL	NET_DNS_TRY_AGAIN_Body
0x00000630	352	FUNC	GLOBAL	DirtyDnasStart
0x00000670	296	OBJECT	LOCAL	sceDNAS2ErrorStringTable
0x00000678	118	OBJECT	LOCAL	NET_DNS_NO_RECOVERY_Body
0x000006f0	118	OBJECT	LOCAL	NET_DNS_NO_DATA_Body
0x00000768	85	OBJECT	LOCAL	NET_DNS_OTHERS_Body
0x00000790	296	FUNC	GLOBAL	DirtyDnasUpdate
0x00000798	296	OBJECT	LOCAL	sceDNAS2ErrorStringTable
0x000007c0	59	OBJECT	LOCAL	NET_EISCONN_Body
0x00000800	88	OBJECT	LOCAL	NET_ETIMEOUT_Body
0x00000858	59	OBJECT	LOCAL	NET_ECONNREFUSED_Body
0x00000898	59	OBJECT	LOCAL	NET_ENETUNREACH_Body
0x000008b8	132	FUNC	GLOBAL	DirtyDnasStop
0x000008c0	296	OBJECT	LOCAL	sceDNAS2ErrorStringTable
0x000008d8	59	OBJECT	LOCAL	NET_ENOTCONN_Body
0x00000918	51	OBJECT	LOCAL	NET_ENOBUFS_Body
0x00000940	192	FUNC	GLOBAL	DirtyDnasSimulateError
0x00000950	51	OBJECT	LOCAL	NET_EMFILE_Body
0x00000988	51	OBJECT	LOCAL	NET_EBADF_Body
0x000009c0	51	OBJECT	LOCAL	NET_EINVAL_Body
0x000009e8	296	OBJECT	LOCAL	sceDNAS2ErrorStringTable
0x000009f8	51	OBJECT	LOCAL	NET_OTHERS_Body
0x00000a00	24	FUNC	GLOBAL	DnasTimer
0x00000a00	0	NOTYPE	LOCAL	__gnu_compiled_c
0x00000a00	0	NOTYPE	LOCAL	gcc2_compiled.
0x00000a18	92	FUNC	LOCAL	_SocketOpen
0x00000a18	0	NOTYPE	LOCAL	__gnu_compiled_c
0x00000a18	0	NOTYPE	LOCAL	gcc2_compiled.
0x00000a30	59	OBJECT	LOCAL	NET_ECONNRESET_Body
0x00000a70	83	OBJECT	LOCAL	sceDNAS2_SS_ID_NOUSE_Body
0x00000a78	108	FUNC	LOCAL	_SocketClose
0x00000ac8	83	OBJECT	LOCAL	sceDNAS2_SS_ID_NOT_JOIN_TO_CAT_Body
0x00000ae8	428	FUNC	LOCAL	_TCPHttpWorkerThread
0x00000b10	296	OBJECT	LOCAL	sceDNAS2ErrorStringTable
0x00000b20	83	OBJECT	LOCAL	sceDNAS2_SS_ID_INTERNAL_ERROR_Body
0x00000b78	57	OBJECT	LOCAL	sceDNAS2_Other_Body
0x00000bb8	28	OBJECT	LOCAL	DIRTYDNAS_ERR_USERABORT_Body
0x00000bd8	21	OBJECT	LOCAL	DIRTYDNAS_ERR_UNKNOWN_Body
0x00000bf0	1	OBJECT	LOCAL	sceDNAS2_SS_SERVER_BUSY_Footer
0x00000bf8	123	OBJECT	LOCAL	sceDNAS2_SS_BEFORE_SERVICE_Footer
0x00000c38	296	OBJECT	LOCAL	sceDNAS2ErrorStringTable
0x00000c78	123	OBJECT	LOCAL	sceDNAS2_SS_OUT_OF_SERVICE_Footer
0x00000c98	204	FUNC	GLOBAL	TCPHttpSendData
0x00000cf8	123	OBJECT	LOCAL	sceDNAS2_SS_END_OF_SERVICE_Footer
0x00000d60	296	OBJECT	LOCAL	sceDNAS2ErrorStringTable
0x00000d68	88	FUNC	GLOBAL	TCPHttpComplete
0x00000d78	1	OBJECT	LOCAL	sceDNAS2_SS_SESSION_TIME_OUT_Footer
0x00000d80	123	OBJECT	LOCAL	sceDNAS2_SS_INVALID_SERVER_Footer
0x00000dc0	0	NOTYPE	LOCAL	__gnu_compiled_c
0x00000dc0	48	FUNC	GLOBAL	brk
0x00000dc0	0	NOTYPE	LOCAL	gcc2_compiled.
0x00000df0	76	FUNC	GLOBAL	sbrk
0x00000e00	123	OBJECT	LOCAL	sceDNAS2_SS_INTERNAL_ERROR_Footer
0x00000e40	28	FUNC	GLOBAL	MallocStubInit
0x00000e60	148	FUNC	LOCAL	_Utf8DecodeToUCS2
0x00000e60	0	NOTYPE	LOCAL	__gnu_compiled_c
0x00000e60	0	NOTYPE	LOCAL	gcc2_compiled.
0x00000e80	123	OBJECT	LOCAL	sceDNAS2_SS_EXTERNAL_ERROR_Footer
0x00000e88	296	OBJECT	LOCAL	sceDNAS2ErrorStringTable
0x00000ef8	176	FUNC	LOCAL	_Utf8DecodeStringToUCS2
0x00000f00	123	OBJECT	LOCAL	sceDNAS2_SS_INVALID_PS2_Footer
0x00000f80	123	OBJECT	LOCAL	sceDNAS2_SS_INVALID_MEDIA_Footer
0x00000fa8	180	FUNC	LOCAL	_Utf8DecodeStringToASCII
0x00000fb0	296	OBJECT	LOCAL	sceDNAS2ErrorStringTable
0x00001000	123	OBJECT	LOCAL	sceDNAS2_SS_INVALID_AUTHDATA_Footer
0x00001060	220	FUNC	LOCAL	_Utf8CopyString
0x00001080	123	OBJECT	LOCAL	sceDNAS2_SS_INVALID_HDD_BINDING_Footer
0x000010d8	296	OBJECT	LOCAL	sceDNAS2ErrorStringTable
0x00001100	1	OBJECT	LOCAL	GLUE_ABORT_Footer
0x00001108	1	OBJECT	LOCAL	NET_PROXY_Footer
0x00001110	1	OBJECT	LOCAL	NET_TIMEOUT_Footer
0x00001118	1	OBJECT	LOCAL	NET_SSL_Footer
0x00001120	1	OBJECT	LOCAL	NET_DNS_HOST_NOT_FOUND_Footer
0x00001128	1	OBJECT	LOCAL	NET_DNS_TRY_AGAIN_Footer
0x00001130	1	OBJECT	LOCAL	NET_DNS_NO_RECOVERY_Footer
0x00001138	1	OBJECT	LOCAL	NET_DNS_NO_DATA_Footer
0x00001140	928	FUNC	GLOBAL	DirtyDnasRelErrGetStrings
0x00001140	1	OBJECT	LOCAL	NET_DNS_OTHERS_Footer
0x00001148	1	OBJECT	LOCAL	NET_EISCONN_Footer
0x00001150	1	OBJECT	LOCAL	NET_ETIMEOUT_Footer
0x00001158	1	OBJECT	LOCAL	NET_ECONNREFUSED_Footer
0x00001160	1	OBJECT	LOCAL	NET_ENETUNREACH_Footer
0x00001168	1	OBJECT	LOCAL	NET_ENOTCONN_Footer
0x00001170	1	OBJECT	LOCAL	NET_ENOBUFS_Footer
0x00001178	1	OBJECT	LOCAL	NET_EMFILE_Footer
0x00001180	1	OBJECT	LOCAL	NET_EBADF_Footer
0x00001188	1	OBJECT	LOCAL	NET_EINVAL_Footer
0x00001190	1	OBJECT	LOCAL	NET_OTHERS_Footer
0x00001198	1	OBJECT	LOCAL	NET_ECONNRESET_Footer
0x000011a0	80	OBJECT	LOCAL	sceDNAS2_SS_ID_NOUSE_Footer
0x000011f0	80	OBJECT	LOCAL	sceDNAS2_SS_ID_NOT_JOIN_TO_CAT_Footer
0x00001200	296	OBJECT	LOCAL	sceDNAS2ErrorStringTable
0x00001240	80	OBJECT	LOCAL	sceDNAS2_SS_ID_INTERNAL_ERROR_Footer
0x00001290	123	OBJECT	LOCAL	sceDNAS2_Other_Footer
0x00001310	1	OBJECT	LOCAL	DIRTYDNAS_ERR_USERABORT_Footer
0x00001318	1	OBJECT	LOCAL	DIRTYDNAS_ERR_UNKNOWN_Footer
0x00001320	95	OBJECT	LOCAL	sceDNAS2_SS_SERVER_BUSY_Body
0x00001328	296	OBJECT	LOCAL	sceDNAS2ErrorStringTable
0x00001380	62	OBJECT	LOCAL	sceDNAS2_SS_BEFORE_SERVICE_Body
0x000013c0	62	OBJECT	LOCAL	sceDNAS2_SS_OUT_OF_SERVICE_Body
0x00001400	88	OBJECT	LOCAL	sceDNAS2_SS_END_OF_SERVICE_Body
0x00001458	116	OBJECT	LOCAL	sceDNAS2_SS_SESSION_TIME_OUT_Body
0x00001480	67392	OBJECT	GLOBAL	_sce_dnas2_symbol110
0x000014d0	85	OBJECT	LOCAL	sceDNAS2_SS_INVALID_SERVER_Body
0x000014e0	48	FUNC	GLOBAL	DirtyDnasErrSCEA
0x000014e0	0	NOTYPE	LOCAL	__gnu_compiled_c
0x000014e0	0	NOTYPE	LOCAL	gcc2_compiled.
0x00001510	48	FUNC	GLOBAL	DirtyDnasErrSCEA_ES
0x00001510	0	NOTYPE	LOCAL	__gnu_compiled_c
0x00001510	0	NOTYPE	LOCAL	gcc2_compiled.
0x00001528	85	OBJECT	LOCAL	sceDNAS2_SS_INTERNAL_ERROR_Body
0x00001540	48	FUNC	GLOBAL	DirtyDnasErrSCEA_FR
0x00001540	0	NOTYPE	LOCAL	__gnu_compiled_c
0x00001540	0	NOTYPE	LOCAL	gcc2_compiled.
0x00001570	48	FUNC	GLOBAL	DirtyDnasErrSCEK
0x00001570	0	NOTYPE	LOCAL	__gnu_compiled_c
0x00001570	0	NOTYPE	LOCAL	gcc2_compiled.
0x00001580	85	OBJECT	LOCAL	sceDNAS2_SS_EXTERNAL_ERROR_Body
0x000015a0	48	FUNC	GLOBAL	DirtyDnasErrSCEI
0x000015a0	0	NOTYPE	LOCAL	__gnu_compiled_c
0x000015a0	0	NOTYPE	LOCAL	gcc2_compiled.
0x000015d0	48	FUNC	GLOBAL	DirtyDnasErrSCEE_DA
0x000015d0	0	NOTYPE	LOCAL	__gnu_compiled_c
0x000015d0	0	NOTYPE	LOCAL	gcc2_compiled.
0x000015d8	89	OBJECT	LOCAL	sceDNAS2_SS_INVALID_PS2_Body
0x00001600	48	FUNC	GLOBAL	DirtyDnasErrSCEE_DE
0x00001600	0	NOTYPE	LOCAL	__gnu_compiled_c
0x00001600	0	NOTYPE	LOCAL	gcc2_compiled.
0x00001630	48	FUNC	GLOBAL	DirtyDnasErrSCEE_EL
0x00001630	0	NOTYPE	LOCAL	__gnu_compiled_c
0x00001630	0	NOTYPE	LOCAL	gcc2_compiled.
0x00001638	87	OBJECT	LOCAL	sceDNAS2_SS_INVALID_MEDIA_Body
0x00001660	48	FUNC	GLOBAL	DirtyDnasErrSCEE_ES
0x00001660	0	NOTYPE	LOCAL	__gnu_compiled_c
0x00001660	0	NOTYPE	LOCAL	gcc2_compiled.
0x00001690	48	FUNC	GLOBAL	DirtyDnasErrSCEE_FI
0x00001690	0	NOTYPE	LOCAL	__gnu_compiled_c
0x00001690	0	NOTYPE	LOCAL	gcc2_compiled.
0x00001690	87	OBJECT	LOCAL	sceDNAS2_SS_INVALID_AUTHDATA_Body
0x000016c0	48	FUNC	GLOBAL	DirtyDnasErrSCEE_FR
0x000016c0	0	NOTYPE	LOCAL	__gnu_compiled_c
0x000016c0	0	NOTYPE	LOCAL	gcc2_compiled.
0x000016e8	89	OBJECT	LOCAL	sceDNAS2_SS_INVALID_HDD_BINDING_Body
0x000016f0	48	FUNC	GLOBAL	DirtyDnasErrSCEE_IT
0x000016f0	0	NOTYPE	LOCAL	__gnu_compiled_c
0x000016f0	0	NOTYPE	LOCAL	gcc2_compiled.
0x00001720	48	FUNC	GLOBAL	DirtyDnasErrSCEE_NL
0x00001720	0	NOTYPE	LOCAL	__gnu_compiled_c
0x00001720	0	NOTYPE	LOCAL	gcc2_compiled.
0x00001748	59	OBJECT	LOCAL	GLUE_ABORT_Body
0x00001750	48	FUNC	GLOBAL	DirtyDnasErrSCEE_NO
0x00001750	0	NOTYPE	LOCAL	__gnu_compiled_c
0x00001750	0	NOTYPE	LOCAL	gcc2_compiled.
0x00001780	48	FUNC	GLOBAL	DirtyDnasErrSCEE_PT
0x00001780	0	NOTYPE	LOCAL	__gnu_compiled_c
0x00001780	0	NOTYPE	LOCAL	gcc2_compiled.
0x00001788	53	OBJECT	LOCAL	NET_PROXY_Body
0x000017b0	48	FUNC	GLOBAL	DirtyDnasErrSCEE_SV
0x000017b0	0	NOTYPE	LOCAL	__gnu_compiled_c
0x000017b0	0	NOTYPE	LOCAL	gcc2_compiled.
0x000017c0	127	OBJECT	LOCAL	NET_TIMEOUT_Body
0x000017e0	48	FUNC	GLOBAL	DirtyDnasErrSCEE_UK
0x000017e0	0	NOTYPE	LOCAL	__gnu_compiled_c
0x000017e0	0	NOTYPE	LOCAL	gcc2_compiled.
0x00001840	56	OBJECT	LOCAL	NET_SSL_Body
0x00001878	123	OBJECT	LOCAL	NET_DNS_HOST_NOT_FOUND_Body
0x00001898	20	FUNC	GLOBAL	sceDNAS2NetSifRebootIop
0x000018f8	111	OBJECT	LOCAL	NET_DNS_TRY_AGAIN_Body
0x00001968	123	OBJECT	LOCAL	NET_DNS_NO_RECOVERY_Body
0x000019e8	123	OBJECT	LOCAL	NET_DNS_NO_DATA_Body
0x00001a68	94	OBJECT	LOCAL	NET_DNS_OTHERS_Body
0x00001ac8	56	OBJECT	LOCAL	NET_EISCONN_Body
0x00001b00	127	OBJECT	LOCAL	NET_ETIMEOUT_Body
0x00001b80	56	OBJECT	LOCAL	NET_ECONNREFUSED_Body
0x00001bb8	56	OBJECT	LOCAL	NET_ENETUNREACH_Body
0x00001bf0	56	OBJECT	LOCAL	NET_ENOTCONN_Body
0x00001c28	56	OBJECT	LOCAL	NET_ENOBUFS_Body
0x00001c60	56	OBJECT	LOCAL	NET_EMFILE_Body
0x00001c98	56	OBJECT	LOCAL	NET_EBADF_Body
0x00001cd0	56	OBJECT	LOCAL	NET_EINVAL_Body
0x00001d08	56	OBJECT	LOCAL	NET_OTHERS_Body
0x00001d40	56	OBJECT	LOCAL	NET_ECONNRESET_Body
0x00001d78	95	OBJECT	LOCAL	sceDNAS2_SS_ID_NOUSE_Body
0x00001dd8	95	OBJECT	LOCAL	sceDNAS2_SS_ID_NOT_JOIN_TO_CAT_Body
0x00001e38	95	OBJECT	LOCAL	sceDNAS2_SS_ID_INTERNAL_ERROR_Body
0x00001e98	64	OBJECT	LOCAL	sceDNAS2_Other_Body
0x00001ed8	36	OBJECT	LOCAL	DIRTYDNAS_ERR_USERABORT_Body
0x00001f00	29	OBJECT	LOCAL	DIRTYDNAS_ERR_UNKNOWN_Body
0x00001f20	1	OBJECT	LOCAL	sceDNAS2_SS_SERVER_BUSY_Footer
0x00001f28	149	OBJECT	LOCAL	sceDNAS2_SS_BEFORE_SERVICE_Footer
0x00001fc0	149	OBJECT	LOCAL	sceDNAS2_SS_OUT_OF_SERVICE_Footer
0x00002058	149	OBJECT	LOCAL	sceDNAS2_SS_END_OF_SERVICE_Footer
0x000020c0	32	FUNC	GLOBAL	sceDNAS2InitNoHDD
0x000020e0	420	FUNC	GLOBAL	sceDNAS2AuthInstall
0x000020f0	1	OBJECT	LOCAL	sceDNAS2_SS_SESSION_TIME_OUT_Footer
0x000020f8	149	OBJECT	LOCAL	sceDNAS2_SS_INVALID_SERVER_Footer
0x00002190	149	OBJECT	LOCAL	sceDNAS2_SS_INTERNAL_ERROR_Footer
0x00002228	149	OBJECT	LOCAL	sceDNAS2_SS_EXTERNAL_ERROR_Footer
0x00002288	468	FUNC	GLOBAL	sceDNAS2AuthDataDownload
0x000022c0	149	OBJECT	LOCAL	sceDNAS2_SS_INVALID_PS2_Footer
0x00002358	149	OBJECT	LOCAL	sceDNAS2_SS_INVALID_MEDIA_Footer
0x000023f0	149	OBJECT	LOCAL	sceDNAS2_SS_INVALID_AUTHDATA_Footer
0x00002460	644	FUNC	GLOBAL	sceDNAS2AuthDataDownload2
0x00002488	149	OBJECT	LOCAL	sceDNAS2_SS_INVALID_HDD_BINDING_Footer
0x00002520	1	OBJECT	LOCAL	GLUE_ABORT_Footer
0x00002528	1	OBJECT	LOCAL	NET_PROXY_Footer
0x00002530	1	OBJECT	LOCAL	NET_TIMEOUT_Footer
0x00002538	1	OBJECT	LOCAL	NET_SSL_Footer
0x00002540	1	OBJECT	LOCAL	NET_DNS_HOST_NOT_FOUND_Footer
0x00002548	1	OBJECT	LOCAL	NET_DNS_TRY_AGAIN_Footer
0x00002550	1	OBJECT	LOCAL	NET_DNS_NO_RECOVERY_Footer
0x00002558	1	OBJECT	LOCAL	NET_DNS_NO_DATA_Footer
0x00002560	1	OBJECT	LOCAL	NET_DNS_OTHERS_Footer
0x00002568	1	OBJECT	LOCAL	NET_EISCONN_Footer
0x00002570	1	OBJECT	LOCAL	NET_ETIMEOUT_Footer
0x00002578	1	OBJECT	LOCAL	NET_ECONNREFUSED_Footer
0x00002580	1	OBJECT	LOCAL	NET_ENETUNREACH_Footer
0x00002588	1	OBJECT	LOCAL	NET_ENOTCONN_Footer
0x00002590	1	OBJECT	LOCAL	NET_ENOBUFS_Footer
0x00002598	1	OBJECT	LOCAL	NET_EMFILE_Footer
0x000025a0	1	OBJECT	LOCAL	NET_EBADF_Footer
0x000025a8	1	OBJECT	LOCAL	NET_EINVAL_Footer
0x000025b0	1	OBJECT	LOCAL	NET_OTHERS_Footer
0x000025b8	1	OBJECT	LOCAL	NET_ECONNRESET_Footer
0x000025c0	74	OBJECT	LOCAL	sceDNAS2_SS_ID_NOUSE_Footer
0x00002610	74	OBJECT	LOCAL	sceDNAS2_SS_ID_NOT_JOIN_TO_CAT_Footer
0x00002660	74	OBJECT	LOCAL	sceDNAS2_SS_ID_INTERNAL_ERROR_Footer
0x000026b0	149	OBJECT	LOCAL	sceDNAS2_Other_Footer
0x000026e8	444	FUNC	GLOBAL	sceDNAS2AuthGetUniqueID
0x00002748	1	OBJECT	LOCAL	DIRTYDNAS_ERR_USERABORT_Footer
0x00002750	1	OBJECT	LOCAL	DIRTYDNAS_ERR_UNKNOWN_Footer
0x00002758	112	OBJECT	LOCAL	sceDNAS2_SS_SERVER_BUSY_Body
0x000027c8	48	OBJECT	LOCAL	sceDNAS2_SS_BEFORE_SERVICE_Body
0x000027f8	48	OBJECT	LOCAL	sceDNAS2_SS_OUT_OF_SERVICE_Body
0x00002828	82	OBJECT	LOCAL	sceDNAS2_SS_END_OF_SERVICE_Body
0x00002880	129	OBJECT	LOCAL	sceDNAS2_SS_SESSION_TIME_OUT_Body
0x000028a8	760	FUNC	GLOBAL	sceDNAS2Shutdown
0x00002908	69	OBJECT	LOCAL	sceDNAS2_SS_INVALID_SERVER_Body
0x00002950	69	OBJECT	LOCAL	sceDNAS2_SS_INTERNAL_ERROR_Body
0x00002998	69	OBJECT	LOCAL	sceDNAS2_SS_EXTERNAL_ERROR_Body
0x000029e0	63	OBJECT	LOCAL	sceDNAS2_SS_INVALID_PS2_Body
0x00002a20	61	OBJECT	LOCAL	sceDNAS2_SS_INVALID_MEDIA_Body
0x00002a60	61	OBJECT	LOCAL	sceDNAS2_SS_INVALID_AUTHDATA_Body
0x00002aa0	63	OBJECT	LOCAL	sceDNAS2_SS_INVALID_HDD_BINDING_Body
0x00002ae0	67	OBJECT	LOCAL	GLUE_ABORT_Body
0x00002b28	63	OBJECT	LOCAL	NET_PROXY_Body
0x00002b68	104	OBJECT	LOCAL	NET_TIMEOUT_Body
0x00002ba0	276	FUNC	GLOBAL	sceDNAS2Abort
0x00002bd0	66	OBJECT	LOCAL	NET_SSL_Body
0x00002c18	158	OBJECT	LOCAL	NET_DNS_HOST_NOT_FOUND_Body
0x00002cb8	112	OBJECT	LOCAL	NET_DNS_TRY_AGAIN_Body
0x00002cb8	84	FUNC	GLOBAL	sceDNAS2GetStatus
0x00002d10	136	FUNC	GLOBAL	sceDNAS2SetProxy
0x00002d28	158	OBJECT	LOCAL	NET_DNS_NO_RECOVERY_Body
0x00002d98	116	FUNC	GLOBAL	sceDNAS2GetProxy
0x00002dc8	158	OBJECT	LOCAL	NET_DNS_NO_DATA_Body
0x00002e10	444	FUNC	GLOBAL	sceDNAS2AuthRecordData
0x00002e68	130	OBJECT	LOCAL	NET_DNS_OTHERS_Body
0x00002ef0	66	OBJECT	LOCAL	NET_EISCONN_Body
0x00002f38	104	OBJECT	LOCAL	NET_ETIMEOUT_Body
0x00002fa0	66	OBJECT	LOCAL	NET_ECONNREFUSED_Body
0x00002fd0	420	FUNC	GLOBAL	sceDNAS2AuthNetStart
0x00002fe8	66	OBJECT	LOCAL	NET_ENETUNREACH_Body
0x00003030	66	OBJECT	LOCAL	NET_ENOTCONN_Body
0x00003078	53	OBJECT	LOCAL	NET_ENOBUFS_Body
0x000030b0	53	OBJECT	LOCAL	NET_EMFILE_Body
0x000030e8	53	OBJECT	LOCAL	NET_EBADF_Body
0x00003120	53	OBJECT	LOCAL	NET_EINVAL_Body
0x00003158	53	OBJECT	LOCAL	NET_OTHERS_Body
0x00003178	60	FUNC	GLOBAL	_sce_dnas2_symbol43
0x00003190	66	OBJECT	LOCAL	NET_ECONNRESET_Body
0x000031b8	256	FUNC	GLOBAL	_sce_dnas2_symbol44
0x000031d8	106	OBJECT	LOCAL	sceDNAS2_SS_ID_NOUSE_Body
0x00003248	106	OBJECT	LOCAL	sceDNAS2_SS_ID_NOT_JOIN_TO_CAT_Body
0x000032b8	256	FUNC	GLOBAL	_sce_dnas2_symbol40
0x000032b8	106	OBJECT	LOCAL	sceDNAS2_SS_ID_INTERNAL_ERROR_Body
0x00003328	46	OBJECT	LOCAL	sceDNAS2_Other_Body
0x00003358	38	OBJECT	LOCAL	DIRTYDNAS_ERR_USERABORT_Body
0x00003380	23	OBJECT	LOCAL	DIRTYDNAS_ERR_UNKNOWN_Body
0x00003398	1	OBJECT	LOCAL	sceDNAS2_SS_SERVER_BUSY_Footer
0x000033a0	122	OBJECT	LOCAL	sceDNAS2_SS_BEFORE_SERVICE_Footer
0x000033b8	260	FUNC	GLOBAL	_sce_dnas2_symbol26
0x00003420	122	OBJECT	LOCAL	sceDNAS2_SS_OUT_OF_SERVICE_Footer
0x000034a0	122	OBJECT	LOCAL	sceDNAS2_SS_END_OF_SERVICE_Footer
0x000034c0	268	FUNC	GLOBAL	_sce_dnas2_symbol25
0x00003520	1	OBJECT	LOCAL	sceDNAS2_SS_SESSION_TIME_OUT_Footer
0x00003528	122	OBJECT	LOCAL	sceDNAS2_SS_INVALID_SERVER_Footer
0x000035a8	122	OBJECT	LOCAL	sceDNAS2_SS_INTERNAL_ERROR_Footer
0x000035d0	256	FUNC	GLOBAL	_sce_dnas2_symbol42
0x00003628	122	OBJECT	LOCAL	sceDNAS2_SS_EXTERNAL_ERROR_Footer
0x000036a8	122	OBJECT	LOCAL	sceDNAS2_SS_INVALID_PS2_Footer
0x000036d0	256	FUNC	GLOBAL	_sce_dnas2_symbol101
0x00003728	122	OBJECT	LOCAL	sceDNAS2_SS_INVALID_MEDIA_Footer
0x000037a8	122	OBJECT	LOCAL	sceDNAS2_SS_INVALID_AUTHDATA_Footer
0x000037d0	224	FUNC	GLOBAL	_sce_dnas2_symbol46
0x00003828	122	OBJECT	LOCAL	sceDNAS2_SS_INVALID_HDD_BINDING_Footer
0x000038a8	1	OBJECT	LOCAL	GLUE_ABORT_Footer
0x000038b0	1	OBJECT	LOCAL	NET_PROXY_Footer
0x000038b0	256	FUNC	GLOBAL	_sce_dnas2_symbol47
0x000038b8	1	OBJECT	LOCAL	NET_TIMEOUT_Footer
0x000038c0	1	OBJECT	LOCAL	NET_SSL_Footer
0x000038c8	1	OBJECT	LOCAL	NET_DNS_HOST_NOT_FOUND_Footer
0x000038d0	1	OBJECT	LOCAL	NET_DNS_TRY_AGAIN_Footer
0x000038d8	1	OBJECT	LOCAL	NET_DNS_NO_RECOVERY_Footer
0x000038e0	1	OBJECT	LOCAL	NET_DNS_NO_DATA_Footer
0x000038e8	1	OBJECT	LOCAL	NET_DNS_OTHERS_Footer
0x000038f0	1	OBJECT	LOCAL	NET_EISCONN_Footer
0x000038f8	1	OBJECT	LOCAL	NET_ETIMEOUT_Footer
0x00003900	1	OBJECT	LOCAL	NET_ECONNREFUSED_Footer
0x00003908	1	OBJECT	LOCAL	NET_ENETUNREACH_Footer
0x00003910	1	OBJECT	LOCAL	NET_ENOTCONN_Footer
0x00003918	1	OBJECT	LOCAL	NET_ENOBUFS_Footer
0x00003920	1	OBJECT	LOCAL	NET_EMFILE_Footer
0x00003928	1	OBJECT	LOCAL	NET_EBADF_Footer
0x00003930	1	OBJECT	LOCAL	NET_EINVAL_Footer
0x00003938	1	OBJECT	LOCAL	NET_OTHERS_Footer
0x00003940	1	OBJECT	LOCAL	NET_ECONNRESET_Footer
0x00003948	78	OBJECT	LOCAL	sceDNAS2_SS_ID_NOUSE_Footer
0x00003998	78	OBJECT	LOCAL	sceDNAS2_SS_ID_NOT_JOIN_TO_CAT_Footer
0x000039b0	224	FUNC	GLOBAL	_sce_dnas2_symbol100
0x000039e8	78	OBJECT	LOCAL	sceDNAS2_SS_ID_INTERNAL_ERROR_Footer
0x00003a38	122	OBJECT	LOCAL	sceDNAS2_Other_Footer
0x00003a90	224	FUNC	GLOBAL	_sce_dnas2_symbol54
0x00003ab8	1	OBJECT	LOCAL	DIRTYDNAS_ERR_USERABORT_Footer
0x00003ac0	1	OBJECT	LOCAL	DIRTYDNAS_ERR_UNKNOWN_Footer
0x00003ac8	107	OBJECT	LOCAL	sceDNAS2_SS_SERVER_BUSY_Body
0x00003b38	85	OBJECT	LOCAL	sceDNAS2_SS_BEFORE_SERVICE_Body
0x00003b70	224	FUNC	GLOBAL	_sce_dnas2_symbol48
0x00003b90	88	OBJECT	LOCAL	sceDNAS2_SS_OUT_OF_SERVICE_Body
0x00003be8	67	OBJECT	LOCAL	sceDNAS2_SS_END_OF_SERVICE_Body
0x00003c30	116	OBJECT	LOCAL	sceDNAS2_SS_SESSION_TIME_OUT_Body
0x00003c50	256	FUNC	GLOBAL	_sce_dnas2_symbol10
0x00003ca8	54	OBJECT	LOCAL	sceDNAS2_SS_INVALID_SERVER_Body
0x00003ce0	54	OBJECT	LOCAL	sceDNAS2_SS_INTERNAL_ERROR_Body
0x00003d18	54	OBJECT	LOCAL	sceDNAS2_SS_EXTERNAL_ERROR_Body
0x00003d50	232	FUNC	GLOBAL	_sce_dnas2_symbol37
0x00003d50	78	OBJECT	LOCAL	sceDNAS2_SS_INVALID_PS2_Body
0x00003da0	81	OBJECT	LOCAL	sceDNAS2_SS_INVALID_MEDIA_Body
0x00003df8	81	OBJECT	LOCAL	sceDNAS2_SS_INVALID_AUTHDATA_Body
0x00003e38	260	FUNC	GLOBAL	_sce_dnas2_symbol39
0x00003e50	78	OBJECT	LOCAL	sceDNAS2_SS_INVALID_HDD_BINDING_Body
0x00003ea0	73	OBJECT	LOCAL	GLUE_ABORT_Body
0x00003ef0	70	OBJECT	LOCAL	NET_PROXY_Body
0x00003f38	111	OBJECT	LOCAL	NET_TIMEOUT_Body
0x00003f40	260	FUNC	GLOBAL	_sce_dnas2_symbol55
0x00003fa8	69	OBJECT	LOCAL	NET_SSL_Body
0x00003ff0	118	OBJECT	LOCAL	NET_DNS_HOST_NOT_FOUND_Body
0x00004048	360	FUNC	GLOBAL	_sce_dnas2_symbol50
0x00004068	118	OBJECT	LOCAL	NET_DNS_TRY_AGAIN_Body
0x000040e0	118	OBJECT	LOCAL	NET_DNS_NO_RECOVERY_Body
0x00004158	118	OBJECT	LOCAL	NET_DNS_NO_DATA_Body
0x000041b0	276	FUNC	GLOBAL	_sce_dnas2_symbol49
0x000041d0	111	OBJECT	LOCAL	NET_DNS_OTHERS_Body
0x00004240	69	OBJECT	LOCAL	NET_EISCONN_Body
0x00004288	112	OBJECT	LOCAL	NET_ETIMEOUT_Body
0x000042c8	232	FUNC	GLOBAL	_sce_dnas2_symbol38
0x000042f8	69	OBJECT	LOCAL	NET_ECONNREFUSED_Body
0x00004340	69	OBJECT	LOCAL	NET_ENETUNREACH_Body
0x00004388	69	OBJECT	LOCAL	NET_ENOTCONN_Body
0x000043b0	260	FUNC	GLOBAL	_sce_dnas2_symbol41
0x000043d0	70	OBJECT	LOCAL	NET_ENOBUFS_Body
0x00004418	70	OBJECT	LOCAL	NET_EMFILE_Body
0x00004460	70	OBJECT	LOCAL	NET_EBADF_Body
0x000044a8	70	OBJECT	LOCAL	NET_EINVAL_Body
0x000044b8	224	FUNC	GLOBAL	_sce_dnas2_symbol52
0x000044f0	70	OBJECT	LOCAL	NET_OTHERS_Body
0x00004538	69	OBJECT	LOCAL	NET_ECONNRESET_Body
0x00004580	62	OBJECT	LOCAL	sceDNAS2_SS_ID_NOUSE_Body
0x00004598	224	FUNC	GLOBAL	_sce_dnas2_symbol58
0x000045c0	62	OBJECT	LOCAL	sceDNAS2_SS_ID_NOT_JOIN_TO_CAT_Body
0x00004600	62	OBJECT	LOCAL	sceDNAS2_SS_ID_INTERNAL_ERROR_Body
0x00004640	54	OBJECT	LOCAL	sceDNAS2_Other_Body
0x00004678	37	OBJECT	LOCAL	DIRTYDNAS_ERR_USERABORT_Body
0x00004678	360	FUNC	GLOBAL	_sce_dnas2_symbol53
0x000046a0	38	OBJECT	LOCAL	DIRTYDNAS_ERR_UNKNOWN_Body
0x000046c8	1	OBJECT	LOCAL	sceDNAS2_SS_SERVER_BUSY_Footer
0x000046d0	128	OBJECT	LOCAL	sceDNAS2_SS_BEFORE_SERVICE_Footer
0x00004750	128	OBJECT	LOCAL	sceDNAS2_SS_OUT_OF_SERVICE_Footer
0x000047d0	128	OBJECT	LOCAL	sceDNAS2_SS_END_OF_SERVICE_Footer
0x000047e0	276	FUNC	GLOBAL	_sce_dnas2_symbol51
0x00004850	1	OBJECT	LOCAL	sceDNAS2_SS_SESSION_TIME_OUT_Footer
0x00004858	128	OBJECT	LOCAL	sceDNAS2_SS_INVALID_SERVER_Footer
0x000048d8	128	OBJECT	LOCAL	sceDNAS2_SS_INTERNAL_ERROR_Footer
0x000048f8	456	FUNC	GLOBAL	_sce_dnas2_symbol56
0x00004958	128	OBJECT	LOCAL	sceDNAS2_SS_EXTERNAL_ERROR_Footer
0x000049d8	128	OBJECT	LOCAL	sceDNAS2_SS_INVALID_PS2_Footer
0x00004a58	128	OBJECT	LOCAL	sceDNAS2_SS_INVALID_MEDIA_Footer
0x00004ac0	0	OBJECT	GLOBAL	_sce_dnas2_symbol103
0x00004ac0	0	OBJECT	GLOBAL	_sce_dnas2_symbol105
0x00004ad8	128	OBJECT	LOCAL	sceDNAS2_SS_INVALID_AUTHDATA_Footer
0x00004ae8	0	OBJECT	GLOBAL	_sce_dnas2_symbol107
0x00004ae8	0	OBJECT	GLOBAL	_sce_dnas2_symbol108
0x00004b58	128	OBJECT	LOCAL	sceDNAS2_SS_INVALID_HDD_BINDING_Footer
0x00004bd8	1	OBJECT	LOCAL	GLUE_ABORT_Footer
0x00004be0	1	OBJECT	LOCAL	NET_PROXY_Footer
0x00004be8	1	OBJECT	LOCAL	NET_TIMEOUT_Footer
0x00004bf0	1	OBJECT	LOCAL	NET_SSL_Footer
0x00004bf8	1	OBJECT	LOCAL	NET_DNS_HOST_NOT_FOUND_Footer
0x00004c00	1	OBJECT	LOCAL	NET_DNS_TRY_AGAIN_Footer
0x00004c08	1	OBJECT	LOCAL	NET_DNS_NO_RECOVERY_Footer
0x00004c10	1	OBJECT	LOCAL	NET_DNS_NO_DATA_Footer
0x00004c18	1	OBJECT	LOCAL	NET_DNS_OTHERS_Footer
0x00004c20	1	OBJECT	LOCAL	NET_EISCONN_Footer
0x00004c28	1	OBJECT	LOCAL	NET_ETIMEOUT_Footer
0x00004c30	1	OBJECT	LOCAL	NET_ECONNREFUSED_Footer
0x00004c38	1	OBJECT	LOCAL	NET_ENETUNREACH_Footer
0x00004c40	1	OBJECT	LOCAL	NET_ENOTCONN_Footer
0x00004c48	1	OBJECT	LOCAL	NET_ENOBUFS_Footer
0x00004c50	1	OBJECT	LOCAL	NET_EMFILE_Footer
0x00004c58	1	OBJECT	LOCAL	NET_EBADF_Footer
0x00004c60	1	OBJECT	LOCAL	NET_EINVAL_Footer
0x00004c68	1	OBJECT	LOCAL	NET_OTHERS_Footer
0x00004c70	1	OBJECT	LOCAL	NET_ECONNRESET_Footer
0x00004c78	80	OBJECT	LOCAL	sceDNAS2_SS_ID_NOUSE_Footer
0x00004cc8	80	OBJECT	LOCAL	sceDNAS2_SS_ID_NOT_JOIN_TO_CAT_Footer
0x00004d18	80	OBJECT	LOCAL	sceDNAS2_SS_ID_INTERNAL_ERROR_Footer
0x00004d68	128	OBJECT	LOCAL	sceDNAS2_Other_Footer
0x00004de8	1	OBJECT	LOCAL	DIRTYDNAS_ERR_USERABORT_Footer
0x00004df0	1	OBJECT	LOCAL	DIRTYDNAS_ERR_UNKNOWN_Footer
0x00004df8	170	OBJECT	LOCAL	sceDNAS2_SS_SERVER_BUSY_Body
0x00004ea8	86	OBJECT	LOCAL	sceDNAS2_SS_BEFORE_SERVICE_Body
0x00004f00	96	OBJECT	LOCAL	sceDNAS2_SS_OUT_OF_SERVICE_Body
0x00004f60	77	OBJECT	LOCAL	sceDNAS2_SS_END_OF_SERVICE_Body
0x00004fb0	158	OBJECT	LOCAL	sceDNAS2_SS_SESSION_TIME_OUT_Body
0x00005050	146	OBJECT	LOCAL	sceDNAS2_SS_INVALID_SERVER_Body
0x000050e8	65	OBJECT	LOCAL	sceDNAS2_SS_INTERNAL_ERROR_Body
0x00005130	62	OBJECT	LOCAL	sceDNAS2_SS_EXTERNAL_ERROR_Body
0x00005170	56	OBJECT	LOCAL	sceDNAS2_SS_INVALID_PS2_Body
0x000051a8	56	OBJECT	LOCAL	sceDNAS2_SS_INVALID_MEDIA_Body
0x000051e0	56	OBJECT	LOCAL	sceDNAS2_SS_INVALID_AUTHDATA_Body
0x00005218	56	OBJECT	LOCAL	sceDNAS2_SS_INVALID_HDD_BINDING_Body
0x00005250	72	OBJECT	LOCAL	GLUE_ABORT_Body
0x00005298	75	OBJECT	LOCAL	NET_PROXY_Body
0x000052e8	132	OBJECT	LOCAL	NET_TIMEOUT_Body
0x00005370	78	OBJECT	LOCAL	NET_SSL_Body
0x000053c0	132	OBJECT	LOCAL	NET_DNS_HOST_NOT_FOUND_Body
0x00005448	129	OBJECT	LOCAL	NET_DNS_TRY_AGAIN_Body
0x000054d0	132	OBJECT	LOCAL	NET_DNS_NO_RECOVERY_Body
0x00005558	132	OBJECT	LOCAL	NET_DNS_NO_DATA_Body
0x000055e0	99	OBJECT	LOCAL	NET_DNS_OTHERS_Body
0x00005648	78	OBJECT	LOCAL	NET_EISCONN_Body
0x00005698	132	OBJECT	LOCAL	NET_ETIMEOUT_Body
0x00005720	78	OBJECT	LOCAL	NET_ECONNREFUSED_Body
0x00005770	78	OBJECT	LOCAL	NET_ENETUNREACH_Body
0x000057c0	78	OBJECT	LOCAL	NET_ENOTCONN_Body
0x00005810	48	OBJECT	LOCAL	NET_ENOBUFS_Body
0x00005840	48	OBJECT	LOCAL	NET_EMFILE_Body
0x00005870	48	OBJECT	LOCAL	NET_EBADF_Body
0x000058a0	48	OBJECT	LOCAL	NET_EINVAL_Body
0x000058d0	48	OBJECT	LOCAL	NET_OTHERS_Body
0x00005900	78	OBJECT	LOCAL	NET_ECONNRESET_Body
0x00005950	83	OBJECT	LOCAL	sceDNAS2_SS_ID_NOUSE_Body
0x000059a8	83	OBJECT	LOCAL	sceDNAS2_SS_ID_NOT_JOIN_TO_CAT_Body
0x00005a00	83	OBJECT	LOCAL	sceDNAS2_SS_ID_INTERNAL_ERROR_Body
0x00005a58	65	OBJECT	LOCAL	sceDNAS2_Other_Body
0x00005aa0	49	OBJECT	LOCAL	DIRTYDNAS_ERR_USERABORT_Body
0x00005ad8	22	OBJECT	LOCAL	DIRTYDNAS_ERR_UNKNOWN_Body
0x00005af0	1	OBJECT	LOCAL	sceDNAS2_SS_SERVER_BUSY_Footer
0x00005af8	1	OBJECT	LOCAL	sceDNAS2_SS_BEFORE_SERVICE_Footer
0x00005b00	1	OBJECT	LOCAL	sceDNAS2_SS_OUT_OF_SERVICE_Footer
0x00005b08	1	OBJECT	LOCAL	sceDNAS2_SS_END_OF_SERVICE_Footer
0x00005b10	1	OBJECT	LOCAL	sceDNAS2_SS_SESSION_TIME_OUT_Footer
0x00005b18	1	OBJECT	LOCAL	sceDNAS2_SS_INVALID_SERVER_Footer
0x00005b20	1	OBJECT	LOCAL	sceDNAS2_SS_INTERNAL_ERROR_Footer
0x00005b28	1	OBJECT	LOCAL	sceDNAS2_SS_EXTERNAL_ERROR_Footer
0x00005b30	1	OBJECT	LOCAL	sceDNAS2_SS_INVALID_PS2_Footer
0x00005b38	1	OBJECT	LOCAL	sceDNAS2_SS_INVALID_MEDIA_Footer
0x00005b40	1	OBJECT	LOCAL	sceDNAS2_SS_INVALID_AUTHDATA_Footer
0x00005b48	1	OBJECT	LOCAL	sceDNAS2_SS_INVALID_HDD_BINDING_Footer
0x00005b50	1	OBJECT	LOCAL	GLUE_ABORT_Footer
0x00005b58	1	OBJECT	LOCAL	NET_PROXY_Footer
0x00005b60	1	OBJECT	LOCAL	NET_TIMEOUT_Footer
0x00005b68	1	OBJECT	LOCAL	NET_SSL_Footer
0x00005b70	1	OBJECT	LOCAL	NET_DNS_HOST_NOT_FOUND_Footer
0x00005b78	1	OBJECT	LOCAL	NET_DNS_TRY_AGAIN_Footer
0x00005b80	1	OBJECT	LOCAL	NET_DNS_NO_RECOVERY_Footer
0x00005b88	1	OBJECT	LOCAL	NET_DNS_NO_DATA_Footer
0x00005b90	1	OBJECT	LOCAL	NET_DNS_OTHERS_Footer
0x00005b98	1	OBJECT	LOCAL	NET_EISCONN_Footer
0x00005ba0	1	OBJECT	LOCAL	NET_ETIMEOUT_Footer
0x00005ba8	1	OBJECT	LOCAL	NET_ECONNREFUSED_Footer
0x00005bb0	1	OBJECT	LOCAL	NET_ENETUNREACH_Footer
0x00005bb8	1	OBJECT	LOCAL	NET_ENOTCONN_Footer
0x00005bc0	1	OBJECT	LOCAL	NET_ENOBUFS_Footer
0x00005bc8	1	OBJECT	LOCAL	NET_EMFILE_Footer
0x00005bd0	1	OBJECT	LOCAL	NET_EBADF_Footer
0x00005bd8	1	OBJECT	LOCAL	NET_EINVAL_Footer
0x00005be0	1	OBJECT	LOCAL	NET_OTHERS_Footer
0x00005be8	1	OBJECT	LOCAL	NET_ECONNRESET_Footer
0x00005bf0	83	OBJECT	LOCAL	sceDNAS2_SS_ID_NOUSE_Footer
0x00005c48	83	OBJECT	LOCAL	sceDNAS2_SS_ID_NOT_JOIN_TO_CAT_Footer
0x00005ca0	83	OBJECT	LOCAL	sceDNAS2_SS_ID_INTERNAL_ERROR_Footer
0x00005cf8	1	OBJECT	LOCAL	sceDNAS2_Other_Footer
0x00005d00	1	OBJECT	LOCAL	DIRTYDNAS_ERR_USERABORT_Footer
0x00005d08	1	OBJECT	LOCAL	DIRTYDNAS_ERR_UNKNOWN_Footer
0x00005d10	83	OBJECT	LOCAL	sceDNAS2_SS_SERVER_BUSY_Body
0x00005d68	52	OBJECT	LOCAL	sceDNAS2_SS_BEFORE_SERVICE_Body
0x00005da0	52	OBJECT	LOCAL	sceDNAS2_SS_OUT_OF_SERVICE_Body
0x00005dd8	67	OBJECT	LOCAL	sceDNAS2_SS_END_OF_SERVICE_Body
0x00005e20	101	OBJECT	LOCAL	sceDNAS2_SS_SESSION_TIME_OUT_Body
0x00005e88	70	OBJECT	LOCAL	sceDNAS2_SS_INVALID_SERVER_Body
0x00005ed0	70	OBJECT	LOCAL	sceDNAS2_SS_INTERNAL_ERROR_Body
0x00005f18	70	OBJECT	LOCAL	sceDNAS2_SS_EXTERNAL_ERROR_Body
0x00005f60	72	OBJECT	LOCAL	sceDNAS2_SS_INVALID_PS2_Body
0x00005fa8	68	OBJECT	LOCAL	sceDNAS2_SS_INVALID_MEDIA_Body
0x00005ff0	68	OBJECT	LOCAL	sceDNAS2_SS_INVALID_AUTHDATA_Body
0x00006038	72	OBJECT	LOCAL	sceDNAS2_SS_INVALID_HDD_BINDING_Body
0x00006080	62	OBJECT	LOCAL	GLUE_ABORT_Body
0x000060c0	47	OBJECT	LOCAL	NET_PROXY_Body
0x000060f0	76	OBJECT	LOCAL	NET_TIMEOUT_Body
0x00006140	62	OBJECT	LOCAL	NET_SSL_Body
0x00006180	114	OBJECT	LOCAL	NET_DNS_HOST_NOT_FOUND_Body
0x000061f8	105	OBJECT	LOCAL	NET_DNS_TRY_AGAIN_Body
0x00006268	114	OBJECT	LOCAL	NET_DNS_NO_RECOVERY_Body
0x000062e0	114	OBJECT	LOCAL	NET_DNS_NO_DATA_Body
0x00006358	92	OBJECT	LOCAL	NET_DNS_OTHERS_Body
0x000063b8	62	OBJECT	LOCAL	NET_EISCONN_Body
0x000063f8	76	OBJECT	LOCAL	NET_ETIMEOUT_Body
0x00006448	62	OBJECT	LOCAL	NET_ECONNREFUSED_Body
0x00006488	62	OBJECT	LOCAL	NET_ENETUNREACH_Body
0x000064c8	62	OBJECT	LOCAL	NET_ENOTCONN_Body
0x00006508	53	OBJECT	LOCAL	NET_ENOBUFS_Body
0x00006540	53	OBJECT	LOCAL	NET_EMFILE_Body
0x00006578	53	OBJECT	LOCAL	NET_EBADF_Body
0x000065b0	53	OBJECT	LOCAL	NET_EINVAL_Body
0x000065c8	724	FUNC	GLOBAL	__sce_dnas2_symbol80008
0x000065e8	53	OBJECT	LOCAL	NET_OTHERS_Body
0x00006620	62	OBJECT	LOCAL	NET_ECONNRESET_Body
0x00006660	101	OBJECT	LOCAL	sceDNAS2_SS_ID_NOUSE_Body
0x000066c8	101	OBJECT	LOCAL	sceDNAS2_SS_ID_NOT_JOIN_TO_CAT_Body
0x00006730	101	OBJECT	LOCAL	sceDNAS2_SS_ID_INTERNAL_ERROR_Body
0x00006798	50	OBJECT	LOCAL	sceDNAS2_Other_Body
0x000067d0	27	OBJECT	LOCAL	DIRTYDNAS_ERR_USERABORT_Body
0x000067f0	18	OBJECT	LOCAL	DIRTYDNAS_ERR_UNKNOWN_Body
0x00006808	1	OBJECT	LOCAL	sceDNAS2_SS_SERVER_BUSY_Footer
0x00006810	84	OBJECT	LOCAL	sceDNAS2_SS_BEFORE_SERVICE_Footer
0x00006868	84	OBJECT	LOCAL	sceDNAS2_SS_OUT_OF_SERVICE_Footer
0x000068a0	68	FUNC	GLOBAL	__sce_dnas2_symbol80009
0x000068c0	61	OBJECT	LOCAL	sceDNAS2_SS_END_OF_SERVICE_Footer
0x000068e8	100	FUNC	GLOBAL	__sce_dnas2_symbol80007
0x00006900	167	OBJECT	LOCAL	sceDNAS2_SS_SESSION_TIME_OUT_Footer
0x00006950	820	FUNC	GLOBAL	__sce_dnas2_symbol80002
0x000069a8	167	OBJECT	LOCAL	sceDNAS2_SS_INVALID_SERVER_Footer
0x00006a50	167	OBJECT	LOCAL	sceDNAS2_SS_INTERNAL_ERROR_Footer
0x00006af8	167	OBJECT	LOCAL	sceDNAS2_SS_EXTERNAL_ERROR_Footer
0x00006ba0	150	OBJECT	LOCAL	sceDNAS2_SS_INVALID_PS2_Footer
0x00006c38	150	OBJECT	LOCAL	sceDNAS2_SS_INVALID_MEDIA_Footer
0x00006c88	412	FUNC	GLOBAL	__sce_dnas2_symbol80003
0x00006cd0	239	OBJECT	LOCAL	sceDNAS2_SS_INVALID_AUTHDATA_Footer
0x00006dc0	150	OBJECT	LOCAL	sceDNAS2_SS_INVALID_HDD_BINDING_Footer
0x00006e28	976	FUNC	GLOBAL	__sce_dnas2_symbol80004
0x00006e58	1	OBJECT	LOCAL	GLUE_ABORT_Footer
0x00006e60	1	OBJECT	LOCAL	NET_PROXY_Footer
0x00006e68	1	OBJECT	LOCAL	NET_TIMEOUT_Footer
0x00006e70	1	OBJECT	LOCAL	NET_SSL_Footer
0x00006e78	1	OBJECT	LOCAL	NET_DNS_HOST_NOT_FOUND_Footer
0x00006e80	1	OBJECT	LOCAL	NET_DNS_TRY_AGAIN_Footer
0x00006e88	1	OBJECT	LOCAL	NET_DNS_NO_RECOVERY_Footer
0x00006e90	1	OBJECT	LOCAL	NET_DNS_NO_DATA_Footer
0x00006e98	1	OBJECT	LOCAL	NET_DNS_OTHERS_Footer
0x00006ea0	1	OBJECT	LOCAL	NET_EISCONN_Footer
0x00006ea8	1	OBJECT	LOCAL	NET_ETIMEOUT_Footer
0x00006eb0	1	OBJECT	LOCAL	NET_ECONNREFUSED_Footer
0x00006eb8	1	OBJECT	LOCAL	NET_ENETUNREACH_Footer
0x00006ec0	1	OBJECT	LOCAL	NET_ENOTCONN_Footer
0x00006ec8	1	OBJECT	LOCAL	NET_ENOBUFS_Footer
0x00006ed0	1	OBJECT	LOCAL	NET_EMFILE_Footer
0x00006ed8	1	OBJECT	LOCAL	NET_EBADF_Footer
0x00006ee0	1	OBJECT	LOCAL	NET_EINVAL_Footer
0x00006ee8	1	OBJECT	LOCAL	NET_OTHERS_Footer
0x00006ef0	1	OBJECT	LOCAL	NET_ECONNRESET_Footer
0x00006ef8	87	OBJECT	LOCAL	sceDNAS2_SS_ID_NOUSE_Footer
0x00006f50	87	OBJECT	LOCAL	sceDNAS2_SS_ID_NOT_JOIN_TO_CAT_Footer
0x00006fa8	87	OBJECT	LOCAL	sceDNAS2_SS_ID_INTERNAL_ERROR_Footer
0x00007000	150	OBJECT	LOCAL	sceDNAS2_Other_Footer
0x00007098	1	OBJECT	LOCAL	DIRTYDNAS_ERR_USERABORT_Footer
0x000070a0	1	OBJECT	LOCAL	DIRTYDNAS_ERR_UNKNOWN_Footer
0x000070a8	114	OBJECT	LOCAL	sceDNAS2_SS_SERVER_BUSY_Body
0x00007120	63	OBJECT	LOCAL	sceDNAS2_SS_BEFORE_SERVICE_Body
0x00007160	64	OBJECT	LOCAL	sceDNAS2_SS_OUT_OF_SERVICE_Body
0x000071a0	79	OBJECT	LOCAL	sceDNAS2_SS_END_OF_SERVICE_Body
0x000071f0	132	OBJECT	LOCAL	sceDNAS2_SS_SESSION_TIME_OUT_Body
0x000071f8	172	FUNC	GLOBAL	__sce_dnas2_symbol80006
0x00007278	80	OBJECT	LOCAL	sceDNAS2_SS_INVALID_SERVER_Body
0x000072c8	80	OBJECT	LOCAL	sceDNAS2_SS_INTERNAL_ERROR_Body
0x00007318	80	OBJECT	LOCAL	sceDNAS2_SS_EXTERNAL_ERROR_Body
0x00007368	83	OBJECT	LOCAL	sceDNAS2_SS_INVALID_PS2_Body
0x000073c0	85	OBJECT	LOCAL	sceDNAS2_SS_INVALID_MEDIA_Body
0x000073e8	116	FUNC	GLOBAL	_sce_dnas2_symbol113
0x00007418	85	OBJECT	LOCAL	sceDNAS2_SS_INVALID_AUTHDATA_Body
0x00007470	83	OBJECT	LOCAL	sceDNAS2_SS_INVALID_HDD_BINDING_Body
0x000074c8	64	OBJECT	LOCAL	GLUE_ABORT_Body
0x00007508	55	OBJECT	LOCAL	NET_PROXY_Body
0x00007540	108	OBJECT	LOCAL	NET_TIMEOUT_Body
0x000075b0	83	OBJECT	LOCAL	NET_SSL_Body
0x00007608	111	OBJECT	LOCAL	NET_DNS_HOST_NOT_FOUND_Body
0x00007678	103	OBJECT	LOCAL	NET_DNS_TRY_AGAIN_Body
0x000076e0	111	OBJECT	LOCAL	NET_DNS_NO_RECOVERY_Body
0x00007750	111	OBJECT	LOCAL	NET_DNS_NO_DATA_Body
0x000077c0	105	OBJECT	LOCAL	NET_DNS_OTHERS_Body
0x00007830	83	OBJECT	LOCAL	NET_EISCONN_Body
0x00007888	108	OBJECT	LOCAL	NET_ETIMEOUT_Body
0x000078f8	83	OBJECT	LOCAL	NET_ECONNREFUSED_Body
0x00007950	83	OBJECT	LOCAL	NET_ENETUNREACH_Body
0x000079a8	83	OBJECT	LOCAL	NET_ENOTCONN_Body
0x00007a00	61	OBJECT	LOCAL	NET_ENOBUFS_Body
0x00007a40	61	OBJECT	LOCAL	NET_EMFILE_Body
0x00007a80	61	OBJECT	LOCAL	NET_EBADF_Body
0x00007ac0	61	OBJECT	LOCAL	NET_EINVAL_Body
0x00007b00	61	OBJECT	LOCAL	NET_OTHERS_Body
0x00007b40	83	OBJECT	LOCAL	NET_ECONNRESET_Body
0x00007b98	96	OBJECT	LOCAL	sceDNAS2_SS_ID_NOUSE_Body
0x00007bf8	96	OBJECT	LOCAL	sceDNAS2_SS_ID_NOT_JOIN_TO_CAT_Body
0x00007c58	96	OBJECT	LOCAL	sceDNAS2_SS_ID_INTERNAL_ERROR_Body
0x00007cb8	64	OBJECT	LOCAL	sceDNAS2_Other_Body
0x00007cf8	33	OBJECT	LOCAL	DIRTYDNAS_ERR_USERABORT_Body
0x00007d20	26	OBJECT	LOCAL	DIRTYDNAS_ERR_UNKNOWN_Body
0x00007d40	1	OBJECT	LOCAL	sceDNAS2_SS_SERVER_BUSY_Footer
0x00007d48	88	OBJECT	LOCAL	sceDNAS2_SS_BEFORE_SERVICE_Footer
0x00007da0	88	OBJECT	LOCAL	sceDNAS2_SS_OUT_OF_SERVICE_Footer
0x00007df8	63	OBJECT	LOCAL	sceDNAS2_SS_END_OF_SERVICE_Footer
0x00007e38	155	OBJECT	LOCAL	sceDNAS2_SS_SESSION_TIME_OUT_Footer
0x00007ed8	155	OBJECT	LOCAL	sceDNAS2_SS_INVALID_SERVER_Footer
0x00007f78	155	OBJECT	LOCAL	sceDNAS2_SS_INTERNAL_ERROR_Footer
0x00008018	155	OBJECT	LOCAL	sceDNAS2_SS_EXTERNAL_ERROR_Footer
0x000080b8	140	OBJECT	LOCAL	sceDNAS2_SS_INVALID_PS2_Footer
0x00008148	140	OBJECT	LOCAL	sceDNAS2_SS_INVALID_MEDIA_Footer
0x000081d8	247	OBJECT	LOCAL	sceDNAS2_SS_INVALID_AUTHDATA_Footer
0x000082d0	140	OBJECT	LOCAL	sceDNAS2_SS_INVALID_HDD_BINDING_Footer
0x00008360	1	OBJECT	LOCAL	GLUE_ABORT_Footer
0x00008368	1	OBJECT	LOCAL	NET_PROXY_Footer
0x00008370	1	OBJECT	LOCAL	NET_TIMEOUT_Footer
0x00008378	1	OBJECT	LOCAL	NET_SSL_Footer
0x00008380	1	OBJECT	LOCAL	NET_DNS_HOST_NOT_FOUND_Footer
0x00008388	1	OBJECT	LOCAL	NET_DNS_TRY_AGAIN_Footer
0x00008390	1	OBJECT	LOCAL	NET_DNS_NO_RECOVERY_Footer
0x00008398	1	OBJECT	LOCAL	NET_DNS_NO_DATA_Footer
0x000083a0	1	OBJECT	LOCAL	NET_DNS_OTHERS_Footer
0x000083a8	1	OBJECT	LOCAL	NET_EISCONN_Footer
0x000083b0	1	OBJECT	LOCAL	NET_ETIMEOUT_Footer
0x000083b8	1	OBJECT	LOCAL	NET_ECONNREFUSED_Footer
0x000083c0	1	OBJECT	LOCAL	NET_ENETUNREACH_Footer
0x000083c8	1	OBJECT	LOCAL	NET_ENOTCONN_Footer
0x000083d0	1	OBJECT	LOCAL	NET_ENOBUFS_Footer
0x000083d8	1	OBJECT	LOCAL	NET_EMFILE_Footer
0x000083e0	1	OBJECT	LOCAL	NET_EBADF_Footer
0x000083e8	1	OBJECT	LOCAL	NET_EINVAL_Footer
0x000083f0	1	OBJECT	LOCAL	NET_OTHERS_Footer
0x000083f8	1	OBJECT	LOCAL	NET_ECONNRESET_Footer
0x00008400	105	OBJECT	LOCAL	sceDNAS2_SS_ID_NOUSE_Footer
0x00008470	105	OBJECT	LOCAL	sceDNAS2_SS_ID_NOT_JOIN_TO_CAT_Footer
0x000084e0	105	OBJECT	LOCAL	sceDNAS2_SS_ID_INTERNAL_ERROR_Footer
0x00008550	140	OBJECT	LOCAL	sceDNAS2_Other_Footer
0x000085e0	1	OBJECT	LOCAL	DIRTYDNAS_ERR_USERABORT_Footer
0x000085e8	1	OBJECT	LOCAL	DIRTYDNAS_ERR_UNKNOWN_Footer
0x000085f0	172	OBJECT	LOCAL	sceDNAS2_SS_SERVER_BUSY_Body
0x000086a0	97	OBJECT	LOCAL	sceDNAS2_SS_BEFORE_SERVICE_Body
0x00008708	97	OBJECT	LOCAL	sceDNAS2_SS_OUT_OF_SERVICE_Body
0x00008770	123	OBJECT	LOCAL	sceDNAS2_SS_END_OF_SERVICE_Body
0x000087f0	144	OBJECT	LOCAL	sceDNAS2_SS_SESSION_TIME_OUT_Body
0x00008880	139	OBJECT	LOCAL	sceDNAS2_SS_INVALID_SERVER_Body
0x00008910	139	OBJECT	LOCAL	sceDNAS2_SS_INTERNAL_ERROR_Body
0x000089a0	122	OBJECT	LOCAL	sceDNAS2_SS_EXTERNAL_ERROR_Body
0x00008a20	94	OBJECT	LOCAL	sceDNAS2_SS_INVALID_PS2_Body
0x00008a80	94	OBJECT	LOCAL	sceDNAS2_SS_INVALID_MEDIA_Body
0x00008ae0	94	OBJECT	LOCAL	sceDNAS2_SS_INVALID_AUTHDATA_Body
0x00008b40	94	OBJECT	LOCAL	sceDNAS2_SS_INVALID_HDD_BINDING_Body
0x00008ba0	88	OBJECT	LOCAL	GLUE_ABORT_Body
0x00008bf8	77	OBJECT	LOCAL	NET_PROXY_Body
0x00008c48	160	OBJECT	LOCAL	NET_TIMEOUT_Body
0x00008ce8	102	OBJECT	LOCAL	NET_SSL_Body
0x00008d50	203	OBJECT	LOCAL	NET_DNS_HOST_NOT_FOUND_Body
0x00008e20	174	OBJECT	LOCAL	NET_DNS_TRY_AGAIN_Body
0x00008ed0	203	OBJECT	LOCAL	NET_DNS_NO_RECOVERY_Body
0x00008fa0	203	OBJECT	LOCAL	NET_DNS_NO_DATA_Body
0x00009070	144	OBJECT	LOCAL	NET_DNS_OTHERS_Body
0x00009100	102	OBJECT	LOCAL	NET_EISCONN_Body
0x00009168	160	OBJECT	LOCAL	NET_ETIMEOUT_Body
0x00009208	102	OBJECT	LOCAL	NET_ECONNREFUSED_Body
0x00009270	102	OBJECT	LOCAL	NET_ENETUNREACH_Body
0x000092d8	102	OBJECT	LOCAL	NET_ENOTCONN_Body
0x00009340	93	OBJECT	LOCAL	NET_ENOBUFS_Body
0x000093a0	93	OBJECT	LOCAL	NET_EMFILE_Body
0x00009400	93	OBJECT	LOCAL	NET_EBADF_Body
0x00009460	93	OBJECT	LOCAL	NET_EINVAL_Body
0x000094c0	93	OBJECT	LOCAL	NET_OTHERS_Body
0x00009520	102	OBJECT	LOCAL	NET_ECONNRESET_Body
0x00009588	170	OBJECT	LOCAL	sceDNAS2_SS_ID_NOUSE_Body
0x00009638	170	OBJECT	LOCAL	sceDNAS2_SS_ID_NOT_JOIN_TO_CAT_Body
0x000096e8	170	OBJECT	LOCAL	sceDNAS2_SS_ID_INTERNAL_ERROR_Body
0x00009798	96	OBJECT	LOCAL	sceDNAS2_Other_Body
0x000097f8	69	OBJECT	LOCAL	DIRTYDNAS_ERR_USERABORT_Body
0x00009840	42	OBJECT	LOCAL	DIRTYDNAS_ERR_UNKNOWN_Body
0x00009870	1	OBJECT	LOCAL	sceDNAS2_SS_SERVER_BUSY_Footer
0x00009878	152	OBJECT	LOCAL	sceDNAS2_SS_BEFORE_SERVICE_Footer
0x00009910	152	OBJECT	LOCAL	sceDNAS2_SS_OUT_OF_SERVICE_Footer
0x000099a8	118	OBJECT	LOCAL	sceDNAS2_SS_END_OF_SERVICE_Footer
0x00009a20	274	OBJECT	LOCAL	sceDNAS2_SS_SESSION_TIME_OUT_Footer
0x00009b38	274	OBJECT	LOCAL	sceDNAS2_SS_INVALID_SERVER_Footer
0x00009c50	274	OBJECT	LOCAL	sceDNAS2_SS_INTERNAL_ERROR_Footer
0x00009d68	274	OBJECT	LOCAL	sceDNAS2_SS_EXTERNAL_ERROR_Footer
0x00009e80	235	OBJECT	LOCAL	sceDNAS2_SS_INVALID_PS2_Footer
0x00009f70	236	OBJECT	LOCAL	sceDNAS2_SS_INVALID_MEDIA_Footer
0x0000a060	452	OBJECT	LOCAL	sceDNAS2_SS_INVALID_AUTHDATA_Footer
0x0000a228	235	OBJECT	LOCAL	sceDNAS2_SS_INVALID_HDD_BINDING_Footer
0x0000a318	1	OBJECT	LOCAL	GLUE_ABORT_Footer
0x0000a320	1	OBJECT	LOCAL	NET_PROXY_Footer
0x0000a328	1	OBJECT	LOCAL	NET_TIMEOUT_Footer
0x0000a330	1	OBJECT	LOCAL	NET_SSL_Footer
0x0000a338	1	OBJECT	LOCAL	NET_DNS_HOST_NOT_FOUND_Footer
0x0000a340	1	OBJECT	LOCAL	NET_DNS_TRY_AGAIN_Footer
0x0000a348	1	OBJECT	LOCAL	NET_DNS_NO_RECOVERY_Footer
0x0000a350	1	OBJECT	LOCAL	NET_DNS_NO_DATA_Footer
0x0000a358	1	OBJECT	LOCAL	NET_DNS_OTHERS_Footer
0x0000a360	1	OBJECT	LOCAL	NET_EISCONN_Footer
0x0000a368	1	OBJECT	LOCAL	NET_ETIMEOUT_Footer
0x0000a370	1	OBJECT	LOCAL	NET_ECONNREFUSED_Footer
0x0000a378	1	OBJECT	LOCAL	NET_ENETUNREACH_Footer
0x0000a380	1	OBJECT	LOCAL	NET_ENOTCONN_Footer
0x0000a388	1	OBJECT	LOCAL	NET_ENOBUFS_Footer
0x0000a390	1	OBJECT	LOCAL	NET_EMFILE_Footer
0x0000a398	1	OBJECT	LOCAL	NET_EBADF_Footer
0x0000a3a0	1	OBJECT	LOCAL	NET_EINVAL_Footer
0x0000a3a8	1	OBJECT	LOCAL	NET_OTHERS_Footer
0x0000a3b0	1	OBJECT	LOCAL	NET_ECONNRESET_Footer
0x0000a3b8	160	OBJECT	LOCAL	sceDNAS2_SS_ID_NOUSE_Footer
0x0000a458	160	OBJECT	LOCAL	sceDNAS2_SS_ID_NOT_JOIN_TO_CAT_Footer
0x0000a4f8	160	OBJECT	LOCAL	sceDNAS2_SS_ID_INTERNAL_ERROR_Footer
0x0000a598	235	OBJECT	LOCAL	sceDNAS2_Other_Footer
0x0000a638	16	FUNC	GLOBAL	BIO_set_flags
0x0000a648	8	FUNC	GLOBAL	BIO_get_flags
0x0000a650	16	FUNC	GLOBAL	BIO_set_retry_special
0x0000a660	16	FUNC	GLOBAL	BIO_set_retry_read
0x0000a670	16	FUNC	GLOBAL	BIO_set_retry_write
0x0000a680	20	FUNC	GLOBAL	BIO_clear_flags
0x0000a688	1	OBJECT	LOCAL	DIRTYDNAS_ERR_USERABORT_Footer
0x0000a690	1	OBJECT	LOCAL	DIRTYDNAS_ERR_UNKNOWN_Footer
0x0000a698	20	FUNC	GLOBAL	BIO_clear_retry_flags
0x0000a698	93	OBJECT	LOCAL	sceDNAS2_SS_SERVER_BUSY_Body
0x0000a6b0	12	FUNC	GLOBAL	BIO_get_retry_flags
0x0000a6c0	12	FUNC	GLOBAL	BIO_should_read
0x0000a6d0	12	FUNC	GLOBAL	BIO_should_write
0x0000a6e0	12	FUNC	GLOBAL	BIO_should_io_special
0x0000a6f0	12	FUNC	GLOBAL	BIO_retry_type
0x0000a6f8	62	OBJECT	LOCAL	sceDNAS2_SS_BEFORE_SERVICE_Body
0x0000a700	12	FUNC	GLOBAL	BIO_should_retry
0x0000a710	8	FUNC	GLOBAL	BIO_set_cb
0x0000a718	8	FUNC	GLOBAL	BIO_set_cb_arg
0x0000a720	8	FUNC	GLOBAL	BIO_get_cb_arg
0x0000a728	8	FUNC	GLOBAL	BIO_get_cb
0x0000a730	12	FUNC	GLOBAL	BIO_set_bio_cb
0x0000a738	62	OBJECT	LOCAL	sceDNAS2_SS_OUT_OF_SERVICE_Body
0x0000a740	12	FUNC	GLOBAL	BIO_method_name
0x0000a750	12	FUNC	GLOBAL	BIO_method_type
0x0000a760	12	FUNC	GLOBAL	BIO_s_socket
0x0000a770	104	FUNC	GLOBAL	BIO_new_socket
0x0000a778	86	OBJECT	LOCAL	sceDNAS2_SS_END_OF_SERVICE_Body
0x0000a7d0	119	OBJECT	LOCAL	sceDNAS2_SS_SESSION_TIME_OUT_Body
0x0000a848	83	OBJECT	LOCAL	sceDNAS2_SS_INVALID_SERVER_Body
0x0000a8a0	83	OBJECT	LOCAL	sceDNAS2_SS_INTERNAL_ERROR_Body
0x0000a8f8	83	OBJECT	LOCAL	sceDNAS2_SS_EXTERNAL_ERROR_Body
0x0000a950	89	OBJECT	LOCAL	sceDNAS2_SS_INVALID_PS2_Body
0x0000a9b0	87	OBJECT	LOCAL	sceDNAS2_SS_INVALID_MEDIA_Body
0x0000aa08	87	OBJECT	LOCAL	sceDNAS2_SS_INVALID_AUTHDATA_Body
0x0000aa60	89	OBJECT	LOCAL	sceDNAS2_SS_INVALID_HDD_BINDING_Body
0x0000aac0	57	OBJECT	LOCAL	GLUE_ABORT_Body
0x0000ab00	58	OBJECT	LOCAL	NET_PROXY_Body
0x0000ab30	20	FUNC	GLOBAL	sslcert_set_clear
0x0000ab40	92	OBJECT	LOCAL	NET_TIMEOUT_Body
0x0000ab48	48	FUNC	GLOBAL	SSLCERT_set_flag
0x0000ab78	716	FUNC	GLOBAL	SSLCERT_set_field
0x0000aba0	61	OBJECT	LOCAL	NET_SSL_Body
0x0000abe0	109	OBJECT	LOCAL	NET_DNS_HOST_NOT_FOUND_Body
0x0000ac50	97	OBJECT	LOCAL	NET_DNS_TRY_AGAIN_Body
0x0000acb8	109	OBJECT	LOCAL	NET_DNS_NO_RECOVERY_Body
0x0000ad28	109	OBJECT	LOCAL	NET_DNS_NO_DATA_Body
0x0000ad98	80	OBJECT	LOCAL	NET_DNS_OTHERS_Body
0x0000ade8	61	OBJECT	LOCAL	NET_EISCONN_Body
0x0000ae28	92	OBJECT	LOCAL	NET_ETIMEOUT_Body
0x0000ae48	60	FUNC	GLOBAL	SSLCERT_get_flag
0x0000ae88	61	OBJECT	LOCAL	NET_ECONNREFUSED_Body
0x0000ae88	72	FUNC	GLOBAL	SSLCERT_new
0x0000aec8	61	OBJECT	LOCAL	NET_ENETUNREACH_Body
0x0000aed0	72	FUNC	GLOBAL	SSLCERT_free
0x0000af08	61	OBJECT	LOCAL	NET_ENOTCONN_Body
0x0000af18	72	FUNC	GLOBAL	SSLCERT_verify
0x0000af48	53	OBJECT	LOCAL	NET_ENOBUFS_Body
0x0000af60	72	FUNC	GLOBAL	SSLCERT_digest
0x0000af80	53	OBJECT	LOCAL	NET_EMFILE_Body
0x0000afa8	72	FUNC	GLOBAL	SSLCERT_to_binary
0x0000afb8	53	OBJECT	LOCAL	NET_EBADF_Body
0x0000aff0	53	OBJECT	LOCAL	NET_EINVAL_Body
0x0000aff0	72	FUNC	GLOBAL	SSLCERT_from_binary
0x0000b028	53	OBJECT	LOCAL	NET_OTHERS_Body
0x0000b038	72	FUNC	GLOBAL	SSLCERT_reference_inc
0x0000b060	61	OBJECT	LOCAL	NET_ECONNRESET_Body
0x0000b080	72	FUNC	GLOBAL	SSLCERT_get_signature_type
0x0000b0a0	96	OBJECT	LOCAL	sceDNAS2_SS_ID_NOUSE_Body
0x0000b0c8	72	FUNC	GLOBAL	SSLCERT_subject_name_cmp
0x0000b100	96	OBJECT	LOCAL	sceDNAS2_SS_ID_NOT_JOIN_TO_CAT_Body
0x0000b110	72	FUNC	GLOBAL	SSLCERT_get_issuer_name
0x0000b158	72	FUNC	GLOBAL	SSLCERT_get_subject_name
0x0000b160	96	OBJECT	LOCAL	sceDNAS2_SS_ID_INTERNAL_ERROR_Body
0x0000b1a0	72	FUNC	GLOBAL	SSLCERT_get_pubkey
0x0000b1c0	62	OBJECT	LOCAL	sceDNAS2_Other_Body
0x0000b1e8	144	FUNC	GLOBAL	SSLCERT_get_serialNumber_info
0x0000b200	36	OBJECT	LOCAL	DIRTYDNAS_ERR_USERABORT_Body
0x0000b228	29	OBJECT	LOCAL	DIRTYDNAS_ERR_UNKNOWN_Body
0x0000b248	1	OBJECT	LOCAL	sceDNAS2_SS_SERVER_BUSY_Footer
0x0000b250	92	OBJECT	LOCAL	sceDNAS2_SS_BEFORE_SERVICE_Footer
0x0000b278	152	FUNC	GLOBAL	SSLCERT_get_notAfter
0x0000b2b0	92	OBJECT	LOCAL	sceDNAS2_SS_OUT_OF_SERVICE_Footer
0x0000b310	152	FUNC	GLOBAL	SSLCERT_get_notBefore
0x0000b310	48	OBJECT	LOCAL	sceDNAS2_SS_END_OF_SERVICE_Footer
0x0000b340	184	OBJECT	LOCAL	sceDNAS2_SS_SESSION_TIME_OUT_Footer
0x0000b3a8	72	FUNC	GLOBAL	SSLCERT_NAME_new
0x0000b3f0	72	FUNC	GLOBAL	SSLCERT_NAME_free
0x0000b3f8	184	OBJECT	LOCAL	sceDNAS2_SS_INVALID_SERVER_Footer
0x0000b438	72	FUNC	GLOBAL	SSLCERT_NAME_dup
0x0000b480	72	FUNC	GLOBAL	SSLCERT_NAME_hash
0x0000b4b0	184	OBJECT	LOCAL	sceDNAS2_SS_INTERNAL_ERROR_Footer
0x0000b4c8	72	FUNC	GLOBAL	SSLCERT_NAME_cmp
0x0000b510	72	FUNC	GLOBAL	SSLCERT_NAME_from_binary
0x0000b558	72	FUNC	GLOBAL	SSLCERT_NAME_to_binary
0x0000b568	184	OBJECT	LOCAL	sceDNAS2_SS_EXTERNAL_ERROR_Footer
0x0000b5a0	132	FUNC	GLOBAL	SSLCERT_NAME_get_info
0x0000b620	137	OBJECT	LOCAL	sceDNAS2_SS_INVALID_PS2_Footer
0x0000b628	72	FUNC	GLOBAL	SSLCERT_NAME_get_entry_count
0x0000b670	72	FUNC	GLOBAL	SSLCERT_NAME_get_entry
0x0000b6b0	137	OBJECT	LOCAL	sceDNAS2_SS_INVALID_MEDIA_Footer
0x0000b6b8	240	FUNC	GLOBAL	SSLCERT_NAME_ENTRY_get_info
0x0000b740	267	OBJECT	LOCAL	sceDNAS2_SS_INVALID_AUTHDATA_Footer
0x0000b7a8	36	FUNC	GLOBAL	SSLCERT_NAME_ENTRY_get_oid_info
0x0000b7d0	48	FUNC	GLOBAL	SSLCERT_NAME_ENTRY_get_data_info
0x0000b800	72	FUNC	GLOBAL	SSLCERT_STORE_new
0x0000b848	72	FUNC	GLOBAL	SSLCERT_STORE_free
0x0000b850	137	OBJECT	LOCAL	sceDNAS2_SS_INVALID_HDD_BINDING_Footer
0x0000b890	72	FUNC	GLOBAL	SSLCERT_STORE_load_locations
0x0000b8d8	72	FUNC	GLOBAL	SSLCERT_STORE_set_default_paths
0x0000b8e0	1	OBJECT	LOCAL	GLUE_ABORT_Footer
0x0000b8e8	1	OBJECT	LOCAL	NET_PROXY_Footer
0x0000b8f0	1	OBJECT	LOCAL	NET_TIMEOUT_Footer
0x0000b8f8	1	OBJECT	LOCAL	NET_SSL_Footer
0x0000b900	1	OBJECT	LOCAL	NET_DNS_HOST_NOT_FOUND_Footer
0x0000b908	1	OBJECT	LOCAL	NET_DNS_TRY_AGAIN_Footer
0x0000b910	1	OBJECT	LOCAL	NET_DNS_NO_RECOVERY_Footer
0x0000b918	1	OBJECT	LOCAL	NET_DNS_NO_DATA_Footer
0x0000b920	1	OBJECT	LOCAL	NET_DNS_OTHERS_Footer
0x0000b920	48	FUNC	GLOBAL	SSLCERT_STORE_set_verify_cb
0x0000b928	1	OBJECT	LOCAL	NET_EISCONN_Footer
0x0000b930	1	OBJECT	LOCAL	NET_ETIMEOUT_Footer
0x0000b938	1	OBJECT	LOCAL	NET_ECONNREFUSED_Footer
0x0000b940	1	OBJECT	LOCAL	NET_ENETUNREACH_Footer
0x0000b948	1	OBJECT	LOCAL	NET_ENOTCONN_Footer
0x0000b950	1	OBJECT	LOCAL	NET_ENOBUFS_Footer
0x0000b950	72	FUNC	GLOBAL	SSLCERT_STORE_get_by_subject
0x0000b958	1	OBJECT	LOCAL	NET_EMFILE_Footer
0x0000b960	1	OBJECT	LOCAL	NET_EBADF_Footer
0x0000b968	1	OBJECT	LOCAL	NET_EINVAL_Footer
0x0000b970	1	OBJECT	LOCAL	NET_OTHERS_Footer
0x0000b978	1	OBJECT	LOCAL	NET_ECONNRESET_Footer
0x0000b980	74	OBJECT	LOCAL	sceDNAS2_SS_ID_NOUSE_Footer
0x0000b998	72	FUNC	GLOBAL	SSLCERT_STORE_CTX_new
0x0000b9d0	74	OBJECT	LOCAL	sceDNAS2_SS_ID_NOT_JOIN_TO_CAT_Footer
0x0000b9e0	72	FUNC	GLOBAL	SSLCERT_STORE_CTX_init
0x0000ba20	74	OBJECT	LOCAL	sceDNAS2_SS_ID_INTERNAL_ERROR_Footer
0x0000ba28	72	FUNC	GLOBAL	SSLCERT_STORE_CTX_free
0x0000ba70	72	FUNC	GLOBAL	SSLCERT_STORE_CTX_cleanup
0x0000ba70	137	OBJECT	LOCAL	sceDNAS2_Other_Footer
0x0000bab8	72	FUNC	GLOBAL	SSLCERT_STORE_CTX_get_ex_new_index
0x0000bb00	1	OBJECT	LOCAL	DIRTYDNAS_ERR_USERABORT_Footer
0x0000bb00	72	FUNC	GLOBAL	SSLCERT_STORE_CTX_cleanup_ex_data
0x0000bb08	1	OBJECT	LOCAL	DIRTYDNAS_ERR_UNKNOWN_Footer
0x0000bb10	84	OBJECT	LOCAL	sceDNAS2_SS_SERVER_BUSY_Body
0x0000bb48	72	FUNC	GLOBAL	SSLCERT_STORE_CTX_set_ex_data
0x0000bb68	63	OBJECT	LOCAL	sceDNAS2_SS_BEFORE_SERVICE_Body
0x0000bb90	72	FUNC	GLOBAL	SSLCERT_STORE_CTX_get_ex_data
0x0000bba8	63	OBJECT	LOCAL	sceDNAS2_SS_OUT_OF_SERVICE_Body
0x0000bbd8	72	FUNC	GLOBAL	SSLCERT_STORE_CTX_get_error
0x0000bbe8	63	OBJECT	LOCAL	sceDNAS2_SS_END_OF_SERVICE_Body
0x0000bc20	72	FUNC	GLOBAL	SSLCERT_STORE_CTX_set_error
0x0000bc28	109	OBJECT	LOCAL	sceDNAS2_SS_SESSION_TIME_OUT_Body
0x0000bc68	72	FUNC	GLOBAL	SSLCERT_STORE_CTX_get_error_depth
0x0000bc98	57	OBJECT	LOCAL	sceDNAS2_SS_INVALID_SERVER_Body
0x0000bcb0	72	FUNC	GLOBAL	SSLCERT_STORE_CTX_get_current_cert
0x0000bcd8	57	OBJECT	LOCAL	sceDNAS2_SS_INTERNAL_ERROR_Body
0x0000bcf8	72	FUNC	GLOBAL	SSLCERT_do_application_cb
0x0000bd18	57	OBJECT	LOCAL	sceDNAS2_SS_EXTERNAL_ERROR_Body
0x0000bd40	72	FUNC	GLOBAL	SSLCERT_do_verify_cb
0x0000bd58	51	OBJECT	LOCAL	sceDNAS2_SS_INVALID_PS2_Body
0x0000bd88	72	FUNC	GLOBAL	SSLCERT_check_private_key
0x0000bd90	51	OBJECT	LOCAL	sceDNAS2_SS_INVALID_MEDIA_Body
0x0000bdc8	51	OBJECT	LOCAL	sceDNAS2_SS_INVALID_AUTHDATA_Body
0x0000bdd0	72	FUNC	GLOBAL	SSLCERT_PEM_read_bio_SSLCERT
0x0000be00	51	OBJECT	LOCAL	sceDNAS2_SS_INVALID_HDD_BINDING_Body
0x0000be18	72	FUNC	GLOBAL	SSLCERT_from_binary_bio
0x0000be38	46	OBJECT	LOCAL	GLUE_ABORT_Body
0x0000be60	72	FUNC	GLOBAL	SSLCERT_PKEY_new
0x0000be68	57	OBJECT	LOCAL	NET_PROXY_Body
0x0000bea8	71	OBJECT	LOCAL	NET_TIMEOUT_Body
0x0000bea8	72	FUNC	GLOBAL	SSLCERT_PKEY_free
0x0000bef0	58	OBJECT	LOCAL	NET_SSL_Body
0x0000bef0	72	FUNC	GLOBAL	SSLCERT_PKEY_from_binary
0x0000bf30	87	OBJECT	LOCAL	NET_DNS_HOST_NOT_FOUND_Body
0x0000bf38	72	FUNC	GLOBAL	SSLCERT_PKEY_from_PUBKEY_binary
0x0000bf80	72	FUNC	GLOBAL	SSLCERT_PKEY_reference_inc
0x0000bf88	74	OBJECT	LOCAL	NET_DNS_TRY_AGAIN_Body
0x0000bfc8	72	FUNC	GLOBAL	SSLCERT_get_version
0x0000bfd8	87	OBJECT	LOCAL	NET_DNS_NO_RECOVERY_Body
0x0000c010	460	FUNC	GLOBAL	SSLCERT_OID_to_string
0x0000c030	87	OBJECT	LOCAL	NET_DNS_NO_DATA_Body
0x0000c088	61	OBJECT	LOCAL	NET_DNS_OTHERS_Body
0x0000c0c8	58	OBJECT	LOCAL	NET_EISCONN_Body
0x0000c108	71	OBJECT	LOCAL	NET_ETIMEOUT_Body
0x0000c150	58	OBJECT	LOCAL	NET_ECONNREFUSED_Body
0x0000c190	58	OBJECT	LOCAL	NET_ENETUNREACH_Body
0x0000c1d0	58	OBJECT	LOCAL	NET_ENOTCONN_Body
0x0000c1e0	440	FUNC	GLOBAL	ERR_put_error
0x0000c210	32	OBJECT	LOCAL	NET_ENOBUFS_Body
0x0000c230	32	OBJECT	LOCAL	NET_EMFILE_Body
0x0000c250	32	OBJECT	LOCAL	NET_EBADF_Body
0x0000c270	32	OBJECT	LOCAL	NET_EINVAL_Body
0x0000c290	32	OBJECT	LOCAL	NET_OTHERS_Body
0x0000c2b0	58	OBJECT	LOCAL	NET_ECONNRESET_Body
0x0000c2f0	91	OBJECT	LOCAL	sceDNAS2_SS_ID_NOUSE_Body
0x0000c350	91	OBJECT	LOCAL	sceDNAS2_SS_ID_NOT_JOIN_TO_CAT_Body
0x0000c3b0	91	OBJECT	LOCAL	sceDNAS2_SS_ID_INTERNAL_ERROR_Body
0x0000c3c8	468	FUNC	GLOBAL	ERR_get_state
0x0000c410	36	OBJECT	LOCAL	sceDNAS2_Other_Body
0x0000c438	35	OBJECT	LOCAL	DIRTYDNAS_ERR_USERABORT_Body
0x0000c460	24	OBJECT	LOCAL	DIRTYDNAS_ERR_UNKNOWN_Body
0x0000c478	1	OBJECT	LOCAL	sceDNAS2_SS_SERVER_BUSY_Footer
0x0000c480	92	OBJECT	LOCAL	sceDNAS2_SS_BEFORE_SERVICE_Footer
0x0000c4e0	92	OBJECT	LOCAL	sceDNAS2_SS_OUT_OF_SERVICE_Footer
0x0000c540	46	OBJECT	LOCAL	sceDNAS2_SS_END_OF_SERVICE_Footer
0x0000c570	107	OBJECT	LOCAL	sceDNAS2_SS_SESSION_TIME_OUT_Footer
0x0000c5a0	292	FUNC	GLOBAL	lh_new
0x0000c5e0	107	OBJECT	LOCAL	sceDNAS2_SS_INVALID_SERVER_Footer
0x0000c650	107	OBJECT	LOCAL	sceDNAS2_SS_INTERNAL_ERROR_Footer
0x0000c6c0	107	OBJECT	LOCAL	sceDNAS2_SS_EXTERNAL_ERROR_Footer
0x0000c6c8	136	FUNC	GLOBAL	lh_free
0x0000c730	106	OBJECT	LOCAL	sceDNAS2_SS_INVALID_PS2_Footer
0x0000c750	236	FUNC	GLOBAL	lh_insert
0x0000c7a0	106	OBJECT	LOCAL	sceDNAS2_SS_INVALID_MEDIA_Footer
0x0000c810	170	OBJECT	LOCAL	sceDNAS2_SS_INVALID_AUTHDATA_Footer
0x0000c840	184	FUNC	GLOBAL	lh_delete
0x0000c8c0	106	OBJECT	LOCAL	sceDNAS2_SS_INVALID_HDD_BINDING_Footer
0x0000c8f8	88	FUNC	GLOBAL	lh_retrieve
0x0000c930	1	OBJECT	LOCAL	GLUE_ABORT_Footer
0x0000c938	1	OBJECT	LOCAL	NET_PROXY_Footer
0x0000c940	1	OBJECT	LOCAL	NET_TIMEOUT_Footer
0x0000c948	1	OBJECT	LOCAL	NET_SSL_Footer
0x0000c950	1	OBJECT	LOCAL	NET_DNS_HOST_NOT_FOUND_Footer
0x0000c950	8	FUNC	GLOBAL	lh_doall
0x0000c958	1	OBJECT	LOCAL	NET_DNS_TRY_AGAIN_Footer
0x0000c958	152	FUNC	GLOBAL	lh_doall_arg
0x0000c960	1	OBJECT	LOCAL	NET_DNS_NO_RECOVERY_Footer
0x0000c968	1	OBJECT	LOCAL	NET_DNS_NO_DATA_Footer
0x0000c970	1	OBJECT	LOCAL	NET_DNS_OTHERS_Footer
0x0000c978	1	OBJECT	LOCAL	NET_EISCONN_Footer
0x0000c980	1	OBJECT	LOCAL	NET_ETIMEOUT_Footer
0x0000c988	1	OBJECT	LOCAL	NET_ECONNREFUSED_Footer
0x0000c990	1	OBJECT	LOCAL	NET_ENETUNREACH_Footer
0x0000c998	1	OBJECT	LOCAL	NET_ENOTCONN_Footer
0x0000c9a0	1	OBJECT	LOCAL	NET_ENOBUFS_Footer
0x0000c9a8	1	OBJECT	LOCAL	NET_EMFILE_Footer
0x0000c9b0	1	OBJECT	LOCAL	NET_EBADF_Footer
0x0000c9b8	1	OBJECT	LOCAL	NET_EINVAL_Footer
0x0000c9c0	1	OBJECT	LOCAL	NET_OTHERS_Footer
0x0000c9c8	1	OBJECT	LOCAL	NET_ECONNRESET_Footer
0x0000c9d0	81	OBJECT	LOCAL	sceDNAS2_SS_ID_NOUSE_Footer
0x0000ca28	81	OBJECT	LOCAL	sceDNAS2_SS_ID_NOT_JOIN_TO_CAT_Footer
0x0000ca80	81	OBJECT	LOCAL	sceDNAS2_SS_ID_INTERNAL_ERROR_Footer
0x0000cad8	106	OBJECT	LOCAL	sceDNAS2_Other_Footer
0x0000cb48	1	OBJECT	LOCAL	DIRTYDNAS_ERR_USERABORT_Footer
0x0000cb50	1	OBJECT	LOCAL	DIRTYDNAS_ERR_UNKNOWN_Footer
0x0000cb58	112	OBJECT	LOCAL	sceDNAS2_SS_SERVER_BUSY_Body
0x0000cbc8	48	OBJECT	LOCAL	sceDNAS2_SS_BEFORE_SERVICE_Body
0x0000cbf8	48	OBJECT	LOCAL	sceDNAS2_SS_OUT_OF_SERVICE_Body
0x0000cc28	82	OBJECT	LOCAL	sceDNAS2_SS_END_OF_SERVICE_Body
0x0000cc80	129	OBJECT	LOCAL	sceDNAS2_SS_SESSION_TIME_OUT_Body
0x0000cd08	69	OBJECT	LOCAL	sceDNAS2_SS_INVALID_SERVER_Body
0x0000cd50	69	OBJECT	LOCAL	sceDNAS2_SS_INTERNAL_ERROR_Body
0x0000cd98	208	FUNC	GLOBAL	lh_strhash
0x0000cd98	69	OBJECT	LOCAL	sceDNAS2_SS_EXTERNAL_ERROR_Body
0x0000cde0	63	OBJECT	LOCAL	sceDNAS2_SS_INVALID_PS2_Body
0x0000ce20	61	OBJECT	LOCAL	sceDNAS2_SS_INVALID_MEDIA_Body
0x0000ce60	61	OBJECT	LOCAL	sceDNAS2_SS_INVALID_AUTHDATA_Body
0x0000ce68	216	FUNC	GLOBAL	_sce_dnas2_symbol104
0x0000cea0	63	OBJECT	LOCAL	sceDNAS2_SS_INVALID_HDD_BINDING_Body
0x0000cee0	67	OBJECT	LOCAL	GLUE_ABORT_Body
0x0000cf28	63	OBJECT	LOCAL	NET_PROXY_Body
0x0000cf68	104	OBJECT	LOCAL	NET_TIMEOUT_Body
0x0000cfd0	66	OBJECT	LOCAL	NET_SSL_Body
0x0000cff8	216	FUNC	GLOBAL	_sce_dnas2_symbol122
0x0000d018	162	OBJECT	LOCAL	NET_DNS_HOST_NOT_FOUND_Body
0x0000d0c0	133	OBJECT	LOCAL	NET_DNS_TRY_AGAIN_Body
0x0000d0d0	160	FUNC	GLOBAL	_sce_dnas2_symbol130
0x0000d148	162	OBJECT	LOCAL	NET_DNS_NO_RECOVERY_Body
0x0000d170	160	FUNC	GLOBAL	_sce_dnas2_symbol129
0x0000d1f0	162	OBJECT	LOCAL	NET_DNS_NO_DATA_Body
0x0000d210	172	FUNC	GLOBAL	_sce_dnas2_symbol133
0x0000d298	134	OBJECT	LOCAL	NET_DNS_OTHERS_Body
0x0000d2c0	172	FUNC	GLOBAL	_sce_dnas2_symbol134
0x0000d320	66	OBJECT	LOCAL	NET_EISCONN_Body
0x0000d368	104	OBJECT	LOCAL	NET_ETIMEOUT_Body
0x0000d370	212	FUNC	GLOBAL	_sce_dnas2_symbol135
0x0000d3d0	66	OBJECT	LOCAL	NET_ECONNREFUSED_Body
0x0000d418	66	OBJECT	LOCAL	NET_ENETUNREACH_Body
0x0000d448	188	FUNC	GLOBAL	_sce_dnas2_symbol126
0x0000d460	66	OBJECT	LOCAL	NET_ENOTCONN_Body
0x0000d4a8	63	OBJECT	LOCAL	NET_ENOBUFS_Body
0x0000d4e8	63	OBJECT	LOCAL	NET_EMFILE_Body
0x0000d508	256	FUNC	GLOBAL	_sce_dnas2_symbol127
0x0000d528	63	OBJECT	LOCAL	NET_EBADF_Body
0x0000d568	63	OBJECT	LOCAL	NET_EINVAL_Body
0x0000d5a8	63	OBJECT	LOCAL	NET_OTHERS_Body
0x0000d5e8	66	OBJECT	LOCAL	NET_ECONNRESET_Body
0x0000d608	276	FUNC	GLOBAL	_sce_dnas2_symbol128
0x0000d630	106	OBJECT	LOCAL	sceDNAS2_SS_ID_NOUSE_Body
0x0000d6a0	106	OBJECT	LOCAL	sceDNAS2_SS_ID_NOT_JOIN_TO_CAT_Body
0x0000d710	106	OBJECT	LOCAL	sceDNAS2_SS_ID_INTERNAL_ERROR_Body
0x0000d720	216	FUNC	GLOBAL	_sce_dnas2_symbol119
0x0000d780	46	OBJECT	LOCAL	sceDNAS2_Other_Body
0x0000d7b0	38	OBJECT	LOCAL	DIRTYDNAS_ERR_USERABORT_Body
0x0000d7d8	23	OBJECT	LOCAL	DIRTYDNAS_ERR_UNKNOWN_Body
0x0000d7f0	1	OBJECT	LOCAL	sceDNAS2_SS_SERVER_BUSY_Footer
0x0000d7f8	160	FUNC	GLOBAL	_sce_dnas2_symbol157
0x0000d7f8	106	OBJECT	LOCAL	sceDNAS2_SS_BEFORE_SERVICE_Footer
0x0000d868	106	OBJECT	LOCAL	sceDNAS2_SS_OUT_OF_SERVICE_Footer
0x0000d898	160	FUNC	GLOBAL	_sce_dnas2_symbol156
0x0000d8d8	72	OBJECT	LOCAL	sceDNAS2_SS_END_OF_SERVICE_Footer
0x0000d920	133	OBJECT	LOCAL	sceDNAS2_SS_SESSION_TIME_OUT_Footer
0x0000d938	188	FUNC	GLOBAL	_sce_dnas2_symbol158
0x0000d9a8	133	OBJECT	LOCAL	sceDNAS2_SS_INVALID_SERVER_Footer
0x0000d9f8	188	FUNC	GLOBAL	_sce_dnas2_symbol159
0x0000da30	133	OBJECT	LOCAL	sceDNAS2_SS_INTERNAL_ERROR_Footer
0x0000dab8	212	FUNC	GLOBAL	_sce_dnas2_symbol160
0x0000dab8	133	OBJECT	LOCAL	sceDNAS2_SS_EXTERNAL_ERROR_Footer
0x0000db40	107	OBJECT	LOCAL	sceDNAS2_SS_INVALID_PS2_Footer
0x0000db90	212	FUNC	GLOBAL	_sce_dnas2_symbol153
0x0000dbb0	107	OBJECT	LOCAL	sceDNAS2_SS_INVALID_MEDIA_Footer
0x0000dc20	237	OBJECT	LOCAL	sceDNAS2_SS_INVALID_AUTHDATA_Footer
0x0000dc68	268	FUNC	GLOBAL	_sce_dnas2_symbol154
0x0000dd10	107	OBJECT	LOCAL	sceDNAS2_SS_INVALID_HDD_BINDING_Footer
0x0000dd78	296	FUNC	GLOBAL	_sce_dnas2_symbol155
0x0000dd80	1	OBJECT	LOCAL	GLUE_ABORT_Footer
0x0000dd88	1	OBJECT	LOCAL	NET_PROXY_Footer
0x0000dd90	1	OBJECT	LOCAL	NET_TIMEOUT_Footer
0x0000dd98	1	OBJECT	LOCAL	NET_SSL_Footer
0x0000dda0	1	OBJECT	LOCAL	NET_DNS_HOST_NOT_FOUND_Footer
0x0000dda8	1	OBJECT	LOCAL	NET_DNS_TRY_AGAIN_Footer
0x0000ddb0	1	OBJECT	LOCAL	NET_DNS_NO_RECOVERY_Footer
0x0000ddb8	1	OBJECT	LOCAL	NET_DNS_NO_DATA_Footer
0x0000ddc0	1	OBJECT	LOCAL	NET_DNS_OTHERS_Footer
0x0000ddc8	1	OBJECT	LOCAL	NET_EISCONN_Footer
0x0000ddd0	1	OBJECT	LOCAL	NET_ETIMEOUT_Footer
0x0000ddd8	1	OBJECT	LOCAL	NET_ECONNREFUSED_Footer
0x0000dde0	1	OBJECT	LOCAL	NET_ENETUNREACH_Footer
0x0000dde8	1	OBJECT	LOCAL	NET_ENOTCONN_Footer
0x0000ddf0	1	OBJECT	LOCAL	NET_ENOBUFS_Footer
0x0000ddf8	1	OBJECT	LOCAL	NET_EMFILE_Footer
0x0000de00	1	OBJECT	LOCAL	NET_EBADF_Footer
0x0000de08	1	OBJECT	LOCAL	NET_EINVAL_Footer
0x0000de10	1	OBJECT	LOCAL	NET_OTHERS_Footer
0x0000de18	1	OBJECT	LOCAL	NET_ECONNRESET_Footer
0x0000de20	78	OBJECT	LOCAL	sceDNAS2_SS_ID_NOUSE_Footer
0x0000de70	78	OBJECT	LOCAL	sceDNAS2_SS_ID_NOT_JOIN_TO_CAT_Footer
0x0000dea0	0	OBJECT	GLOBAL	_sce_dnas2_symbol120
0x0000dec0	78	OBJECT	LOCAL	sceDNAS2_SS_ID_INTERNAL_ERROR_Footer
0x0000df10	107	OBJECT	LOCAL	sceDNAS2_Other_Footer
0x0000df80	1	OBJECT	LOCAL	DIRTYDNAS_ERR_USERABORT_Footer
0x0000df88	1	OBJECT	LOCAL	DIRTYDNAS_ERR_UNKNOWN_Footer
0x0000df90	91	OBJECT	LOCAL	sceDNAS2_SS_SERVER_BUSY_Body
0x0000dff0	62	OBJECT	LOCAL	sceDNAS2_SS_BEFORE_SERVICE_Body
0x0000e030	62	OBJECT	LOCAL	sceDNAS2_SS_OUT_OF_SERVICE_Body
0x0000e070	72	OBJECT	LOCAL	sceDNAS2_SS_END_OF_SERVICE_Body
0x0000e0b8	103	OBJECT	LOCAL	sceDNAS2_SS_SESSION_TIME_OUT_Body
0x0000e120	83	OBJECT	LOCAL	sceDNAS2_SS_INVALID_SERVER_Body
0x0000e178	83	OBJECT	LOCAL	sceDNAS2_SS_INTERNAL_ERROR_Body
0x0000e1d0	83	OBJECT	LOCAL	sceDNAS2_SS_EXTERNAL_ERROR_Body
0x0000e228	88	OBJECT	LOCAL	sceDNAS2_SS_INVALID_PS2_Body
0x0000e280	85	OBJECT	LOCAL	sceDNAS2_SS_INVALID_MEDIA_Body
0x0000e2d8	85	OBJECT	LOCAL	sceDNAS2_SS_INVALID_AUTHDATA_Body
0x0000e330	88	OBJECT	LOCAL	sceDNAS2_SS_INVALID_HDD_BINDING_Body
0x0000e388	68	OBJECT	LOCAL	GLUE_ABORT_Body
0x0000e3d0	56	OBJECT	LOCAL	NET_PROXY_Body
0x0000e408	87	OBJECT	LOCAL	NET_TIMEOUT_Body
0x0000e460	58	OBJECT	LOCAL	NET_SSL_Body
0x0000e4a0	99	OBJECT	LOCAL	NET_DNS_HOST_NOT_FOUND_Body
0x0000e508	94	OBJECT	LOCAL	NET_DNS_TRY_AGAIN_Body
0x0000e568	99	OBJECT	LOCAL	NET_DNS_NO_RECOVERY_Body
0x0000e5d0	99	OBJECT	LOCAL	NET_DNS_NO_DATA_Body
0x0000e638	76	OBJECT	LOCAL	NET_DNS_OTHERS_Body
0x0000e688	58	OBJECT	LOCAL	NET_EISCONN_Body
0x0000e6c8	87	OBJECT	LOCAL	NET_ETIMEOUT_Body
0x0000e720	58	OBJECT	LOCAL	NET_ECONNREFUSED_Body
0x0000e760	58	OBJECT	LOCAL	NET_ENETUNREACH_Body
0x0000e7a0	58	OBJECT	LOCAL	NET_ENOTCONN_Body
0x0000e7b8	284	FUNC	GLOBAL	R_lockid_new
0x0000e7e0	45	OBJECT	LOCAL	NET_ENOBUFS_Body
0x0000e810	45	OBJECT	LOCAL	NET_EMFILE_Body
0x0000e840	45	OBJECT	LOCAL	NET_EBADF_Body
0x0000e870	45	OBJECT	LOCAL	NET_EINVAL_Body
0x0000e8a0	45	OBJECT	LOCAL	NET_OTHERS_Body
0x0000e8d0	58	OBJECT	LOCAL	NET_ECONNRESET_Body
0x0000e8d8	156	FUNC	GLOBAL	R_lockids_free
0x0000e910	94	OBJECT	LOCAL	sceDNAS2_SS_ID_NOUSE_Body
0x0000e970	94	OBJECT	LOCAL	sceDNAS2_SS_ID_NOT_JOIN_TO_CAT_Body
0x0000e978	112	FUNC	GLOBAL	R_lock_num
0x0000e9d0	94	OBJECT	LOCAL	sceDNAS2_SS_ID_INTERNAL_ERROR_Body
0x0000e9e8	192	FUNC	GLOBAL	R_lock_get_name
0x0000ea30	67	OBJECT	LOCAL	sceDNAS2_Other_Body
0x0000ea78	33	OBJECT	LOCAL	DIRTYDNAS_ERR_USERABORT_Body
0x0000eaa0	26	OBJECT	LOCAL	DIRTYDNAS_ERR_UNKNOWN_Body
0x0000eaa8	12	FUNC	GLOBAL	R_lock_get_cb
0x0000eab8	12	FUNC	GLOBAL	R_locked_add_get_cb
0x0000eac0	1	OBJECT	LOCAL	sceDNAS2_SS_SERVER_BUSY_Footer
0x0000eac8	16	FUNC	GLOBAL	R_lock_set_cb
0x0000eac8	99	OBJECT	LOCAL	sceDNAS2_SS_BEFORE_SERVICE_Footer
0x0000ead8	16	FUNC	GLOBAL	R_locked_add_set_cb
0x0000eae8	44	FUNC	GLOBAL	R_lock_ctrl
0x0000eb18	184	FUNC	GLOBAL	R_locked_add
0x0000eb30	99	OBJECT	LOCAL	sceDNAS2_SS_OUT_OF_SERVICE_Footer
0x0000eb98	66	OBJECT	LOCAL	sceDNAS2_SS_END_OF_SERVICE_Footer
0x0000ebd0	12	FUNC	GLOBAL	R_thread_get_id_cb
0x0000ebe0	16	FUNC	GLOBAL	R_thread_id_set_cb
0x0000ebe0	142	OBJECT	LOCAL	sceDNAS2_SS_SESSION_TIME_OUT_Footer
0x0000ebf0	56	FUNC	GLOBAL	R_thread_id
0x0000ec28	132	FUNC	GLOBAL	R_mem_ctrl
0x0000ec70	142	OBJECT	LOCAL	sceDNAS2_SS_INVALID_SERVER_Footer
0x0000ecb0	76	FUNC	GLOBAL	R_set_mem_functions
0x0000ed00	36	FUNC	GLOBAL	R_set_locked_mem_functions
0x0000ed00	142	OBJECT	LOCAL	sceDNAS2_SS_INTERNAL_ERROR_Footer
0x0000ed28	56	FUNC	GLOBAL	R_get_mem_functions
0x0000ed60	40	FUNC	GLOBAL	R_get_locked_mem_functions
0x0000ed88	36	FUNC	GLOBAL	R_malloc_locked
0x0000ed90	142	OBJECT	LOCAL	sceDNAS2_SS_EXTERNAL_ERROR_Footer
0x0000edb0	36	FUNC	GLOBAL	R_free_locked
0x0000edd8	36	FUNC	GLOBAL	R_malloc
0x0000ee00	36	FUNC	GLOBAL	R_realloc
0x0000ee20	116	OBJECT	LOCAL	sceDNAS2_SS_INVALID_PS2_Footer
0x0000ee28	36	FUNC	GLOBAL	R_free
0x0000ee50	52	FUNC	GLOBAL	R_remalloc
0x0000ee98	116	OBJECT	LOCAL	sceDNAS2_SS_INVALID_MEDIA_Footer
0x0000eee8	344	FUNC	GLOBAL	SSLv23_client_method
0x0000ef10	218	OBJECT	LOCAL	sceDNAS2_SS_INVALID_AUTHDATA_Footer
0x0000eff0	116	OBJECT	LOCAL	sceDNAS2_SS_INVALID_HDD_BINDING_Footer
0x0000f040	652	FUNC	GLOBAL	ssl23_connect
0x0000f068	1	OBJECT	LOCAL	GLUE_ABORT_Footer
0x0000f070	1	OBJECT	LOCAL	NET_PROXY_Footer
0x0000f078	1	OBJECT	LOCAL	NET_TIMEOUT_Footer
0x0000f080	1	OBJECT	LOCAL	NET_SSL_Footer
0x0000f088	1	OBJECT	LOCAL	NET_DNS_HOST_NOT_FOUND_Footer
0x0000f090	1	OBJECT	LOCAL	NET_DNS_TRY_AGAIN_Footer
0x0000f098	1	OBJECT	LOCAL	NET_DNS_NO_RECOVERY_Footer
0x0000f0a0	1	OBJECT	LOCAL	NET_DNS_NO_DATA_Footer
0x0000f0a8	1	OBJECT	LOCAL	NET_DNS_OTHERS_Footer
0x0000f0b0	1	OBJECT	LOCAL	NET_EISCONN_Footer
0x0000f0b8	1	OBJECT	LOCAL	NET_ETIMEOUT_Footer
0x0000f0c0	1	OBJECT	LOCAL	NET_ECONNREFUSED_Footer
0x0000f0c8	1	OBJECT	LOCAL	NET_ENETUNREACH_Footer
0x0000f0d0	1	OBJECT	LOCAL	NET_ENOTCONN_Footer
0x0000f0d8	1	OBJECT	LOCAL	NET_ENOBUFS_Footer
0x0000f0e0	1	OBJECT	LOCAL	NET_EMFILE_Footer
0x0000f0e8	1	OBJECT	LOCAL	NET_EBADF_Footer
0x0000f0f0	1	OBJECT	LOCAL	NET_EINVAL_Footer
0x0000f0f8	1	OBJECT	LOCAL	NET_OTHERS_Footer
0x0000f100	1	OBJECT	LOCAL	NET_ECONNRESET_Footer
0x0000f108	76	OBJECT	LOCAL	sceDNAS2_SS_ID_NOUSE_Footer
0x0000f158	76	OBJECT	LOCAL	sceDNAS2_SS_ID_NOT_JOIN_TO_CAT_Footer
0x0000f1a8	76	OBJECT	LOCAL	sceDNAS2_SS_ID_INTERNAL_ERROR_Footer
0x0000f1f8	116	OBJECT	LOCAL	sceDNAS2_Other_Footer
0x0000f270	1	OBJECT	LOCAL	DIRTYDNAS_ERR_USERABORT_Footer
0x0000f278	1	OBJECT	LOCAL	DIRTYDNAS_ERR_UNKNOWN_Footer
0x0000f280	82	OBJECT	LOCAL	sceDNAS2_SS_SERVER_BUSY_Body
0x0000f2d8	57	OBJECT	LOCAL	sceDNAS2_SS_BEFORE_SERVICE_Body
0x0000f318	56	OBJECT	LOCAL	sceDNAS2_SS_OUT_OF_SERVICE_Body
0x0000f350	64	OBJECT	LOCAL	sceDNAS2_SS_END_OF_SERVICE_Body
0x0000f390	105	OBJECT	LOCAL	sceDNAS2_SS_SESSION_TIME_OUT_Body
0x0000f400	71	OBJECT	LOCAL	sceDNAS2_SS_INVALID_SERVER_Body
0x0000f448	71	OBJECT	LOCAL	sceDNAS2_SS_INTERNAL_ERROR_Body
0x0000f490	70	OBJECT	LOCAL	sceDNAS2_SS_EXTERNAL_ERROR_Body
0x0000f4d8	78	OBJECT	LOCAL	sceDNAS2_SS_INVALID_PS2_Body
0x0000f528	73	OBJECT	LOCAL	sceDNAS2_SS_INVALID_MEDIA_Body
0x0000f578	73	OBJECT	LOCAL	sceDNAS2_SS_INVALID_AUTHDATA_Body
0x0000f5c8	78	OBJECT	LOCAL	sceDNAS2_SS_INVALID_HDD_BINDING_Body
0x0000f618	54	OBJECT	LOCAL	GLUE_ABORT_Body
0x0000f650	44	OBJECT	LOCAL	NET_PROXY_Body
0x0000f680	90	OBJECT	LOCAL	NET_TIMEOUT_Body
0x0000f6e0	61	OBJECT	LOCAL	NET_SSL_Body
0x0000f720	115	OBJECT	LOCAL	NET_DNS_HOST_NOT_FOUND_Body
0x0000f798	94	OBJECT	LOCAL	NET_DNS_TRY_AGAIN_Body
0x0000f7f8	115	OBJECT	LOCAL	NET_DNS_NO_RECOVERY_Body
0x0000f870	115	OBJECT	LOCAL	NET_DNS_NO_DATA_Body
0x0000f8e8	85	OBJECT	LOCAL	NET_DNS_OTHERS_Body
0x0000f940	61	OBJECT	LOCAL	NET_EISCONN_Body
0x0000f980	90	OBJECT	LOCAL	NET_ETIMEOUT_Body
0x0000f9e0	61	OBJECT	LOCAL	NET_ECONNREFUSED_Body
0x0000fa00	56	FUNC	GLOBAL	ssl23_data_init
0x0000fa20	61	OBJECT	LOCAL	NET_ENETUNREACH_Body
0x0000fa48	36	FUNC	GLOBAL	sslv23_base_method
0x0000fa60	61	OBJECT	LOCAL	NET_ENOTCONN_Body
0x0000faa0	63	OBJECT	LOCAL	NET_ENOBUFS_Body
0x0000fae0	63	OBJECT	LOCAL	NET_EMFILE_Body
0x0000fb20	63	OBJECT	LOCAL	NET_EBADF_Body
0x0000fb60	63	OBJECT	LOCAL	NET_EINVAL_Body
0x0000fba0	63	OBJECT	LOCAL	NET_OTHERS_Body
0x0000fbe0	61	OBJECT	LOCAL	NET_ECONNRESET_Body
0x0000fc20	88	OBJECT	LOCAL	sceDNAS2_SS_ID_NOUSE_Body
0x0000fc78	88	OBJECT	LOCAL	sceDNAS2_SS_ID_NOT_JOIN_TO_CAT_Body
0x0000fcd0	88	OBJECT	LOCAL	sceDNAS2_SS_ID_INTERNAL_ERROR_Body
0x0000fd28	56	OBJECT	LOCAL	sceDNAS2_Other_Body
0x0000fd50	164	FUNC	GLOBAL	ssl23_write_bytes
0x0000fd60	38	OBJECT	LOCAL	DIRTYDNAS_ERR_USERABORT_Body
0x0000fd88	21	OBJECT	LOCAL	DIRTYDNAS_ERR_UNKNOWN_Body
0x0000fda0	1	OBJECT	LOCAL	sceDNAS2_SS_SERVER_BUSY_Footer
0x0000fda8	73	OBJECT	LOCAL	sceDNAS2_SS_BEFORE_SERVICE_Footer
0x0000fdf8	73	OBJECT	LOCAL	sceDNAS2_SS_OUT_OF_SERVICE_Footer
0x0000fdf8	152	FUNC	GLOBAL	ssl23_read_bytes
0x0000fe48	46	OBJECT	LOCAL	sceDNAS2_SS_END_OF_SERVICE_Footer
0x0000fe78	147	OBJECT	LOCAL	sceDNAS2_SS_SESSION_TIME_OUT_Footer
0x0000fec0	344	FUNC	GLOBAL	SSLv2_client_method
0x0000ff10	146	OBJECT	LOCAL	sceDNAS2_SS_INVALID_SERVER_Footer
0x0000ffa8	146	OBJECT	LOCAL	sceDNAS2_SS_INTERNAL_ERROR_Footer
0x00010018	1000	FUNC	GLOBAL	ssl2_connect
0x00010040	146	OBJECT	LOCAL	sceDNAS2_SS_EXTERNAL_ERROR_Footer
0x000100d8	107	OBJECT	LOCAL	sceDNAS2_SS_INVALID_PS2_Footer
0x00010148	107	OBJECT	LOCAL	sceDNAS2_SS_INVALID_MEDIA_Footer
0x000101b8	216	OBJECT	LOCAL	sceDNAS2_SS_INVALID_AUTHDATA_Footer
0x00010290	107	OBJECT	LOCAL	sceDNAS2_SS_INVALID_HDD_BINDING_Footer
0x00010300	1	OBJECT	LOCAL	GLUE_ABORT_Footer
0x00010308	1	OBJECT	LOCAL	NET_PROXY_Footer
0x00010310	1	OBJECT	LOCAL	NET_TIMEOUT_Footer
0x00010318	1	OBJECT	LOCAL	NET_SSL_Footer
0x00010320	1	OBJECT	LOCAL	NET_DNS_HOST_NOT_FOUND_Footer
0x00010328	1	OBJECT	LOCAL	NET_DNS_TRY_AGAIN_Footer
0x00010330	1	OBJECT	LOCAL	NET_DNS_NO_RECOVERY_Footer
0x00010338	1	OBJECT	LOCAL	NET_DNS_NO_DATA_Footer
0x00010340	1	OBJECT	LOCAL	NET_DNS_OTHERS_Footer
0x00010348	1	OBJECT	LOCAL	NET_EISCONN_Footer
0x00010350	1	OBJECT	LOCAL	NET_ETIMEOUT_Footer
0x00010358	1	OBJECT	LOCAL	NET_ECONNREFUSED_Footer
0x00010360	1	OBJECT	LOCAL	NET_ENETUNREACH_Footer
0x00010368	1	OBJECT	LOCAL	NET_ENOTCONN_Footer
0x00010370	1	OBJECT	LOCAL	NET_ENOBUFS_Footer
0x00010378	1	OBJECT	LOCAL	NET_EMFILE_Footer
0x00010380	1	OBJECT	LOCAL	NET_EBADF_Footer
0x00010388	1	OBJECT	LOCAL	NET_EINVAL_Footer
0x00010390	1	OBJECT	LOCAL	NET_OTHERS_Footer
0x00010398	1	OBJECT	LOCAL	NET_ECONNRESET_Footer
0x000103a0	110	OBJECT	LOCAL	sceDNAS2_SS_ID_NOUSE_Footer
0x00010410	110	OBJECT	LOCAL	sceDNAS2_SS_ID_NOT_JOIN_TO_CAT_Footer
0x00010480	110	OBJECT	LOCAL	sceDNAS2_SS_ID_INTERNAL_ERROR_Footer
0x000104f0	107	OBJECT	LOCAL	sceDNAS2_Other_Footer
0x00010560	1	OBJECT	LOCAL	DIRTYDNAS_ERR_USERABORT_Footer
0x00010568	1	OBJECT	LOCAL	DIRTYDNAS_ERR_UNKNOWN_Footer
0x00010570	86	OBJECT	LOCAL	sceDNAS2_SS_SERVER_BUSY_Body
0x000105c8	64	OBJECT	LOCAL	sceDNAS2_SS_BEFORE_SERVICE_Body
0x00010608	64	OBJECT	LOCAL	sceDNAS2_SS_OUT_OF_SERVICE_Body
0x00010648	73	OBJECT	LOCAL	sceDNAS2_SS_END_OF_SERVICE_Body
0x00010698	107	OBJECT	LOCAL	sceDNAS2_SS_SESSION_TIME_OUT_Body
0x00010708	78	OBJECT	LOCAL	sceDNAS2_SS_INVALID_SERVER_Body
0x00010758	78	OBJECT	LOCAL	sceDNAS2_SS_INTERNAL_ERROR_Body
0x000107a8	78	OBJECT	LOCAL	sceDNAS2_SS_EXTERNAL_ERROR_Body
0x000107f8	88	OBJECT	LOCAL	sceDNAS2_SS_INVALID_PS2_Body
0x00010850	82	OBJECT	LOCAL	sceDNAS2_SS_INVALID_MEDIA_Body
0x000108a8	82	OBJECT	LOCAL	sceDNAS2_SS_INVALID_AUTHDATA_Body
0x00010900	88	OBJECT	LOCAL	sceDNAS2_SS_INVALID_HDD_BINDING_Body
0x00010958	53	OBJECT	LOCAL	GLUE_ABORT_Body
0x00010990	50	OBJECT	LOCAL	NET_PROXY_Body
0x000109c8	87	OBJECT	LOCAL	NET_TIMEOUT_Body
0x00010a20	60	OBJECT	LOCAL	NET_SSL_Body
0x00010a60	111	OBJECT	LOCAL	NET_DNS_HOST_NOT_FOUND_Body
0x00010ad0	96	OBJECT	LOCAL	NET_DNS_TRY_AGAIN_Body
0x00010b30	111	OBJECT	LOCAL	NET_DNS_NO_RECOVERY_Body
0x00010ba0	111	OBJECT	LOCAL	NET_DNS_NO_DATA_Body
0x00010c10	93	OBJECT	LOCAL	NET_DNS_OTHERS_Body
0x00010c70	60	OBJECT	LOCAL	NET_EISCONN_Body
0x00010cb0	87	OBJECT	LOCAL	NET_ETIMEOUT_Body
0x00010d08	60	OBJECT	LOCAL	NET_ECONNREFUSED_Body
0x00010d48	60	OBJECT	LOCAL	NET_ENETUNREACH_Body
0x00010d88	60	OBJECT	LOCAL	NET_ENOTCONN_Body
0x00010dc8	44	OBJECT	LOCAL	NET_ENOBUFS_Body
0x00010df8	44	OBJECT	LOCAL	NET_EMFILE_Body
0x00010e28	44	OBJECT	LOCAL	NET_EBADF_Body
0x00010e58	44	OBJECT	LOCAL	NET_EINVAL_Body
0x00010e88	44	OBJECT	LOCAL	NET_OTHERS_Body
0x00010eb8	60	OBJECT	LOCAL	NET_ECONNRESET_Body
0x00010ef8	87	OBJECT	LOCAL	sceDNAS2_SS_ID_NOUSE_Body
0x00010f50	87	OBJECT	LOCAL	sceDNAS2_SS_ID_NOT_JOIN_TO_CAT_Body
0x00010fa8	87	OBJECT	LOCAL	sceDNAS2_SS_ID_INTERNAL_ERROR_Body
0x00011000	57	OBJECT	LOCAL	sceDNAS2_Other_Body
0x00011040	27	OBJECT	LOCAL	DIRTYDNAS_ERR_USERABORT_Body
0x00011060	18	OBJECT	LOCAL	DIRTYDNAS_ERR_UNKNOWN_Body
0x00011078	1	OBJECT	LOCAL	sceDNAS2_SS_SERVER_BUSY_Footer
0x00011080	91	OBJECT	LOCAL	sceDNAS2_SS_BEFORE_SERVICE_Footer
0x000110e0	91	OBJECT	LOCAL	sceDNAS2_SS_OUT_OF_SERVICE_Footer
0x00011140	56	OBJECT	LOCAL	sceDNAS2_SS_END_OF_SERVICE_Footer
0x00011178	157	OBJECT	LOCAL	sceDNAS2_SS_SESSION_TIME_OUT_Footer
0x00011218	157	OBJECT	LOCAL	sceDNAS2_SS_INVALID_SERVER_Footer
0x000112b8	157	OBJECT	LOCAL	sceDNAS2_SS_INTERNAL_ERROR_Footer
0x00011358	157	OBJECT	LOCAL	sceDNAS2_SS_EXTERNAL_ERROR_Footer
0x000113f8	134	OBJECT	LOCAL	sceDNAS2_SS_INVALID_PS2_Footer
0x00011480	134	OBJECT	LOCAL	sceDNAS2_SS_INVALID_MEDIA_Footer
0x00011508	252	OBJECT	LOCAL	sceDNAS2_SS_INVALID_AUTHDATA_Footer
0x00011590	600	FUNC	GLOBAL	ssl2_set_certificate
0x00011608	134	OBJECT	LOCAL	sceDNAS2_SS_INVALID_HDD_BINDING_Footer
0x00011690	1	OBJECT	LOCAL	GLUE_ABORT_Footer
0x00011698	1	OBJECT	LOCAL	NET_PROXY_Footer
0x000116a0	1	OBJECT	LOCAL	NET_TIMEOUT_Footer
0x000116a8	1	OBJECT	LOCAL	NET_SSL_Footer
0x000116b0	1	OBJECT	LOCAL	NET_DNS_HOST_NOT_FOUND_Footer
0x000116b8	1	OBJECT	LOCAL	NET_DNS_TRY_AGAIN_Footer
0x000116c0	1	OBJECT	LOCAL	NET_DNS_NO_RECOVERY_Footer
0x000116c8	1	OBJECT	LOCAL	NET_DNS_NO_DATA_Footer
0x000116d0	1	OBJECT	LOCAL	NET_DNS_OTHERS_Footer
0x000116d8	1	OBJECT	LOCAL	NET_EISCONN_Footer
0x000116e0	1	OBJECT	LOCAL	NET_ETIMEOUT_Footer
0x000116e8	1	OBJECT	LOCAL	NET_ECONNREFUSED_Footer
0x000116f0	1	OBJECT	LOCAL	NET_ENETUNREACH_Footer
0x000116f8	1	OBJECT	LOCAL	NET_ENOTCONN_Footer
0x00011700	1	OBJECT	LOCAL	NET_ENOBUFS_Footer
0x00011708	1	OBJECT	LOCAL	NET_EMFILE_Footer
0x00011710	1	OBJECT	LOCAL	NET_EBADF_Footer
0x00011718	1	OBJECT	LOCAL	NET_EINVAL_Footer
0x00011720	1	OBJECT	LOCAL	NET_OTHERS_Footer
0x00011728	1	OBJECT	LOCAL	NET_ECONNRESET_Footer
0x00011730	79	OBJECT	LOCAL	sceDNAS2_SS_ID_NOUSE_Footer
0x00011780	79	OBJECT	LOCAL	sceDNAS2_SS_ID_NOT_JOIN_TO_CAT_Footer
0x000117d0	79	OBJECT	LOCAL	sceDNAS2_SS_ID_INTERNAL_ERROR_Footer
0x00011820	134	OBJECT	LOCAL	sceDNAS2_Other_Footer
0x000118a8	1	OBJECT	LOCAL	DIRTYDNAS_ERR_USERABORT_Footer
0x000118b0	1	OBJECT	LOCAL	DIRTYDNAS_ERR_UNKNOWN_Footer
0x000118b8	97	OBJECT	LOCAL	sceDNAS2_SS_SERVER_BUSY_Body
0x000118e8	496	FUNC	GLOBAL	ssl2_enc_init
0x00011920	64	OBJECT	LOCAL	sceDNAS2_SS_BEFORE_SERVICE_Body
0x00011960	64	OBJECT	LOCAL	sceDNAS2_SS_OUT_OF_SERVICE_Body
0x000119a0	72	OBJECT	LOCAL	sceDNAS2_SS_END_OF_SERVICE_Body
0x000119e8	119	OBJECT	LOCAL	sceDNAS2_SS_SESSION_TIME_OUT_Body
0x00011a60	71	OBJECT	LOCAL	sceDNAS2_SS_INVALID_SERVER_Body
0x00011aa8	71	OBJECT	LOCAL	sceDNAS2_SS_INTERNAL_ERROR_Body
0x00011ad8	56	FUNC	GLOBAL	ssl2_data_init
0x00011af0	71	OBJECT	LOCAL	sceDNAS2_SS_EXTERNAL_ERROR_Body
0x00011b18	36	FUNC	GLOBAL	sslv2_base_method
0x00011b38	80	OBJECT	LOCAL	sceDNAS2_SS_INVALID_PS2_Body
0x00011b40	8	FUNC	GLOBAL	ssl2_num_ciphers
0x00011b48	52	FUNC	GLOBAL	ssl2_get_cipher
0x00011b80	12	FUNC	GLOBAL	ssl2_pending
0x00011b88	77	OBJECT	LOCAL	sceDNAS2_SS_INVALID_MEDIA_Body
0x00011b90	104	FUNC	GLOBAL	ssl2_new
0x00011bc8	120	OBJECT	GLOBAL	_sce_dnas2_symbol111
0x00011bd8	77	OBJECT	LOCAL	sceDNAS2_SS_INVALID_AUTHDATA_Body
0x00011bf8	112	FUNC	GLOBAL	ssl2_free
0x00011c28	80	OBJECT	LOCAL	sceDNAS2_SS_INVALID_HDD_BINDING_Body
0x00011c68	124	FUNC	GLOBAL	ssl2_clear
0x00011c78	51	OBJECT	LOCAL	GLUE_ABORT_Body
0x00011cb0	51	OBJECT	LOCAL	NET_PROXY_Body
0x00011ce8	94	OBJECT	LOCAL	NET_TIMEOUT_Body
0x00011ce8	8	FUNC	GLOBAL	ssl2_ctrl
0x00011cf0	8	FUNC	GLOBAL	ssl2_ctx_ctrl
0x00011cf8	276	FUNC	GLOBAL	ssl2_get_cipher_by_char
0x00011d48	58	OBJECT	LOCAL	NET_SSL_Body
0x00011d88	105	OBJECT	LOCAL	NET_DNS_HOST_NOT_FOUND_Body
0x00011df8	91	OBJECT	LOCAL	NET_DNS_TRY_AGAIN_Body
0x00011e10	76	FUNC	GLOBAL	ssl2_put_cipher_by_char
0x00011e58	105	OBJECT	LOCAL	NET_DNS_NO_RECOVERY_Body
0x00011e60	16	FUNC	GLOBAL	ssl2_shutdown
0x00011e70	296	FUNC	GLOBAL	ssl2_generate_key_material
0x00011ec8	105	OBJECT	LOCAL	NET_DNS_NO_DATA_Body
0x00011f38	89	OBJECT	LOCAL	NET_DNS_OTHERS_Body
0x00011f98	58	OBJECT	LOCAL	NET_EISCONN_Body
0x00011f98	172	FUNC	GLOBAL	ssl2_setup_buffers
0x00011fd8	94	OBJECT	LOCAL	NET_ETIMEOUT_Body
0x00012038	58	OBJECT	LOCAL	NET_ECONNREFUSED_Body
0x00012048	200	FUNC	GLOBAL	ssl2_alloc_read_buf
0x00012078	58	OBJECT	LOCAL	NET_ENETUNREACH_Body
0x000120b8	58	OBJECT	LOCAL	NET_ENOTCONN_Body
0x000120f8	51	OBJECT	LOCAL	NET_ENOBUFS_Body
0x00012110	204	FUNC	GLOBAL	ssl3_setup_buffers
0x00012130	51	OBJECT	LOCAL	NET_EMFILE_Body
0x00012168	51	OBJECT	LOCAL	NET_EBADF_Body
0x000121a0	50	OBJECT	LOCAL	NET_EINVAL_Body
0x000121d8	50	OBJECT	LOCAL	NET_OTHERS_Body
0x000121e0	236	FUNC	GLOBAL	ssl3_alloc_read_buf
0x00012210	57	OBJECT	LOCAL	NET_ECONNRESET_Body
0x00012250	93	OBJECT	LOCAL	sceDNAS2_SS_ID_NOUSE_Body
0x000122b0	93	OBJECT	LOCAL	sceDNAS2_SS_ID_NOT_JOIN_TO_CAT_Body
0x000122d0	88	FUNC	GLOBAL	ssl3_init_finished_mac
0x00012310	93	OBJECT	LOCAL	sceDNAS2_SS_ID_INTERNAL_ERROR_Body
0x00012328	84	FUNC	GLOBAL	ssl3_finish_mac
0x00012370	52	OBJECT	LOCAL	sceDNAS2_Other_Body
0x00012388	12	FUNC	GLOBAL	sslv3_base_method
0x00012398	8	FUNC	GLOBAL	ssl3_num_ciphers
0x000123a0	52	FUNC	GLOBAL	ssl3_get_cipher
0x000123a8	37	OBJECT	LOCAL	DIRTYDNAS_ERR_USERABORT_Body
0x000123d0	29	OBJECT	LOCAL	DIRTYDNAS_ERR_UNKNOWN_Body
0x000123d8	32	FUNC	GLOBAL	ssl3_pending
0x000123f0	1	OBJECT	LOCAL	sceDNAS2_SS_SERVER_BUSY_Footer
0x000123f8	85	OBJECT	LOCAL	sceDNAS2_SS_BEFORE_SERVICE_Footer
0x000123f8	192	FUNC	GLOBAL	ssl3_new
0x00012450	85	OBJECT	LOCAL	sceDNAS2_SS_OUT_OF_SERVICE_Footer
0x000124a8	59	OBJECT	LOCAL	sceDNAS2_SS_END_OF_SERVICE_Footer
0x000124b8	188	FUNC	GLOBAL	ssl3_free
0x000124e8	156	OBJECT	LOCAL	sceDNAS2_SS_SESSION_TIME_OUT_Footer
0x00012578	300	FUNC	GLOBAL	ssl3_clear
0x00012588	156	OBJECT	LOCAL	sceDNAS2_SS_INVALID_SERVER_Footer
0x00012628	156	OBJECT	LOCAL	sceDNAS2_SS_INTERNAL_ERROR_Footer
0x000126c8	156	OBJECT	LOCAL	sceDNAS2_SS_EXTERNAL_ERROR_Footer
0x00012710	268	FUNC	GLOBAL	ssl3_ctrl
0x00012768	135	OBJECT	LOCAL	sceDNAS2_SS_INVALID_PS2_Footer
0x000127f0	135	OBJECT	LOCAL	sceDNAS2_SS_INVALID_MEDIA_Footer
0x00012878	238	OBJECT	LOCAL	sceDNAS2_SS_INVALID_AUTHDATA_Footer
0x00012920	544	FUNC	GLOBAL	ssl3_ctx_ctrl
0x00012968	117	OBJECT	LOCAL	sceDNAS2_SS_INVALID_HDD_BINDING_Footer
0x000129e0	1	OBJECT	LOCAL	GLUE_ABORT_Footer
0x000129e8	1	OBJECT	LOCAL	NET_PROXY_Footer
0x000129f0	1	OBJECT	LOCAL	NET_TIMEOUT_Footer
0x000129f8	1	OBJECT	LOCAL	NET_SSL_Footer
0x00012a00	1	OBJECT	LOCAL	NET_DNS_HOST_NOT_FOUND_Footer
0x00012a08	1	OBJECT	LOCAL	NET_DNS_TRY_AGAIN_Footer
0x00012a10	1	OBJECT	LOCAL	NET_DNS_NO_RECOVERY_Footer
0x00012a18	1	OBJECT	LOCAL	NET_DNS_NO_DATA_Footer
0x00012a20	1	OBJECT	LOCAL	NET_DNS_OTHERS_Footer
0x00012a28	1	OBJECT	LOCAL	NET_EISCONN_Footer
0x00012a30	1	OBJECT	LOCAL	NET_ETIMEOUT_Footer
0x00012a38	1	OBJECT	LOCAL	NET_ECONNREFUSED_Footer
0x00012a40	1	OBJECT	LOCAL	NET_ENETUNREACH_Footer
0x00012a48	1	OBJECT	LOCAL	NET_ENOTCONN_Footer
0x00012a50	1	OBJECT	LOCAL	NET_ENOBUFS_Footer
0x00012a58	1	OBJECT	LOCAL	NET_EMFILE_Footer
0x00012a60	1	OBJECT	LOCAL	NET_EBADF_Footer
0x00012a68	1	OBJECT	LOCAL	NET_EINVAL_Footer
0x00012a70	1	OBJECT	LOCAL	NET_OTHERS_Footer
0x00012a78	1	OBJECT	LOCAL	NET_ECONNRESET_Footer
0x00012a80	65	OBJECT	LOCAL	sceDNAS2_SS_ID_NOUSE_Footer
0x00012ac8	65	OBJECT	LOCAL	sceDNAS2_SS_ID_NOT_JOIN_TO_CAT_Footer
0x00012b10	65	OBJECT	LOCAL	sceDNAS2_SS_ID_INTERNAL_ERROR_Footer
0x00012b40	264	FUNC	GLOBAL	ssl3_get_cipher_by_char
0x00012b58	135	OBJECT	LOCAL	sceDNAS2_Other_Footer
0x00012be0	1	OBJECT	LOCAL	DIRTYDNAS_ERR_USERABORT_Footer
0x00012be8	1	OBJECT	LOCAL	DIRTYDNAS_ERR_UNKNOWN_Footer
0x00012bf0	86	OBJECT	LOCAL	sceDNAS2_SS_SERVER_BUSY_Body
0x00012c48	56	OBJECT	LOCAL	sceDNAS2_SS_BEFORE_SERVICE_Body
0x00012c48	64	FUNC	GLOBAL	ssl3_put_cipher_by_char
0x00012c80	56	OBJECT	LOCAL	sceDNAS2_SS_OUT_OF_SERVICE_Body
0x00012c88	288	FUNC	GLOBAL	ssl3_choose_cipher
0x00012cb8	71	OBJECT	LOCAL	sceDNAS2_SS_END_OF_SERVICE_Body
0x00012d00	90	OBJECT	LOCAL	sceDNAS2_SS_SESSION_TIME_OUT_Body
0x00012d60	63	OBJECT	LOCAL	sceDNAS2_SS_INVALID_SERVER_Body
0x00012da0	63	OBJECT	LOCAL	sceDNAS2_SS_INTERNAL_ERROR_Body
0x00012da8	220	FUNC	GLOBAL	ssl3_get_req_cert_type
0x00012de0	62	OBJECT	LOCAL	sceDNAS2_SS_EXTERNAL_ERROR_Body
0x00012e20	76	OBJECT	LOCAL	sceDNAS2_SS_INVALID_PS2_Body
0x00012e70	71	OBJECT	LOCAL	sceDNAS2_SS_INVALID_MEDIA_Body
0x00012e88	328	FUNC	GLOBAL	ssl3_shutdown
0x00012eb8	71	OBJECT	LOCAL	sceDNAS2_SS_INVALID_AUTHDATA_Body
0x00012f00	76	OBJECT	LOCAL	sceDNAS2_SS_INVALID_HDD_BINDING_Body
0x00012f50	57	OBJECT	LOCAL	GLUE_ABORT_Body
0x00012f90	45	OBJECT	LOCAL	NET_PROXY_Body
0x00012fc0	93	OBJECT	LOCAL	NET_TIMEOUT_Body
0x00012fd0	344	FUNC	GLOBAL	ssl3_write
0x00013020	65	OBJECT	LOCAL	NET_SSL_Body
0x00013068	104	OBJECT	LOCAL	NET_DNS_HOST_NOT_FOUND_Body
0x000130d0	86	OBJECT	LOCAL	NET_DNS_TRY_AGAIN_Body
0x00013128	104	OBJECT	LOCAL	NET_DNS_NO_RECOVERY_Body
0x00013128	224	FUNC	GLOBAL	ssl3_read
0x00013190	104	OBJECT	LOCAL	NET_DNS_NO_DATA_Body
0x000131f8	81	OBJECT	LOCAL	NET_DNS_OTHERS_Body
0x00013208	180	FUNC	GLOBAL	ssl3_peek
0x00013250	65	OBJECT	LOCAL	NET_EISCONN_Body
0x00013298	93	OBJECT	LOCAL	NET_ETIMEOUT_Body
0x000132c0	64	FUNC	GLOBAL	ssl3_renegotiate
0x000132f8	65	OBJECT	LOCAL	NET_ECONNREFUSED_Body
0x00013300	156	FUNC	GLOBAL	ssl3_renegotiate_check
0x00013340	65	OBJECT	LOCAL	NET_ENETUNREACH_Body
0x00013388	65	OBJECT	LOCAL	NET_ENOTCONN_Body
0x000133a0	80	FUNC	GLOBAL	SSL_library_init
0x000133d0	48	OBJECT	LOCAL	NET_ENOBUFS_Body
0x000133f0	252	FUNC	GLOBAL	SSL_library_evp_setup
0x00013400	48	OBJECT	LOCAL	NET_EMFILE_Body
0x00013430	48	OBJECT	LOCAL	NET_EBADF_Body
0x00013460	48	OBJECT	LOCAL	NET_EINVAL_Body
0x00013490	48	OBJECT	LOCAL	NET_OTHERS_Body
0x000134c0	65	OBJECT	LOCAL	NET_ECONNRESET_Body
0x000134f0	96	FUNC	GLOBAL	SSL_library_cleanup
0x00013508	82	OBJECT	LOCAL	sceDNAS2_SS_ID_NOUSE_Body
0x00013550	112	FUNC	GLOBAL	ssl_cert_new
0x00013560	82	OBJECT	LOCAL	sceDNAS2_SS_ID_NOT_JOIN_TO_CAT_Body
0x000135b8	82	OBJECT	LOCAL	sceDNAS2_SS_ID_INTERNAL_ERROR_Body
0x000135c0	304	FUNC	GLOBAL	ssl_cert_free
0x00013610	53	OBJECT	LOCAL	sceDNAS2_Other_Body
0x00013648	33	OBJECT	LOCAL	DIRTYDNAS_ERR_USERABORT_Body
0x00013670	17	OBJECT	LOCAL	DIRTYDNAS_ERR_UNKNOWN_Body
0x00013688	1	OBJECT	LOCAL	sceDNAS2_SS_SERVER_BUSY_Footer
0x00013690	77	OBJECT	LOCAL	sceDNAS2_SS_BEFORE_SERVICE_Footer
0x000136e0	77	OBJECT	LOCAL	sceDNAS2_SS_OUT_OF_SERVICE_Footer
0x000136f0	12	FUNC	GLOBAL	ssl_set_cert_type
0x00013700	176	FUNC	GLOBAL	ssl_verify_cert_chain
0x00013730	47	OBJECT	LOCAL	sceDNAS2_SS_END_OF_SERVICE_Footer
0x00013760	157	OBJECT	LOCAL	sceDNAS2_SS_SESSION_TIME_OUT_Footer
0x000137b0	28	FUNC	GLOBAL	SSL_clear
0x000137d0	308	FUNC	GLOBAL	ssl_clear_internal
0x00013800	157	OBJECT	LOCAL	sceDNAS2_SS_INVALID_SERVER_Footer
0x000138a0	157	OBJECT	LOCAL	sceDNAS2_SS_INTERNAL_ERROR_Footer
0x00013908	536	FUNC	GLOBAL	SSL_new
0x00013940	157	OBJECT	LOCAL	sceDNAS2_SS_EXTERNAL_ERROR_Footer
0x000139e0	122	OBJECT	LOCAL	sceDNAS2_SS_INVALID_PS2_Footer
0x00013a60	122	OBJECT	LOCAL	sceDNAS2_SS_INVALID_MEDIA_Footer
0x00013ae0	220	OBJECT	LOCAL	sceDNAS2_SS_INVALID_AUTHDATA_Footer
0x00013b20	444	FUNC	GLOBAL	SSL_free
0x00013bc0	122	OBJECT	LOCAL	sceDNAS2_SS_INVALID_HDD_BINDING_Footer
0x00013c40	1	OBJECT	LOCAL	GLUE_ABORT_Footer
0x00013c48	1	OBJECT	LOCAL	NET_PROXY_Footer
0x00013c50	1	OBJECT	LOCAL	NET_TIMEOUT_Footer
0x00013c58	1	OBJECT	LOCAL	NET_SSL_Footer
0x00013c60	1	OBJECT	LOCAL	NET_DNS_HOST_NOT_FOUND_Footer
0x00013c68	1	OBJECT	LOCAL	NET_DNS_TRY_AGAIN_Footer
0x00013c70	1	OBJECT	LOCAL	NET_DNS_NO_RECOVERY_Footer
0x00013c78	1	OBJECT	LOCAL	NET_DNS_NO_DATA_Footer
0x00013c80	1	OBJECT	LOCAL	NET_DNS_OTHERS_Footer
0x00013c88	1	OBJECT	LOCAL	NET_EISCONN_Footer
0x00013c90	1	OBJECT	LOCAL	NET_ETIMEOUT_Footer
0x00013c98	1	OBJECT	LOCAL	NET_ECONNREFUSED_Footer
0x00013ca0	1	OBJECT	LOCAL	NET_ENETUNREACH_Footer
0x00013ca8	1	OBJECT	LOCAL	NET_ENOTCONN_Footer
0x00013cb0	1	OBJECT	LOCAL	NET_ENOBUFS_Footer
0x00013cb8	1	OBJECT	LOCAL	NET_EMFILE_Footer
0x00013cc0	1	OBJECT	LOCAL	NET_EBADF_Footer
0x00013cc8	1	OBJECT	LOCAL	NET_EINVAL_Footer
0x00013cd0	1	OBJECT	LOCAL	NET_OTHERS_Footer
0x00013cd8	1	OBJECT	LOCAL	NET_ECONNRESET_Footer
0x00013ce0	164	FUNC	GLOBAL	SSL_set_bio
0x00013ce0	72	OBJECT	LOCAL	sceDNAS2_SS_ID_NOUSE_Footer
0x00013d28	72	OBJECT	LOCAL	sceDNAS2_SS_ID_NOT_JOIN_TO_CAT_Footer
0x00013d70	72	OBJECT	LOCAL	sceDNAS2_SS_ID_INTERNAL_ERROR_Footer
0x00013d88	92	FUNC	GLOBAL	SSL_accept
0x00013db8	122	OBJECT	LOCAL	sceDNAS2_Other_Footer
0x00013de8	92	FUNC	GLOBAL	SSL_connect
0x00013e38	1	OBJECT	LOCAL	DIRTYDNAS_ERR_USERABORT_Footer
0x00013e40	1	OBJECT	LOCAL	DIRTYDNAS_ERR_UNKNOWN_Footer
0x00013e48	64	FUNC	GLOBAL	SSL_read
0x00013e48	85	OBJECT	LOCAL	sceDNAS2_SS_SERVER_BUSY_Body
0x00013e88	92	FUNC	GLOBAL	SSL_write
0x00013ea0	58	OBJECT	LOCAL	sceDNAS2_SS_BEFORE_SERVICE_Body
0x00013ee0	58	OBJECT	LOCAL	sceDNAS2_SS_OUT_OF_SERVICE_Body
0x00013ee8	100	FUNC	GLOBAL	SSL_shutdown
0x00013f20	71	OBJECT	LOCAL	sceDNAS2_SS_END_OF_SERVICE_Body
0x00013f50	320	FUNC	GLOBAL	SSL_ctrl
0x00013f68	105	OBJECT	LOCAL	sceDNAS2_SS_SESSION_TIME_OUT_Body
0x00013fd8	70	OBJECT	LOCAL	sceDNAS2_SS_INVALID_SERVER_Body
0x00014020	70	OBJECT	LOCAL	sceDNAS2_SS_INTERNAL_ERROR_Body
0x00014068	70	OBJECT	LOCAL	sceDNAS2_SS_EXTERNAL_ERROR_Body
0x00014090	448	FUNC	GLOBAL	SSL_CTX_ctrl
0x000140b0	76	OBJECT	LOCAL	sceDNAS2_SS_INVALID_PS2_Body
0x00014100	72	OBJECT	LOCAL	sceDNAS2_SS_INVALID_MEDIA_Body
0x00014148	72	OBJECT	LOCAL	sceDNAS2_SS_INVALID_AUTHDATA_Body
0x00014190	76	OBJECT	LOCAL	sceDNAS2_SS_INVALID_HDD_BINDING_Body
0x000141e0	58	OBJECT	LOCAL	GLUE_ABORT_Body
0x00014220	45	OBJECT	LOCAL	NET_PROXY_Body
0x00014250	88	OBJECT	LOCAL	NET_TIMEOUT_Body
0x00014250	44	FUNC	GLOBAL	ssl_cipher_id_cmp
0x00014280	52	FUNC	GLOBAL	ssl_cipher_ptr_id_cmp
0x000142a8	59	OBJECT	LOCAL	NET_SSL_Body
0x000142b8	44	FUNC	GLOBAL	SSL_get_ciphers
0x000142e8	118	OBJECT	LOCAL	NET_DNS_HOST_NOT_FOUND_Body
0x000142e8	56	FUNC	GLOBAL	ssl_get_ciphers_by_id
0x00014320	156	FUNC	GLOBAL	ssl_cipher_list_to_bytes
0x00014360	105	OBJECT	LOCAL	NET_DNS_TRY_AGAIN_Body
0x000143c0	360	FUNC	GLOBAL	ssl_bytes_to_cipher_list
0x000143d0	118	OBJECT	LOCAL	NET_DNS_NO_RECOVERY_Body
0x00014448	118	OBJECT	LOCAL	NET_DNS_NO_DATA_Body
0x000144c0	85	OBJECT	LOCAL	NET_DNS_OTHERS_Body
0x00014518	59	OBJECT	LOCAL	NET_EISCONN_Body
0x00014528	716	FUNC	GLOBAL	SSL_CTX_new
0x00014558	88	OBJECT	LOCAL	NET_ETIMEOUT_Body
0x000145b0	59	OBJECT	LOCAL	NET_ECONNREFUSED_Body
0x000145f0	59	OBJECT	LOCAL	NET_ENETUNREACH_Body
0x00014630	59	OBJECT	LOCAL	NET_ENOTCONN_Body
0x00014670	51	OBJECT	LOCAL	NET_ENOBUFS_Body
0x000146a8	51	OBJECT	LOCAL	NET_EMFILE_Body
0x000146e0	51	OBJECT	LOCAL	NET_EBADF_Body
0x00014718	51	OBJECT	LOCAL	NET_EINVAL_Body
0x00014750	51	OBJECT	LOCAL	NET_OTHERS_Body
0x00014788	59	OBJECT	LOCAL	NET_ECONNRESET_Body
0x000147c8	83	OBJECT	LOCAL	sceDNAS2_SS_ID_NOUSE_Body
0x000147f8	280	FUNC	GLOBAL	SSL_CTX_free
0x00014820	83	OBJECT	LOCAL	sceDNAS2_SS_ID_NOT_JOIN_TO_CAT_Body
0x00014878	83	OBJECT	LOCAL	sceDNAS2_SS_ID_INTERNAL_ERROR_Body
0x000148d0	57	OBJECT	LOCAL	sceDNAS2_Other_Body
0x00014910	28	OBJECT	LOCAL	DIRTYDNAS_ERR_USERABORT_Body
0x00014910	12	FUNC	GLOBAL	SSL_CTX_set_app_verify_cb
0x00014920	36	FUNC	GLOBAL	SSL_CTX_set_verify
0x00014930	21	OBJECT	LOCAL	DIRTYDNAS_ERR_UNKNOWN_Body
0x00014948	8	FUNC	GLOBAL	SSL_CTX_set_verify_depth
0x00014948	1	OBJECT	LOCAL	sceDNAS2_SS_SERVER_BUSY_Footer
0x00014950	79	OBJECT	LOCAL	sceDNAS2_SS_BEFORE_SERVICE_Footer
0x00014950	704	FUNC	GLOBAL	ssl_set_cert_masks
0x000149a0	79	OBJECT	LOCAL	sceDNAS2_SS_OUT_OF_SERVICE_Footer
0x000149f0	51	OBJECT	LOCAL	sceDNAS2_SS_END_OF_SERVICE_Footer
0x00014a28	151	OBJECT	LOCAL	sceDNAS2_SS_SESSION_TIME_OUT_Footer
0x00014ac0	151	OBJECT	LOCAL	sceDNAS2_SS_INVALID_SERVER_Footer
0x00014b58	151	OBJECT	LOCAL	sceDNAS2_SS_INTERNAL_ERROR_Footer
0x00014bf0	151	OBJECT	LOCAL	sceDNAS2_SS_EXTERNAL_ERROR_Footer
0x00014c10	272	FUNC	GLOBAL	ssl_update_cache
0x00014c88	119	OBJECT	LOCAL	sceDNAS2_SS_INVALID_PS2_Footer
0x00014d00	119	OBJECT	LOCAL	sceDNAS2_SS_INVALID_MEDIA_Footer
0x00014d20	140	FUNC	GLOBAL	SSL_set_ssl_method
0x00014d78	217	OBJECT	LOCAL	sceDNAS2_SS_INVALID_AUTHDATA_Footer
0x00014db0	408	FUNC	GLOBAL	SSL_get_error
0x00014e58	119	OBJECT	LOCAL	sceDNAS2_SS_INVALID_HDD_BINDING_Footer
0x00014ed0	1	OBJECT	LOCAL	GLUE_ABORT_Footer
0x00014ed8	1	OBJECT	LOCAL	NET_PROXY_Footer
0x00014ee0	1	OBJECT	LOCAL	NET_TIMEOUT_Footer
0x00014ee8	1	OBJECT	LOCAL	NET_SSL_Footer
0x00014ef0	1	OBJECT	LOCAL	NET_DNS_HOST_NOT_FOUND_Footer
0x00014ef8	1	OBJECT	LOCAL	NET_DNS_TRY_AGAIN_Footer
0x00014f00	1	OBJECT	LOCAL	NET_DNS_NO_RECOVERY_Footer
0x00014f08	1	OBJECT	LOCAL	NET_DNS_NO_DATA_Footer
0x00014f10	1	OBJECT	LOCAL	NET_DNS_OTHERS_Footer
0x00014f18	1	OBJECT	LOCAL	NET_EISCONN_Footer
0x00014f20	1	OBJECT	LOCAL	NET_ETIMEOUT_Footer
0x00014f28	1	OBJECT	LOCAL	NET_ECONNREFUSED_Footer
0x00014f30	1	OBJECT	LOCAL	NET_ENETUNREACH_Footer
0x00014f38	1	OBJECT	LOCAL	NET_ENOTCONN_Footer
0x00014f40	1	OBJECT	LOCAL	NET_ENOBUFS_Footer
0x00014f48	1	OBJECT	LOCAL	NET_EMFILE_Footer
0x00014f48	160	FUNC	GLOBAL	SSL_do_handshake
0x00014f50	1	OBJECT	LOCAL	NET_EBADF_Footer
0x00014f58	1	OBJECT	LOCAL	NET_EINVAL_Footer
0x00014f60	1	OBJECT	LOCAL	NET_OTHERS_Footer
0x00014f68	1	OBJECT	LOCAL	NET_ECONNRESET_Footer
0x00014f70	80	OBJECT	LOCAL	sceDNAS2_SS_ID_NOUSE_Footer
0x00014fc0	80	OBJECT	LOCAL	sceDNAS2_SS_ID_NOT_JOIN_TO_CAT_Footer
0x00014fe8	40	FUNC	GLOBAL	SSL_set_connect_state
0x00015010	80	OBJECT	LOCAL	sceDNAS2_SS_ID_INTERNAL_ERROR_Footer
0x00015010	48	FUNC	GLOBAL	ssl_undefined_function
0x00015040	48	FUNC	GLOBAL	ssl_bad_method
0x00015060	119	OBJECT	LOCAL	sceDNAS2_Other_Footer
0x00015070	76	FUNC	GLOBAL	SSL_get_version
0x000150c0	160	FUNC	GLOBAL	ssl_clear_cipher_ctx
0x000150d8	1	OBJECT	LOCAL	DIRTYDNAS_ERR_USERABORT_Footer
0x000150e0	1	OBJECT	LOCAL	DIRTYDNAS_ERR_UNKNOWN_Footer
0x00015160	284	FUNC	GLOBAL	ssl_init_wbio_buffer
0x00015280	84	FUNC	GLOBAL	ssl_free_wbio_buffer
0x000152d8	8	FUNC	GLOBAL	SSL_set_shutdown
0x000152e0	8	FUNC	GLOBAL	SSL_get_shutdown
0x000152e8	8	FUNC	GLOBAL	SSL_version
0x000152f0	8	FUNC	GLOBAL	SSL_get_SSL_CTX
0x000152f8	8	FUNC	GLOBAL	SSL_set_info_cb
0x00015300	12	FUNC	GLOBAL	SSL_set_alert_info_cb
0x00015310	8	FUNC	GLOBAL	SSL_get_info_cb
0x00015318	8	FUNC	GLOBAL	SSL_get_alert_info_cb
0x00015320	8	FUNC	GLOBAL	SSL_get_alert_info_cb_arg
0x00015328	12	FUNC	GLOBAL	SSL_set_app_data_cb
0x00015338	8	FUNC	GLOBAL	SSL_get_app_data_cb
0x00015340	8	FUNC	GLOBAL	SSL_get_app_data_cb_arg
0x00015348	8	FUNC	GLOBAL	SSL_state
0x00015350	8	FUNC	GLOBAL	SSL_set_verify_result
0x00015358	8	FUNC	GLOBAL	SSL_get_verify_result
0x00015360	8	FUNC	GLOBAL	ssl_ok
0x00015368	8	FUNC	GLOBAL	SSL_want
0x00015370	8	FUNC	GLOBAL	SSL_reuse
0x00015378	16	FUNC	GLOBAL	SSL_feature_reset
0x00015388	32	FUNC	GLOBAL	SSL_feature_set
0x000153a8	36	FUNC	GLOBAL	SSL_feature_clear
0x000153d0	24	FUNC	GLOBAL	SSL_feature_test
0x000153e8	184	FUNC	GLOBAL	SSL_use_certificate
0x000154a0	184	FUNC	GLOBAL	SSL_use_PrivateKey
0x00015558	424	FUNC	GLOBAL	ssl_set_cert
0x00015700	80	FUNC	GLOBAL	ssl2_peek
0x00015750	1276	FUNC	GLOBAL	ssl2_read
0x00015e78	420	FUNC	GLOBAL	ssl2_write
0x00016410	172	FUNC	GLOBAL	ssl2_part_read
0x000164c0	116	FUNC	GLOBAL	ssl2_do_write
0x000165a0	32	FUNC	GLOBAL	ssl2_return_error
0x000165c0	256	FUNC	GLOBAL	ssl2_write_error
0x000166f0	344	FUNC	GLOBAL	SSLv3_client_method
0x00016848	2036	FUNC	GLOBAL	ssl3_connect
0x00016a28	48	OBJECT	GLOBAL	md5_X
0x00017e58	52	OBJECT	GLOBAL	__mon_yday
0x000192d0	912	FUNC	GLOBAL	ssl3_get_record
0x00019660	420	FUNC	GLOBAL	ssl3_write_bytes
0x00019808	512	FUNC	GLOBAL	ssl3_lwrite
0x00019b18	1936	FUNC	GLOBAL	ssl3_read_bytes
0x0001a098	12	OBJECT	LOCAL	fmt.6
0x0001a118	256	OBJECT	LOCAL	__clz_tab
0x0001a218	256	OBJECT	LOCAL	__clz_tab
0x0001a318	256	OBJECT	LOCAL	__clz_tab
0x0001a3f0	176	FUNC	GLOBAL	ssl3_send_alert
0x0001a418	256	OBJECT	LOCAL	__clz_tab
0x0001a4a0	380	FUNC	GLOBAL	ssl3_dispatch_alert
0x0001a518	257	OBJECT	GLOBAL	_ctype_
0x0001a620	116	FUNC	GLOBAL	ssl3_do_write
0x0001a658	12	OBJECT	GLOBAL	AIT_FeedbackCipher
0x0001a668	12	OBJECT	GLOBAL	AIT_DES
0x0001a678	12	OBJECT	GLOBAL	AIT_DESX
0x0001a698	12	OBJECT	GLOBAL	AIT_ECB
0x0001a698	48	FUNC	GLOBAL	SIO_socket_nbio
0x0001a6a8	12	OBJECT	GLOBAL	AIT_DES_EDE
0x0001a6c8	12	OBJECT	GLOBAL	AIT_GenericCrypt
0x0001a6c8	60	FUNC	GLOBAL	SIO_sock_should_retry
0x0001a6e0	16	OBJECT	LOCAL	blanks.29
0x0001a6e8	12	OBJECT	GLOBAL	AIT_CBC_INTER_LEAVED
0x0001a6f0	16	OBJECT	LOCAL	zeroes.30
0x0001a708	12	OBJECT	GLOBAL	AIT_OFB
0x0001a708	84	FUNC	GLOBAL	SIO_sock_non_fatal_error
0x0001a728	12	OBJECT	GLOBAL	AIT_CFB_PIPELINED
0x0001a748	12	OBJECT	GLOBAL	AIT_OFB_PIPELINED
0x0001a768	12	OBJECT	GLOBAL	AIT_RC2
0x0001a788	12	OBJECT	GLOBAL	AIT_RC5
0x0001a7a8	12	OBJECT	GLOBAL	AIT_RC6
0x0001a7d8	16	OBJECT	GLOBAL	AM_CBC_ENCRYPT
0x0001a808	16	OBJECT	GLOBAL	AM_CBC_DECRYPT
0x0001a838	16	OBJECT	GLOBAL	AM_DES_DECRYPT
0x0001a868	16	OBJECT	GLOBAL	AM_DES_ENCRYPT
0x0001a870	404	FUNC	GLOBAL	ssl_cipher_get_evp
0x0001a898	16	OBJECT	GLOBAL	AM_DES_EDE_DECRYPT
0x0001a8c8	16	OBJECT	GLOBAL	AM_DES_EDE_ENCRYPT
0x0001a8d0	16	OBJECT	LOCAL	blanks.12
0x0001a8e0	16	OBJECT	LOCAL	zeroes.13
0x0001a8f8	16	OBJECT	GLOBAL	AM_ECB_ENCRYPT
0x0001a928	16	OBJECT	GLOBAL	AM_ECB_DECRYPT
0x0001aa70	3204	FUNC	GLOBAL	ssl_create_cipher_list
0x0001aac0	48	OBJECT	LOCAL	lconv
0x0001ab20	8	OBJECT	LOCAL	huge
0x0001ab30	8	OBJECT	LOCAL	one
0x0001ab38	16	OBJECT	LOCAL	Zero
0x0001ab48	8	OBJECT	LOCAL	ln2_hi
0x0001ab50	8	OBJECT	LOCAL	ln2_lo
0x0001ab58	8	OBJECT	LOCAL	two54
0x0001ab60	8	OBJECT	LOCAL	Lg1
0x0001ab68	8	OBJECT	LOCAL	Lg2
0x0001ab70	8	OBJECT	LOCAL	Lg3
0x0001ab78	8	OBJECT	LOCAL	Lg4
0x0001ab80	8	OBJECT	LOCAL	Lg5
0x0001ab88	8	OBJECT	LOCAL	Lg6
0x0001ab90	8	OBJECT	LOCAL	Lg7
0x0001ab98	8	OBJECT	LOCAL	zero
0x0001aba8	8	OBJECT	LOCAL	ivln10
0x0001abb0	8	OBJECT	LOCAL	log10_2hi
0x0001abb8	8	OBJECT	LOCAL	log10_2lo
0x0001abc8	8	OBJECT	GLOBAL	sn___infinity
0x0001b6f8	1052	FUNC	GLOBAL	SSL_CIPHER_description
0x0001b950	8	OBJECT	GLOBAL	KIT_24Byte
0x0001b958	8	OBJECT	GLOBAL	KIT_8Byte
0x0001b960	8	OBJECT	GLOBAL	KIT_DES8
0x0001b968	8	OBJECT	GLOBAL	KITItem
0x0001bb18	32	FUNC	GLOBAL	SSL_CIPHER_get_id
0x0001bb38	80	FUNC	GLOBAL	SSL_CIPHER_get_version
0x0001bb88	24	FUNC	GLOBAL	SSL_CIPHER_get_name
0x0001bba0	8	FUNC	GLOBAL	SSL_CIPHER_get_valid
0x0001bba8	148	FUNC	GLOBAL	SSL_CIPHER_get_bits
0x0001bc40	8	FUNC	GLOBAL	SSL_load_error_strings
0x0001bc48	8	FUNC	GLOBAL	SSL_get_session
0x0001bc50	80	FUNC	GLOBAL	SSL_SESSION_get_ex_new_index
0x0001bca0	28	FUNC	GLOBAL	SSL_SESSION_set_ex_data
0x0001bcc0	28	FUNC	GLOBAL	SSL_SESSION_get_ex_data
0x0001bce0	148	FUNC	GLOBAL	SSL_SESSION_new
0x0001bd78	416	FUNC	GLOBAL	ssl_get_new_session
0x0001bda0	12	OBJECT	GLOBAL	AIT_RC5_64
0x0001bdc0	12	OBJECT	GLOBAL	AIT_AES_ECB
0x0001bdd0	12	OBJECT	GLOBAL	AIT_AES128_ECB
0x0001bde0	12	OBJECT	GLOBAL	AIT_AES192_ECB
0x0001bdf0	12	OBJECT	GLOBAL	AIT_AES256_ECB
0x0001be10	12	OBJECT	GLOBAL	AIT_CBC
0x0001be30	12	OBJECT	GLOBAL	AIT_CBC_IV8
0x0001be50	12	OBJECT	GLOBAL	AIT_CFB
0x0001be60	12	OBJECT	GLOBAL	AITChooseEncryptNull_V_TABLE
0x0001be80	12	OBJECT	GLOBAL	AIT_ECAcceleratorTable
0x0001be90	12	OBJECT	GLOBAL	AIT_ECAcceleratorTablePointer
0x0001beb0	12	OBJECT	GLOBAL	AIT_PKCS_RSAPublic
0x0001bed0	12	OBJECT	GLOBAL	AIT_RESET_IV
0x0001bee0	12	OBJECT	GLOBAL	AIT_INIT_VECTOR
0x0001bf10	16	OBJECT	GLOBAL	AM_RSA_DECRYPT
0x0001bf18	704	FUNC	GLOBAL	ssl_get_prev_session
0x0001bf20	16	OBJECT	GLOBAL	AM_RSA_ENCRYPT
0x0001bfb0	12	OBJECT	GLOBAL	AM_FAUX_AIT
0x0001bfcc	4	OBJECT	GLOBAL	DEVICE_NAME_FLAG
0x0001bfd0	8	OBJECT	GLOBAL	KIT_RSAPublicBER
0x0001c050	8	OBJECT	GLOBAL	KIT_RSAPublic
0x0001c1d8	324	FUNC	GLOBAL	SSL_CTX_add_session
0x0001c320	144	FUNC	GLOBAL	SSL_CTX_remove_session
0x0001c380	12	OBJECT	GLOBAL	AIT_RSAPublic
0x0001c398	8	OBJECT	GLOBAL	ASN_NullEncoding
0x0001c3a0	8	OBJECT	GLOBAL	ASN_NoEncoding
0x0001c3a8	1	OBJECT	GLOBAL	_A_BeginConstructed
0x0001c3a9	1	OBJECT	GLOBAL	_A_EndConstructedSet
0x0001c400	8	OBJECT	GLOBAL	KIT_PKCS_RSAPrivate
0x0001c408	8	OBJECT	GLOBAL	KIT_PKCS_RSAMultiPrimePrivate
0x0001c440	248	FUNC	GLOBAL	SSL_SESSION_free
0x0001c4d0	16	OBJECT	LOCAL	__ps2_libinfo__
0x0001c4e0	16	OBJECT	LOCAL	__ps2_libinfo__
0x0001c4f0	4	OBJECT	LOCAL	sema_id
0x0001c4f4	4	OBJECT	LOCAL	thread_count
0x0001c4f8	4	OBJECT	LOCAL	thread_head
0x0001c4fc	4	OBJECT	LOCAL	thread_tail
0x0001c500	4	OBJECT	LOCAL	socket_head
0x0001c504	4	OBJECT	LOCAL	socket_tail
0x0001c508	4	OBJECT	LOCAL	sceInsockErrnoMode
0x0001c50c	4	OBJECT	LOCAL	enomem.51
0x0001c510	4	OBJECT	LOCAL	netdb_internal.55
0x0001c518	4	OBJECT	LOCAL	static_aliases
0x0001c520	8	OBJECT	LOCAL	static_h_addr_list
0x0001c528	16	OBJECT	LOCAL	__ps2_libinfo__
0x0001c538	28	FUNC	GLOBAL	SSL_SESSION_reference_inc
0x0001c538	748	OBJECT	LOCAL	impure_data
0x0001c558	328	FUNC	GLOBAL	SSL_set_session
0x0001c6a0	24	FUNC	GLOBAL	SSL_SESSION_set_timeout
0x0001c6b8	24	FUNC	GLOBAL	SSL_SESSION_get_timeout
0x0001c6d0	88	FUNC	GLOBAL	SSL_SESSION_get_time
0x0001c728	88	FUNC	GLOBAL	SSL_SESSION_set_time
0x0001c780	24	FUNC	GLOBAL	SSL_CTX_set_timeout
0x0001c798	24	FUNC	GLOBAL	SSL_CTX_get_timeout
0x0001c824	4	OBJECT	GLOBAL	_impure_ptr
0x0001c828	4	OBJECT	LOCAL	__malloc_lock_owner
0x0001c82c	4	OBJECT	LOCAL	call_count
0x0001c830	37	OBJECT	LOCAL	lower.9
0x0001c858	4	OBJECT	LOCAL	cumulative_written.21
0x0001c85c	4	OBJECT	LOCAL	pch_pointer.22
0x0001c860	4	OBJECT	LOCAL	cumulative_written.4
0x0001c864	4	OBJECT	LOCAL	pch_pointer.5
0x0001c868	208	FUNC	GLOBAL	SSL_CTX_flush_sessions
0x0001c868	1032	OBJECT	GLOBAL	__malloc_av_
0x0001c938	168	FUNC	GLOBAL	ssl_clear_bad_session
0x0001cad8	8	FUNC	GLOBAL	SSL_SESSION_get_peer_certificate
0x0001cae0	8	FUNC	GLOBAL	SSL_SESSION_get_master_key_length
0x0001cae8	8	FUNC	GLOBAL	SSL_SESSION_get_master_key
0x0001caf0	8	FUNC	GLOBAL	SSL_SESSION_get_session_id_length
0x0001caf8	8	FUNC	GLOBAL	SSL_SESSION_get_session_id
0x0001cb00	12	FUNC	GLOBAL	get_sslc_global
0x0001cb10	80	FUNC	GLOBAL	SSL_EVP_PKEY_bits
0x0001cb60	88	FUNC	GLOBAL	SSL_EVP_PKEY_size
0x0001cbb8	80	FUNC	GLOBAL	SSL_EVP_PKEY_save_parameters
0x0001cc08	80	FUNC	GLOBAL	SSL_EVP_PKEY_copy_parameters
0x0001cc58	64	FUNC	GLOBAL	SSL_EVP_PKEY_missing_parameters
0x0001cc70	8	OBJECT	GLOBAL	__malloc_trim_threshold
0x0001cc78	8	OBJECT	GLOBAL	__malloc_top_pad
0x0001cc80	4	OBJECT	GLOBAL	__malloc_sbrk_base
0x0001cc88	8	OBJECT	GLOBAL	__malloc_max_sbrked_mem
0x0001cc90	8	OBJECT	GLOBAL	__malloc_max_total_mem
0x0001cc98	80	FUNC	GLOBAL	SSL_EVP_PKEY_cmp_parameters
0x0001cc98	40	OBJECT	GLOBAL	__malloc_current_mallinfo
0x0001ccc0	4	OBJECT	GLOBAL	__mb_cur_max
0x0001ccc8	8	OBJECT	LOCAL	lc_ctype.3
0x0001ccd0	8	OBJECT	LOCAL	last_lc_ctype.4
0x0001ccd8	4	OBJECT	LOCAL	initial_env
0x0001ccdc	4	OBJECT	GLOBAL	environ
0x0001cce0	432	OBJECT	LOCAL	JIS_state_table
0x0001cce8	28	FUNC	GLOBAL	SSL_EVP_PKEY_new
0x0001cd08	8	FUNC	GLOBAL	SSL_EVP_PKEY_reference_inc
0x0001cd10	28	FUNC	GLOBAL	SSL_EVP_PKEY_assign
0x0001cd30	28	FUNC	GLOBAL	SSL_EVP_PKEY_key_type
0x0001cd50	8	FUNC	GLOBAL	SSL_EVP_PKEY_free
0x0001cd58	200	FUNC	GLOBAL	SSL_X509_certificate_type_ex
0x0001ce20	104	FUNC	GLOBAL	SSL_X509_certificate_type
0x0001ce88	20	FUNC	GLOBAL	sk_set_cmp_func
0x0001ce90	432	OBJECT	LOCAL	JIS_action_table
0x0001cea0	148	FUNC	GLOBAL	sk_dup
0x0001cf38	156	FUNC	GLOBAL	sk_new
0x0001cfd8	280	FUNC	GLOBAL	sk_find
0x0001d040	16	NOTYPE	LOCAL	_DirtyDnasRel_UniqueID
0x0001d040	0	OBJECT	GLOBAL	_fbss
0x0001d050	264	NOTYPE	LOCAL	_DirtyDnasRel_State
0x0001d0f0	136	FUNC	GLOBAL	sk_move
0x0001d158	4	NOTYPE	LOCAL	lastcycle.3
0x0001d178	32	FUNC	GLOBAL	sk_push
0x0001d180	2048	NOTYPE	LOCAL	g_netbuf
0x0001d198	28	FUNC	GLOBAL	sk_unshift
0x0001d1b8	48	FUNC	GLOBAL	sk_shift
0x0001d1e8	52	FUNC	GLOBAL	sk_pop
0x0001d220	64	FUNC	GLOBAL	sk_zero
0x0001d260	144	FUNC	GLOBAL	sk_clear
0x0001d2f0	40	FUNC	GLOBAL	sk_pop_free
0x0001d318	76	FUNC	GLOBAL	sk_free
0x0001d398	344	FUNC	GLOBAL	TLSv1_client_method
0x0001d4f8	12	FUNC	GLOBAL	tlsv1_base_method
0x0001d508	68	FUNC	GLOBAL	tls1_new
0x0001d550	8	FUNC	GLOBAL	tls1_free
0x0001d558	44	FUNC	GLOBAL	tls1_clear
0x0001d588	84	FUNC	GLOBAL	SSL_enable_time
0x0001d5e0	12	FUNC	GLOBAL	X509_get_subject_name
0x0001d5f0	964	FUNC	GLOBAL	X509_NAME_oneline
0x0001d980	4096	NOTYPE	LOCAL	g_threadstack
0x0001d9b8	320	FUNC	GLOBAL	__sce_dnas2_symbol11074
0x0001daf8	320	FUNC	GLOBAL	__sce_dnas2_symbol11075
0x0001dc38	272	FUNC	GLOBAL	__sce_dnas2_symbol11079
0x0001dd48	1744	FUNC	GLOBAL	__sce_dnas2_symbol11072
0x0001e418	676	FUNC	GLOBAL	__sce_dnas2_symbol11071
0x0001e6c0	280	FUNC	GLOBAL	__sce_dnas2_symbol11069
0x0001e7d8	280	FUNC	GLOBAL	__sce_dnas2_symbol11070
0x0001e8f0	232	FUNC	GLOBAL	__sce_dnas2_symbol11078
0x0001e980	4	NOTYPE	LOCAL	g_workerthread
0x0001e984	4	NOTYPE	LOCAL	g_threadworking
0x0001e988	1	NOTYPE	LOCAL	g_socketopen
0x0001e990	20	NOTYPE	LOCAL	g_info
0x0001e9a4	4	NOTYPE	LOCAL	g_isocket
0x0001e9a8	4	NOTYPE	LOCAL	g_loggingsuccess
0x0001e9ac	4	NOTYPE	LOCAL	_uHeapStart
0x0001e9b0	4	NOTYPE	LOCAL	_uHeapAlloc
0x0001e9b4	4	NOTYPE	LOCAL	_uHeapEnd
0x0001e9d8	228	FUNC	GLOBAL	__sce_dnas2_symbol11073
0x0001eac0	228	FUNC	GLOBAL	__sce_dnas2_symbol11076
0x0001eba8	232	FUNC	GLOBAL	__sce_dnas2_symbol11077
0x0001ec90	232	FUNC	GLOBAL	__sce_dnas2_symbol11068
0x00020de8	520	FUNC	GLOBAL	__sce_dnas2_symbol11066
0x00021b18	20	FUNC	GLOBAL	__sce_dnas2_symbol11092
0x00021b30	100	FUNC	GLOBAL	__sce_dnas2_symbol11084
0x00021b98	132	FUNC	GLOBAL	__sce_dnas2_symbol11061
0x00021c20	504	FUNC	GLOBAL	__sce_dnas2_symbol11088
0x00021e18	64	FUNC	GLOBAL	__sce_dnas2_symbol11087
0x000220d8	240	FUNC	GLOBAL	__sce_dnas2_symbol11097
0x00022358	396	FUNC	GLOBAL	__sce_dnas2_symbol11107
0x000224e8	92	FUNC	GLOBAL	__sce_dnas2_symbol11100
0x00022548	28	FUNC	GLOBAL	__sce_dnas2_symbol11101
0x00022568	20	FUNC	GLOBAL	__sce_dnas2_symbol11110
0x00022580	28	FUNC	GLOBAL	__sce_dnas2_symbol11111
0x000225a0	72	FUNC	GLOBAL	__sce_dnas2_symbol11105
0x000225e8	20	FUNC	GLOBAL	__sce_dnas2_symbol11113
0x00022840	240	FUNC	GLOBAL	__sce_dnas2_symbol11096
0x00022ac0	396	FUNC	GLOBAL	__sce_dnas2_symbol11106
0x00022c50	92	FUNC	GLOBAL	__sce_dnas2_symbol11098
0x00022cb0	28	FUNC	GLOBAL	__sce_dnas2_symbol11099
0x00022cd0	20	FUNC	GLOBAL	__sce_dnas2_symbol11108
0x00022ce8	28	FUNC	GLOBAL	__sce_dnas2_symbol11109
0x00022d08	72	FUNC	GLOBAL	__sce_dnas2_symbol11104
0x00022d50	20	FUNC	GLOBAL	__sce_dnas2_symbol11112
0x00022d68	132	FUNC	GLOBAL	__sce_dnas2_symbol11060
0x00022df0	132	FUNC	GLOBAL	__sce_dnas2_symbol11059
0x00022e78	132	FUNC	GLOBAL	__sce_dnas2_symbol11058
0x00022f00	132	FUNC	GLOBAL	__sce_dnas2_symbol11093
0x00022f88	140	FUNC	GLOBAL	__sce_dnas2_symbol11123
0x00023018	140	FUNC	GLOBAL	__sce_dnas2_symbol11122
0x000230a8	140	FUNC	GLOBAL	__sce_dnas2_symbol11121
0x00023138	140	FUNC	GLOBAL	__sce_dnas2_symbol11085
0x000231c8	36	FUNC	GLOBAL	__sce_dnas2_symbol11118
0x000231f0	36	FUNC	GLOBAL	__sce_dnas2_symbol11117
0x00023218	44	FUNC	GLOBAL	__sce_dnas2_symbol11116
0x00023248	44	FUNC	GLOBAL	__sce_dnas2_symbol11114
0x00023278	132	FUNC	GLOBAL	__sce_dnas2_symbol11094
0x00023300	140	FUNC	GLOBAL	__sce_dnas2_symbol11086
0x00023390	44	FUNC	GLOBAL	__sce_dnas2_symbol11115
0x000237d8	676	FUNC	GLOBAL	__sce_dnas2_symbol11080
0x00023a80	832	FUNC	GLOBAL	__sce_dnas2_symbol11125
0x000241a8	1300	FUNC	GLOBAL	__sce_dnas2_symbol11062
0x00024810	680	FUNC	GLOBAL	__sce_dnas2_symbol11131
0x00024ab8	624	FUNC	GLOBAL	__sce_dnas2_symbol11129
0x00024d28	924	FUNC	GLOBAL	__sce_dnas2_symbol11132
0x000250c8	60	FUNC	GLOBAL	__sce_dnas2_symbol11144
0x00025578	268	FUNC	GLOBAL	__sce_dnas2_symbol11065
0x00025688	264	FUNC	GLOBAL	__sce_dnas2_symbol11064
0x00025790	920	FUNC	GLOBAL	__sce_dnas2_symbol11063
0x00025b28	796	FUNC	GLOBAL	__sce_dnas2_symbol11145
0x00025e78	644	FUNC	GLOBAL	__sce_dnas2_symbol11142
0x00026130	1500	FUNC	GLOBAL	__sce_dnas2_symbol11067
0x00026710	100	FUNC	GLOBAL	__sce_dnas2_symbol11163
0x00026778	324	FUNC	GLOBAL	__sce_dnas2_symbol11168
0x000268c0	980	FUNC	GLOBAL	__sce_dnas2_symbol11167
0x00027018	1396	FUNC	GLOBAL	__sce_dnas2_symbol11164
0x00027590	152	FUNC	GLOBAL	__sce_dnas2_symbol11081
0x00027628	228	FUNC	GLOBAL	__sce_dnas2_symbol11082
0x00027828	928	FUNC	GLOBAL	_sce_dnas2_symbol15
0x00027bc8	16	FUNC	GLOBAL	_sce_dnas2_symbol20
0x00027bd8	16	FUNC	GLOBAL	_sce_dnas2_symbol19
0x00027be8	40	FUNC	GLOBAL	_sce_dnas2_symbol22
0x00027c10	40	FUNC	GLOBAL	_sce_dnas2_symbol12
0x00027c38	240	FUNC	GLOBAL	_sce_dnas2_symbol4
0x00027e28	16	FUNC	GLOBAL	_sce_dnas2_symbol1
0x00027e38	148	FUNC	GLOBAL	_sce_dnas2_symbol17
0x00027ed0	2124	FUNC	GLOBAL	_sce_dnas2_symbol21
0x00028000	0	OBJECT	GLOBAL	_heap_end
0x00028000	0	OBJECT	GLOBAL	_heap_size
0x00029dc8	1496	FUNC	GLOBAL	_sce_dnas2_symbol14
0x0002bb88	932	FUNC	GLOBAL	_sce_dnas2_symbol13
0x0002bf30	568	FUNC	GLOBAL	i2t_ASN1_OBJECT
0x0002c168	12	FUNC	GLOBAL	BIO_f_buffer
0x0002cbf8	124	FUNC	GLOBAL	BIO_new
0x0002cc78	196	FUNC	GLOBAL	BIO_set
0x0002cd40	224	FUNC	GLOBAL	BIO_free
0x0002ce20	284	FUNC	GLOBAL	BIO_read
0x0002cf40	376	FUNC	GLOBAL	BIO_write
0x0002d0b8	32	FUNC	GLOBAL	BIO_int_ctrl
0x0002d0d8	244	FUNC	GLOBAL	BIO_ctrl
0x0002d1d0	128	FUNC	GLOBAL	BIO_push
0x0002d250	116	FUNC	GLOBAL	BIO_pop
0x0002d2c8	8	FUNC	GLOBAL	BIO_get_retry_reason
0x0002d2d0	76	FUNC	GLOBAL	BIO_free_all
0x0002d320	64	FUNC	GLOBAL	BIO_copy_next_retry
0x0002d360	12	FUNC	GLOBAL	BN_get_default_exp_table
0x0002d370	52	FUNC	GLOBAL	BN_default_init
0x0002d3a8	84	FUNC	GLOBAL	BUF_MEM_new
0x0002d400	88	FUNC	GLOBAL	BUF_MEM_free
0x0002d458	196	FUNC	GLOBAL	BUF_MEM_grow
0x0002d520	132	FUNC	GLOBAL	BUF_MEM_append
0x0002d5a8	144	FUNC	GLOBAL	BUF_MEM_consume
0x0002d638	140	FUNC	GLOBAL	BUF_strdup
0x0002da90	936	FUNC	GLOBAL	SSLCERT_normal_setup
0x0002de38	12	FUNC	GLOBAL	get_common_global
0x0002de48	164	FUNC	GLOBAL	crypto_sslc_digest_init
0x0002def0	64	FUNC	GLOBAL	crypto_sslc_digest_update
0x0002df30	80	FUNC	GLOBAL	crypto_sslc_digest_final
0x0002df80	164	FUNC	GLOBAL	crypto_sslc_dh_key_exch_init
0x0002e028	292	FUNC	GLOBAL	crypto_sslc_dh_key_exch_phase_1
0x0002e150	316	FUNC	GLOBAL	crypto_sslc_dh_key_exch_phase_2
0x0002e290	8	FUNC	GLOBAL	crypto_sslc_ecdh_key_exch_init
0x0002e298	72	FUNC	GLOBAL	crypto_sslc_ecdh_key_exch_phase_1
0x0002e2e0	72	FUNC	GLOBAL	crypto_sslc_ecdh_key_exch_phase_2
0x0002e328	96	FUNC	GLOBAL	crypto_sslc_encrypt_init
0x0002e388	56	FUNC	GLOBAL	crypto_sslc_encrypt
0x0002e3c0	96	FUNC	GLOBAL	crypto_sslc_decrypt_init
0x0002e420	56	FUNC	GLOBAL	crypto_sslc_decrypt
0x0002e458	8	FUNC	GLOBAL	crypto_sslc_null_cipher_encrypt_init
0x0002e460	72	FUNC	GLOBAL	crypto_sslc_null_cipher_encrypt
0x0002e4a8	8	FUNC	GLOBAL	crypto_sslc_null_cipher_decrypt_init
0x0002e4b0	72	FUNC	GLOBAL	crypto_sslc_null_cipher_decrypt
0x0002e4f8	8	FUNC	GLOBAL	crypto_sslc_null_key_exch_init
0x0002e500	72	FUNC	GLOBAL	crypto_sslc_null_key_exch_phase_1
0x0002e548	72	FUNC	GLOBAL	crypto_sslc_null_key_exch_phase_2
0x0002e590	56	FUNC	GLOBAL	crypto_sslc_random_seed
0x0002e5c8	84	FUNC	GLOBAL	crypto_sslc_random_gen_rand
0x0002e620	224	FUNC	GLOBAL	crypto_sslc_rsa_public_encrypt_init
0x0002e700	60	FUNC	GLOBAL	crypto_sslc_rsa_public_encrypt
0x0002e740	224	FUNC	GLOBAL	crypto_sslc_rsa_public_decrypt_init
0x0002e820	60	FUNC	GLOBAL	crypto_sslc_rsa_public_decrypt
0x0002e860	224	FUNC	GLOBAL	crypto_sslc_rsa_private_encrypt_init
0x0002e940	60	FUNC	GLOBAL	crypto_sslc_rsa_private_encrypt
0x0002e980	224	FUNC	GLOBAL	crypto_sslc_rsa_private_decrypt_init
0x0002ea60	60	FUNC	GLOBAL	crypto_sslc_rsa_private_decrypt
0x0002eaa0	88	FUNC	GLOBAL	crypto_sslc_3des_ctx_init
0x0002eaf8	136	FUNC	GLOBAL	crypto_sslc_cipher_ctx_init
0x0002eb80	60	FUNC	GLOBAL	crypto_sslc_cipher_ctx_final
0x0002ebc0	164	FUNC	GLOBAL	crypto_sslc_cipher_get_info
0x0002ec68	164	FUNC	GLOBAL	crypto_sslc_cipher_set_info
0x0002ed10	84	FUNC	GLOBAL	crypto_sslc_des_ctx_init
0x0002ed68	116	FUNC	GLOBAL	crypto_sslc_digest_ctx_init
0x0002ede0	72	FUNC	GLOBAL	crypto_sslc_digest_ctx_final
0x0002ee28	64	FUNC	GLOBAL	crypto_sslc_digest_get_info
0x0002ee68	64	FUNC	GLOBAL	crypto_sslc_digest_set_info
0x0002eea8	52	FUNC	GLOBAL	crypto_sslc_dh_ctx_init
0x0002eee0	44	FUNC	GLOBAL	crypto_sslc_dh_ctx_final
0x0002ef10	60	FUNC	GLOBAL	crypto_sslc_dh_get_info
0x0002ef50	16	FUNC	GLOBAL	crypto_sslc_dh_set_info
0x0002ef60	8	FUNC	GLOBAL	crypto_sslc_ecdh_ctx_init
0x0002ef68	8	FUNC	GLOBAL	crypto_sslc_ecdh_ctx_final
0x0002ef70	8	FUNC	GLOBAL	crypto_sslc_ecdh_get_info
0x0002ef78	8	FUNC	GLOBAL	crypto_sslc_ecdh_set_info
0x0002ef80	8	FUNC	GLOBAL	crypto_sslc_null_cipher_ctx_init
0x0002ef88	8	FUNC	GLOBAL	crypto_sslc_null_cipher_ctx_final
0x0002ef90	60	FUNC	GLOBAL	crypto_sslc_null_cipher_get_info
0x0002efd0	56	FUNC	GLOBAL	crypto_sslc_null_cipher_set_info
0x0002f008	8	FUNC	GLOBAL	crypto_sslc_null_key_exch_ctx_init
0x0002f010	8	FUNC	GLOBAL	crypto_sslc_null_key_exch_ctx_final
0x0002f018	32	FUNC	GLOBAL	crypto_sslc_null_key_exch_get_info
0x0002f038	16	FUNC	GLOBAL	crypto_sslc_null_key_exch_set_info
0x0002f048	8	FUNC	GLOBAL	crypto_sslc_random_ctx_init
0x0002f050	40	FUNC	GLOBAL	crypto_sslc_random_ctx_final
0x0002f078	40	FUNC	GLOBAL	crypto_sslc_random_get_info
0x0002f0a0	40	FUNC	GLOBAL	crypto_sslc_random_set_info
0x0002f0c8	52	FUNC	GLOBAL	crypto_sslc_rsa_ctx_init
0x0002f100	44	FUNC	GLOBAL	crypto_sslc_rsa_ctx_final
0x0002f130	16	FUNC	GLOBAL	crypto_sslc_rsa_get_info
0x0002f140	16	FUNC	GLOBAL	crypto_sslc_rsa_set_info
0x0002f150	324	FUNC	GLOBAL	d2i_PrivateKey
0x0002f298	932	FUNC	GLOBAL	d2i_DSAPrivateKey
0x0002f640	44	FUNC	GLOBAL	DH_new
0x0002f670	12	FUNC	GLOBAL	DH_set_default_meth
0x0002f680	132	FUNC	GLOBAL	DH_free
0x0002f708	100	FUNC	GLOBAL	DH_size
0x0002f770	52	FUNC	GLOBAL	DH_set
0x0002f7a8	328	FUNC	GLOBAL	DH_get
0x0002f8f0	92	FUNC	GLOBAL	DH_generate_key
0x0002f950	192	FUNC	GLOBAL	DH_compute_key
0x0002fa10	136	FUNC	GLOBAL	DH_params_dup
0x0002fa98	36	FUNC	GLOBAL	SSL_enable_DH
0x0002fac0	232	FUNC	GLOBAL	EVP_DigestInit
0x0002fba8	44	FUNC	GLOBAL	EVP_DigestUpdate
0x0002fbd8	96	FUNC	GLOBAL	EVP_DigestFinal
0x0002fc38	76	FUNC	GLOBAL	DSA_new
0x0002fc88	84	FUNC	GLOBAL	DSA_size
0x0002fce0	132	FUNC	GLOBAL	DSA_sign_setup
0x0002fd68	164	FUNC	GLOBAL	DSA_sign
0x0002fe10	164	FUNC	GLOBAL	DSA_verify
0x0002feb8	88	FUNC	GLOBAL	DSA_free
0x0002ff10	84	FUNC	GLOBAL	DSA_params_dup
0x0002ff68	92	FUNC	GLOBAL	SSL_enable_DSA
0x0002ffc8	44	FUNC	GLOBAL	do_DSAparams_dup
0x0002fff8	108	FUNC	GLOBAL	dsa_size_cb
0x00030068	12	FUNC	GLOBAL	EVP_des_ede_cbc
0x00030078	12	FUNC	GLOBAL	EVP_des_ede3_cbc
0x000301f0	12	FUNC	GLOBAL	EVP_des_cbc
0x00030260	12	FUNC	GLOBAL	EVP_rc2_cbc
0x00030270	12	FUNC	GLOBAL	EVP_rc2_64_cbc
0x00030280	12	FUNC	GLOBAL	EVP_rc2_40_cbc
0x00030378	12	FUNC	GLOBAL	EVP_enc_null
0x00030448	12	FUNC	GLOBAL	EVP_rc4
0x00030458	12	FUNC	GLOBAL	EVP_rc4_40
0x00030468	132	FUNC	GLOBAL	ERR_STATE_free
0x000304f0	116	FUNC	GLOBAL	ERR_free_strings
0x00030568	36	FUNC	GLOBAL	ERR_clear_error
0x00030590	44	FUNC	GLOBAL	ERR_get_error
0x000305c0	44	FUNC	GLOBAL	ERR_peek_error
0x000305f0	304	FUNC	GLOBAL	err_get_error_values
0x00030720	200	FUNC	GLOBAL	ERR_remove_state
0x000307e8	268	FUNC	GLOBAL	ERR_add_error_data
0x000308f8	244	FUNC	GLOBAL	EVP_CIPHER_CTX_init
0x000309f0	128	FUNC	GLOBAL	EVP_CIPHER_CTX_new
0x00030a70	124	FUNC	GLOBAL	EVP_EncryptInit
0x00030af0	124	FUNC	GLOBAL	EVP_DecryptInit
0x00030b70	344	FUNC	GLOBAL	EVP_EncryptUpdate
0x00030cc8	60	FUNC	GLOBAL	EVP_CIPHER_CTX_free
0x00030d08	116	FUNC	GLOBAL	EVP_CIPHER_CTX_cleanup
0x00030d80	8	FUNC	GLOBAL	EVP_MD_size
0x00030d88	12	FUNC	GLOBAL	EVP_MD_CTX_size
0x00030d98	8	FUNC	GLOBAL	EVP_CIPHER_key_length
0x00030da0	8	FUNC	GLOBAL	EVP_CIPHER_iv_length
0x00030da8	12	FUNC	GLOBAL	EVP_CIPHER_CTX_block_size
0x00030db8	28	FUNC	GLOBAL	EVP_CIPHER_CTX_key_length
0x00030dd8	8	FUNC	GLOBAL	EVP_CIPHER_CTX_set_key_length
0x00030de0	8	FUNC	GLOBAL	EVP_CIPHER_CTX_ex_long
0x00030de8	8	FUNC	GLOBAL	EVP_CIPHER_CTX_set_ex_long
0x00030df0	116	FUNC	GLOBAL	EVP_MD_CTX_new
0x00030e68	68	FUNC	GLOBAL	EVP_MD_CTX_free
0x00030eb0	104	FUNC	GLOBAL	EVP_OBJ_add_cipher
0x00030f18	228	FUNC	GLOBAL	EVP_OBJ_add_digest
0x00031000	28	FUNC	GLOBAL	EVP_OBJ_get_cipherbyname
0x00031020	28	FUNC	GLOBAL	EVP_OBJ_get_digestbyname
0x00031040	32	FUNC	GLOBAL	EVP_OBJ_cleanup
0x00031060	36	FUNC	GLOBAL	EVP_OBJ_add_cipher_alias
0x00031088	36	FUNC	GLOBAL	EVP_OBJ_add_digest_alias
0x000310b0	28	FUNC	GLOBAL	EVP_OBJ_delete_cipher_alias
0x000310d0	28	FUNC	GLOBAL	EVP_OBJ_delete_digest_alias
0x000310f0	24	FUNC	GLOBAL	CRYPTO_EX_DATA_FUNCS_free
0x00031108	316	FUNC	GLOBAL	CRYPTO_get_ex_new_index
0x00031248	236	FUNC	GLOBAL	CRYPTO_set_ex_data
0x00031338	52	FUNC	GLOBAL	CRYPTO_get_ex_data
0x00031370	224	FUNC	GLOBAL	CRYPTO_dup_ex_data
0x00031450	212	FUNC	GLOBAL	CRYPTO_free_ex_data
0x00031528	196	FUNC	GLOBAL	CRYPTO_new_ex_data
0x000315f0	204	FUNC	GLOBAL	HMAC_new
0x000316c0	112	FUNC	GLOBAL	HMAC_free
0x00031730	8	FUNC	GLOBAL	HMAC_digest
0x00031738	264	FUNC	GLOBAL	HMAC_copy
0x00031840	420	FUNC	GLOBAL	HMAC_Init
0x000319e8	8	FUNC	GLOBAL	HMAC_Update
0x000319f0	140	FUNC	GLOBAL	HMAC_Final
0x00031a80	68	FUNC	GLOBAL	HMAC_cleanup
0x00031ac8	232	FUNC	GLOBAL	HMAC
0x00031bb0	444	FUNC	GLOBAL	i2d_DSAparams
0x00031d70	12	FUNC	GLOBAL	EVP_dss1
0x00031d80	12	FUNC	GLOBAL	EVP_md2
0x00031d90	12	FUNC	GLOBAL	EVP_md5
0x00031da0	12	FUNC	GLOBAL	EVP_md5_digest
0x00031db0	12	FUNC	GLOBAL	EVP_sha1_digest
0x00031dc0	12	FUNC	GLOBAL	EVP_sha1
0x00031dd0	12	FUNC	GLOBAL	MD2_options
0x00031de0	80	FUNC	GLOBAL	MD2_Init
0x00031e30	252	FUNC	GLOBAL	MD2_Update
0x00032158	240	FUNC	GLOBAL	MD2_Final
0x00032248	80	FUNC	GLOBAL	MD5_Init
0x00032298	456	FUNC	GLOBAL	MD5_Update
0x00032460	884	FUNC	GLOBAL	md5_block_small
0x000327d8	436	FUNC	GLOBAL	MD5_Final
0x00032990	256	FUNC	GLOBAL	MD5_Transform
0x00032a90	72	FUNC	GLOBAL	OBJ_NAME_init
0x00032ad8	392	FUNC	GLOBAL	OBJ_NAME_new_index
0x00032d50	216	FUNC	GLOBAL	OBJ_NAME_get
0x00032e28	284	FUNC	GLOBAL	OBJ_NAME_add
0x00032f48	180	FUNC	GLOBAL	OBJ_NAME_remove
0x00033030	176	FUNC	GLOBAL	OBJ_NAME_cleanup
0x00033378	104	FUNC	GLOBAL	OBJ_cleanup
0x000333e0	20	FUNC	GLOBAL	OBJ_new_nid
0x000333f8	372	FUNC	GLOBAL	OBJ_add_object
0x00033570	180	FUNC	GLOBAL	OBJ_nid2obj
0x00033628	184	FUNC	GLOBAL	OBJ_nid2sn
0x000336e0	188	FUNC	GLOBAL	OBJ_nid2ln
0x000337a0	144	FUNC	GLOBAL	OBJ_obj2nid
0x00033830	132	FUNC	GLOBAL	OBJ_ln2nid
0x000338b8	128	FUNC	GLOBAL	OBJ_sn2nid
0x00033978	212	FUNC	GLOBAL	OBJ_bsearch
0x00033a50	540	FUNC	GLOBAL	OBJ_create_objects
0x00033c70	268	FUNC	GLOBAL	OBJ_create
0x00033dd0	392	FUNC	GLOBAL	OBJ_dup
0x00033f58	52	FUNC	GLOBAL	OBJ_cmp
0x00033f90	80	FUNC	GLOBAL	EVP_PKEY_bits
0x00033fe0	84	FUNC	GLOBAL	EVP_PKEY_size
0x00034038	48	FUNC	GLOBAL	EVP_PKEY_save_parameters
0x00034068	312	FUNC	GLOBAL	EVP_PKEY_copy_parameters
0x000341a0	72	FUNC	GLOBAL	EVP_PKEY_missing_parameters
0x000341e8	164	FUNC	GLOBAL	EVP_PKEY_cmp_parameters
0x00034290	96	FUNC	GLOBAL	EVP_PKEY_new
0x000342f0	28	FUNC	GLOBAL	EVP_PKEY_reference_inc
0x00034310	108	FUNC	GLOBAL	EVP_PKEY_assign
0x00034380	28	FUNC	GLOBAL	EVP_PKEY_key_type
0x000343a0	76	FUNC	GLOBAL	EVP_PKEY_get_num_primes
0x000343f0	160	FUNC	GLOBAL	EVP_PKEY_type
0x00034490	8	FUNC	GLOBAL	EVP_PKEY_save_type
0x00034498	100	FUNC	GLOBAL	EVP_PKEY_free
0x000345a0	20	FUNC	GLOBAL	EVP_PKEY_get_RSA
0x000345b8	20	FUNC	GLOBAL	EVP_PKEY_get_DSA
0x000345d0	20	FUNC	GLOBAL	EVP_PKEY_get_DH
0x000345e8	344	FUNC	GLOBAL	EVP_SignFinal
0x00034740	348	FUNC	GLOBAL	EVP_VerifyFinal
0x000348a0	56	FUNC	GLOBAL	PEM_read_bio_X509
0x000348d8	676	FUNC	GLOBAL	PEM_ASN1_read_bio
0x00034b80	444	FUNC	GLOBAL	PEM_do_header
0x00034d40	572	FUNC	GLOBAL	PEM_get_EVP_CIPHER_CTX
0x00035090	1488	FUNC	GLOBAL	PEM_read_bio
0x00035660	64	FUNC	GLOBAL	_sce_dnas2_symbol124
0x000356a0	104	FUNC	GLOBAL	_sce_dnas2_symbol123
0x00035708	12	FUNC	GLOBAL	PK_METH_dh
0x00035718	104	FUNC	GLOBAL	pk_dh_sslc_cleanup
0x00035780	764	FUNC	GLOBAL	pk_dh_sslc_init
0x00035a80	256	FUNC	GLOBAL	pk_dh_sslc_generate_key
0x00035b80	476	FUNC	GLOBAL	pk_dh_sslc_compute_key
0x00035d60	228	FUNC	GLOBAL	pk_dh_sslc_final
0x00035e48	404	FUNC	GLOBAL	pk_dh_sslc_get
0x00035fe0	8	FUNC	GLOBAL	pk_unimplemented
0x00035fe8	72	FUNC	GLOBAL	PK_CTX_new
0x00036030	104	FUNC	GLOBAL	PK_CTX_free
0x00036098	48	FUNC	GLOBAL	PK_CTX_set
0x000360c8	76	FUNC	GLOBAL	PK_priv_enc
0x00036118	76	FUNC	GLOBAL	PK_pub_dec
0x00036168	76	FUNC	GLOBAL	PK_pub_enc
0x000361b8	76	FUNC	GLOBAL	PK_priv_dec
0x00036208	44	FUNC	GLOBAL	PK_phase1
0x00036238	76	FUNC	GLOBAL	PK_phase2
0x00036288	60	FUNC	GLOBAL	PK_get_pubkey
0x000362c8	40	FUNC	GLOBAL	PK_get_eitem
0x000362f0	36	FUNC	GLOBAL	PK_get_info
0x00036318	12	FUNC	GLOBAL	PK_METH_rsa_pkcs1
0x00036328	280	FUNC	GLOBAL	pk_rsa_sslc_cleanup
0x00036440	1336	FUNC	GLOBAL	pk_rsa_sslc_init
0x00036978	148	FUNC	GLOBAL	pk_rsa_sslc
0x00036a10	420	FUNC	GLOBAL	pk_rsa_private_encrypt_sslc
0x00036bb8	628	FUNC	GLOBAL	pk_rsa_crt_sslc
0x00036e30	336	FUNC	GLOBAL	pk_rsa_private_decrypt_sslc
0x00036f80	508	FUNC	GLOBAL	pk_rsa_public_encrypt_sslc
0x00037180	260	FUNC	GLOBAL	pk_rsa_verify
0x00037288	416	FUNC	GLOBAL	pk_rsa_public_decrypt_sslc
0x00037428	180	FUNC	GLOBAL	rsa_padding_add_pkcs1_type_1
0x000374e0	188	FUNC	GLOBAL	rsa_padding_check_pkcs1_type_1
0x000375a0	276	FUNC	GLOBAL	rsa_padding_add_pkcs1_type_2
0x000376b8	180	FUNC	GLOBAL	rsa_padding_check_pkcs1_type_2
0x00037770	188	FUNC	GLOBAL	pk_rsa_get
0x00037830	12	FUNC	GLOBAL	R_EITEM_init
0x00037840	272	FUNC	GLOBAL	R_EITEM_set
0x00037950	192	FUNC	GLOBAL	R_EITEMS_dup
0x00037a10	96	FUNC	GLOBAL	R_EITEM_free
0x00037a70	80	FUNC	GLOBAL	R_EITEMS_new
0x00037ac0	172	FUNC	GLOBAL	R_EITEMS_free
0x00037b70	64	FUNC	GLOBAL	R_EITEMS_add
0x00037c38	224	FUNC	GLOBAL	R_EITEMS_add_item
0x00037d18	152	FUNC	GLOBAL	R_EITEMS_delete
0x00037db0	248	FUNC	GLOBAL	R_EITEMS_find_item
0x00037ea8	136	FUNC	GLOBAL	R_EITEMS_check_list
0x00037f30	8	FUNC	GLOBAL	R_time_size
0x00037f38	52	FUNC	GLOBAL	R_time
0x00037f70	12	FUNC	GLOBAL	R_time_get_func
0x00037f80	12	FUNC	GLOBAL	R_time_set_func
0x00037f90	88	FUNC	GLOBAL	R_mtime
0x00037fe8	36	FUNC	GLOBAL	R_mtime_set
0x00038010	176	FUNC	GLOBAL	R_mtime_offset
0x000380c0	172	FUNC	GLOBAL	R_mtime_cmp
0x00038170	92	FUNC	GLOBAL	R_mtime_import
0x000381d0	76	FUNC	GLOBAL	R_mtime_export
0x00038220	80	FUNC	GLOBAL	R_mtime_set_all
0x00038270	100	FUNC	GLOBAL	R_rand_set_default
0x000382d8	52	FUNC	GLOBAL	R_rand_seed
0x00038310	52	FUNC	GLOBAL	R_rand_bytes
0x00038348	220	FUNC	GLOBAL	R_rand_new
0x00038428	80	FUNC	GLOBAL	R_rand_free
0x00038478	40	FUNC	GLOBAL	R_rand_lib_cleanup
0x000384a0	56	FUNC	GLOBAL	R_rand_add_entropy
0x000384d8	88	FUNC	GLOBAL	R_rand_entropy_count
0x00038530	120	FUNC	GLOBAL	R_rand_get_default
0x000385a8	92	FUNC	GLOBAL	R_time_new
0x00038608	8	FUNC	GLOBAL	R_time_free
0x00038610	52	FUNC	GLOBAL	R_time_offset
0x00038648	12	FUNC	GLOBAL	R_time_get_offset_func
0x00038658	12	FUNC	GLOBAL	R_time_set_offset_func
0x00038668	88	FUNC	GLOBAL	R_time_from_int
0x000386c0	88	FUNC	GLOBAL	R_time_to_int
0x00038718	52	FUNC	GLOBAL	R_time_cmp
0x00038750	12	FUNC	GLOBAL	R_time_get_cmp_func
0x00038760	12	FUNC	GLOBAL	R_time_set_cmp_func
0x00038770	52	FUNC	GLOBAL	R_time_import
0x000387a8	12	FUNC	GLOBAL	R_time_get_import_func
0x000387b8	12	FUNC	GLOBAL	R_time_set_import_func
0x000387c8	52	FUNC	GLOBAL	R_time_export
0x00038800	12	FUNC	GLOBAL	R_time_get_export_func
0x00038810	12	FUNC	GLOBAL	R_time_set_export_func
0x00038820	3452	FUNC	GLOBAL	RC2_cbc_encrypt
0x000395a0	7720	FUNC	GLOBAL	RC2_encrypt
0x0003b3c8	7184	FUNC	GLOBAL	RC2_decrypt
0x0003cfd8	420	FUNC	GLOBAL	RC2_set_key
0x0003d180	188	FUNC	GLOBAL	RC4
0x0003d240	148	FUNC	GLOBAL	RC4_set_key
0x0003d2d8	12	FUNC	GLOBAL	RC4_options
0x0003d2e8	120	FUNC	GLOBAL	R_rand_meth_sha1
0x0003d940	72	FUNC	GLOBAL	SSL_enable_RSA
0x0003d988	152	FUNC	GLOBAL	RSA_free
0x0003da20	44	FUNC	GLOBAL	RSA_new
0x0003da50	12	FUNC	GLOBAL	RSA_set_default_meth
0x0003da60	140	FUNC	GLOBAL	RSA_get
0x0003daf0	56	FUNC	GLOBAL	RSA_set
0x0003db28	104	FUNC	GLOBAL	RSA_size
0x0003db90	312	FUNC	GLOBAL	RSA_verify
0x0003dcc8	340	FUNC	GLOBAL	RSA_sign
0x0003de20	148	FUNC	GLOBAL	RSA_public_encrypt
0x0003deb8	148	FUNC	GLOBAL	RSA_private_encrypt
0x0003df50	148	FUNC	GLOBAL	RSA_public_decrypt
0x0003dfe8	204	FUNC	GLOBAL	d2i_RSAPrivateKey
0x0003e0b8	184	FUNC	GLOBAL	RSA_dup
0x0003e170	20	FUNC	GLOBAL	RSA_flags
0x0003e188	188	FUNC	GLOBAL	rsa_get_pk_ctx
0x0003e248	12	FUNC	GLOBAL	RSA_set_sign_cb
0x0003e258	12	FUNC	GLOBAL	RSA_set_ASN1_OCTET_sign_cb
0x0003e268	12	FUNC	GLOBAL	RSA_set_verify_cb
0x0003e278	12	FUNC	GLOBAL	RSA_set_ASN1_OCTET_verify_cb
0x0003e288	44	FUNC	GLOBAL	RSA_sign_ASN1_OCTET_STRING
0x0003e2b8	44	FUNC	GLOBAL	RSA_verify_ASN1_OCTET_STRING
0x0003e2e8	164	FUNC	GLOBAL	ssl2_enc
0x0003e390	276	FUNC	GLOBAL	ssl2_mac
0x0003e4a8	208	FUNC	GLOBAL	ssl3_send_finished
0x0003e578	260	FUNC	GLOBAL	ssl3_get_finished
0x0003e680	80	FUNC	GLOBAL	ssl3_send_change_cipher_spec
0x0003e6d0	1084	FUNC	GLOBAL	ssl3_output_cert_chain
0x0003eb10	596	FUNC	GLOBAL	ssl3_get_message
0x0003ed68	168	FUNC	GLOBAL	ssl_cert_type
0x0003ee10	112	FUNC	GLOBAL	ssl_verify_alarm_type
0x0003f0e0	868	FUNC	GLOBAL	ssl3_change_cipher_state
0x0003f448	268	FUNC	GLOBAL	ssl3_setup_key_block
0x0003f558	88	FUNC	GLOBAL	ssl3_cleanup_key_block
0x0003f5b0	432	FUNC	GLOBAL	ssl3_enc
0x0003f760	36	FUNC	GLOBAL	ssl3_cert_verify_mac
0x0003f788	148	FUNC	GLOBAL	ssl3_final_finish_mac
0x0003f948	464	FUNC	GLOBAL	ssl3_mac
0x0003fb18	348	FUNC	GLOBAL	ssl3_generate_master_secret
0x0003fc78	148	FUNC	GLOBAL	ssl3_alert_code
0x0003fd10	40	FUNC	GLOBAL	ssl3_part_read
0x0003fd38	76	FUNC	GLOBAL	SSL_get_ex_data_X509_STORE_CTX_idx
0x0003fd88	8	FUNC	GLOBAL	SSL_get_rbio
0x0003fd90	8	FUNC	GLOBAL	SSL_get_wbio
0x0003fd98	8	FUNC	GLOBAL	SSL_get_verify_mode
0x0003fda0	8	FUNC	GLOBAL	SSL_get_verify_depth
0x0003fda8	8	FUNC	GLOBAL	SSL_get_verify_cb
0x0003fdb0	8	FUNC	GLOBAL	SSL_CTX_get_verify_mode
0x0003fdb8	8	FUNC	GLOBAL	SSL_CTX_get_verify_depth
0x0003fdc0	8	FUNC	GLOBAL	SSL_CTX_get_verify_cb
0x0003fdc8	12	FUNC	GLOBAL	SSL_set_verify
0x0003fdd8	8	FUNC	GLOBAL	SSL_set_verify_depth
0x0003fde0	8	FUNC	GLOBAL	SSL_set_read_ahead
0x0003fde8	8	FUNC	GLOBAL	SSL_get_read_ahead
0x0003fdf0	36	FUNC	GLOBAL	SSL_get_default_timeout
0x0003fe18	44	FUNC	GLOBAL	SSL_SESSION_hash
0x0003fe48	64	FUNC	GLOBAL	SSL_SESSION_cmp
0x0003fe88	416	FUNC	GLOBAL	ssl_set_pkey
0x00040028	164	FUNC	GLOBAL	sceGetTime
0x00040398	56	FUNC	GLOBAL	des_set_odd_parity
0x000403d0	72	FUNC	GLOBAL	des_check_parity
0x00040418	112	FUNC	GLOBAL	des_is_weak_key
0x00040488	996	FUNC	GLOBAL	des_set_key
0x00040870	28	FUNC	GLOBAL	des_key_sched
0x00040890	844	FUNC	GLOBAL	dsa_verify_cb
0x00040be0	300	FUNC	GLOBAL	rsa_sign_ASN1_OCTET_STRING_cb
0x00040d10	360	FUNC	GLOBAL	rsa_verify_ASN1_OCTET_STRING_cb
0x00040e78	12	FUNC	GLOBAL	SHA1_Setup
0x00040e88	100	FUNC	GLOBAL	SHA1_Init
0x00040ef0	1476	FUNC	GLOBAL	SHA1_Update
0x000414b8	268	FUNC	GLOBAL	SHA1_Transform
0x000415c8	1312	FUNC	GLOBAL	sha1_block
0x00041ae8	756	FUNC	GLOBAL	SHA1_Final
0x00041de0	740	FUNC	GLOBAL	dsa_sign_cb
0x000420c8	612	FUNC	GLOBAL	dsa_sign_setup_cb
0x00042330	404	FUNC	GLOBAL	rsa_sign_cb
0x000424c8	408	FUNC	GLOBAL	rsa_verify_cb
0x00042660	252	FUNC	GLOBAL	sk_insert
0x00042760	132	FUNC	GLOBAL	sk_delete
0x00042bb8	1196	FUNC	GLOBAL	tls1_change_cipher_state
0x00043068	344	FUNC	GLOBAL	tls1_setup_key_block
0x000431c0	720	FUNC	GLOBAL	tls1_enc
0x00043490	84	FUNC	GLOBAL	tls1_cert_verify_mac
0x000434e8	276	FUNC	GLOBAL	tls1_final_finish_mac
0x00043600	340	FUNC	GLOBAL	tls1_mac
0x00043758	252	FUNC	GLOBAL	tls1_generate_master_secret
0x00043858	236	FUNC	GLOBAL	tls1_alert_code
0x00043948	196	FUNC	GLOBAL	time_mi_cmp
0x00043a10	2008	FUNC	GLOBAL	time_mi_export
0x000441e8	1972	FUNC	GLOBAL	time_mi_import
0x00044ac8	316	FUNC	GLOBAL	time_mi_loffset
0x00044c08	368	FUNC	GLOBAL	time_mi_offset
0x00044d78	108	FUNC	GLOBAL	time_mi_time
0x00044de8	40	FUNC	GLOBAL	X509_subject_name_cmp
0x00044e10	12	FUNC	GLOBAL	X509_get_issuer_name
0x00044e20	12	FUNC	GLOBAL	X509_get_serialNumber
0x00044e30	320	FUNC	GLOBAL	X509_NAME_cmp
0x00044f70	192	FUNC	GLOBAL	X509_NAME_hash
0x00045030	52	FUNC	GLOBAL	X509_get_pubkey
0x00045068	32	FUNC	GLOBAL	X509_get_version
0x00045088	16	FUNC	GLOBAL	X509_get_notBefore
0x00045098	16	FUNC	GLOBAL	X509_get_notAfter
0x000450a8	40	FUNC	GLOBAL	X509_get_signature_type
0x00045158	168	FUNC	GLOBAL	X509_STORE_new
0x00045240	228	FUNC	GLOBAL	X509_STORE_free
0x00045328	232	FUNC	GLOBAL	X509_STORE_get_by_subject
0x00045410	60	FUNC	GLOBAL	X509_OBJECT_retrieve_by_subject
0x00045450	80	FUNC	GLOBAL	X509_STORE_CTX_get_ex_new_index
0x000454a0	72	FUNC	GLOBAL	X509_STORE_CTX_cleanup_ex_data
0x000454e8	28	FUNC	GLOBAL	X509_STORE_CTX_set_ex_data
0x00045508	28	FUNC	GLOBAL	X509_STORE_CTX_get_ex_data
0x00045528	76	FUNC	GLOBAL	X509_STORE_CTX_new
0x00045578	124	FUNC	GLOBAL	X509_STORE_CTX_init
0x000455f8	56	FUNC	GLOBAL	X509_STORE_CTX_free
0x00045630	100	FUNC	GLOBAL	X509_STORE_CTX_cleanup
0x00045698	8	FUNC	GLOBAL	X509_STORE_CTX_set_depth
0x000456a0	8	FUNC	GLOBAL	X509_STORE_CTX_get_error
0x000456a8	8	FUNC	GLOBAL	X509_STORE_CTX_set_error
0x000456b0	8	FUNC	GLOBAL	X509_STORE_CTX_get_error_depth
0x000456b8	8	FUNC	GLOBAL	X509_STORE_CTX_get_current_cert
0x000456c0	396	FUNC	GLOBAL	X509_check_private_key
0x00045850	52	FUNC	GLOBAL	X509_verify
0x00045888	48	FUNC	GLOBAL	d2i_X509_bio
0x000458b8	44	FUNC	GLOBAL	X509_NAME_dup
0x000458e8	52	FUNC	GLOBAL	X509_digest
0x00045920	144	FUNC	GLOBAL	X509_STORE_set_default_paths
0x000459b0	340	FUNC	GLOBAL	X509_STORE_load_locations
0x00045b10	1220	FUNC	GLOBAL	X509_verify_cert
0x00046238	96	FUNC	GLOBAL	X509_NAME_get_text_by_NID
0x00046298	172	FUNC	GLOBAL	X509_NAME_get_text_by_OBJ
0x00046348	24	FUNC	GLOBAL	X509_NAME_get_entry_count
0x00046360	24	FUNC	GLOBAL	X509_NAME_get_entries
0x00046378	80	FUNC	GLOBAL	X509_NAME_get_index_by_NID
0x000463c8	152	FUNC	GLOBAL	X509_NAME_get_index_by_OBJ
0x00046460	60	FUNC	GLOBAL	X509_NAME_get_entry
0x000464a0	260	FUNC	GLOBAL	X509_NAME_delete_entry
0x000465a8	404	FUNC	GLOBAL	X509_NAME_add_entry
0x00046740	136	FUNC	GLOBAL	X509_NAME_ENTRY_create_by_NID
0x000467c8	236	FUNC	GLOBAL	X509_NAME_ENTRY_create_by_OBJ
0x000468b8	112	FUNC	GLOBAL	X509_NAME_ENTRY_set_object
0x00046928	196	FUNC	GLOBAL	X509_NAME_ENTRY_set_data
0x000469f0	24	FUNC	GLOBAL	X509_NAME_ENTRY_get_object
0x00046a08	24	FUNC	GLOBAL	X509_NAME_ENTRY_get_data
0x00046a20	172	FUNC	GLOBAL	X509_NAME_dup_stack
0x00046ad0	680	FUNC	GLOBAL	i2d_X509_CINF
0x00046d78	1432	FUNC	GLOBAL	d2i_X509_CINF
0x00047310	200	FUNC	GLOBAL	X509_CINF_new
0x000473d8	144	FUNC	GLOBAL	X509_CINF_free
0x00047468	248	FUNC	GLOBAL	i2d_X509_EXTENSION
0x00047560	588	FUNC	GLOBAL	d2i_X509_EXTENSION
0x000477b0	144	FUNC	GLOBAL	X509_EXTENSION_new
0x00047840	104	FUNC	GLOBAL	X509_EXTENSION_free
0x000478a8	196	FUNC	GLOBAL	i2d_X509_PUBKEY
0x00047970	464	FUNC	GLOBAL	d2i_X509_PUBKEY
0x00047b40	124	FUNC	GLOBAL	X509_PUBKEY_new
0x00047bc0	92	FUNC	GLOBAL	X509_PUBKEY_free
0x00047c20	564	FUNC	GLOBAL	X509_PUBKEY_set
0x00047e58	288	FUNC	GLOBAL	X509_PUBKEY_get
0x00047f78	196	FUNC	GLOBAL	i2d_X509_SIG
0x00048040	440	FUNC	GLOBAL	d2i_X509_SIG
0x000481f8	128	FUNC	GLOBAL	X509_SIG_new
0x00048278	72	FUNC	GLOBAL	X509_SIG_free
0x000482c0	196	FUNC	GLOBAL	i2d_X509_VAL
0x00048388	440	FUNC	GLOBAL	d2i_X509_VAL
0x00048540	128	FUNC	GLOBAL	X509_VAL_new
0x000485c0	72	FUNC	GLOBAL	X509_VAL_free
0x00048608	12	FUNC	GLOBAL	X509_asn1_meth
0x00048618	224	FUNC	GLOBAL	i2d_X509
0x000486f8	544	FUNC	GLOBAL	d2i_X509
0x00048918	152	FUNC	GLOBAL	X509_new
0x000489b0	28	FUNC	GLOBAL	X509_reference_inc
0x000489d0	136	FUNC	GLOBAL	X509_free
0x00048a58	20	FUNC	GLOBAL	AI_FeedbackCipher
0x00048d08	20	FUNC	GLOBAL	AI_DES
0x00048d20	20	FUNC	GLOBAL	AI_DESX
0x00048d38	20	FUNC	GLOBAL	AI_ECB
0x00048dc0	20	FUNC	GLOBAL	AI_DES_EDE
0x00048dd8	20	FUNC	GLOBAL	AI_GenericCrypt
0x00048df0	128	FUNC	GLOBAL	AIT_GenericCryptAddInfo
0x00048e70	20	FUNC	GLOBAL	AI_CBC_INTER_LEAVED
0x00048e88	8	FUNC	GLOBAL	B_AlgorithmInfoTypeMakeError
0x00048e90	20	FUNC	GLOBAL	AI_OFB
0x00048ea8	20	FUNC	GLOBAL	AI_CFB_PIPELINED
0x00048ec0	20	FUNC	GLOBAL	AI_OFB_PIPELINED
0x00048ed8	20	FUNC	GLOBAL	AI_RC2
0x00048ef0	128	FUNC	GLOBAL	AIT_RC2AddInfo
0x00048f70	20	FUNC	GLOBAL	AI_RC5
0x00048f88	180	FUNC	GLOBAL	AIT_RC5AddInfo
0x00049040	20	FUNC	GLOBAL	AI_RC6
0x00049058	120	FUNC	GLOBAL	AIT_RC6AddInfo
0x000490d0	96	FUNC	GLOBAL	B_CreateAlgorithmObject
0x00049130	32	FUNC	GLOBAL	B_GetExtendedErrorInfo
0x00049150	44	FUNC	GLOBAL	B_ExtendedErrorDestructor
0x00049180	44	FUNC	GLOBAL	B_ExtendedErrorConstructor
0x000491b0	80	FUNC	GLOBAL	B_DestroyAlgorithmObject
0x00049200	108	FUNC	GLOBAL	B_SetAlgorithmInfo
0x00049270	104	FUNC	GLOBAL	B_GetAlgorithmInfo
0x000492d8	52	FUNC	GLOBAL	AlgorithmWrapCheck
0x00049310	48	FUNC	GLOBAL	RandomAlgorithmCheck
0x00049340	16	FUNC	GLOBAL	CBCQuery
0x00049350	176	FUNC	GLOBAL	CBCInit
0x00049840	44	FUNC	GLOBAL	CBCFinal
0x00049870	20	FUNC	GLOBAL	CBCGetBlockLen
0x00049888	20	FUNC	GLOBAL	CBCSetContextDestructor
0x00049930	60	FUNC	GLOBAL	CBCResetIV
0x00049fb0	56	FUNC	GLOBAL	B_AlgorithmConstructor
0x00049fe8	76	FUNC	GLOBAL	B_AlgorithmDestructor
0x0004a038	36	FUNC	GLOBAL	B_AlgorithmCheckType
0x0004a060	60	FUNC	GLOBAL	B_AlgorithmCheckTypeAndInitFlag
0x0004a0a0	204	FUNC	GLOBAL	B_AlgorithmSetInfo
0x0004a170	152	FUNC	GLOBAL	B_AlgorithmGetInfo
0x0004a208	48	FUNC	GLOBAL	B_InfoCacheConstructor
0x0004a238	148	FUNC	GLOBAL	B_InfoCacheAddInfo
0x0004a2d0	68	FUNC	GLOBAL	B_InfoCacheFindInfo
0x0004a318	48	FUNC	GLOBAL	B_InfoCacheReset
0x0004a348	28	FUNC	GLOBAL	B_MemoryPoolConstructor
0x0004a368	40	FUNC	GLOBAL	B_MemoryPoolDestructor
0x0004a390	152	FUNC	GLOBAL	B_MemoryPoolReset
0x0004a428	120	FUNC	GLOBAL	B_MemoryPoolAlloc
0x0004a4a0	88	FUNC	GLOBAL	B_MemoryPoolAllocAndCopy
0x0004a4f8	104	FUNC	GLOBAL	B_MemoryPoolAdoptData
0x0004a560	276	FUNC	GLOBAL	B_MemoryPoolAdoptHelper
0x0004a678	180	FUNC	GLOBAL	B_MemoryPoolRealloc
0x0004a730	120	FUNC	GLOBAL	B_MemoryPoolFree
0x0004a7a8	76	FUNC	GLOBAL	B_MemoryPoolFindAllocedObject
0x0004a7f8	104	FUNC	GLOBAL	DESDecryptInit
0x0004a860	712	FUNC	GLOBAL	DESEncryptInit
0x0004ab28	840	FUNC	GLOBAL	DES
0x0004ae70	76	FUNC	GLOBAL	DES_EDE
0x0004aec0	140	FUNC	GLOBAL	B_EncryptInit
0x0004af50	220	FUNC	GLOBAL	B_EncryptUpdate
0x0004b030	180	FUNC	GLOBAL	B_EncryptFinal
0x0004b0e8	140	FUNC	GLOBAL	B_DecryptInit
0x0004b178	220	FUNC	GLOBAL	B_DecryptUpdate
0x0004b258	180	FUNC	GLOBAL	B_DecryptFinal
0x0004b310	104	FUNC	GLOBAL	B_CreateKeyObject
0x0004b378	32	FUNC	GLOBAL	B_GetKeyExtendedErrorInfo
0x0004b398	100	FUNC	GLOBAL	B_DestroyKeyObject
0x0004b400	108	FUNC	GLOBAL	B_SetKeyInfo
0x0004b470	108	FUNC	GLOBAL	B_GetKeyInfo
0x0004b4e0	56	FUNC	GLOBAL	KeyWrapCheck
0x0004b518	20	FUNC	GLOBAL	KI_24Byte
0x0004b530	92	FUNC	GLOBAL	KIT_24ByteAddInfo
0x0004b590	92	FUNC	GLOBAL	KIT_24ByteMakeInfo
0x0004b5f0	20	FUNC	GLOBAL	KI_8Byte
0x0004b608	92	FUNC	GLOBAL	KIT_8ByteAddInfo
0x0004b668	92	FUNC	GLOBAL	KIT_8ByteMakeInfo
0x0004b6c8	20	FUNC	GLOBAL	KI_DES8
0x0004b6e0	104	FUNC	GLOBAL	KIT_DES8AddInfo
0x0004b748	76	FUNC	GLOBAL	KIT_DES8MakeInfo
0x0004b798	20	FUNC	GLOBAL	KI_Item
0x0004b7b0	80	FUNC	GLOBAL	KITItemAddInfo
0x0004b800	8	FUNC	GLOBAL	B_KeyInfoTypeMakeError
0x0004b808	204	FUNC	GLOBAL	GetInternalAttributes
0x0004b8d8	32	FUNC	GLOBAL	ResizeContextConstructor
0x0004b8f8	76	FUNC	GLOBAL	ResizeContextDestructor
0x0004b948	136	FUNC	GLOBAL	ResizeContextMakeNewContext
0x0004b9d0	36	FUNC	GLOBAL	T_memset
0x0004b9f8	36	FUNC	GLOBAL	T_memcpy
0x0004ba20	36	FUNC	GLOBAL	T_memmove
0x0004ba48	44	FUNC	GLOBAL	T_memcmp
0x0004ba78	28	FUNC	GLOBAL	T_malloc
0x0004ba98	112	FUNC	GLOBAL	T_realloc
0x0004bb08	36	FUNC	GLOBAL	T_free
0x0004bb30	20	FUNC	GLOBAL	T_strlen
0x0004bb48	20	FUNC	GLOBAL	T_strcpy
0x0004bb60	20	FUNC	GLOBAL	T_strcmp
0x0004bd78	216	FUNC	GLOBAL	__sce_dnas2_symbol11002
0x0004bf08	216	FUNC	GLOBAL	__sce_dnas2_symbol11003
0x0004bfe0	160	FUNC	GLOBAL	__sce_dnas2_symbol11010
0x0004c080	160	FUNC	GLOBAL	__sce_dnas2_symbol11011
0x0004c120	172	FUNC	GLOBAL	__sce_dnas2_symbol11013
0x0004c1d0	172	FUNC	GLOBAL	__sce_dnas2_symbol11014
0x0004c280	212	FUNC	GLOBAL	__sce_dnas2_symbol11015
0x0004c358	188	FUNC	GLOBAL	__sce_dnas2_symbol11007
0x0004c418	256	FUNC	GLOBAL	__sce_dnas2_symbol11008
0x0004c518	276	FUNC	GLOBAL	__sce_dnas2_symbol11009
0x0004c630	216	FUNC	GLOBAL	__sce_dnas2_symbol11000
0x0004c708	160	FUNC	GLOBAL	__sce_dnas2_symbol11036
0x0004c7a8	160	FUNC	GLOBAL	__sce_dnas2_symbol11037
0x0004c848	188	FUNC	GLOBAL	__sce_dnas2_symbol11038
0x0004c908	188	FUNC	GLOBAL	__sce_dnas2_symbol11039
0x0004c9c8	212	FUNC	GLOBAL	__sce_dnas2_symbol11040
0x0004caa0	212	FUNC	GLOBAL	__sce_dnas2_symbol11033
0x0004cb78	268	FUNC	GLOBAL	__sce_dnas2_symbol11034
0x0004cc88	296	FUNC	GLOBAL	__sce_dnas2_symbol11035
0x0004cdb0	428	FUNC	GLOBAL	__sce_dnas2_symbol11126
0x0004cf60	272	FUNC	GLOBAL	i2d_ASN1_BIT_STRING
0x0004d070	492	FUNC	GLOBAL	d2i_ASN1_BIT_STRING
0x0004d260	132	FUNC	GLOBAL	i2d_ASN1_BOOLEAN
0x0004d2e8	184	FUNC	GLOBAL	d2i_ASN1_BOOLEAN
0x0004d3a0	184	FUNC	GLOBAL	ASN1_d2i_fp
0x0004d458	668	FUNC	GLOBAL	ASN1_d2i_bio
0x0004d6f8	284	FUNC	GLOBAL	ASN1_digest
0x0004d818	196	FUNC	GLOBAL	ASN1_dup
0x0004d8e0	432	FUNC	GLOBAL	i2d_ASN1_INTEGER
0x0004da90	564	FUNC	GLOBAL	d2i_ASN1_INTEGER
0x0004dcc8	148	FUNC	GLOBAL	ASN1_INTEGER_get
0x0004dd60	168	FUNC	GLOBAL	i2d_ASN1_OBJECT
0x0004de08	604	FUNC	GLOBAL	a2d_ASN1_OBJECT
0x0004e068	428	FUNC	GLOBAL	d2i_ASN1_OBJECT
0x0004e218	100	FUNC	GLOBAL	ASN1_OBJECT_new
0x0004e280	168	FUNC	GLOBAL	ASN1_OBJECT_free
0x0004e328	60	FUNC	GLOBAL	ASN1_OBJECT_create
0x0004e368	328	FUNC	GLOBAL	ASN1_PRINTABLE_type
0x0004e4b0	32	FUNC	GLOBAL	i2d_ASN1_UTCTIME
0x0004e4d0	164	FUNC	GLOBAL	d2i_ASN1_UTCTIME
0x0004e578	520	FUNC	GLOBAL	ASN1_UTCTIME_check
0x0004e780	300	FUNC	GLOBAL	ASN1_get_object
0x0004e970	260	FUNC	GLOBAL	ASN1_put_object
0x0004eb18	132	FUNC	GLOBAL	ASN1_object_size
0x0004eba0	128	FUNC	GLOBAL	asn1_Finish
0x0004ec20	216	FUNC	GLOBAL	asn1_GetSequence
0x0004ecf8	220	FUNC	GLOBAL	ASN1_STRING_set
0x0004edd8	28	FUNC	GLOBAL	ASN1_STRING_new
0x0004edf8	100	FUNC	GLOBAL	ASN1_STRING_type_new
0x0004ee60	76	FUNC	GLOBAL	ASN1_STRING_free
0x0004eeb0	116	FUNC	GLOBAL	asn1_add_error
0x0004ef28	136	FUNC	GLOBAL	i2d_X509_NAME
0x0004f170	696	FUNC	GLOBAL	d2i_X509_NAME
0x0004f428	148	FUNC	GLOBAL	X509_NAME_new
0x0004f4c0	60	FUNC	GLOBAL	X509_NAME_free
0x0004f500	116	FUNC	GLOBAL	X509_NAME_ENTRY_new
0x0004f578	72	FUNC	GLOBAL	X509_NAME_ENTRY_free
0x0004f5c0	32	FUNC	GLOBAL	i2d_ASN1_OCTET_STRING
0x0004f5e0	68	FUNC	GLOBAL	d2i_ASN1_OCTET_STRING
0x0004f628	296	FUNC	GLOBAL	i2d_ASN1_SET
0x0004f750	628	FUNC	GLOBAL	d2i_ASN1_SET
0x0004f9c8	588	FUNC	GLOBAL	i2d_ASN1_TYPE
0x0004fc18	808	FUNC	GLOBAL	d2i_ASN1_TYPE
0x0004ff40	88	FUNC	GLOBAL	ASN1_TYPE_new
0x0004ff98	64	FUNC	GLOBAL	ASN1_TYPE_free
0x0004ffd8	28	FUNC	GLOBAL	ASN1_TYPE_get
0x0004fff8	80	FUNC	GLOBAL	ASN1_TYPE_set
0x000500f0	388	FUNC	GLOBAL	ASN1_verify
0x00050278	260	FUNC	GLOBAL	BIO_gets
0x00050380	212	FUNC	GLOBAL	BN_add
0x00050458	364	FUNC	GLOBAL	BN_uadd
0x000505c8	440	FUNC	GLOBAL	BN_usub
0x00050780	312	FUNC	GLOBAL	BN_sub
0x000508b8	52	FUNC	GLOBAL	BN_mod
0x000508f0	584	FUNC	GLOBAL	BN_mod_inverse
0x00050b38	72	FUNC	GLOBAL	BN_num_bits
0x00050b80	132	FUNC	GLOBAL	BN_clear_free
0x00050c08	96	FUNC	GLOBAL	BN_free
0x00050c68	140	FUNC	GLOBAL	bn_zexpand
0x00050cf8	84	FUNC	GLOBAL	bn_fix_top
0x00050d50	12	FUNC	GLOBAL	BN_init
0x00050d60	68	FUNC	GLOBAL	BN_new
0x00050da8	68	FUNC	GLOBAL	BN_CTX_new
0x00050df0	52	FUNC	GLOBAL	BN_CTX_init
0x00050e28	112	FUNC	GLOBAL	BN_CTX_free
0x00050e98	200	FUNC	GLOBAL	bn_expand2
0x00050f60	60	FUNC	GLOBAL	BN_dup
0x00050fa0	168	FUNC	GLOBAL	BN_copy
0x00051048	140	FUNC	GLOBAL	BN_get_word
0x000510d8	132	FUNC	GLOBAL	BN_set_word
0x00051160	320	FUNC	GLOBAL	BN_bin2bn
0x000512a0	160	FUNC	GLOBAL	BN_bn2bin
0x00051340	108	FUNC	GLOBAL	BN_ucmp
0x000513b0	200	FUNC	GLOBAL	BN_cmp
0x00051478	144	FUNC	GLOBAL	BN_mask_bits
0x00051508	416	FUNC	GLOBAL	BN_lshift
0x000516a8	100	FUNC	GLOBAL	BN_ME_CTX_new
0x00051710	36	FUNC	GLOBAL	BN_ME_CTX_free
0x00051738	212	FUNC	GLOBAL	BN_ME_CTX_set
0x00051810	268	FUNC	GLOBAL	BN_ME_CTX_mod_exp
0x00051920	68	FUNC	GLOBAL	BN_MONT_CTX_new
0x00051968	68	FUNC	GLOBAL	BN_MONT_CTX_init
0x000519b0	292	FUNC	GLOBAL	BN_mul
0x00051ad8	304	FUNC	GLOBAL	bn_mul_normal
0x00051c08	164	FUNC	GLOBAL	BN_mod_word
0x00051cb0	224	FUNC	GLOBAL	BN_div_word
0x00051d90	336	FUNC	GLOBAL	BN_add_word
0x00051ee0	376	FUNC	GLOBAL	BN_sub_word
0x00052058	152	FUNC	GLOBAL	BN_mul_word
0x000520f0	884	FUNC	GLOBAL	bn_mul_add_words
0x00052468	868	FUNC	GLOBAL	bn_mul_words
0x000527d0	556	FUNC	GLOBAL	bn_sqr_words
0x00052a00	220	FUNC	GLOBAL	bn_add_words
0x00052ae0	188	FUNC	GLOBAL	bn_sub_words
0x00052ba0	44	FUNC	GLOBAL	BN_bnme_get_info
0x00052bd0	136	FUNC	GLOBAL	BN_bnme_delete
0x00052c58	204	FUNC	GLOBAL	BN_bnme_insert
0x00052d28	12	FUNC	GLOBAL	BN_bnme_clear
0x00052d38	736	FUNC	GLOBAL	BN_bnme_set
0x00053018	168	FUNC	GLOBAL	BN_bnme_get
0x000530c0	116	FUNC	GLOBAL	BN_library_init
0x00053138	1400	FUNC	GLOBAL	BN_mod_exp2_mont
0x000536b0	1804	FUNC	GLOBAL	BN_mod_exp_mont
0x00053dc0	12	FUNC	GLOBAL	BN_ME_METH_word
0x00053dd0	128	FUNC	GLOBAL	bn_mont_ctx_new_word
0x00053e50	92	FUNC	GLOBAL	bn_mont_ctx_free_word
0x00053eb0	256	FUNC	GLOBAL	bn_mont_ctx_set_word
0x00053fb0	1360	FUNC	GLOBAL	bn_mod_exp_word
0x00054500	188	FUNC	GLOBAL	BN_mod_mul
0x000545c0	420	FUNC	GLOBAL	BN_MONT_CTX_set_word
0x00054768	388	FUNC	GLOBAL	BN_rand
0x000548f0	476	FUNC	GLOBAL	bn_div_words
0x00054ad0	68	FUNC	GLOBAL	BIO_open_file
0x00054b18	108	FUNC	GLOBAL	BIO_new_file
0x00054b88	104	FUNC	GLOBAL	BIO_new_fp
0x00054bf0	12	FUNC	GLOBAL	BIO_s_file
0x000555a0	12	FUNC	GLOBAL	X509_LOOKUP_hash_dir
0x00055c50	12	FUNC	GLOBAL	X509_LOOKUP_file
0x00055d20	468	FUNC	GLOBAL	X509_load_cert_file
0x00055ef8	468	FUNC	GLOBAL	X509_load_crl_file
0x000560d0	632	FUNC	GLOBAL	d2i_DSAparams
0x00056348	324	FUNC	GLOBAL	d2i_PublicKey
0x00056490	872	FUNC	GLOBAL	d2i_DSAPublicKey
0x000567f8	2828	FUNC	GLOBAL	des_encrypt
0x00057308	2524	FUNC	GLOBAL	des_encrypt2
0x00057ce8	432	FUNC	GLOBAL	des_encrypt3
0x00057e98	436	FUNC	GLOBAL	des_decrypt3
0x00058050	1980	FUNC	GLOBAL	des_ncbc_encrypt
0x00058810	2004	FUNC	GLOBAL	des_ede3_cbc_encrypt
0x00058fe8	280	FUNC	GLOBAL	DH_new_meth
0x00059100	80	FUNC	GLOBAL	DSA_enable_default_method
0x00059150	40	FUNC	GLOBAL	DSA_set_default_method_size_cb
0x00059178	40	FUNC	GLOBAL	DSA_set_default_method_sign_cb
0x000591a0	40	FUNC	GLOBAL	DSA_set_default_method_setup_cb
0x000591c8	40	FUNC	GLOBAL	DSA_set_default_method_verify_cb
0x000591f0	40	FUNC	GLOBAL	DSA_set_default_method_p_dup_cb
0x00059218	96	FUNC	GLOBAL	EVP_ENCODE_CTX_new
0x00059278	8	FUNC	GLOBAL	EVP_ENCODE_CTX_free
0x00059280	20	FUNC	GLOBAL	EVP_EncodeInit
0x00059298	364	FUNC	GLOBAL	EVP_EncodeUpdate
0x00059408	120	FUNC	GLOBAL	EVP_EncodeFinal
0x00059480	356	FUNC	GLOBAL	EVP_EncodeBlock
0x000595e8	24	FUNC	GLOBAL	EVP_DecodeInit
0x00059600	552	FUNC	GLOBAL	EVP_DecodeUpdate
0x00059828	392	FUNC	GLOBAL	EVP_DecodeBlock
0x000599b0	104	FUNC	GLOBAL	EVP_DecodeFinal
0x00059a18	88	FUNC	GLOBAL	ERR_set_error_data
0x00059a70	36	FUNC	GLOBAL	EVP_Cipher
0x00059a98	248	FUNC	GLOBAL	EVP_CIPHER_CTX_set_cipher
0x00059b90	60	FUNC	GLOBAL	EVP_CipherInit
0x00059bd0	240	FUNC	GLOBAL	EVP_DecryptUpdate
0x00059cc0	372	FUNC	GLOBAL	EVP_DecryptFinal
0x00059e38	8	FUNC	GLOBAL	EVP_CIPHER_CTX_iv
0x00059e40	568	FUNC	GLOBAL	EVP_BytesToKey
0x0005a078	8	FUNC	GLOBAL	EVP_MD_type
0x0005a080	8	FUNC	GLOBAL	EVP_MD_pkey_type
0x0005a088	8	FUNC	GLOBAL	EVP_MD_block_size
0x0005a090	8	FUNC	GLOBAL	EVP_MD_CTX_digest
0x0005a098	8	FUNC	GLOBAL	EVP_CIPHER_nid
0x0005a0a0	8	FUNC	GLOBAL	EVP_CIPHER_CTX_cipher
0x0005a0a8	180	FUNC	GLOBAL	EVP_MD_CTX_init
0x0005a160	100	FUNC	GLOBAL	EVP_MD_CTX_copy
0x0005a1c8	36	FUNC	GLOBAL	EVP_OBJ_get_digestbynid
0x0005a1f0	36	FUNC	GLOBAL	EVP_OBJ_get_cipherbynid
0x0005a218	36	FUNC	GLOBAL	EVP_OBJ_get_digestbyobj
0x0005a240	36	FUNC	GLOBAL	EVP_OBJ_get_cipherbyobj
0x0005a268	96	FUNC	GLOBAL	i2d_PublicKey
0x0005a2c8	516	FUNC	GLOBAL	i2d_DSAPublicKey
0x0005a4d0	124	FUNC	GLOBAL	MD5
0x0005a550	56	FUNC	GLOBAL	PEM_read_bio_X509_CRL
0x0005a588	236	FUNC	GLOBAL	pem_pwd_def_cb
0x0005a678	76	FUNC	GLOBAL	PK_sign
0x0005a6c8	12	FUNC	GLOBAL	PK_METH_rsa_pkcs1_SSLv23
0x0005a6d8	328	FUNC	GLOBAL	rsa_padding_add_SSLv23
0x0005a820	276	FUNC	GLOBAL	rsa_padding_check_SSLv23
0x0005a938	248	FUNC	GLOBAL	PK_encode_pkcs1_digest
0x0005aa30	100	FUNC	GLOBAL	PK_decode_rsa_private_key
0x0005aa98	80	FUNC	GLOBAL	R_EITEM_new
0x0005aae8	104	FUNC	GLOBAL	R_EITEM_copy
0x0005ab50	316	FUNC	GLOBAL	R_EITEMS_compact
0x0005ac90	24	FUNC	GLOBAL	R_DIAG_set_stack_datum
0x0005aca8	12	FUNC	GLOBAL	R_DIAG_get_stack_datum
0x0005acb8	56	FUNC	GLOBAL	R_DIAG_check_stack
0x0005acf0	100	FUNC	GLOBAL	R_DIAG_get_stack_low_water_mark
0x0005ad58	96	FUNC	GLOBAL	R_DIAG_print_stack_depth
0x0005adb8	296	FUNC	GLOBAL	RSA_new_meth
0x0005aee0	204	FUNC	GLOBAL	d2i_RSAPublicKey
0x0005afb0	128	FUNC	GLOBAL	i2d_RSAPublicKey
0x0005b030	12	FUNC	GLOBAL	OP_rsa_pkcs1_private_key_decode
0x0005b040	60	FUNC	GLOBAL	SIO_fd_should_retry
0x0005b080	84	FUNC	GLOBAL	SIO_fd_non_fatal_error
0x0005b0d8	92	FUNC	GLOBAL	sk_delete_ptr
0x0005b138	144	FUNC	GLOBAL	X509_find_by_subject
0x0005b1c8	124	FUNC	GLOBAL	X509_LOOKUP_new
0x0005b248	88	FUNC	GLOBAL	X509_LOOKUP_free
0x0005b2a0	64	FUNC	GLOBAL	X509_LOOKUP_shutdown
0x0005b2e0	64	FUNC	GLOBAL	X509_LOOKUP_ctrl
0x0005b320	64	FUNC	GLOBAL	X509_LOOKUP_by_subject
0x0005b360	160	FUNC	GLOBAL	X509_STORE_add_lookup
0x0005b400	32	FUNC	GLOBAL	X509_OBJECT_up_ref_count
0x0005b420	32	FUNC	GLOBAL	X509_OBJECT_free_contents
0x0005b440	288	FUNC	GLOBAL	X509_STORE_add_cert
0x0005b560	276	FUNC	GLOBAL	X509_STORE_add_crl
0x0005b678	48	FUNC	GLOBAL	d2i_X509_CRL_bio
0x0005b6a8	44	FUNC	GLOBAL	X509_NAME_ENTRY_dup
0x0005b6d8	120	FUNC	GLOBAL	X509_gmtime_adj
0x0005b750	144	FUNC	GLOBAL	X509_cmp_current_time
0x0005b7e0	12	FUNC	GLOBAL	X509_get_default_private_dir
0x0005b7f0	12	FUNC	GLOBAL	X509_get_default_cert_area
0x0005b800	12	FUNC	GLOBAL	X509_get_default_cert_dir
0x0005b810	12	FUNC	GLOBAL	X509_get_default_cert_file
0x0005b820	12	FUNC	GLOBAL	X509_get_default_cert_dir_env
0x0005b830	12	FUNC	GLOBAL	X509_get_default_cert_file_env
0x0005b840	296	FUNC	GLOBAL	X509_get_pubkey_parameters
0x0005b968	208	FUNC	GLOBAL	i2d_X509_ALGOR
0x0005ba38	504	FUNC	GLOBAL	d2i_X509_ALGOR
0x0005bc30	104	FUNC	GLOBAL	X509_ALGOR_new
0x0005bc98	72	FUNC	GLOBAL	X509_ALGOR_free
0x0005bce0	284	FUNC	GLOBAL	i2d_X509_REVOKED
0x0005be00	536	FUNC	GLOBAL	d2i_X509_REVOKED
0x0005c018	628	FUNC	GLOBAL	i2d_X509_CRL_INFO
0x0005c290	1212	FUNC	GLOBAL	d2i_X509_CRL_INFO
0x0005c750	224	FUNC	GLOBAL	i2d_X509_CRL
0x0005c830	500	FUNC	GLOBAL	d2i_X509_CRL
0x0005ca28	124	FUNC	GLOBAL	X509_REVOKED_new
0x0005caa8	188	FUNC	GLOBAL	X509_CRL_INFO_new
0x0005cb68	140	FUNC	GLOBAL	X509_CRL_new
0x0005cbf8	88	FUNC	GLOBAL	X509_REVOKED_free
0x0005cc50	140	FUNC	GLOBAL	X509_CRL_INFO_free
0x0005cce0	116	FUNC	GLOBAL	X509_CRL_free
0x0005cd98	236	FUNC	GLOBAL	AHFeedbackCipherConstructor
0x0005ce88	96	FUNC	GLOBAL	AHFeedbackCipherDestructor
0x0005cee8	16	FUNC	GLOBAL	AHFeedbackCipherGetBlockLen
0x0005cef8	248	FUNC	GLOBAL	AHFeedbackCipherEncryptInit
0x0005cff0	292	FUNC	GLOBAL	AHFeedbackCipherDecryptInit
0x0005d118	512	FUNC	GLOBAL	AHFeedbackCipherEncryptUpdate
0x0005d318	244	FUNC	GLOBAL	AHFeedbackCipherEncryptFinal
0x0005d410	536	FUNC	GLOBAL	AHFeedbackCipherDecryptUpdate
0x0005d628	316	FUNC	GLOBAL	AHFeedbackCipherDecryptFinal
0x0005d768	84	FUNC	GLOBAL	AHFeedbackCipherReInitIV
0x0005d7c0	136	FUNC	GLOBAL	AHChooseBlockCryptorConstructor
0x0005d848	24	FUNC	GLOBAL	AHChooseBlockCryptorDestructor
0x0005d860	60	FUNC	GLOBAL	AHChooseBlockCryptorGetBlockLen
0x0005d8a0	48	FUNC	GLOBAL	AHChooseBlockCryptorEncryptInit
0x0005d8d0	48	FUNC	GLOBAL	AHChooseBlockCryptorDecryptInit
0x0005da10	140	FUNC	GLOBAL	AHChooseFeedbackConstructor
0x0005daa0	24	FUNC	GLOBAL	AHChooseFeedbackDestructor
0x0005dab8	60	FUNC	GLOBAL	AHChooseFeedbackGetBlockLen
0x0005daf8	44	FUNC	GLOBAL	AHChooseFeedbackEncryptInit
0x0005db28	44	FUNC	GLOBAL	AHChooseFeedbackDecryptInit
0x0005db58	60	FUNC	GLOBAL	AHChooseFeedbackUpdate
0x0005db98	12	FUNC	GLOBAL	AHChooseFeedbackSetNewIVFlag
0x0005dba8	192	FUNC	GLOBAL	AHChooseFeedbackFinal
0x0005dd78	20	FUNC	GLOBAL	AHEncryptDecryptConstructor
0x0005dd90	192	FUNC	GLOBAL	B_AlgorithmEncryptInit
0x0005de50	192	FUNC	GLOBAL	B_AlgorithmDecryptInit
0x0005df10	184	FUNC	GLOBAL	B_AlgorithmEncryptUpdate
0x0005dfc8	184	FUNC	GLOBAL	B_AlgorithmDecryptUpdate
0x0005e080	152	FUNC	GLOBAL	B_AlgorithmEncryptFinal
0x0005e118	152	FUNC	GLOBAL	B_AlgorithmDecryptFinal
0x0005e1d8	20	FUNC	GLOBAL	AI_RC5_64
0x0005e1f0	180	FUNC	GLOBAL	AIT_RC5_64AddInfo
0x0005e2a8	20	FUNC	GLOBAL	AI_AES_ECB
0x0005e2c0	20	FUNC	GLOBAL	AI_AES128_ECB
0x0005e2d8	20	FUNC	GLOBAL	AI_AES192_ECB
0x0005e2f0	20	FUNC	GLOBAL	AI_AES256_ECB
0x0005e308	92	FUNC	GLOBAL	AIT_AESAddInfo
0x0005e3e0	20	FUNC	GLOBAL	AI_CBC
0x0005e3f8	200	FUNC	GLOBAL	AIT_CBCAddInfo
0x0005e4c0	20	FUNC	GLOBAL	AI_CBC_IV8
0x0005e4d8	80	FUNC	GLOBAL	AIT_CBC_IV8AddInfo
0x0005e528	20	FUNC	GLOBAL	AI_CFB
0x0005e540	212	FUNC	GLOBAL	AIT_CFBAddInfo
0x0005e618	92	FUNC	GLOBAL	AITChooseEncryptNewHandler
0x0005e678	20	FUNC	GLOBAL	AI_ECAcceleratorTable
0x0005e690	212	FUNC	GLOBAL	AIT_ECAcceleratorTableAddInfo
0x0005e768	36	FUNC	GLOBAL	AITNullAddInfo
0x0005e790	20	FUNC	GLOBAL	AI_PKCS_RSAPublic
0x0005e7a8	48	FUNC	GLOBAL	AIT_PKCS_RSAPublicNewHandler
0x0005e7d8	20	FUNC	GLOBAL	AI_RESET_IV
0x0005e7f0	108	FUNC	GLOBAL	AIT_RESET_IVAddInfo
0x0005e860	332	FUNC	GLOBAL	AlgaChoiceChoose
0x0005e9b0	200	FUNC	GLOBAL	ConvertAlgaeError
0x0005eba8	56	FUNC	GLOBAL	B_KeySetInfo
0x0005ebe0	152	FUNC	GLOBAL	B_KeyGetInfo
0x0005ec78	108	FUNC	GLOBAL	B_KeyAddItemInfo
0x0005ece8	152	FUNC	GLOBAL	B_IntegerBits
0x0005ed80	112	FUNC	GLOBAL	DESIsWeakKey
0x0005edf0	112	FUNC	GLOBAL	SetDESParity
0x0005ee60	100	FUNC	GLOBAL	CheckDESParity
0x0005eec8	412	FUNC	GLOBAL	InstallNewAM
0x0005f380	772	FUNC	GLOBAL	B_CreateHardwareChooser
0x0005f688	200	FUNC	GLOBAL	B_DestroyHardwareChooser
0x0005f750	232	FUNC	GLOBAL	SetDeviceName
0x0005f838	104	FUNC	GLOBAL	B_GetDevice
0x0005f8a0	152	FUNC	GLOBAL	A_IntegerBits
0x0005f938	20	FUNC	GLOBAL	KI_RSAPublicBER
0x0005f950	220	FUNC	GLOBAL	KIT_RSAPublicBERAddInfo
0x0005fa30	272	FUNC	GLOBAL	KIT_RSAPublicBERMakeInfo
0x0005fb40	20	FUNC	GLOBAL	KI_RSAPublic
0x0005fb58	124	FUNC	GLOBAL	KIT_RSAPublicAddInfo
0x0005fbd8	148	FUNC	GLOBAL	KIT_RSAPublicMakeInfo
0x0005fc70	172	FUNC	GLOBAL	A_SetModularOperations
0x0005fd20	188	FUNC	GLOBAL	DecodePublicKeyInfo
0x0005fde0	148	FUNC	GLOBAL	DecodePrivateKeyInfo
0x0005fe78	160	FUNC	GLOBAL	EncodePublicKeyInfoAlloc
0x0005ff18	140	FUNC	GLOBAL	EncodePrivateKeyInfoAlloc
0x0005ffa8	60	FUNC	GLOBAL	B_ItemEqual
0x0005ffe8	304	FUNC	GLOBAL	ALG_RSAInit
0x00060118	416	FUNC	GLOBAL	ALG_RSAUpdate
0x000602b8	28	FUNC	GLOBAL	ALG_RSAFinal
0x00060428	96	FUNC	GLOBAL	ALG_RSAContextDestroy
0x00060488	0	OBJECT	GLOBAL	__sce_dnas2_symbol11001
0x00060d28	64	FUNC	GLOBAL	__sce_dnas2_symbol11005
0x00060d68	104	FUNC	GLOBAL	__sce_dnas2_symbol11004
0x00060dd0	500	FUNC	GLOBAL	d2i_ASN1_type_bytes
0x00060fc8	224	FUNC	GLOBAL	i2d_ASN1_bytes
0x000610a8	592	FUNC	GLOBAL	d2i_ASN1_bytes
0x000614b0	28	FUNC	GLOBAL	d2i_ASN1_PRINTABLESTRING
0x000614d0	208	FUNC	GLOBAL	ASN1_UTCTIME_set
0x000615a0	72	FUNC	GLOBAL	ASN1_check_infinite_end
0x000615e8	92	FUNC	GLOBAL	ASN1_STRING_cmp
0x00061648	196	FUNC	GLOBAL	i2d_X509_NAME_ENTRY
0x00061710	444	FUNC	GLOBAL	d2i_X509_NAME_ENTRY
0x000618d0	148	FUNC	GLOBAL	BIO_printf
0x00061968	1672	FUNC	GLOBAL	BN_div
0x00061ff0	236	FUNC	GLOBAL	BN_mod_inverse_word
0x000620e0	12	FUNC	GLOBAL	BN_value_one
0x000620f0	224	FUNC	GLOBAL	BN_num_bits_word
0x000621d0	276	FUNC	GLOBAL	BN_set_bit
0x000622e8	88	FUNC	GLOBAL	BN_is_bit_set
0x00062340	8	FUNC	GLOBAL	bn_mont_ctx_useit
0x00062348	516	FUNC	GLOBAL	BN_mod_mul_montgomery
0x00062550	556	FUNC	GLOBAL	BN_from_montgomery
0x00062780	84	FUNC	GLOBAL	BN_MONT_CTX_free
0x000627d8	380	FUNC	GLOBAL	BN_rshift
0x00062958	400	FUNC	GLOBAL	BN_sqr
0x00062ae8	304	FUNC	GLOBAL	bn_sqr_normal
0x00062c18	388	FUNC	GLOBAL	BN_gen_exp_bits
0x00062da0	464	FUNC	GLOBAL	BN_gen_exp_string
0x00062f70	468	FUNC	GLOBAL	bn_from_montgomery_words
0x00063148	88	FUNC	GLOBAL	DSA_new_internal
0x000631a0	252	FUNC	GLOBAL	DSA_free_internal
0x000632a0	36	FUNC	GLOBAL	EVP_set_pw_prompt
0x000632c8	20	FUNC	GLOBAL	EVP_get_pw_prompt
0x000632e0	48	FUNC	GLOBAL	EVP_read_pw_string
0x00063310	212	FUNC	GLOBAL	EVP_MD_CTX_set_digest
0x000633e8	240	FUNC	GLOBAL	OP_decode
0x000634d8	100	FUNC	GLOBAL	PK_encode_rsa_public_key
0x00063540	100	FUNC	GLOBAL	PK_decode_rsa_public_key
0x000635a8	12	FUNC	GLOBAL	OP_rsa_pkcs1_public_key_decode
0x000635b8	12	FUNC	GLOBAL	OP_rsa_pkcs1_public_key_encode
0x000635c8	156	FUNC	GLOBAL	AHChooseEncryptConstructor2
0x00063668	24	FUNC	GLOBAL	AHChooseEncryptDestructor
0x00063680	60	FUNC	GLOBAL	AHChooseEncryptGetBlockLen
0x000636c0	80	FUNC	GLOBAL	AHChooseEncryptEncryptInit
0x00063710	80	FUNC	GLOBAL	AHChooseEncryptDecryptInit
0x00063760	68	FUNC	GLOBAL	AHChooseEncryptEncryptUpdate
0x000637a8	68	FUNC	GLOBAL	AHChooseEncryptDecryptUpdate
0x000637f0	68	FUNC	GLOBAL	AHChooseEncryptEncryptFinal
0x00063838	68	FUNC	GLOBAL	AHChooseEncryptDecryptFinal
0x00063990	108	FUNC	GLOBAL	AH_RSAEncrypPublicConstructor
0x00063b90	20	FUNC	GLOBAL	AI_RSAPublic
0x00063ba8	384	FUNC	GLOBAL	ALG_ErrorCode
0x00063d28	140	FUNC	GLOBAL	ASN_AddElement
0x00063db8	432	FUNC	GLOBAL	ASN_AddElementPointer
0x00063f68	140	FUNC	GLOBAL	ASN_GetSubTemplate
0x00063ff8	148	FUNC	GLOBAL	ASN_IsPrintableString
0x00064090	140	FUNC	GLOBAL	_A_GetElementEntryCount
0x00064120	480	FUNC	GLOBAL	_A_GetElementLen
0x00064300	788	FUNC	GLOBAL	_A_ConstructElement
0x00064618	232	FUNC	GLOBAL	_A_FindPositionInSet
0x00064700	224	FUNC	GLOBAL	_A_GetIndefiniteElementLen
0x000647e0	68	FUNC	GLOBAL	ASN_SetEncodeFieldName
0x00064828	68	FUNC	GLOBAL	ASN_SetDecodeFieldName
0x00064870	460	FUNC	GLOBAL	_A_ConstructFieldName
0x00064a40	184	FUNC	GLOBAL	_A_StripFirstField
0x00064af8	88	FUNC	GLOBAL	_A_AlgaError
0x00064b50	168	FUNC	GLOBAL	_A_BSafeError
0x00064bf8	32	FUNC	GLOBAL	OldBERConstrainUINT2
0x00064c18	32	FUNC	GLOBAL	OldBERGetBitString
0x00064c38	32	FUNC	GLOBAL	OldBERGetContents
0x00064c58	32	FUNC	GLOBAL	OldBERGetNonNegativeInteger
0x00064c78	32	FUNC	GLOBAL	OldBERGetCanonicalInteger
0x00064c98	32	FUNC	GLOBAL	OldBERGetUINT2
0x00064cb8	32	FUNC	GLOBAL	OldBERGetUINT4
0x00064cd8	32	FUNC	GLOBAL	OldBERGetUTCTime
0x00064cf8	32	FUNC	GLOBAL	OldBERSetBitString
0x00064d18	32	FUNC	GLOBAL	OldBERSetNamedBitString
0x00064d38	32	FUNC	GLOBAL	OldBERSetContents
0x00064d58	32	FUNC	GLOBAL	OldBERSetEncoding
0x00064d78	32	FUNC	GLOBAL	OldBERSetNonNegativeInteger
0x00064d98	32	FUNC	GLOBAL	OldBERSetUINT2
0x00064db8	32	FUNC	GLOBAL	OldBERSetUINT4
0x00064dd8	32	FUNC	GLOBAL	OldBERSetUTCTime
0x00064df8	208	FUNC	GLOBAL	ASN_EncodeAlloc
0x00064ec8	200	FUNC	GLOBAL	ASN_EncodeAllocX
0x00064f90	28	FUNC	GLOBAL	ASN_AllocStreamConstructor
0x00064fb0	132	FUNC	GLOBAL	ASN_AllocStreamWrite
0x00065038	24	FUNC	GLOBAL	BERDecodeItem
0x00065050	64	FUNC	GLOBAL	DEREncodeItem
0x00065090	120	FUNC	GLOBAL	BERDecodeBitString
0x00065108	460	FUNC	GLOBAL	DEREncodeNamedBitString
0x000652d8	316	FUNC	GLOBAL	DEREncodeBitString
0x00065418	84	FUNC	GLOBAL	BERDecodeUint2
0x00065470	76	FUNC	GLOBAL	DEREncodeUint2
0x000654c0	132	FUNC	GLOBAL	BERDecodeUint
0x00065548	104	FUNC	GLOBAL	DEREncodeUint
0x000655b0	68	FUNC	GLOBAL	BERConstraintUint2
0x000655f8	104	FUNC	GLOBAL	BERDecodeUint4
0x00065660	88	FUNC	GLOBAL	DEREncodeUint4
0x000656b8	120	FUNC	GLOBAL	BERDecodeUnsignedInt
0x00065730	104	FUNC	GLOBAL	BERDecodeUnsignedIntPointer
0x00065798	224	FUNC	GLOBAL	DEREncodeUnsignedInt
0x00065878	36	FUNC	GLOBAL	BERDecodeUTCTime
0x000658a0	108	FUNC	GLOBAL	DEREncodeUTCTime
0x00065910	64	FUNC	GLOBAL	BERDecodeGeneralizedTime
0x00065950	112	FUNC	GLOBAL	DEREncodeGeneralizedTime
0x000659c0	32	FUNC	GLOBAL	DEREncodeFull
0x000659e0	276	FUNC	GLOBAL	BERDecodeDirectoryString
0x00065af8	320	FUNC	GLOBAL	DEREncodeDirectoryString
0x00065c38	44	FUNC	GLOBAL	BERDecodeSequence
0x00065c68	124	FUNC	GLOBAL	DEREncodeSequence
0x00065ce8	292	FUNC	GLOBAL	BERDecodeInt
0x00065e10	232	FUNC	GLOBAL	DEREncodeInt
0x00065ef8	164	FUNC	GLOBAL	BERDecodeLargeInt
0x00065fa0	192	FUNC	GLOBAL	DEREncodeLargeInt
0x00066060	32	FUNC	GLOBAL	BERDecodeOptionalInt
0x00066080	32	FUNC	GLOBAL	BERDecodeOptionalUint2
0x000660a0	32	FUNC	GLOBAL	BERDecodeOptionalUint4
0x000660c0	16	FUNC	GLOBAL	BERIndicatePresent
0x000660d0	44	FUNC	GLOBAL	BERDecodeChar
0x00066100	60	FUNC	GLOBAL	DEREncodeChar
0x00066140	48	FUNC	GLOBAL	BERDecodeBool
0x00066170	72	FUNC	GLOBAL	DEREncodeBool
0x00067620	196	FUNC	GLOBAL	ConvertBitStringToUINT4
0x000676e8	112	FUNC	GLOBAL	ASN_Decode
0x00067758	76	FUNC	GLOBAL	ASN_DecodeX
0x000677a8	92	FUNC	GLOBAL	ASN_DecodeAny
0x00067808	2064	FUNC	GLOBAL	_A_DecodeElement
0x00068018	572	FUNC	GLOBAL	_A_DecodeType
0x000684e8	76	FUNC	GLOBAL	ASN_EncodeCtxConstructor
0x00068538	172	FUNC	GLOBAL	ASN_EncodeCtxDestructor
0x000685e8	176	FUNC	GLOBAL	ASN_EncodeAnyAlloc
0x00068698	188	FUNC	GLOBAL	ASN_EncodeAnyExtendedAlloc
0x00068758	1276	FUNC	GLOBAL	_A_EncodeElement
0x00068c58	472	FUNC	GLOBAL	_A_EncodeType
0x00069040	64	FUNC	GLOBAL	ASN_FlushStreamConstructor
0x00069080	80	FUNC	GLOBAL	ASN_FlushStreamDestructor
0x000690d0	140	FUNC	GLOBAL	ASN_EncodeToStream
0x00069160	124	FUNC	GLOBAL	ASN_EncodeToStreamX
0x000691e0	144	FUNC	GLOBAL	ASN_DecodeFromStream
0x00069270	132	FUNC	GLOBAL	ASN_DecodeFromStreamX
0x000692f8	276	FUNC	GLOBAL	ASN_FlushStreamFlush
0x00069410	244	FUNC	GLOBAL	_A_FlushStreamFlushExtended
0x00069508	64	FUNC	GLOBAL	CMP_SwapContents
0x00069548	112	FUNC	GLOBAL	CMP_Move
0x000695b8	144	FUNC	GLOBAL	CMP_Compare
0x00069648	404	FUNC	GLOBAL	CMP_Add
0x000697e0	224	FUNC	GLOBAL	CMP_AddCMPWord
0x000698c0	532	FUNC	GLOBAL	CMP_Subtract
0x00069ad8	188	FUNC	GLOBAL	CMP_SubtractCMPWord
0x00069b98	96	FUNC	GLOBAL	CMP_BitLengthOfCMPInt
0x00069bf8	100	FUNC	GLOBAL	CMP_GetBit
0x00069c60	116	FUNC	GLOBAL	CMP_ClearBit
0x00069cd8	244	FUNC	GLOBAL	CMP_SetBit
0x00069dd0	408	FUNC	GLOBAL	CMP_OctetStringToCMPInt
0x00069f68	248	FUNC	GLOBAL	CMP_CMPIntToFixedLenOctetStr
0x0006a060	424	FUNC	GLOBAL	CMP_CMPIntToOctetString
0x0006a208	92	FUNC	GLOBAL	CMP_CMPWordToCMPInt
0x0006a268	160	FUNC	GLOBAL	CMP_PowerOfTwo
0x0006a308	340	FUNC	GLOBAL	CMP_ModExp
0x0006a460	520	FUNC	GLOBAL	CMP_ModExpPrecomp1
0x0006a668	616	FUNC	GLOBAL	CMP_ModExpPrecomp2
0x0006a8d0	148	FUNC	GLOBAL	CMP_ModExpCRT
0x0006a968	980	FUNC	GLOBAL	CMP_ModExpMultiPrimeCRT
0x0006ad40	132	FUNC	GLOBAL	CMP_ModExpSpecialExponent
0x0006adc8	268	FUNC	GLOBAL	CMP_ModCube
0x0006aed8	344	FUNC	GLOBAL	CMP_ComputeWindowTable
0x0006b030	60	FUNC	GLOBAL	CMP_GetWindowSize
0x0006b070	304	FUNC	GLOBAL	CMP_GetBitsAtIndex
0x0006b1a0	16	FUNC	GLOBAL	CMP_Constructor
0x0006b1b0	80	FUNC	GLOBAL	CMP_Destructor
0x0006b200	248	FUNC	GLOBAL	CMP_realloc
0x0006b2f8	224	FUNC	GLOBAL	CMP_reallocNoCopy
0x0006b3d8	80	FUNC	GLOBAL	CMP_free
0x0006b428	232	FUNC	GLOBAL	CMP_ModAdd
0x0006b510	376	FUNC	GLOBAL	CMP_ModSubtract
0x0006b688	136	FUNC	GLOBAL	CMP_ModMultiply
0x0006b710	260	FUNC	GLOBAL	CMP_ModInvert
0x0006b818	356	FUNC	GLOBAL	CMP_ConvertToMont
0x0006b980	164	FUNC	GLOBAL	CMP_ConvertFromMont
0x0006ba28	184	FUNC	GLOBAL	CMP_ComputeMontCoeff
0x0006bae0	508	FUNC	GLOBAL	CMP_MontSquare
0x0006bce0	468	FUNC	GLOBAL	CMP_MontProduct
0x0006beb8	284	FUNC	GLOBAL	CMP_Multiply
0x0006bfd8	920	FUNC	GLOBAL	CMP_Divide
0x0006c370	720	FUNC	GLOBAL	CMP_ModularReduce
0x0006c640	184	FUNC	GLOBAL	CMP_AppendWord
0x0006c6f8	444	FUNC	GLOBAL	CMP_EstimateMSWQuotient
0x0006c8b8	160	FUNC	GLOBAL	CMP_DivideTwoWordsByWord
0x0006c958	428	FUNC	GLOBAL	CMP_DivOneAndHalfWordsByWord
0x0006cb08	424	FUNC	GLOBAL	CMP_CMPWordModularReduce
0x0006ccb0	504	FUNC	GLOBAL	CMP_FullCMPWordModReduce
0x0006cea8	524	FUNC	GLOBAL	CMP_ComputeGCD
0x0006d0b8	1440	FUNC	GLOBAL	CMP_ComputeExtendedGCD
0x0006d658	276	FUNC	GLOBAL	CMP_UpdateCoefficients
0x0006d770	140	FUNC	GLOBAL	CMP_AbsDifference
0x0006d800	420	FUNC	GLOBAL	CMP_AddInPlace
0x0006d9a8	320	FUNC	GLOBAL	CMP_SubtractInPlace
0x0006dae8	280	FUNC	GLOBAL	CMP_SubtractSigned
0x0006dc00	444	FUNC	GLOBAL	CMP_ShiftLeftByCMPWords
0x0006ddc0	372	FUNC	GLOBAL	CMP_ShiftLeftByBits
0x0006df38	88	FUNC	GLOBAL	CMP_ShiftRightByCMPWords
0x0006df90	244	FUNC	GLOBAL	CMP_ShiftRightByBits
0x0006e088	100	FUNC	GLOBAL	CMP_RecomputeLength
0x0006e0f0	104	FUNC	GLOBAL	CMP_GetOffsetOfMSB
0x0006e158	112	FUNC	GLOBAL	CMP_ShiftRight1Bit
0x0006e1c8	224	FUNC	GLOBAL	CMP_ShiftRight1BitNotInPlace
0x0006e2a8	28	FUNC	GLOBAL	CMP_IsCMPEven
0x0006e2c8	24	FUNC	GLOBAL	CMP_IsCMPOdd
0x0006e2e0	480	FUNC	GLOBAL	CMP_VectorMultiply
0x0006e4c0	432	FUNC	GLOBAL	CMP_AddInTrace
0x0006e670	268	FUNC	GLOBAL	AllocAndCopyIntegerItems
0x0006e780	20	FUNC	GLOBAL	KI_PKCS_RSAPrivate
0x0006e798	20	FUNC	GLOBAL	KI_PKCS_RSAMultiPrimePrivate
0x0006e7b0	112	FUNC	GLOBAL	KIT_PKCS_RSAPrivateAddInfo
0x0006e820	760	FUNC	GLOBAL	KIT_PKCS_RSAMultiPrimeAddInfo
0x0006eb18	348	FUNC	GLOBAL	KIT_PKCS_RSAPrivateMakeInfo
0x0006ec78	8	FUNC	GLOBAL	KIT_PKCS_RSAMultiPrimeMakeInfo
0x0006ec80	76	FUNC	GLOBAL	U_MemPoolCreate
0x0006ecd0	72	FUNC	GLOBAL	U_MemPoolDestroy
0x0006ed18	72	FUNC	GLOBAL	U_MemPoolZeroAndDestroy
0x0006ed60	180	FUNC	GLOBAL	U_MemPoolReset
0x0006ee18	124	FUNC	GLOBAL	U_MemPoolMalloc
0x0006ee98	72	FUNC	GLOBAL	U_MemPoolMallocAndZero
0x0006eee0	88	FUNC	GLOBAL	U_MemPoolMallocAndCopy
0x0006ef38	24	FUNC	GLOBAL	U_MemPoolAdoptBuffer
0x0006f068	216	FUNC	GLOBAL	U_MemPoolRealloc
0x0006f140	124	FUNC	GLOBAL	U_MemPoolZeroAndFree
0x0006f1c0	112	FUNC	GLOBAL	U_MemPoolFree
0x0006f280	36	FUNC	GLOBAL	U_MemPoolAdoptObject
0x0006f2a8	48	FUNC	GLOBAL	CheckSurrender
0x0006f2d8	32	FUNC	GLOBAL	i2d_ASN1_PRINTABLE
0x0006f2f8	28	FUNC	GLOBAL	d2i_ASN1_PRINTABLE
0x0006f318	8	FUNC	GLOBAL	passwd_read_pw_string
0x0006f320	8	FUNC	GLOBAL	passwd_read_pw
0x0006f328	496	FUNC	GLOBAL	OP_default_callback
0x0006f518	44	FUNC	GLOBAL	OP_CTX_init_read
0x0006f548	12	FUNC	GLOBAL	OP_CTX_set_function
0x0006f558	608	FUNC	GLOBAL	OP_CTX_code
0x0006f7b8	80	FUNC	GLOBAL	OP_CTX_init_meth
0x0006f808	136	FUNC	GLOBAL	OP_CTX_free
0x0006f890	96	FUNC	GLOBAL	OP_CTX_reset
0x0006f8f0	80	FUNC	GLOBAL	OP_CTX_decode
0x0006f940	12	FUNC	GLOBAL	OP_read_funcs
0x0006f950	44	FUNC	GLOBAL	op_finish
0x0006f980	460	FUNC	GLOBAL	op_mark
0x0006fb50	8	FUNC	GLOBAL	op_label
0x0006fb58	292	FUNC	GLOBAL	op_call
0x0006fc80	292	FUNC	GLOBAL	op_asn1_get
0x0006fda8	300	FUNC	GLOBAL	op_asn1_check
0x0006fed8	256	FUNC	GLOBAL	op_if
0x0006ffd8	268	FUNC	GLOBAL	op_maths
0x000700e8	164	FUNC	GLOBAL	op_load
0x00070190	8	FUNC	GLOBAL	op_undef
0x00070198	332	FUNC	GLOBAL	OP_CTX_run
0x000702e8	240	FUNC	GLOBAL	OP_encode
0x000703d8	20	FUNC	GLOBAL	AHRandomConstructor
0x000703f0	124	FUNC	GLOBAL	B_AlgorithmRandomInit
0x00070470	136	FUNC	GLOBAL	B_AlgorithmRandomUpdate
0x000704f8	144	FUNC	GLOBAL	B_AlgorithmGenerateRandomBytes
0x000705b0	68	FUNC	GLOBAL	AH_RSAEncryptionConstructor1
0x000705f8	60	FUNC	GLOBAL	AH_RSAEncryptionDestructor
0x00070638	8	FUNC	GLOBAL	AH_RSAEncryptionGetBlockLen
0x00070640	96	FUNC	GLOBAL	AH_RSAEncryptionEncryptInit
0x000706a0	96	FUNC	GLOBAL	AH_RSAEncryptionDecryptInit
0x00070700	108	FUNC	GLOBAL	AH_RSAEncryptionUpdate
0x00070770	184	FUNC	GLOBAL	AH_RSAEncryptionEncryptFinal
0x00070828	252	FUNC	GLOBAL	AH_RSAEncryptionDecryptFinal
0x00070928	260	FUNC	GLOBAL	AH_RSASignatureDecryptFinal
0x00070ad0	16	FUNC	GLOBAL	AH_RSAEncrypSignatureConstructor2
0x00070ae0	196	FUNC	GLOBAL	BER_ITEM_get_long
0x00070ba8	36	FUNC	GLOBAL	BER_ITEMS_SK_init
0x00070bd0	220	FUNC	GLOBAL	BER_ITEMS_SK_free
0x00070cb0	60	FUNC	GLOBAL	BER_ITEM_cmp_tag
0x00070cf0	104	FUNC	GLOBAL	BER_ITEM_set_all
0x00070d58	60	FUNC	GLOBAL	BER_ITEM_set_header
0x00070d98	32	FUNC	GLOBAL	BER_ITEM_set_data
0x00070db8	732	FUNC	GLOBAL	BER_parse
0x00071098	44	FUNC	GLOBAL	OP_CTX_init
0x000710c8	116	FUNC	GLOBAL	OP_CTX_encode
0x00071140	12	FUNC	GLOBAL	OP_all_funcs
0x00071150	724	FUNC	GLOBAL	op_asn1_encode
0x00071588	100	FUNC	GLOBAL	op_push_pop
0x000715f0	376	FUNC	GLOBAL	BER_ITEMS_encode
0x00071898	136	FUNC	GLOBAL	BER_ITEMS_SK_get
0x00071920	40	FUNC	GLOBAL	BER_ITEMS_append
0x00071948	64	FUNC	GLOBAL	BER_ITEMS_under
0x00071988	508	FUNC	GLOBAL	BER_ITEMS_SK_grow
0x00071b88	40	FUNC	GLOBAL	BER_ITEM_set_prefix_byte
0x00071bb0	352	FUNC	GLOBAL	BER_read_item
0x00071d10	284	FUNC	GLOBAL	BER_ITEMS_recalc_length
0x00071ed0	348	FUNC	GLOBAL	BER_ITEM_set_long
0x00072030	0	NOTYPE	LOCAL	__gnu_compiled_c
0x00072030	28	FUNC	GLOBAL	__sceNetGlueErrnoLoc
0x00072030	0	NOTYPE	LOCAL	gcc2_compiled.
0x00072050	28	FUNC	GLOBAL	__sceNetGlueHErrnoLoc
0x00072070	28	FUNC	GLOBAL	sceNetGlueAbort
0x00072090	48	FUNC	GLOBAL	sceNetGlueAbortResolver
0x000720c0	8	FUNC	GLOBAL	sceNetGlueThreadInit
0x000720c8	28	FUNC	GLOBAL	sceNetGlueThreadTerminate
0x000720e8	28	FUNC	GLOBAL	sceNetGlueGethostbyaddr
0x00072108	28	FUNC	GLOBAL	sceNetGlueGethostbyname
0x00072128	28	FUNC	GLOBAL	sceNetGlueInetAddr
0x00072148	28	FUNC	GLOBAL	sceNetGlueInetAton
0x00072168	28	FUNC	GLOBAL	sceNetGlueInetLnaof
0x00072188	28	FUNC	GLOBAL	sceNetGlueInetMakeaddr
0x000721a8	28	FUNC	GLOBAL	sceNetGlueInetNetof
0x000721c8	28	FUNC	GLOBAL	sceNetGlueInetNetwork
0x000721e8	28	FUNC	GLOBAL	sceNetGlueInetNtoa
0x00072208	28	FUNC	GLOBAL	sceNetGlueHtonl
0x00072228	28	FUNC	GLOBAL	sceNetGlueHtons
0x00072248	28	FUNC	GLOBAL	sceNetGlueNtohl
0x00072268	28	FUNC	GLOBAL	sceNetGlueNtohs
0x00072288	28	FUNC	GLOBAL	sceNetGlueAccept
0x000722a8	28	FUNC	GLOBAL	sceNetGlueBind
0x000722c8	28	FUNC	GLOBAL	sceNetGlueConnect
0x000722e8	28	FUNC	GLOBAL	sceNetGlueGetpeername
0x00072308	28	FUNC	GLOBAL	sceNetGlueGetsockname
0x00072328	136	FUNC	GLOBAL	sceNetGlueGetsockopt
0x000723b0	28	FUNC	GLOBAL	sceNetGlueListen
0x000723d0	100	FUNC	GLOBAL	sceNetGlueRecv
0x00072438	132	FUNC	GLOBAL	sceNetGlueRecvfrom
0x000724c0	28	FUNC	GLOBAL	sceNetGlueSend
0x000724e0	28	FUNC	GLOBAL	sceNetGlueSendto
0x00072500	84	FUNC	GLOBAL	sceNetGlueSetsockopt
0x00072558	28	FUNC	GLOBAL	sceNetGlueShutdown
0x00072578	28	FUNC	GLOBAL	sceNetGlueSocket
0x00072598	0	OBJECT	GLOBAL	sceInsockHtonl
0x00072598	0	OBJECT	GLOBAL	sceInsockNtohl
0x000725c0	0	OBJECT	GLOBAL	sceInsockHtons
0x000725c0	0	OBJECT	GLOBAL	sceInsockNtohs
0x000725d8	0	NOTYPE	LOCAL	__gnu_compiled_c
0x000725d8	0	NOTYPE	LOCAL	gcc2_compiled.
0x000725d8	432	FUNC	LOCAL	strtoui_internal
0x00072788	44	FUNC	GLOBAL	sceInsockInetAddr
0x000727b8	516	FUNC	GLOBAL	sceInsockInetAton
0x000729c0	0	NOTYPE	LOCAL	__gnu_compiled_c
0x000729c0	0	NOTYPE	LOCAL	gcc2_compiled.
0x000729c0	76	FUNC	GLOBAL	sceInsockInetLnaof
0x00072a10	0	NOTYPE	LOCAL	__gnu_compiled_c
0x00072a10	0	NOTYPE	LOCAL	gcc2_compiled.
0x00072a10	120	FUNC	GLOBAL	sceInsockInetMakeaddr
0x00072a88	0	NOTYPE	LOCAL	__gnu_compiled_c
0x00072a88	0	NOTYPE	LOCAL	gcc2_compiled.
0x00072a88	64	FUNC	GLOBAL	sceInsockInetNetof
0x00072ac8	0	NOTYPE	LOCAL	__gnu_compiled_c
0x00072ac8	0	NOTYPE	LOCAL	gcc2_compiled.
0x00072ac8	444	FUNC	GLOBAL	sceInsockInetNetwork
0x00072c88	0	NOTYPE	LOCAL	__gnu_compiled_c
0x00072c88	0	NOTYPE	LOCAL	gcc2_compiled.
0x00072c88	96	FUNC	GLOBAL	sceInsockInetNtoa
0x00072ce8	0	NOTYPE	LOCAL	__gnu_compiled_c
0x00072ce8	0	NOTYPE	LOCAL	gcc2_compiled.
0x00072ce8	152	FUNC	GLOBAL	sceInsockInetNtop
0x00072d80	160	FUNC	LOCAL	inet_ntop4
0x00072e20	852	FUNC	LOCAL	inet_ntop6
0x00073178	0	NOTYPE	LOCAL	__gnu_compiled_c
0x00073178	0	NOTYPE	LOCAL	gcc2_compiled.
0x00073178	12	FUNC	GLOBAL	sceInsockSetErrnoMode
0x00073188	12	FUNC	GLOBAL	sceInsockGetErrnoMode
0x00073198	56	FUNC	LOCAL	my_malloc
0x000731d0	52	FUNC	LOCAL	my_free
0x00073208	336	FUNC	LOCAL	mem_alloc
0x00073358	408	FUNC	LOCAL	mem_free
0x000734f0	140	FUNC	GLOBAL	sceInsockInitMemory
0x00073580	16	FUNC	GLOBAL	sceInsockSetMallocFunction
0x00073590	16	FUNC	GLOBAL	sceInsockSetFreeFunction
0x000735a0	104	FUNC	LOCAL	block
0x00073608	32	FUNC	LOCAL	unblock
0x00073628	448	FUNC	LOCAL	thread_enter
0x000737e8	76	FUNC	LOCAL	thread_leave
0x00073838	68	FUNC	GLOBAL	__sceInsockErrnoLoc
0x00073880	68	FUNC	GLOBAL	__sceInsockHErrnoLoc
0x000738c8	56	FUNC	LOCAL	socket_info
0x00073900	68	FUNC	LOCAL	conv_addr_to_inet
0x00073948	44	FUNC	LOCAL	conv_addr_from_inet
0x00073978	40	FUNC	LOCAL	conv_port_to_inet
0x000739a0	28	FUNC	LOCAL	conv_port_from_inet
0x000739c0	256	FUNC	LOCAL	conv_errno
0x00073ac0	116	FUNC	LOCAL	unused_socket_id
0x00073b38	412	FUNC	GLOBAL	sceInsockSetSifMBindRpcValue
0x00073cd8	124	FUNC	GLOBAL	sceInsockSetRecvTimeout
0x00073d58	124	FUNC	GLOBAL	sceInsockSetSendTimeout
0x00073dd8	124	FUNC	GLOBAL	sceInsockSetShutdownTimeout
0x00073e58	412	FUNC	GLOBAL	sceInsockAbort
0x00073ff8	128	FUNC	LOCAL	thread_terminate
0x00074078	232	FUNC	GLOBAL	sceInsockTerminate
0x00074160	328	FUNC	GLOBAL	sceInsockSocket
0x000742a8	244	FUNC	GLOBAL	sceInsockBind
0x000743a0	356	FUNC	GLOBAL	sceInsockConnect
0x00074508	488	FUNC	LOCAL	add_listen
0x000746f0	392	FUNC	GLOBAL	sceInsockListen
0x00074878	756	FUNC	GLOBAL	sceInsockAccept
0x00074b70	192	FUNC	LOCAL	connect_check
0x00074c30	428	FUNC	GLOBAL	sceInsockSend
0x00074de0	472	FUNC	GLOBAL	sceInsockRecv
0x00074fb8	364	FUNC	GLOBAL	sceInsockSendto
0x00075128	456	FUNC	GLOBAL	sceInsockRecvfrom
0x000752f0	376	FUNC	GLOBAL	sceInsockShutdown
0x00075468	548	FUNC	GLOBAL	sceInsockPoll
0x00075690	184	FUNC	GLOBAL	sceInsockSendFin
0x00075748	656	FUNC	GLOBAL	sceInsockGetsockopt
0x000759d8	768	FUNC	GLOBAL	sceInsockSetsockopt
0x00075cd8	396	FUNC	LOCAL	_get_peer_or_sock_name
0x00075e68	28	FUNC	GLOBAL	sceInsockGetsockname
0x00075e88	28	FUNC	GLOBAL	sceInsockGetpeername
0x00075ea8	384	FUNC	GLOBAL	sceInsockGethostbyname
0x00076028	508	FUNC	GLOBAL	sceInsockGethostbyaddr
0x00076228	116	FUNC	GLOBAL	sceInsockAbortGethostbyname
0x000762a0	28	FUNC	GLOBAL	sceInsockAbortGethostbyaddr
0x000762c0	180	FUNC	LOCAL	CallRpc
0x000762c0	0	NOTYPE	LOCAL	__gnu_compiled_c
0x000762c0	0	NOTYPE	LOCAL	gcc2_compiled.
0x00076378	84	FUNC	LOCAL	MemcpyD
0x000763d0	84	FUNC	LOCAL	MemcpyS
0x00076428	140	FUNC	LOCAL	StrcpyD
0x000764b8	44	FUNC	LOCAL	StrcpyS
0x000764e8	164	FUNC	GLOBAL	sceInetPoll
0x00076590	188	FUNC	GLOBAL	sceInetName2Address
0x00076650	156	FUNC	GLOBAL	sceInetAddress2String
0x000766f0	204	FUNC	GLOBAL	sceInetAddress2Name
0x000767c0	112	FUNC	GLOBAL	sceInetCreate
0x00076830	72	FUNC	GLOBAL	sceInetOpen
0x00076878	72	FUNC	GLOBAL	sceInetClose
0x000768c0	200	FUNC	GLOBAL	sceInetRecv
0x00076988	272	FUNC	GLOBAL	sceInetRecvFrom
0x00076a98	176	FUNC	GLOBAL	sceInetSend
0x00076b48	228	FUNC	GLOBAL	sceInetSendTo
0x00076c30	72	FUNC	GLOBAL	sceInetAbort
0x00076c78	168	FUNC	GLOBAL	sceInetControl
0x00076d20	136	FUNC	GLOBAL	sceInetGetInterfaceList
0x00076da8	168	FUNC	GLOBAL	sceInetInterfaceControl
0x00076e50	152	FUNC	GLOBAL	sceInetGetRoutingTable
0x00076ee8	136	FUNC	GLOBAL	sceInetGetNameServers
0x00076f70	68	FUNC	GLOBAL	sceInetChangeThreadPriority
0x00076fb8	140	FUNC	GLOBAL	sceInetGetLog
0x00077048	64	FUNC	GLOBAL	sceInetAbortLog
0x00077088	68	FUNC	GLOBAL	sceInetCtlUpInterface
0x000770d0	68	FUNC	GLOBAL	sceInetCtlDownInterface
0x00077118	68	FUNC	GLOBAL	sceInetCtlSetAutoMode
0x00077160	116	FUNC	GLOBAL	sceInetCtlGetState
0x000771d8	200	FUNC	GLOBAL	sceLibnetInitialize
0x000772a0	128	FUNC	GLOBAL	sceLibnetTerminate
0x00077320	64	FUNC	GLOBAL	sceLibnetRegisterHandler
0x00077360	64	FUNC	GLOBAL	sceLibnetUnregisterHandler
0x000773a0	68	FUNC	GLOBAL	sceLibnetSetConfiguration
0x000773e8	144	FUNC	LOCAL	WaitInterface
0x00077478	28	FUNC	LOCAL	WaitInterfaceAttached
0x00077498	28	FUNC	LOCAL	WaitInterfaceStarted
0x000774b8	224	FUNC	LOCAL	GetInterfaceID
0x00077598	36	FUNC	LOCAL	GetMyAddress
0x000775c0	152	FUNC	LOCAL	WaitGetAddressAutoUpIf
0x00077658	108	FUNC	LOCAL	WaitGetAddressNoAutoUpIf
0x000776c8	140	FUNC	GLOBAL	sceLibnetWaitGetInterfaceID
0x00077758	52	FUNC	GLOBAL	sceLibnetWaitGetAddress
0x00077790	120	FUNC	GLOBAL	sceLibnetWaitGetInterfaceEvent
0x00077808	1772	FUNC	GLOBAL	__divdi3
0x00077808	0	NOTYPE	LOCAL	__gnu_compiled_c
0x00077808	0	NOTYPE	LOCAL	gcc2_compiled.
0x00077ef8	0	NOTYPE	LOCAL	__gnu_compiled_c
0x00077ef8	1640	FUNC	GLOBAL	__moddi3
0x00077ef8	0	NOTYPE	LOCAL	gcc2_compiled.
0x00078560	0	NOTYPE	LOCAL	__gnu_compiled_c
0x00078560	96	FUNC	GLOBAL	__muldi3
0x00078560	0	NOTYPE	LOCAL	gcc2_compiled.
0x000785c0	0	NOTYPE	LOCAL	__gnu_compiled_c
0x000785c0	1488	FUNC	GLOBAL	__udivdi3
0x000785c0	0	NOTYPE	LOCAL	gcc2_compiled.
0x00078b90	0	NOTYPE	LOCAL	__gnu_compiled_c
0x00078b90	1344	FUNC	GLOBAL	__umoddi3
0x00078b90	0	NOTYPE	LOCAL	gcc2_compiled.
0x000790d0	12	FUNC	GLOBAL	__errno
0x000790d0	0	NOTYPE	LOCAL	__gnu_compiled_c
0x000790d0	0	NOTYPE	LOCAL	__gnu_compiled_c
0x000790d0	0	NOTYPE	LOCAL	gcc2_compiled.
0x000790d0	0	NOTYPE	LOCAL	gcc2_compiled.
0x000790e0	148	FUNC	GLOBAL	memcmp
0x00079174	172	FUNC	GLOBAL	memcpy
0x00079220	184	FUNC	GLOBAL	memset
0x000792d8	304	FUNC	GLOBAL	strcat
0x00079408	416	FUNC	GLOBAL	strchr
0x000795a8	332	FUNC	GLOBAL	strcmp
0x000796f4	280	FUNC	GLOBAL	strcpy
0x0007980c	324	FUNC	GLOBAL	strlen
0x00079950	436	FUNC	GLOBAL	strncat
0x00079b08	456	FUNC	GLOBAL	strncmp
0x00079cd0	456	FUNC	GLOBAL	strncpy
0x00079e98	0	NOTYPE	LOCAL	__gnu_compiled_c
0x00079e98	0	NOTYPE	LOCAL	__gnu_compiled_c
0x00079e98	180	FUNC	GLOBAL	fclose
0x00079e98	0	NOTYPE	LOCAL	gcc2_compiled.
0x00079e98	0	NOTYPE	LOCAL	gcc2_compiled.
0x00079f50	0	NOTYPE	LOCAL	__gnu_compiled_c
0x00079f50	268	FUNC	GLOBAL	fflush
0x00079f50	0	NOTYPE	LOCAL	gcc2_compiled.
0x0007a060	0	NOTYPE	LOCAL	__gnu_compiled_c
0x0007a060	296	FUNC	GLOBAL	fgets
0x0007a060	0	NOTYPE	LOCAL	gcc2_compiled.
0x0007a188	0	NOTYPE	LOCAL	__gnu_compiled_c
0x0007a188	0	NOTYPE	LOCAL	gcc2_compiled.
0x0007a188	88	FUNC	LOCAL	std
0x0007a1e0	116	FUNC	GLOBAL	__sfmoreglue
0x0007a258	220	FUNC	GLOBAL	__sfp
0x0007a338	140	FUNC	GLOBAL	__sinit
0x0007a3c8	0	NOTYPE	LOCAL	__gnu_compiled_c
0x0007a3c8	220	FUNC	GLOBAL	_fopen_r
0x0007a3c8	0	NOTYPE	LOCAL	gcc2_compiled.
0x0007a4a8	44	FUNC	WEAK	fopen
0x0007a4d8	32	FUNC	GLOBAL	_cleanup_r
0x0007a4f8	36	FUNC	GLOBAL	_cleanup
0x0007a520	0	NOTYPE	LOCAL	__gnu_compiled_c
0x0007a520	68	FUNC	GLOBAL	fprintf
0x0007a520	0	NOTYPE	LOCAL	gcc2_compiled.
0x0007a568	0	NOTYPE	LOCAL	__gnu_compiled_c
0x0007a568	0	NOTYPE	LOCAL	gcc2_compiled.
0x0007a568	48	FUNC	GLOBAL	memcpyalpha
0x0007a598	276	FUNC	GLOBAL	fread
0x0007a6b0	0	NOTYPE	LOCAL	__gnu_compiled_c
0x0007a6b0	1036	FUNC	GLOBAL	fseek
0x0007a6b0	0	NOTYPE	LOCAL	gcc2_compiled.
0x0007aac0	0	NOTYPE	LOCAL	__gnu_compiled_c
0x0007aac0	260	FUNC	GLOBAL	ftell
0x0007aac0	0	NOTYPE	LOCAL	gcc2_compiled.
0x0007abc8	0	NOTYPE	LOCAL	__gnu_compiled_c
0x0007abc8	148	FUNC	GLOBAL	_fwalk
0x0007abc8	0	NOTYPE	LOCAL	gcc2_compiled.
0x0007ac60	0	NOTYPE	LOCAL	__gnu_compiled_c
0x0007ac60	136	FUNC	GLOBAL	fwrite
0x0007ac60	0	NOTYPE	LOCAL	gcc2_compiled.
0x0007ace8	0	NOTYPE	LOCAL	__gnu_compiled_c
0x0007ace8	196	FUNC	GLOBAL	__smakebuf
0x0007ace8	0	NOTYPE	LOCAL	gcc2_compiled.
0x0007adb0	0	NOTYPE	LOCAL	__gnu_compiled_c
0x0007adb0	0	NOTYPE	LOCAL	gcc2_compiled.
0x0007adb0	28	FUNC	LOCAL	lflush
0x0007add0	360	FUNC	GLOBAL	__srefill
0x0007af38	0	NOTYPE	LOCAL	__gnu_compiled_c
0x0007af38	120	FUNC	GLOBAL	_sprintf_r
0x0007af38	0	NOTYPE	LOCAL	gcc2_compiled.
0x0007afb0	128	FUNC	GLOBAL	sprintf
0x0007b030	0	NOTYPE	LOCAL	__gnu_compiled_c
0x0007b030	100	FUNC	GLOBAL	__sread
0x0007b030	0	NOTYPE	LOCAL	gcc2_compiled.
0x0007b098	128	FUNC	GLOBAL	__swrite
0x0007b118	104	FUNC	GLOBAL	__sseek
0x0007b180	32	FUNC	GLOBAL	__sclose
0x0007b1a0	0	NOTYPE	LOCAL	__gnu_compiled_c
0x0007b1a0	0	NOTYPE	LOCAL	gcc2_compiled.
0x0007b1a0	84	FUNC	GLOBAL	vsprintf
0x0007b1f8	108	FUNC	GLOBAL	vsnprintf
0x0007b268	0	NOTYPE	LOCAL	__gnu_compiled_c
0x0007b268	212	FUNC	GLOBAL	bsearch
0x0007b268	0	NOTYPE	LOCAL	gcc2_compiled.
0x0007b340	0	NOTYPE	LOCAL	__gnu_compiled_c
0x0007b340	44	FUNC	GLOBAL	_findenv
0x0007b340	0	NOTYPE	LOCAL	gcc2_compiled.
0x0007b370	40	FUNC	GLOBAL	getenv
0x0007b398	0	NOTYPE	LOCAL	__gnu_compiled_c
0x0007b398	304	FUNC	GLOBAL	_findenv_r
0x0007b398	0	NOTYPE	LOCAL	gcc2_compiled.
0x0007b4c8	28	FUNC	GLOBAL	_getenv_r
0x0007b4e8	0	NOTYPE	LOCAL	__gnu_compiled_c
0x0007b4e8	0	NOTYPE	LOCAL	gcc2_compiled.
0x0007b4e8	80	FUNC	GLOBAL	malloc
0x0007b538	72	FUNC	GLOBAL	free
0x0007b580	0	NOTYPE	LOCAL	__gnu_compiled_c
0x0007b580	96	FUNC	GLOBAL	__malloc_lock
0x0007b580	0	NOTYPE	LOCAL	gcc2_compiled.
0x0007b5e0	64	FUNC	GLOBAL	__malloc_unlock
0x0007b620	0	NOTYPE	LOCAL	__gnu_compiled_c
0x0007b620	0	NOTYPE	LOCAL	gcc2_compiled.
0x0007b620	2524	FUNC	GLOBAL	qsort
0x0007c000	0	NOTYPE	LOCAL	__gnu_compiled_c
0x0007c000	0	NOTYPE	LOCAL	gcc2_compiled.
0x0007c000	96	FUNC	GLOBAL	realloc
0x0007c060	0	NOTYPE	LOCAL	__gnu_compiled_c
0x0007c060	36	FUNC	GLOBAL	bcopy
0x0007c060	0	NOTYPE	LOCAL	gcc2_compiled.
0x0007c088	0	NOTYPE	LOCAL	__gnu_compiled_c
0x0007c088	0	NOTYPE	LOCAL	gcc2_compiled.
0x0007c088	108	FUNC	GLOBAL	strcspn
0x0007c0f8	0	NOTYPE	LOCAL	__gnu_compiled_c
0x0007c0f8	0	NOTYPE	LOCAL	gcc2_compiled.
0x0007c0f8	116	FUNC	GLOBAL	strstr
0x0007c170	0	NOTYPE	LOCAL	__gnu_compiled_c
0x0007c170	0	NOTYPE	LOCAL	gcc2_compiled.
0x0007c170	108	FUNC	GLOBAL	strround
0x0007c1e0	120	FUNC	GLOBAL	strrev
0x0007c258	156	FUNC	GLOBAL	itoa
0x0007c2f8	1420	FUNC	GLOBAL	fftoa
0x0007c888	40	FUNC	GLOBAL	_vfflush
0x0007c8b0	264	FUNC	LOCAL	_vfwrite
0x0007c9b8	204	FUNC	GLOBAL	vfprintf
0x0007ca88	4164	FUNC	GLOBAL	_vfprintf_r
0x0007dad0	432	FUNC	GLOBAL	add_separators
0x0007dc80	0	NOTYPE	LOCAL	__gnu_compiled_c
0x0007dc80	264	FUNC	LOCAL	_vfwrite
0x0007dc80	0	NOTYPE	LOCAL	gcc2_compiled.
0x0007dd88	48	FUNC	GLOBAL	vfiprintf
0x0007ddb8	3844	FUNC	GLOBAL	_vfiprintf_r
0x0007ecc0	0	NOTYPE	LOCAL	__gnu_compiled_c
0x0007ecc0	0	NOTYPE	LOCAL	gcc2_compiled.
0x0007ecc0	612	FUNC	LOCAL	malloc_extend_top
0x0007ef28	1840	FUNC	GLOBAL	_malloc_r
0x0007f658	0	NOTYPE	LOCAL	__gnu_compiled_c
0x0007f658	756	FUNC	GLOBAL	_free_r
0x0007f658	0	NOTYPE	LOCAL	gcc2_compiled.
0x0007f950	364	FUNC	GLOBAL	_malloc_trim_r
0x0007fac0	0	NOTYPE	LOCAL	__gnu_compiled_c
0x0007fac0	1404	FUNC	GLOBAL	_realloc_r
0x0007fac0	0	NOTYPE	LOCAL	gcc2_compiled.
0x00080040	0	NOTYPE	LOCAL	__gnu_compiled_c
0x00080040	556	FUNC	GLOBAL	_strtol_r
0x00080040	0	NOTYPE	LOCAL	gcc2_compiled.
0x00080270	52	FUNC	GLOBAL	strtol
0x000802a8	0	NOTYPE	LOCAL	__gnu_compiled_c
0x000802a8	464	FUNC	GLOBAL	_setlocale_r
0x000802a8	0	NOTYPE	LOCAL	gcc2_compiled.
0x00080478	12	FUNC	GLOBAL	_localeconv_r
0x00080488	44	FUNC	GLOBAL	setlocale
0x000804b8	36	FUNC	GLOBAL	localeconv
0x000804e0	236	FUNC	GLOBAL	memchr
0x000805cc	252	FUNC	GLOBAL	memmove
0x000806c8	0	NOTYPE	LOCAL	__gnu_compiled_c
0x000806c8	0	NOTYPE	LOCAL	gcc2_compiled.
0x000806c8	492	FUNC	GLOBAL	sn_floor
0x000808b8	1092	FUNC	GLOBAL	sn_fmod
0x00080d00	1580	FUNC	GLOBAL	sn_log
0x00081330	448	FUNC	GLOBAL	sn_log10
0x000814f0	0	NOTYPE	LOCAL	__gnu_compiled_c
0x000814f0	88	FUNC	GLOBAL	_close_r
0x000814f0	0	NOTYPE	LOCAL	gcc2_compiled.
0x00081548	0	NOTYPE	LOCAL	__gnu_compiled_c
0x00081548	92	FUNC	GLOBAL	_fstat_r
0x00081548	0	NOTYPE	LOCAL	gcc2_compiled.
0x000815a8	0	NOTYPE	LOCAL	__gnu_compiled_c
0x000815a8	96	FUNC	GLOBAL	_lseek_r
0x000815a8	0	NOTYPE	LOCAL	gcc2_compiled.
0x00081608	0	NOTYPE	LOCAL	__gnu_compiled_c
0x00081608	96	FUNC	GLOBAL	_open_r
0x00081608	0	NOTYPE	LOCAL	gcc2_compiled.
0x00081668	0	NOTYPE	LOCAL	__gnu_compiled_c
0x00081668	96	FUNC	GLOBAL	_read_r
0x00081668	0	NOTYPE	LOCAL	gcc2_compiled.
0x000816c8	0	NOTYPE	LOCAL	__gnu_compiled_c
0x000816c8	92	FUNC	GLOBAL	_sbrk_r
0x000816c8	0	NOTYPE	LOCAL	gcc2_compiled.
0x00081728	0	NOTYPE	LOCAL	__gnu_compiled_c
0x00081728	96	FUNC	GLOBAL	_write_r
0x00081728	0	NOTYPE	LOCAL	gcc2_compiled.
0x00081788	0	NOTYPE	LOCAL	__gnu_compiled_c
0x00081788	168	FUNC	GLOBAL	__sflags
0x00081788	0	NOTYPE	LOCAL	gcc2_compiled.
0x00081830	0	NOTYPE	LOCAL	__gnu_compiled_c
0x00081830	964	FUNC	GLOBAL	__sfvwrite
0x00081830	0	NOTYPE	LOCAL	gcc2_compiled.
0x00081bf8	0	NOTYPE	LOCAL	__gnu_compiled_c
0x00081bf8	232	FUNC	GLOBAL	__swsetup
0x00081bf8	0	NOTYPE	LOCAL	gcc2_compiled.
0x00081ce0	8	FUNC	GLOBAL	__env_lock
0x00081ce0	0	NOTYPE	LOCAL	__gnu_compiled_c
0x00081ce0	0	NOTYPE	LOCAL	__gnu_compiled_c
0x00081ce0	0	NOTYPE	LOCAL	gcc2_compiled.
0x00081ce0	0	NOTYPE	LOCAL	gcc2_compiled.
0x00081ce8	8	FUNC	GLOBAL	__env_unlock
0x00081cf0	0	NOTYPE	LOCAL	__gnu_compiled_c
0x00081cf0	844	FUNC	GLOBAL	_mbtowc_r
0x00081cf0	0	NOTYPE	LOCAL	gcc2_compiled.
0x00082040	0	NOTYPE	LOCAL	__gnu_compiled_c
0x00082040	300	FUNC	GLOBAL	__pack_d
0x00082040	0	NOTYPE	LOCAL	gcc2_compiled.
0x00082170	156	FUNC	GLOBAL	__unpack_d
0x00082210	576	FUNC	LOCAL	_fpadd_parts
0x00082450	88	FUNC	GLOBAL	dpadd
0x000824a8	100	FUNC	GLOBAL	dpsub
0x00082510	680	FUNC	GLOBAL	dpmul
0x000827b8	360	FUNC	GLOBAL	dpdiv
0x00082920	276	FUNC	GLOBAL	__fpcmp_parts_d
0x00082a38	76	FUNC	GLOBAL	dpcmp
0x00082a88	184	FUNC	GLOBAL	litodp
0x00082b40	148	FUNC	GLOBAL	dptoli
0x00082bd8	160	FUNC	GLOBAL	dptoul
0x00082c78	56	FUNC	GLOBAL	__negdf2
0x00082cb0	44	FUNC	GLOBAL	__make_dp
0x00082ce0	84	FUNC	GLOBAL	dptofp
0x00082d38	0	NOTYPE	LOCAL	__gnu_compiled_c
0x00082d38	268	FUNC	GLOBAL	__pack_f
0x00082d38	0	NOTYPE	LOCAL	gcc2_compiled.
0x00082e48	144	FUNC	GLOBAL	__unpack_f
0x00082ed8	564	FUNC	LOCAL	_fpadd_parts
0x00083110	88	FUNC	GLOBAL	fpadd
0x00083168	100	FUNC	GLOBAL	fpsub
0x000831d0	500	FUNC	GLOBAL	fpmul
0x000833c8	352	FUNC	GLOBAL	fpdiv
0x00083528	276	FUNC	GLOBAL	__fpcmp_parts_f
0x00083640	76	FUNC	GLOBAL	fpcmp
0x00083690	184	FUNC	GLOBAL	sitofp
0x00083748	140	FUNC	GLOBAL	fptosi
0x000837d8	152	FUNC	GLOBAL	fptoui
0x00083870	56	FUNC	GLOBAL	__negsf2
0x000838a8	44	FUNC	GLOBAL	__make_fp
0x000838d8	64	FUNC	GLOBAL	fptodp
0x0009fc78	0	NOTYPE	LOCAL	ret.3
0x0009fc90	0	NOTYPE	LOCAL	sceInsockMallocFunction
0x0009fc94	0	NOTYPE	LOCAL	sceInsockFreeFunction
0x0009fc98	0	NOTYPE	LOCAL	busy_head
0x0009fc9c	0	NOTYPE	LOCAL	busy_tail
0x0009fca0	0	NOTYPE	LOCAL	free_head
0x0009fca4	0	NOTYPE	LOCAL	free_tail
0x0009fca8	0	NOTYPE	LOCAL	cell_lo
0x0009fcac	0	NOTYPE	LOCAL	cell_hi
0x0009fcb0	0	NOTYPE	LOCAL	static_in_addr
0x0009fcb8	0	NOTYPE	LOCAL	static_h_name
0x0009fdb8	0	NOTYPE	LOCAL	static_hostent
0x0009fdd0	164	NOTYPE	LOCAL	str.13
0x0009fe78	128	NOTYPE	LOCAL	pch.20
0x0009fef8	128	NOTYPE	LOCAL	pch.3
0x0009ff78	0	NOTYPE	LOCAL	thenan.3
0x0009ff90	0	NOTYPE	LOCAL	thenan.3
0x0009ffa0	0	OBJECT	GLOBAL	_fbss_end
0x002465f0	0	OBJECT	GLOBAL	_gp
0x00266600	0	OBJECT	GLOBAL	_end
