Address	Size	Type	Binding	Name
0x00000000	64	FUNC	LOCAL	_DirtyDnasYieldThread
0x00000000	16	OBJECT	LOCAL	_DirtyDnas_strHexEncode
0x00000000	0	NOTYPE	LOCAL	__gnu_compiled_c
0x00000000	0	OBJECT	GLOBAL	_heap
0x00000000	0	NOTYPE	LOCAL	gcc2_compiled.
0x00000010	160	OBJECT	LOCAL	_DirtyDnas_ErrorMap
0x00000040	152	FUNC	LOCAL	_DirtyDnasEncodeUniqueID
0x000000b0	320	OBJECT	LOCAL	sceDNAS2ErrorStringTable
0x000000b0	85	OBJECT	LOCAL	sceDNAS2_SS_SERVER_BUSY_Body
0x000000d8	8	FUNC	LOCAL	_DirtyDnasRelSetup
0x000000e0	176	FUNC	LOCAL	_DirtyDnasRelInitDnas
0x00000108	58	OBJECT	LOCAL	sceDNAS2_SS_BEFORE_SERVICE_Body
0x00000148	58	OBJECT	LOCAL	sceDNAS2_SS_OUT_OF_SERVICE_Body
0x00000188	71	OBJECT	LOCAL	sceDNAS2_SS_END_OF_SERVICE_Body
0x00000190	112	FUNC	LOCAL	_DirtyDnasRelSetProxy
0x000001d0	105	OBJECT	LOCAL	sceDNAS2_SS_SESSION_TIME_OUT_Body
0x00000200	204	FUNC	LOCAL	_DirtyDnasRelAuthStart
0x00000220	67380	OBJECT	GLOBAL	_sce_dnas2_symbol109
0x00000240	70	OBJECT	LOCAL	sceDNAS2_SS_INVALID_SERVER_Body
0x00000288	70	OBJECT	LOCAL	sceDNAS2_SS_INTERNAL_ERROR_Body
0x000002d0	260	FUNC	LOCAL	_DirtyDnasRelUpdateDnas
0x000002d0	70	OBJECT	LOCAL	sceDNAS2_SS_EXTERNAL_ERROR_Body
0x00000318	49	OBJECT	LOCAL	sceDNAS2_SS_DL_NODATA_Body
0x00000350	49	OBJECT	LOCAL	sceDNAS2_SS_DL_BEFORE_SERVICE_Body
0x00000388	49	OBJECT	LOCAL	sceDNAS2_SS_DL_OUT_OF_SERVICE_Body
0x000003c0	49	OBJECT	LOCAL	sceDNAS2_SS_DL_NOT_UPDATED_Body
0x000003d8	12	FUNC	LOCAL	_DirtyDnasRelUpdateHttp
0x000003e8	180	FUNC	LOCAL	_DirtyDnasRelSetErrorResult
0x000003f8	76	OBJECT	LOCAL	sceDNAS2_SS_INVALID_PS2_Body
0x00000448	72	OBJECT	LOCAL	sceDNAS2_SS_INVALID_MEDIA_Body
0x00000490	72	OBJECT	LOCAL	sceDNAS2_SS_INVALID_AUTHDATA_Body
0x000004a0	368	FUNC	GLOBAL	DirtyDnasRelInit
0x000004d8	76	OBJECT	LOCAL	sceDNAS2_SS_INVALID_HDD_BINDING_Body
0x00000528	48	OBJECT	LOCAL	GLUE_ABORT_Body
0x00000558	48	OBJECT	LOCAL	NET_PROXY_Body
0x00000588	48	OBJECT	LOCAL	NET_SSL_Body
0x000005b8	48	OBJECT	LOCAL	NET_DNS_HOST_NOT_FOUND_Body
0x000005e8	48	OBJECT	LOCAL	NET_DNS_TRY_AGAIN_Body
0x00000610	340	FUNC	GLOBAL	DirtyDnasRelUpdt
0x00000618	48	OBJECT	LOCAL	NET_DNS_NO_RECOVERY_Body
0x00000648	48	OBJECT	LOCAL	NET_DNS_NO_DATA_Body
0x00000678	48	OBJECT	LOCAL	NET_DNS_OTHERS_Body
0x000006a8	48	OBJECT	LOCAL	NET_EISCONN_Body
0x000006d8	48	OBJECT	LOCAL	NET_ETIMEOUT_Body
0x00000708	48	OBJECT	LOCAL	NET_ECONNREFUSED_Body
0x00000738	48	OBJECT	LOCAL	NET_ENETUNREACH_Body
0x00000768	112	FUNC	GLOBAL	DirtyDnasRelExit
0x00000768	48	OBJECT	LOCAL	NET_ENOTCONN_Body
0x00000798	48	OBJECT	LOCAL	NET_ENOBUFS_Body
0x000007c8	48	OBJECT	LOCAL	NET_EMFILE_Body
0x000007d8	192	FUNC	GLOBAL	DirtyDnasRelSimError
0x000007f8	48	OBJECT	LOCAL	NET_EBADF_Body
0x00000828	48	OBJECT	LOCAL	NET_EINVAL_Body
0x00000858	48	OBJECT	LOCAL	NET_OTHERS_Body
0x00000888	58	OBJECT	LOCAL	sceDNAS2_SS_ID_NOUSE_Body
0x00000898	24	FUNC	GLOBAL	DnasTimer
0x00000898	0	NOTYPE	LOCAL	__gnu_compiled_c
0x00000898	0	NOTYPE	LOCAL	gcc2_compiled.
0x000008b0	92	FUNC	LOCAL	_SocketOpen
0x000008b0	0	NOTYPE	LOCAL	__gnu_compiled_c
0x000008b0	0	NOTYPE	LOCAL	gcc2_compiled.
0x000008c8	58	OBJECT	LOCAL	sceDNAS2_SS_ID_CAT_NOT_EXIST_Body
0x00000908	58	OBJECT	LOCAL	sceDNAS2_SS_ID_NOT_JOIN_TO_CAT_Body
0x00000910	108	FUNC	LOCAL	_SocketClose
0x00000948	57	OBJECT	LOCAL	sceDNAS2_Other_Body
0x00000980	436	FUNC	LOCAL	_TCPHttpWorkerThread
0x00000988	1	OBJECT	LOCAL	sceDNAS2_SS_SERVER_BUSY_Footer
0x00000990	123	OBJECT	LOCAL	sceDNAS2_SS_BEFORE_SERVICE_Footer
0x00000a10	123	OBJECT	LOCAL	sceDNAS2_SS_OUT_OF_SERVICE_Footer
0x00000a90	123	OBJECT	LOCAL	sceDNAS2_SS_END_OF_SERVICE_Footer
0x00000b10	1	OBJECT	LOCAL	sceDNAS2_SS_SESSION_TIME_OUT_Footer
0x00000b18	123	OBJECT	LOCAL	sceDNAS2_SS_INVALID_SERVER_Footer
0x00000b38	196	FUNC	GLOBAL	TCPHttpSendData
0x00000b98	123	OBJECT	LOCAL	sceDNAS2_SS_INTERNAL_ERROR_Footer
0x00000c00	16	FUNC	GLOBAL	TCPHttpComplete
0x00000c10	0	NOTYPE	LOCAL	__gnu_compiled_c
0x00000c10	48	FUNC	GLOBAL	brk
0x00000c10	0	NOTYPE	LOCAL	gcc2_compiled.
0x00000c18	123	OBJECT	LOCAL	sceDNAS2_SS_EXTERNAL_ERROR_Footer
0x00000c40	76	FUNC	GLOBAL	sbrk
0x00000c90	52	FUNC	GLOBAL	MallocStubInit
0x00000c90	0	NOTYPE	LOCAL	zerobss
0x00000c98	80	OBJECT	LOCAL	sceDNAS2_SS_DL_NODATA_Footer
0x00000cc8	148	FUNC	LOCAL	_Utf8DecodeToUCS2
0x00000cc8	0	NOTYPE	LOCAL	__gnu_compiled_c
0x00000cc8	0	NOTYPE	LOCAL	gcc2_compiled.
0x00000ce8	80	OBJECT	LOCAL	sceDNAS2_SS_DL_BEFORE_SERVICE_Footer
0x00000d38	80	OBJECT	LOCAL	sceDNAS2_SS_DL_OUT_OF_SERVICE_Footer
0x00000d60	176	FUNC	LOCAL	_Utf8DecodeStringToUCS2
0x00000d88	80	OBJECT	LOCAL	sceDNAS2_SS_DL_NOT_UPDATED_Footer
0x00000dd8	123	OBJECT	LOCAL	sceDNAS2_SS_INVALID_PS2_Footer
0x00000e10	216	FUNC	LOCAL	_Utf8DecodeStringToASCII
0x00000e58	123	OBJECT	LOCAL	sceDNAS2_SS_INVALID_MEDIA_Footer
0x00000ed8	123	OBJECT	LOCAL	sceDNAS2_SS_INVALID_AUTHDATA_Footer
0x00000ee8	472	FUNC	GLOBAL	DirtyDnasRelErrGetStrings
0x00000f58	123	OBJECT	LOCAL	sceDNAS2_SS_INVALID_HDD_BINDING_Footer
0x00000fd8	74	OBJECT	LOCAL	GLUE_ABORT_Footer
0x00001028	74	OBJECT	LOCAL	NET_PROXY_Footer
0x00001078	74	OBJECT	LOCAL	NET_SSL_Footer
0x000010c0	48	FUNC	GLOBAL	DirtyDnasErrSCEA
0x000010c0	0	NOTYPE	LOCAL	__gnu_compiled_c
0x000010c0	0	NOTYPE	LOCAL	gcc2_compiled.
0x000010c8	74	OBJECT	LOCAL	NET_DNS_HOST_NOT_FOUND_Footer
0x000010f0	0	NOTYPE	LOCAL	__gnu_compiled_c
0x000010f0	240	FUNC	GLOBAL	_reloctable
0x000010f0	0	NOTYPE	LOCAL	gcc2_compiled.
0x000010f0	0	FUNC	GLOBAL	kprintf
0x000010f4	0	FUNC	GLOBAL	scePrintf
0x000010f8	0	FUNC	GLOBAL	sceSifMCallRpc
0x000010fc	0	FUNC	GLOBAL	sceSifMBindRpcParam
0x00001100	0	FUNC	GLOBAL	sceSifMUnBindRpc
0x00001104	0	FUNC	GLOBAL	sceCdInit
0x00001108	0	FUNC	GLOBAL	sceCdGetDiskType
0x0000110c	0	FUNC	GLOBAL	sceCdReadClock
0x00001110	0	FUNC	GLOBAL	sceCdMmode
0x00001114	0	FUNC	GLOBAL	sceCdNcmdDiskReady
0x00001118	74	OBJECT	LOCAL	NET_DNS_TRY_AGAIN_Footer
0x00001118	0	FUNC	GLOBAL	sceCdDiskReady
0x0000111c	0	FUNC	GLOBAL	_sceCd_scmd_prechk
0x00001120	0	FUNC	GLOBAL	_sceCd_ncmdrdata
0x00001124	0	FUNC	GLOBAL	_sceCd_ncmd_semid
0x00001128	0	FUNC	GLOBAL	_sceCd_cd_ncmd
0x0000112c	0	FUNC	GLOBAL	_sceCd_ncmd_prechk
0x00001130	0	FUNC	GLOBAL	_sceCd_scmdrdata
0x00001134	0	FUNC	GLOBAL	_sceCd_cd_scmd
0x00001138	0	FUNC	GLOBAL	_sceCd_scmd_semid
0x0000113c	0	FUNC	GLOBAL	CreateThread
0x00001140	0	FUNC	GLOBAL	StartThread
0x00001144	0	FUNC	GLOBAL	DeleteThread
0x00001148	0	FUNC	GLOBAL	ChangeThreadPriority
0x0000114c	0	FUNC	GLOBAL	ReferThreadStatus
0x00001150	0	FUNC	GLOBAL	TerminateThread
0x00001154	0	FUNC	GLOBAL	GetThreadId
0x00001158	0	FUNC	GLOBAL	CreateSema
0x0000115c	0	FUNC	GLOBAL	WaitSema
0x00001160	0	FUNC	GLOBAL	DeleteSema
0x00001164	0	FUNC	GLOBAL	SignalSema
0x00001168	74	OBJECT	LOCAL	NET_DNS_NO_RECOVERY_Footer
0x00001168	0	FUNC	GLOBAL	PollSema
0x0000116c	0	FUNC	GLOBAL	FlushCache
0x00001170	0	FUNC	GLOBAL	sceSifCallRpc
0x00001174	0	FUNC	GLOBAL	sceOpen
0x00001178	0	FUNC	GLOBAL	sceClose
0x0000117c	0	FUNC	GLOBAL	sceRead
0x00001180	0	FUNC	GLOBAL	sceWrite
0x00001184	0	FUNC	GLOBAL	sceLseek
0x00001188	0	FUNC	GLOBAL	getpid
0x0000118c	0	FUNC	GLOBAL	stat
0x00001190	0	FUNC	GLOBAL	sceSifBindRpc
0x00001194	0	FUNC	GLOBAL	iSignalSema
0x00001198	0	FUNC	GLOBAL	iSetAlarm
0x0000119c	0	FUNC	GLOBAL	SetAlarm
0x000011a0	0	FUNC	GLOBAL	ReleaseAlarm
0x000011a4	0	FUNC	GLOBAL	DisableIntc
0x000011a8	0	FUNC	GLOBAL	RemoveIntcHandler
0x000011ac	0	FUNC	GLOBAL	GsPutIMR
0x000011b0	0	FUNC	GLOBAL	SetGsCrt
0x000011b4	0	FUNC	GLOBAL	fstat
0x000011b8	74	OBJECT	LOCAL	NET_DNS_NO_DATA_Footer
0x000011b8	0	FUNC	GLOBAL	isatty
0x000011bc	0	FUNC	GLOBAL	open
0x000011c0	0	FUNC	GLOBAL	write
0x000011c4	0	FUNC	GLOBAL	close
0x000011c8	0	FUNC	GLOBAL	lseek
0x000011cc	0	FUNC	GLOBAL	read
0x000011d0	0	FUNC	GLOBAL	AddIntcHandler
0x000011d4	0	FUNC	GLOBAL	EnableIntc
0x000011d8	0	FUNC	GLOBAL	__sce_sema_id
0x000011e0	8	FUNC	GLOBAL	_reloctable2
0x00001208	74	OBJECT	LOCAL	NET_DNS_OTHERS_Footer
0x00001258	74	OBJECT	LOCAL	NET_EISCONN_Footer
0x000012a8	74	OBJECT	LOCAL	NET_ETIMEOUT_Footer
0x000012f8	74	OBJECT	LOCAL	NET_ECONNREFUSED_Footer
0x00001348	74	OBJECT	LOCAL	NET_ENETUNREACH_Footer
0x00001398	74	OBJECT	LOCAL	NET_ENOTCONN_Footer
0x000013e8	74	OBJECT	LOCAL	NET_ENOBUFS_Footer
0x00001438	74	OBJECT	LOCAL	NET_EMFILE_Footer
0x00001488	74	OBJECT	LOCAL	NET_EBADF_Footer
0x000014d8	74	OBJECT	LOCAL	NET_EINVAL_Footer
0x00001528	74	OBJECT	LOCAL	NET_OTHERS_Footer
0x00001578	80	OBJECT	LOCAL	sceDNAS2_SS_ID_NOUSE_Footer
0x000015c8	80	OBJECT	LOCAL	sceDNAS2_SS_ID_CAT_NOT_EXIST_Footer
0x00001618	80	OBJECT	LOCAL	sceDNAS2_SS_ID_NOT_JOIN_TO_CAT_Footer
0x00001668	123	OBJECT	LOCAL	sceDNAS2_Other_Footer
0x000016e8	28	OBJECT	LOCAL	DIRTYDNAS_ERR_USERABORT_Body
0x00001708	21	OBJECT	LOCAL	DIRTYDNAS_ERR_UNKNOWN_Body
0x00001720	1	OBJECT	LOCAL	DIRTYDNAS_ERR_USERABORT_Footer
0x00001728	1	OBJECT	LOCAL	DIRTYDNAS_ERR_UNKNOWN_Footer
0x00001ac8	32	FUNC	GLOBAL	sceDNAS2InitNoHDD
0x00001ae8	420	FUNC	GLOBAL	sceDNAS2AuthInstall
0x00001c90	460	FUNC	GLOBAL	sceDNAS2AuthDataDownload
0x00001e60	632	FUNC	GLOBAL	sceDNAS2AuthDataDownload2
0x000020d8	436	FUNC	GLOBAL	sceDNAS2AuthGetUniqueID
0x00002290	680	FUNC	GLOBAL	sceDNAS2Shutdown
0x00002538	276	FUNC	GLOBAL	sceDNAS2Abort
0x00002650	84	FUNC	GLOBAL	sceDNAS2GetStatus
0x000026a8	136	FUNC	GLOBAL	sceDNAS2SetProxy
0x00002730	116	FUNC	GLOBAL	sceDNAS2GetProxy
0x000027a8	436	FUNC	GLOBAL	sceDNAS2AuthRecordData
0x00002960	420	FUNC	GLOBAL	sceDNAS2AuthNetStart
0x00002b08	60	FUNC	GLOBAL	_sce_dnas2_symbol43
0x00002b48	256	FUNC	GLOBAL	_sce_dnas2_symbol44
0x00002c48	256	FUNC	GLOBAL	_sce_dnas2_symbol40
0x00002d48	260	FUNC	GLOBAL	_sce_dnas2_symbol26
0x00002e50	268	FUNC	GLOBAL	_sce_dnas2_symbol25
0x00002f60	256	FUNC	GLOBAL	_sce_dnas2_symbol42
0x00003060	256	FUNC	GLOBAL	_sce_dnas2_symbol101
0x00003068	48	OBJECT	GLOBAL	md5_X
0x00003160	224	FUNC	GLOBAL	_sce_dnas2_symbol46
0x00003240	256	FUNC	GLOBAL	_sce_dnas2_symbol47
0x00003340	224	FUNC	GLOBAL	_sce_dnas2_symbol100
0x00003420	224	FUNC	GLOBAL	_sce_dnas2_symbol54
0x00003500	224	FUNC	GLOBAL	_sce_dnas2_symbol48
0x000035e0	256	FUNC	GLOBAL	_sce_dnas2_symbol10
0x000036e0	232	FUNC	GLOBAL	_sce_dnas2_symbol37
0x000037c8	260	FUNC	GLOBAL	_sce_dnas2_symbol39
0x000038d0	260	FUNC	GLOBAL	_sce_dnas2_symbol55
0x000039d8	360	FUNC	GLOBAL	_sce_dnas2_symbol50
0x00003b40	276	FUNC	GLOBAL	_sce_dnas2_symbol49
0x00003c58	232	FUNC	GLOBAL	_sce_dnas2_symbol38
0x00003d40	260	FUNC	GLOBAL	_sce_dnas2_symbol41
0x00003e48	224	FUNC	GLOBAL	_sce_dnas2_symbol52
0x00003f28	224	FUNC	GLOBAL	_sce_dnas2_symbol58
0x00004008	360	FUNC	GLOBAL	_sce_dnas2_symbol53
0x00004170	276	FUNC	GLOBAL	_sce_dnas2_symbol51
0x00004288	456	FUNC	GLOBAL	_sce_dnas2_symbol56
0x00004450	0	OBJECT	GLOBAL	_sce_dnas2_symbol103
0x00004450	0	OBJECT	GLOBAL	_sce_dnas2_symbol105
0x00004478	0	OBJECT	GLOBAL	_sce_dnas2_symbol107
0x00004478	0	OBJECT	GLOBAL	_sce_dnas2_symbol108
0x00004498	52	OBJECT	GLOBAL	__mon_yday
0x00005280	724	FUNC	GLOBAL	__sce_dnas2_symbol80008
0x00005558	68	FUNC	GLOBAL	__sce_dnas2_symbol80009
0x000055a0	100	FUNC	GLOBAL	__sce_dnas2_symbol80007
0x00005608	216	FUNC	GLOBAL	__sce_dnas2_symbol80002
0x000056e0	144	FUNC	GLOBAL	__sce_dnas2_symbol80003
0x00005770	288	FUNC	GLOBAL	__sce_dnas2_symbol80004
0x00005890	172	FUNC	GLOBAL	__sce_dnas2_symbol80006
0x00005af8	116	FUNC	GLOBAL	_sce_dnas2_symbol114
0x000066d8	12	OBJECT	LOCAL	fmt.6
0x00006748	256	OBJECT	LOCAL	__clz_tab
0x00006848	256	OBJECT	LOCAL	__clz_tab
0x00006948	256	OBJECT	LOCAL	__clz_tab
0x00006a48	256	OBJECT	LOCAL	__clz_tab
0x00006b48	257	OBJECT	GLOBAL	_ctype_
0x00006d10	16	OBJECT	LOCAL	blanks.29
0x00006d20	16	OBJECT	LOCAL	zeroes.30
0x00006f00	16	OBJECT	LOCAL	blanks.12
0x00006f10	16	OBJECT	LOCAL	zeroes.13
0x000070f0	48	OBJECT	LOCAL	lconv
0x00007190	8	OBJECT	LOCAL	huge
0x000071a0	8	OBJECT	LOCAL	one
0x000071a8	16	OBJECT	LOCAL	Zero
0x000071b8	8	OBJECT	LOCAL	ln2_hi
0x000071c0	8	OBJECT	LOCAL	ln2_lo
0x000071c8	8	OBJECT	LOCAL	two54
0x000071d0	8	OBJECT	LOCAL	Lg1
0x000071d8	8	OBJECT	LOCAL	Lg2
0x000071e0	8	OBJECT	LOCAL	Lg3
0x000071e8	8	OBJECT	LOCAL	Lg4
0x000071f0	8	OBJECT	LOCAL	Lg5
0x000071f8	8	OBJECT	LOCAL	Lg6
0x00007200	8	OBJECT	LOCAL	Lg7
0x00007208	8	OBJECT	LOCAL	zero
0x00007218	8	OBJECT	LOCAL	ivln10
0x00007220	8	OBJECT	LOCAL	log10_2hi
0x00007228	8	OBJECT	LOCAL	log10_2lo
0x00007238	8	OBJECT	GLOBAL	sn___infinity
0x00008148	16	FUNC	GLOBAL	BIO_set_flags
0x00008158	8	FUNC	GLOBAL	BIO_get_flags
0x00008160	16	FUNC	GLOBAL	BIO_set_retry_special
0x00008170	16	FUNC	GLOBAL	BIO_set_retry_read
0x00008180	16	FUNC	GLOBAL	BIO_set_retry_write
0x00008190	20	FUNC	GLOBAL	BIO_clear_flags
0x000081a8	20	FUNC	GLOBAL	BIO_clear_retry_flags
0x000081c0	12	FUNC	GLOBAL	BIO_get_retry_flags
0x000081d0	12	FUNC	GLOBAL	BIO_should_read
0x000081e0	12	FUNC	GLOBAL	BIO_should_write
0x000081f0	12	FUNC	GLOBAL	BIO_should_io_special
0x00008200	12	FUNC	GLOBAL	BIO_retry_type
0x00008210	12	FUNC	GLOBAL	BIO_should_retry
0x00008220	8	FUNC	GLOBAL	BIO_set_cb
0x00008228	8	FUNC	GLOBAL	BIO_set_cb_arg
0x00008230	8	FUNC	GLOBAL	BIO_get_cb_arg
0x00008238	8	FUNC	GLOBAL	BIO_get_cb
0x00008240	12	FUNC	GLOBAL	BIO_set_bio_cb
0x00008250	12	FUNC	GLOBAL	BIO_method_name
0x00008260	12	FUNC	GLOBAL	BIO_method_type
0x00008270	12	FUNC	GLOBAL	BIO_s_socket
0x00008280	104	FUNC	GLOBAL	BIO_new_socket
0x00008640	20	FUNC	GLOBAL	sslcert_set_clear
0x00008658	48	FUNC	GLOBAL	SSLCERT_set_flag
0x00008688	716	FUNC	GLOBAL	SSLCERT_set_field
0x00008958	60	FUNC	GLOBAL	SSLCERT_get_flag
0x00008998	72	FUNC	GLOBAL	SSLCERT_new
0x000089e0	72	FUNC	GLOBAL	SSLCERT_free
0x00008a28	72	FUNC	GLOBAL	SSLCERT_verify
0x00008a70	72	FUNC	GLOBAL	SSLCERT_digest
0x00008ab8	72	FUNC	GLOBAL	SSLCERT_to_binary
0x00008b00	72	FUNC	GLOBAL	SSLCERT_from_binary
0x00008b48	72	FUNC	GLOBAL	SSLCERT_reference_inc
0x00008b90	72	FUNC	GLOBAL	SSLCERT_get_signature_type
0x00008bd8	72	FUNC	GLOBAL	SSLCERT_subject_name_cmp
0x00008c20	72	FUNC	GLOBAL	SSLCERT_get_issuer_name
0x00008c68	72	FUNC	GLOBAL	SSLCERT_get_subject_name
0x00008cb0	72	FUNC	GLOBAL	SSLCERT_get_pubkey
0x00008cf8	144	FUNC	GLOBAL	SSLCERT_get_serialNumber_info
0x00008d88	152	FUNC	GLOBAL	SSLCERT_get_notAfter
0x00008e20	152	FUNC	GLOBAL	SSLCERT_get_notBefore
0x00008eb8	72	FUNC	GLOBAL	SSLCERT_NAME_new
0x00008f00	72	FUNC	GLOBAL	SSLCERT_NAME_free
0x00008f48	72	FUNC	GLOBAL	SSLCERT_NAME_dup
0x00008f90	72	FUNC	GLOBAL	SSLCERT_NAME_hash
0x00008fd8	72	FUNC	GLOBAL	SSLCERT_NAME_cmp
0x00009020	72	FUNC	GLOBAL	SSLCERT_NAME_from_binary
0x00009068	72	FUNC	GLOBAL	SSLCERT_NAME_to_binary
0x000090b0	132	FUNC	GLOBAL	SSLCERT_NAME_get_info
0x00009138	72	FUNC	GLOBAL	SSLCERT_NAME_get_entry_count
0x00009180	72	FUNC	GLOBAL	SSLCERT_NAME_get_entry
0x000091c8	240	FUNC	GLOBAL	SSLCERT_NAME_ENTRY_get_info
0x000092b8	36	FUNC	GLOBAL	SSLCERT_NAME_ENTRY_get_oid_info
0x000092e0	48	FUNC	GLOBAL	SSLCERT_NAME_ENTRY_get_data_info
0x00009310	72	FUNC	GLOBAL	SSLCERT_STORE_new
0x00009358	72	FUNC	GLOBAL	SSLCERT_STORE_free
0x000093a0	72	FUNC	GLOBAL	SSLCERT_STORE_load_locations
0x000093e8	72	FUNC	GLOBAL	SSLCERT_STORE_set_default_paths
0x00009430	48	FUNC	GLOBAL	SSLCERT_STORE_set_verify_cb
0x00009460	72	FUNC	GLOBAL	SSLCERT_STORE_get_by_subject
0x000094a8	72	FUNC	GLOBAL	SSLCERT_STORE_CTX_new
0x000094f0	72	FUNC	GLOBAL	SSLCERT_STORE_CTX_init
0x00009538	72	FUNC	GLOBAL	SSLCERT_STORE_CTX_free
0x00009580	72	FUNC	GLOBAL	SSLCERT_STORE_CTX_cleanup
0x000095c8	72	FUNC	GLOBAL	SSLCERT_STORE_CTX_get_ex_new_index
0x00009610	72	FUNC	GLOBAL	SSLCERT_STORE_CTX_cleanup_ex_data
0x00009658	72	FUNC	GLOBAL	SSLCERT_STORE_CTX_set_ex_data
0x000096a0	72	FUNC	GLOBAL	SSLCERT_STORE_CTX_get_ex_data
0x000096e8	72	FUNC	GLOBAL	SSLCERT_STORE_CTX_get_error
0x00009730	72	FUNC	GLOBAL	SSLCERT_STORE_CTX_set_error
0x00009778	72	FUNC	GLOBAL	SSLCERT_STORE_CTX_get_error_depth
0x000097c0	72	FUNC	GLOBAL	SSLCERT_STORE_CTX_get_current_cert
0x00009808	72	FUNC	GLOBAL	SSLCERT_do_application_cb
0x00009850	72	FUNC	GLOBAL	SSLCERT_do_verify_cb
0x00009898	72	FUNC	GLOBAL	SSLCERT_check_private_key
0x000098e0	72	FUNC	GLOBAL	SSLCERT_PEM_read_bio_SSLCERT
0x00009928	72	FUNC	GLOBAL	SSLCERT_from_binary_bio
0x00009970	72	FUNC	GLOBAL	SSLCERT_PKEY_new
0x000099b8	72	FUNC	GLOBAL	SSLCERT_PKEY_free
0x00009a00	72	FUNC	GLOBAL	SSLCERT_PKEY_from_binary
0x00009a48	72	FUNC	GLOBAL	SSLCERT_PKEY_from_PUBKEY_binary
0x00009a90	72	FUNC	GLOBAL	SSLCERT_PKEY_reference_inc
0x00009ad8	72	FUNC	GLOBAL	SSLCERT_get_version
0x00009b20	460	FUNC	GLOBAL	SSLCERT_OID_to_string
0x00009cf0	440	FUNC	GLOBAL	ERR_put_error
0x00009ed8	468	FUNC	GLOBAL	ERR_get_state
0x0000a0b0	292	FUNC	GLOBAL	lh_new
0x0000a1d8	136	FUNC	GLOBAL	lh_free
0x0000a260	236	FUNC	GLOBAL	lh_insert
0x0000a350	184	FUNC	GLOBAL	lh_delete
0x0000a408	88	FUNC	GLOBAL	lh_retrieve
0x0000a460	8	FUNC	GLOBAL	lh_doall
0x0000a468	152	FUNC	GLOBAL	lh_doall_arg
0x0000a8a8	208	FUNC	GLOBAL	lh_strhash
0x0000a978	216	FUNC	GLOBAL	_sce_dnas2_symbol104
0x0000ab08	216	FUNC	GLOBAL	_sce_dnas2_symbol133
0x0000abe0	160	FUNC	GLOBAL	_sce_dnas2_symbol140
0x0000ac80	160	FUNC	GLOBAL	_sce_dnas2_symbol141
0x0000ad20	172	FUNC	GLOBAL	_sce_dnas2_symbol143
0x0000add0	172	FUNC	GLOBAL	_sce_dnas2_symbol144
0x0000ae80	212	FUNC	GLOBAL	_sce_dnas2_symbol145
0x0000af58	188	FUNC	GLOBAL	_sce_dnas2_symbol137
0x0000b018	256	FUNC	GLOBAL	_sce_dnas2_symbol138
0x0000b118	276	FUNC	GLOBAL	_sce_dnas2_symbol139
0x0000b230	216	FUNC	GLOBAL	_sce_dnas2_symbol130
0x0000b308	160	FUNC	GLOBAL	_sce_dnas2_symbol168
0x0000b3a8	160	FUNC	GLOBAL	_sce_dnas2_symbol169
0x0000b448	188	FUNC	GLOBAL	_sce_dnas2_symbol170
0x0000b508	188	FUNC	GLOBAL	_sce_dnas2_symbol171
0x0000b5c8	212	FUNC	GLOBAL	_sce_dnas2_symbol172
0x0000b6a0	212	FUNC	GLOBAL	_sce_dnas2_symbol165
0x0000b778	268	FUNC	GLOBAL	_sce_dnas2_symbol166
0x0000b888	296	FUNC	GLOBAL	_sce_dnas2_symbol167
0x0000b9b0	0	OBJECT	GLOBAL	_sce_dnas2_symbol131
0x0000bf00	284	FUNC	GLOBAL	R_lockid_new
0x0000c020	156	FUNC	GLOBAL	R_lockids_free
0x0000c0c0	112	FUNC	GLOBAL	R_lock_num
0x0000c130	192	FUNC	GLOBAL	R_lock_get_name
0x0000c1f0	12	FUNC	GLOBAL	R_lock_get_cb
0x0000c200	12	FUNC	GLOBAL	R_locked_add_get_cb
0x0000c210	16	FUNC	GLOBAL	R_lock_set_cb
0x0000c220	16	FUNC	GLOBAL	R_locked_add_set_cb
0x0000c230	44	FUNC	GLOBAL	R_lock_ctrl
0x0000c260	184	FUNC	GLOBAL	R_locked_add
0x0000c318	12	FUNC	GLOBAL	R_thread_get_id_cb
0x0000c328	16	FUNC	GLOBAL	R_thread_id_set_cb
0x0000c338	56	FUNC	GLOBAL	R_thread_id
0x0000c370	132	FUNC	GLOBAL	R_mem_ctrl
0x0000c3f8	76	FUNC	GLOBAL	R_set_mem_functions
0x0000c448	36	FUNC	GLOBAL	R_set_locked_mem_functions
0x0000c470	56	FUNC	GLOBAL	R_get_mem_functions
0x0000c4a8	40	FUNC	GLOBAL	R_get_locked_mem_functions
0x0000c4d0	36	FUNC	GLOBAL	R_malloc_locked
0x0000c4f8	36	FUNC	GLOBAL	R_free_locked
0x0000c520	36	FUNC	GLOBAL	R_malloc
0x0000c548	36	FUNC	GLOBAL	R_realloc
0x0000c570	36	FUNC	GLOBAL	R_free
0x0000c598	52	FUNC	GLOBAL	R_remalloc
0x0000c630	344	FUNC	GLOBAL	SSLv23_client_method
0x0000c788	652	FUNC	GLOBAL	ssl23_connect
0x0000d148	56	FUNC	GLOBAL	ssl23_data_init
0x0000d190	36	FUNC	GLOBAL	sslv23_base_method
0x0000d498	164	FUNC	GLOBAL	ssl23_write_bytes
0x0000d540	152	FUNC	GLOBAL	ssl23_read_bytes
0x0000d608	344	FUNC	GLOBAL	SSLv2_client_method
0x0000d760	1000	FUNC	GLOBAL	ssl2_connect
0x0000ecd8	600	FUNC	GLOBAL	ssl2_set_certificate
0x0000f030	496	FUNC	GLOBAL	ssl2_enc_init
0x0000f220	56	FUNC	GLOBAL	ssl2_data_init
0x0000f260	36	FUNC	GLOBAL	sslv2_base_method
0x0000f288	8	FUNC	GLOBAL	ssl2_num_ciphers
0x0000f290	52	FUNC	GLOBAL	ssl2_get_cipher
0x0000f2c8	12	FUNC	GLOBAL	ssl2_pending
0x0000f2d8	104	FUNC	GLOBAL	ssl2_new
0x0000f340	112	FUNC	GLOBAL	ssl2_free
0x0000f3b0	124	FUNC	GLOBAL	ssl2_clear
0x0000f430	8	FUNC	GLOBAL	ssl2_ctrl
0x0000f438	8	FUNC	GLOBAL	ssl2_ctx_ctrl
0x0000f440	276	FUNC	GLOBAL	ssl2_get_cipher_by_char
0x0000f558	76	FUNC	GLOBAL	ssl2_put_cipher_by_char
0x0000f5a8	16	FUNC	GLOBAL	ssl2_shutdown
0x0000f5b8	296	FUNC	GLOBAL	ssl2_generate_key_material
0x0000f6e0	172	FUNC	GLOBAL	ssl2_setup_buffers
0x0000f790	200	FUNC	GLOBAL	ssl2_alloc_read_buf
0x0000f858	204	FUNC	GLOBAL	ssl3_setup_buffers
0x0000f928	236	FUNC	GLOBAL	ssl3_alloc_read_buf
0x0000fa18	88	FUNC	GLOBAL	ssl3_init_finished_mac
0x0000fa70	84	FUNC	GLOBAL	ssl3_finish_mac
0x0000fad0	12	FUNC	GLOBAL	sslv3_base_method
0x0000fae0	8	FUNC	GLOBAL	ssl3_num_ciphers
0x0000fae8	52	FUNC	GLOBAL	ssl3_get_cipher
0x0000fb20	32	FUNC	GLOBAL	ssl3_pending
0x0000fb40	192	FUNC	GLOBAL	ssl3_new
0x0000fc00	188	FUNC	GLOBAL	ssl3_free
0x0000fcc0	300	FUNC	GLOBAL	ssl3_clear
0x0000fe58	268	FUNC	GLOBAL	ssl3_ctrl
0x00010068	544	FUNC	GLOBAL	ssl3_ctx_ctrl
0x00010288	264	FUNC	GLOBAL	ssl3_get_cipher_by_char
0x00010390	64	FUNC	GLOBAL	ssl3_put_cipher_by_char
0x000103d0	288	FUNC	GLOBAL	ssl3_choose_cipher
0x000104f0	220	FUNC	GLOBAL	ssl3_get_req_cert_type
0x000105d0	328	FUNC	GLOBAL	ssl3_shutdown
0x00010718	344	FUNC	GLOBAL	ssl3_write
0x00010870	224	FUNC	GLOBAL	ssl3_read
0x00010950	180	FUNC	GLOBAL	ssl3_peek
0x00010960	172	OBJECT	GLOBAL	_sce_dnas2_symbol113
0x00010a08	64	FUNC	GLOBAL	ssl3_renegotiate
0x00010a10	294	OBJECT	GLOBAL	_sce_dnas2_symbol112
0x00010a48	156	FUNC	GLOBAL	ssl3_renegotiate_check
0x00010ae8	80	FUNC	GLOBAL	SSL_library_init
0x00010b38	252	FUNC	GLOBAL	SSL_library_evp_setup
0x00010b38	78	OBJECT	GLOBAL	_sce_dnas2_symbol118
0x00010b88	94	OBJECT	GLOBAL	_sce_dnas2_symbol117
0x00010be8	97	OBJECT	GLOBAL	_sce_dnas2_symbol120
0x00010c38	96	FUNC	GLOBAL	SSL_library_cleanup
0x00010c50	162	OBJECT	GLOBAL	_sce_dnas2_symbol119
0x00010c98	112	FUNC	GLOBAL	ssl_cert_new
0x00010cf8	97	OBJECT	GLOBAL	_sce_dnas2_symbol122
0x00010d08	304	FUNC	GLOBAL	ssl_cert_free
0x00010d60	162	OBJECT	GLOBAL	_sce_dnas2_symbol121
0x00010e08	97	OBJECT	GLOBAL	_sce_dnas2_symbol124
0x00010e38	12	FUNC	GLOBAL	ssl_set_cert_type
0x00010e48	176	FUNC	GLOBAL	ssl_verify_cert_chain
0x00010e70	162	OBJECT	GLOBAL	_sce_dnas2_symbol123
0x00010ef8	28	FUNC	GLOBAL	SSL_clear
0x00010f18	97	OBJECT	GLOBAL	_sce_dnas2_symbol126
0x00010f18	308	FUNC	GLOBAL	ssl_clear_internal
0x00010f80	158	OBJECT	GLOBAL	_sce_dnas2_symbol125
0x00011020	120	OBJECT	GLOBAL	_sce_dnas2_symbol110
0x00011050	536	FUNC	GLOBAL	SSL_new
0x00011268	444	FUNC	GLOBAL	SSL_free
0x00011428	164	FUNC	GLOBAL	SSL_set_bio
0x000114d0	92	FUNC	GLOBAL	SSL_accept
0x00011530	92	FUNC	GLOBAL	SSL_connect
0x00011590	64	FUNC	GLOBAL	SSL_read
0x000115d0	92	FUNC	GLOBAL	SSL_write
0x00011630	100	FUNC	GLOBAL	SSL_shutdown
0x00011698	320	FUNC	GLOBAL	SSL_ctrl
0x000117d8	448	FUNC	GLOBAL	SSL_CTX_ctrl
0x00011998	44	FUNC	GLOBAL	ssl_cipher_id_cmp
0x000119c8	52	FUNC	GLOBAL	ssl_cipher_ptr_id_cmp
0x00011a00	44	FUNC	GLOBAL	SSL_get_ciphers
0x00011a30	56	FUNC	GLOBAL	ssl_get_ciphers_by_id
0x00011a68	156	FUNC	GLOBAL	ssl_cipher_list_to_bytes
0x00011b08	360	FUNC	GLOBAL	ssl_bytes_to_cipher_list
0x00011c70	716	FUNC	GLOBAL	SSL_CTX_new
0x00011f40	280	FUNC	GLOBAL	SSL_CTX_free
0x00012058	12	FUNC	GLOBAL	SSL_CTX_set_app_verify_cb
0x00012068	36	FUNC	GLOBAL	SSL_CTX_set_verify
0x00012090	8	FUNC	GLOBAL	SSL_CTX_set_verify_depth
0x00012098	704	FUNC	GLOBAL	ssl_set_cert_masks
0x00012168	4	OBJECT	GLOBAL	__sce_dnas2_symbol11075
0x00012358	272	FUNC	GLOBAL	ssl_update_cache
0x00012468	140	FUNC	GLOBAL	SSL_set_ssl_method
0x000124f8	408	FUNC	GLOBAL	SSL_get_error
0x00012690	160	FUNC	GLOBAL	SSL_do_handshake
0x00012730	40	FUNC	GLOBAL	SSL_set_connect_state
0x00012758	48	FUNC	GLOBAL	ssl_undefined_function
0x00012788	48	FUNC	GLOBAL	ssl_bad_method
0x000127b8	76	FUNC	GLOBAL	SSL_get_version
0x00012808	160	FUNC	GLOBAL	ssl_clear_cipher_ctx
0x000128a8	284	FUNC	GLOBAL	ssl_init_wbio_buffer
0x000129c8	84	FUNC	GLOBAL	ssl_free_wbio_buffer
0x00012a20	8	FUNC	GLOBAL	SSL_set_shutdown
0x00012a28	8	FUNC	GLOBAL	SSL_get_shutdown
0x00012a30	8	FUNC	GLOBAL	SSL_version
0x00012a38	8	FUNC	GLOBAL	SSL_get_SSL_CTX
0x00012a40	8	FUNC	GLOBAL	SSL_set_info_cb
0x00012a48	12	FUNC	GLOBAL	SSL_set_alert_info_cb
0x00012a58	8	FUNC	GLOBAL	SSL_get_info_cb
0x00012a60	8	FUNC	GLOBAL	SSL_get_alert_info_cb
0x00012a68	8	FUNC	GLOBAL	SSL_get_alert_info_cb_arg
0x00012a70	12	FUNC	GLOBAL	SSL_set_app_data_cb
0x00012a80	8	FUNC	GLOBAL	SSL_get_app_data_cb
0x00012a88	8	FUNC	GLOBAL	SSL_get_app_data_cb_arg
0x00012a90	8	FUNC	GLOBAL	SSL_state
0x00012a98	8	FUNC	GLOBAL	SSL_set_verify_result
0x00012aa0	8	FUNC	GLOBAL	SSL_get_verify_result
0x00012aa8	8	FUNC	GLOBAL	ssl_ok
0x00012ab0	8	FUNC	GLOBAL	SSL_want
0x00012ab8	8	FUNC	GLOBAL	SSL_reuse
0x00012ac0	16	FUNC	GLOBAL	SSL_feature_reset
0x00012ad0	32	FUNC	GLOBAL	SSL_feature_set
0x00012af0	36	FUNC	GLOBAL	SSL_feature_clear
0x00012b18	24	FUNC	GLOBAL	SSL_feature_test
0x00012b30	184	FUNC	GLOBAL	SSL_use_certificate
0x00012be8	184	FUNC	GLOBAL	SSL_use_PrivateKey
0x00012ca0	424	FUNC	GLOBAL	ssl_set_cert
0x00012e48	80	FUNC	GLOBAL	ssl2_peek
0x00012e98	1276	FUNC	GLOBAL	ssl2_read
0x000135c0	420	FUNC	GLOBAL	ssl2_write
0x00013b58	172	FUNC	GLOBAL	ssl2_part_read
0x00013c08	116	FUNC	GLOBAL	ssl2_do_write
0x00013ce8	32	FUNC	GLOBAL	ssl2_return_error
0x00013d08	256	FUNC	GLOBAL	ssl2_write_error
0x00013e38	344	FUNC	GLOBAL	SSLv3_client_method
0x00013f90	2036	FUNC	GLOBAL	ssl3_connect
0x00015808	12	OBJECT	GLOBAL	AIT_FeedbackCipher
0x00015818	12	OBJECT	GLOBAL	AIT_DES
0x00015828	12	OBJECT	GLOBAL	AIT_DESX
0x00015848	12	OBJECT	GLOBAL	AIT_ECB
0x00015858	12	OBJECT	GLOBAL	AIT_DES_EDE
0x00015878	12	OBJECT	GLOBAL	AIT_GenericCrypt
0x00015898	12	OBJECT	GLOBAL	AIT_CBC_INTER_LEAVED
0x000158b8	12	OBJECT	GLOBAL	AIT_OFB
0x000158d8	12	OBJECT	GLOBAL	AIT_CFB_PIPELINED
0x000158f8	12	OBJECT	GLOBAL	AIT_OFB_PIPELINED
0x00015918	12	OBJECT	GLOBAL	AIT_RC2
0x00015938	12	OBJECT	GLOBAL	AIT_RC5
0x00015958	12	OBJECT	GLOBAL	AIT_RC6
0x00015988	16	OBJECT	GLOBAL	AM_CBC_ENCRYPT
0x000159b8	16	OBJECT	GLOBAL	AM_CBC_DECRYPT
0x000159e8	16	OBJECT	GLOBAL	AM_DES_DECRYPT
0x00015a18	16	OBJECT	GLOBAL	AM_DES_ENCRYPT
0x00015a48	16	OBJECT	GLOBAL	AM_DES_EDE_DECRYPT
0x00015a78	16	OBJECT	GLOBAL	AM_DES_EDE_ENCRYPT
0x00015aa8	16	OBJECT	GLOBAL	AM_ECB_ENCRYPT
0x00015ad8	16	OBJECT	GLOBAL	AM_ECB_DECRYPT
0x00016a18	912	FUNC	GLOBAL	ssl3_get_record
0x00016b00	8	OBJECT	GLOBAL	KIT_24Byte
0x00016b08	8	OBJECT	GLOBAL	KIT_8Byte
0x00016b10	8	OBJECT	GLOBAL	KIT_DES8
0x00016b18	8	OBJECT	GLOBAL	KITItem
0x00016da8	420	FUNC	GLOBAL	ssl3_write_bytes
0x00016f50	12	OBJECT	GLOBAL	AIT_RC5_64
0x00016f50	512	FUNC	GLOBAL	ssl3_lwrite
0x00016f70	12	OBJECT	GLOBAL	AIT_AES_ECB
0x00016f80	12	OBJECT	GLOBAL	AIT_AES128_ECB
0x00016f90	12	OBJECT	GLOBAL	AIT_AES192_ECB
0x00016fa0	12	OBJECT	GLOBAL	AIT_AES256_ECB
0x00016fc0	12	OBJECT	GLOBAL	AIT_CBC
0x00016fe0	12	OBJECT	GLOBAL	AIT_CBC_IV8
0x00017000	12	OBJECT	GLOBAL	AIT_CFB
0x00017010	12	OBJECT	GLOBAL	AITChooseEncryptNull_V_TABLE
0x00017030	12	OBJECT	GLOBAL	AIT_ECAcceleratorTable
0x00017040	12	OBJECT	GLOBAL	AIT_ECAcceleratorTablePointer
0x00017060	12	OBJECT	GLOBAL	AIT_PKCS_RSAPublic
0x00017080	12	OBJECT	GLOBAL	AIT_RESET_IV
0x00017090	12	OBJECT	GLOBAL	AIT_INIT_VECTOR
0x000170c0	16	OBJECT	GLOBAL	AM_RSA_DECRYPT
0x000170d0	16	OBJECT	GLOBAL	AM_RSA_ENCRYPT
0x00017160	12	OBJECT	GLOBAL	AM_FAUX_AIT
0x0001717c	4	OBJECT	GLOBAL	DEVICE_NAME_FLAG
0x00017180	8	OBJECT	GLOBAL	KIT_RSAPublicBER
0x00017200	8	OBJECT	GLOBAL	KIT_RSAPublic
0x00017260	1936	FUNC	GLOBAL	ssl3_read_bytes
0x00017530	12	OBJECT	GLOBAL	AIT_RSAPublic
0x00017548	8	OBJECT	GLOBAL	ASN_NullEncoding
0x00017550	8	OBJECT	GLOBAL	ASN_NoEncoding
0x00017558	1	OBJECT	GLOBAL	_A_BeginConstructed
0x00017559	1	OBJECT	GLOBAL	_A_EndConstructedSet
0x000175b0	8	OBJECT	GLOBAL	KIT_PKCS_RSAPrivate
0x000175b8	8	OBJECT	GLOBAL	KIT_PKCS_RSAMultiPrimePrivate
0x00017680	16	OBJECT	LOCAL	__ps2_libinfo__
0x00017690	16	OBJECT	LOCAL	__ps2_libinfo__
0x000176a0	4	OBJECT	LOCAL	sema_id
0x000176a4	4	OBJECT	LOCAL	thread_count
0x000176a8	4	OBJECT	LOCAL	thread_head
0x000176ac	4	OBJECT	LOCAL	thread_tail
0x000176b0	4	OBJECT	LOCAL	socket_head
0x000176b4	4	OBJECT	LOCAL	socket_tail
0x000176b8	4	OBJECT	LOCAL	enomem.45
0x000176bc	4	OBJECT	LOCAL	netdb_internal.49
0x000176c0	4	OBJECT	LOCAL	static_aliases
0x000176c8	8	OBJECT	LOCAL	static_h_addr_list
0x000176d0	16	OBJECT	LOCAL	__ps2_libinfo__
0x000176e0	16	OBJECT	LOCAL	__ps2_libinfo__
0x000176f0	16	OBJECT	LOCAL	gp.6
0x00017700	748	OBJECT	LOCAL	impure_data
0x000179ec	4	OBJECT	GLOBAL	_impure_ptr
0x000179f0	4	OBJECT	LOCAL	__malloc_lock_owner
0x000179f4	4	OBJECT	LOCAL	call_count
0x000179f8	1032	OBJECT	GLOBAL	__malloc_av_
0x00017b38	176	FUNC	GLOBAL	ssl3_send_alert
0x00017be8	380	FUNC	GLOBAL	ssl3_dispatch_alert
0x00017d68	116	FUNC	GLOBAL	ssl3_do_write
0x00017de0	48	FUNC	GLOBAL	SIO_socket_nbio
0x00017e00	8	OBJECT	GLOBAL	__malloc_trim_threshold
0x00017e08	8	OBJECT	GLOBAL	__malloc_top_pad
0x00017e10	60	FUNC	GLOBAL	SIO_sock_should_retry
0x00017e10	4	OBJECT	GLOBAL	__malloc_sbrk_base
0x00017e18	8	OBJECT	GLOBAL	__malloc_max_sbrked_mem
0x00017e20	8	OBJECT	GLOBAL	__malloc_max_total_mem
0x00017e28	40	OBJECT	GLOBAL	__malloc_current_mallinfo
0x00017e50	84	FUNC	GLOBAL	SIO_sock_non_fatal_error
0x00017e50	37	OBJECT	LOCAL	lower.9
0x00017e78	4	OBJECT	LOCAL	cumulative_written.21
0x00017e7c	4	OBJECT	LOCAL	pch_pointer.22
0x00017e80	4	OBJECT	LOCAL	cumulative_written.4
0x00017e84	4	OBJECT	LOCAL	pch_pointer.5
0x00017e88	4	OBJECT	GLOBAL	__mb_cur_max
0x00017e90	8	OBJECT	LOCAL	lc_ctype.3
0x00017e98	8	OBJECT	LOCAL	last_lc_ctype.4
0x00017ea0	4	OBJECT	GLOBAL	errno
0x00017ea8	4	OBJECT	LOCAL	initial_env
0x00017eac	4	OBJECT	GLOBAL	environ
0x00017eb0	432	OBJECT	LOCAL	JIS_state_table
0x00017fb8	404	FUNC	GLOBAL	ssl_cipher_get_evp
0x00018060	432	OBJECT	LOCAL	JIS_action_table
0x000181b8	3204	FUNC	GLOBAL	ssl_create_cipher_list
0x00018210	0	OBJECT	GLOBAL	_fbss
0x00018240	0	NOTYPE	LOCAL	_DirtyDnasRel_UniqueID
0x00018250	0	NOTYPE	LOCAL	_DirtyDnasRel_State
0x00018398	0	NOTYPE	LOCAL	lastcycle.3
0x000183c0	0	NOTYPE	LOCAL	g_netbuf
0x00018bc0	0	NOTYPE	LOCAL	g_threadstack
0x00018e40	1052	FUNC	GLOBAL	SSL_CIPHER_description
0x00019260	32	FUNC	GLOBAL	SSL_CIPHER_get_id
0x00019280	80	FUNC	GLOBAL	SSL_CIPHER_get_version
0x000192d0	24	FUNC	GLOBAL	SSL_CIPHER_get_name
0x000192e8	8	FUNC	GLOBAL	SSL_CIPHER_get_valid
0x000192f0	148	FUNC	GLOBAL	SSL_CIPHER_get_bits
0x00019388	8	FUNC	GLOBAL	SSL_load_error_strings
0x00019390	8	FUNC	GLOBAL	SSL_get_session
0x00019398	80	FUNC	GLOBAL	SSL_SESSION_get_ex_new_index
0x000193e8	28	FUNC	GLOBAL	SSL_SESSION_set_ex_data
0x00019408	28	FUNC	GLOBAL	SSL_SESSION_get_ex_data
0x00019428	148	FUNC	GLOBAL	SSL_SESSION_new
0x000194c0	416	FUNC	GLOBAL	ssl_get_new_session
0x00019660	704	FUNC	GLOBAL	ssl_get_prev_session
0x00019920	324	FUNC	GLOBAL	SSL_CTX_add_session
0x00019a68	144	FUNC	GLOBAL	SSL_CTX_remove_session
0x00019b88	248	FUNC	GLOBAL	SSL_SESSION_free
0x00019bc0	0	NOTYPE	LOCAL	g_workerthread
0x00019bc4	0	NOTYPE	LOCAL	g_socketopen
0x00019bc8	0	NOTYPE	LOCAL	g_info
0x00019bdc	0	NOTYPE	LOCAL	g_isocket
0x00019be0	0	NOTYPE	LOCAL	_uHeapStart
0x00019be4	0	NOTYPE	LOCAL	_uHeapAlloc
0x00019be8	0	NOTYPE	LOCAL	_uHeapEnd
0x00019c80	28	FUNC	GLOBAL	SSL_SESSION_reference_inc
0x00019ca0	328	FUNC	GLOBAL	SSL_set_session
0x00019de8	24	FUNC	GLOBAL	SSL_SESSION_set_timeout
0x00019e00	24	FUNC	GLOBAL	SSL_SESSION_get_timeout
0x00019e18	88	FUNC	GLOBAL	SSL_SESSION_get_time
0x00019e70	88	FUNC	GLOBAL	SSL_SESSION_set_time
0x00019ec8	24	FUNC	GLOBAL	SSL_CTX_set_timeout
0x00019ee0	24	FUNC	GLOBAL	SSL_CTX_get_timeout
0x00019fb0	208	FUNC	GLOBAL	SSL_CTX_flush_sessions
0x0001a080	168	FUNC	GLOBAL	ssl_clear_bad_session
0x0001a220	8	FUNC	GLOBAL	SSL_SESSION_get_peer_certificate
0x0001a228	8	FUNC	GLOBAL	SSL_SESSION_get_master_key_length
0x0001a230	8	FUNC	GLOBAL	SSL_SESSION_get_master_key
0x0001a238	8	FUNC	GLOBAL	SSL_SESSION_get_session_id_length
0x0001a240	8	FUNC	GLOBAL	SSL_SESSION_get_session_id
0x0001a248	12	FUNC	GLOBAL	get_sslc_global
0x0001a258	80	FUNC	GLOBAL	SSL_EVP_PKEY_bits
0x0001a2a8	88	FUNC	GLOBAL	SSL_EVP_PKEY_size
0x0001a300	80	FUNC	GLOBAL	SSL_EVP_PKEY_save_parameters
0x0001a350	80	FUNC	GLOBAL	SSL_EVP_PKEY_copy_parameters
0x0001a3a0	64	FUNC	GLOBAL	SSL_EVP_PKEY_missing_parameters
0x0001a3e0	80	FUNC	GLOBAL	SSL_EVP_PKEY_cmp_parameters
0x0001a430	28	FUNC	GLOBAL	SSL_EVP_PKEY_new
0x0001a450	8	FUNC	GLOBAL	SSL_EVP_PKEY_reference_inc
0x0001a458	28	FUNC	GLOBAL	SSL_EVP_PKEY_assign
0x0001a478	28	FUNC	GLOBAL	SSL_EVP_PKEY_key_type
0x0001a498	8	FUNC	GLOBAL	SSL_EVP_PKEY_free
0x0001a4a0	200	FUNC	GLOBAL	SSL_X509_certificate_type_ex
0x0001a568	104	FUNC	GLOBAL	SSL_X509_certificate_type
0x0001a5d0	20	FUNC	GLOBAL	sk_set_cmp_func
0x0001a5e8	148	FUNC	GLOBAL	sk_dup
0x0001a680	156	FUNC	GLOBAL	sk_new
0x0001a720	280	FUNC	GLOBAL	sk_find
0x0001a838	136	FUNC	GLOBAL	sk_move
0x0001a8c0	32	FUNC	GLOBAL	sk_push
0x0001a8e0	28	FUNC	GLOBAL	sk_unshift
0x0001a900	48	FUNC	GLOBAL	sk_shift
0x0001a930	52	FUNC	GLOBAL	sk_pop
0x0001a968	64	FUNC	GLOBAL	sk_zero
0x0001a9a8	144	FUNC	GLOBAL	sk_clear
0x0001aa38	40	FUNC	GLOBAL	sk_pop_free
0x0001aa60	76	FUNC	GLOBAL	sk_free
0x0001aae0	344	FUNC	GLOBAL	TLSv1_client_method
0x0001ac40	12	FUNC	GLOBAL	tlsv1_base_method
0x0001ac50	68	FUNC	GLOBAL	tls1_new
0x0001ac98	8	FUNC	GLOBAL	tls1_free
0x0001aca0	44	FUNC	GLOBAL	tls1_clear
0x0001acd0	84	FUNC	GLOBAL	SSL_enable_time
0x0001ad28	12	FUNC	GLOBAL	X509_get_subject_name
0x0001ad38	964	FUNC	GLOBAL	X509_NAME_oneline
0x0001b100	304	FUNC	GLOBAL	__sce_dnas2_symbol11073
0x0001b230	304	FUNC	GLOBAL	__sce_dnas2_symbol11074
0x0001b360	244	FUNC	GLOBAL	__sce_dnas2_symbol11079
0x0001b458	1468	FUNC	GLOBAL	__sce_dnas2_symbol11071
0x0001ba18	572	FUNC	GLOBAL	__sce_dnas2_symbol11070
0x0001bc58	280	FUNC	GLOBAL	__sce_dnas2_symbol11068
0x0001bd70	280	FUNC	GLOBAL	__sce_dnas2_symbol11069
0x0001be88	232	FUNC	GLOBAL	__sce_dnas2_symbol11078
0x0001bf70	228	FUNC	GLOBAL	__sce_dnas2_symbol11072
0x0001c058	228	FUNC	GLOBAL	__sce_dnas2_symbol11076
0x0001c140	232	FUNC	GLOBAL	__sce_dnas2_symbol11077
0x0001c228	232	FUNC	GLOBAL	__sce_dnas2_symbol11067
0x0001d9a8	20	FUNC	GLOBAL	__sce_dnas2_symbol11088
0x0001d9c0	100	FUNC	GLOBAL	__sce_dnas2_symbol11082
0x0001da28	132	FUNC	GLOBAL	__sce_dnas2_symbol11061
0x0001dab0	332	FUNC	GLOBAL	__sce_dnas2_symbol11085
0x0001dc00	64	FUNC	GLOBAL	__sce_dnas2_symbol11084
0x0001dec0	240	FUNC	GLOBAL	__sce_dnas2_symbol11093
0x0001e140	396	FUNC	GLOBAL	__sce_dnas2_symbol11103
0x0001e2d0	92	FUNC	GLOBAL	__sce_dnas2_symbol11096
0x0001e330	28	FUNC	GLOBAL	__sce_dnas2_symbol11097
0x0001e350	20	FUNC	GLOBAL	__sce_dnas2_symbol11106
0x0001e368	28	FUNC	GLOBAL	__sce_dnas2_symbol11107
0x0001e388	72	FUNC	GLOBAL	__sce_dnas2_symbol11101
0x0001e3d0	20	FUNC	GLOBAL	__sce_dnas2_symbol11109
0x0001e628	240	FUNC	GLOBAL	__sce_dnas2_symbol11092
0x0001e8a8	396	FUNC	GLOBAL	__sce_dnas2_symbol11102
0x0001ea38	92	FUNC	GLOBAL	__sce_dnas2_symbol11094
0x0001ea98	28	FUNC	GLOBAL	__sce_dnas2_symbol11095
0x0001eab8	20	FUNC	GLOBAL	__sce_dnas2_symbol11104
0x0001ead0	28	FUNC	GLOBAL	__sce_dnas2_symbol11105
0x0001eaf0	72	FUNC	GLOBAL	__sce_dnas2_symbol11100
0x0001eb38	20	FUNC	GLOBAL	__sce_dnas2_symbol11108
0x0001eb50	132	FUNC	GLOBAL	__sce_dnas2_symbol11060
0x0001ebd8	132	FUNC	GLOBAL	__sce_dnas2_symbol11059
0x0001ec60	132	FUNC	GLOBAL	__sce_dnas2_symbol11058
0x0001ece8	132	FUNC	GLOBAL	__sce_dnas2_symbol11089
0x0001ed70	140	FUNC	GLOBAL	__sce_dnas2_symbol11119
0x0001ee00	140	FUNC	GLOBAL	__sce_dnas2_symbol11118
0x0001ee90	140	FUNC	GLOBAL	__sce_dnas2_symbol11117
0x0001ef20	140	FUNC	GLOBAL	__sce_dnas2_symbol11115
0x0001efb0	36	FUNC	GLOBAL	__sce_dnas2_symbol11114
0x0001efd8	36	FUNC	GLOBAL	__sce_dnas2_symbol11113
0x0001f000	44	FUNC	GLOBAL	__sce_dnas2_symbol11112
0x0001f030	44	FUNC	GLOBAL	__sce_dnas2_symbol11110
0x0001f060	132	FUNC	GLOBAL	__sce_dnas2_symbol11090
0x0001f0e8	140	FUNC	GLOBAL	__sce_dnas2_symbol11083
0x0001f178	44	FUNC	GLOBAL	__sce_dnas2_symbol11111
0x0001f528	1076	FUNC	GLOBAL	__sce_dnas2_symbol11062
0x0001fab0	680	FUNC	GLOBAL	__sce_dnas2_symbol11127
0x0001fd58	512	FUNC	GLOBAL	__sce_dnas2_symbol11125
0x0001ff58	780	FUNC	GLOBAL	__sce_dnas2_symbol11128
0x00020268	60	FUNC	GLOBAL	__sce_dnas2_symbol11140
0x00020688	268	FUNC	GLOBAL	__sce_dnas2_symbol11065
0x00020798	264	FUNC	GLOBAL	__sce_dnas2_symbol11064
0x000208a0	776	FUNC	GLOBAL	__sce_dnas2_symbol11063
0x00020ba8	692	FUNC	GLOBAL	__sce_dnas2_symbol11141
0x00020e90	580	FUNC	GLOBAL	__sce_dnas2_symbol11138
0x00021108	1324	FUNC	GLOBAL	__sce_dnas2_symbol11066
0x00021700	152	FUNC	GLOBAL	__sce_dnas2_symbol11170
0x00021798	228	FUNC	GLOBAL	__sce_dnas2_symbol11080
0x00021978	928	FUNC	GLOBAL	_sce_dnas2_symbol15
0x00021d18	16	FUNC	GLOBAL	_sce_dnas2_symbol20
0x00021d28	16	FUNC	GLOBAL	_sce_dnas2_symbol19
0x00021d38	40	FUNC	GLOBAL	_sce_dnas2_symbol22
0x00021d60	40	FUNC	GLOBAL	_sce_dnas2_symbol12
0x00021d88	168	FUNC	GLOBAL	_sce_dnas2_symbol4
0x00021ee8	16	FUNC	GLOBAL	_sce_dnas2_symbol1
0x00021ef8	108	FUNC	GLOBAL	_sce_dnas2_symbol17
0x00021f68	2068	FUNC	GLOBAL	_sce_dnas2_symbol21
0x00023c38	1192	FUNC	GLOBAL	_sce_dnas2_symbol14
0x000257d0	772	FUNC	GLOBAL	_sce_dnas2_symbol13
0x00025ad8	568	FUNC	GLOBAL	i2t_ASN1_OBJECT
0x00025d10	12	FUNC	GLOBAL	BIO_f_buffer
0x000267a0	124	FUNC	GLOBAL	BIO_new
0x00026820	196	FUNC	GLOBAL	BIO_set
0x000268e8	224	FUNC	GLOBAL	BIO_free
0x000269c8	284	FUNC	GLOBAL	BIO_read
0x00026ae8	376	FUNC	GLOBAL	BIO_write
0x00026c60	32	FUNC	GLOBAL	BIO_int_ctrl
0x00026c80	244	FUNC	GLOBAL	BIO_ctrl
0x00026d78	128	FUNC	GLOBAL	BIO_push
0x00026df8	116	FUNC	GLOBAL	BIO_pop
0x00026e70	8	FUNC	GLOBAL	BIO_get_retry_reason
0x00026e78	76	FUNC	GLOBAL	BIO_free_all
0x00026ec8	64	FUNC	GLOBAL	BIO_copy_next_retry
0x00026f08	12	FUNC	GLOBAL	BN_get_default_exp_table
0x00026f18	52	FUNC	GLOBAL	BN_default_init
0x00026f50	84	FUNC	GLOBAL	BUF_MEM_new
0x00026fa8	88	FUNC	GLOBAL	BUF_MEM_free
0x00027000	196	FUNC	GLOBAL	BUF_MEM_grow
0x000270c8	132	FUNC	GLOBAL	BUF_MEM_append
0x00027150	144	FUNC	GLOBAL	BUF_MEM_consume
0x000271e0	140	FUNC	GLOBAL	BUF_strdup
0x00027638	936	FUNC	GLOBAL	SSLCERT_normal_setup
0x000279e0	12	FUNC	GLOBAL	get_common_global
0x000279f0	164	FUNC	GLOBAL	crypto_sslc_digest_init
0x00027a98	64	FUNC	GLOBAL	crypto_sslc_digest_update
0x00027ad8	80	FUNC	GLOBAL	crypto_sslc_digest_final
0x00027b28	164	FUNC	GLOBAL	crypto_sslc_dh_key_exch_init
0x00027bd0	292	FUNC	GLOBAL	crypto_sslc_dh_key_exch_phase_1
0x00027cf8	316	FUNC	GLOBAL	crypto_sslc_dh_key_exch_phase_2
0x00027e38	8	FUNC	GLOBAL	crypto_sslc_ecdh_key_exch_init
0x00027e40	72	FUNC	GLOBAL	crypto_sslc_ecdh_key_exch_phase_1
0x00027e88	72	FUNC	GLOBAL	crypto_sslc_ecdh_key_exch_phase_2
0x00027ed0	96	FUNC	GLOBAL	crypto_sslc_encrypt_init
0x00027f30	56	FUNC	GLOBAL	crypto_sslc_encrypt
0x00027f68	96	FUNC	GLOBAL	crypto_sslc_decrypt_init
0x00027fc8	56	FUNC	GLOBAL	crypto_sslc_decrypt
0x00028000	0	OBJECT	GLOBAL	_heap_end
0x00028000	0	OBJECT	GLOBAL	_heap_size
0x00028000	8	FUNC	GLOBAL	crypto_sslc_null_cipher_encrypt_init
0x00028008	72	FUNC	GLOBAL	crypto_sslc_null_cipher_encrypt
0x00028050	8	FUNC	GLOBAL	crypto_sslc_null_cipher_decrypt_init
0x00028058	72	FUNC	GLOBAL	crypto_sslc_null_cipher_decrypt
0x000280a0	8	FUNC	GLOBAL	crypto_sslc_null_key_exch_init
0x000280a8	72	FUNC	GLOBAL	crypto_sslc_null_key_exch_phase_1
0x000280f0	72	FUNC	GLOBAL	crypto_sslc_null_key_exch_phase_2
0x00028138	56	FUNC	GLOBAL	crypto_sslc_random_seed
0x00028170	84	FUNC	GLOBAL	crypto_sslc_random_gen_rand
0x000281c8	224	FUNC	GLOBAL	crypto_sslc_rsa_public_encrypt_init
0x000282a8	60	FUNC	GLOBAL	crypto_sslc_rsa_public_encrypt
0x000282e8	224	FUNC	GLOBAL	crypto_sslc_rsa_public_decrypt_init
0x000283c8	60	FUNC	GLOBAL	crypto_sslc_rsa_public_decrypt
0x00028408	224	FUNC	GLOBAL	crypto_sslc_rsa_private_encrypt_init
0x000284e8	60	FUNC	GLOBAL	crypto_sslc_rsa_private_encrypt
0x00028528	224	FUNC	GLOBAL	crypto_sslc_rsa_private_decrypt_init
0x00028608	60	FUNC	GLOBAL	crypto_sslc_rsa_private_decrypt
0x00028648	88	FUNC	GLOBAL	crypto_sslc_3des_ctx_init
0x000286a0	136	FUNC	GLOBAL	crypto_sslc_cipher_ctx_init
0x00028728	60	FUNC	GLOBAL	crypto_sslc_cipher_ctx_final
0x00028768	164	FUNC	GLOBAL	crypto_sslc_cipher_get_info
0x00028810	164	FUNC	GLOBAL	crypto_sslc_cipher_set_info
0x000288b8	84	FUNC	GLOBAL	crypto_sslc_des_ctx_init
0x00028910	116	FUNC	GLOBAL	crypto_sslc_digest_ctx_init
0x00028988	72	FUNC	GLOBAL	crypto_sslc_digest_ctx_final
0x000289d0	64	FUNC	GLOBAL	crypto_sslc_digest_get_info
0x00028a10	64	FUNC	GLOBAL	crypto_sslc_digest_set_info
0x00028a50	52	FUNC	GLOBAL	crypto_sslc_dh_ctx_init
0x00028a88	44	FUNC	GLOBAL	crypto_sslc_dh_ctx_final
0x00028ab8	60	FUNC	GLOBAL	crypto_sslc_dh_get_info
0x00028af8	16	FUNC	GLOBAL	crypto_sslc_dh_set_info
0x00028b08	8	FUNC	GLOBAL	crypto_sslc_ecdh_ctx_init
0x00028b10	8	FUNC	GLOBAL	crypto_sslc_ecdh_ctx_final
0x00028b18	8	FUNC	GLOBAL	crypto_sslc_ecdh_get_info
0x00028b20	8	FUNC	GLOBAL	crypto_sslc_ecdh_set_info
0x00028b28	8	FUNC	GLOBAL	crypto_sslc_null_cipher_ctx_init
0x00028b30	8	FUNC	GLOBAL	crypto_sslc_null_cipher_ctx_final
0x00028b38	60	FUNC	GLOBAL	crypto_sslc_null_cipher_get_info
0x00028b78	56	FUNC	GLOBAL	crypto_sslc_null_cipher_set_info
0x00028bb0	8	FUNC	GLOBAL	crypto_sslc_null_key_exch_ctx_init
0x00028bb8	8	FUNC	GLOBAL	crypto_sslc_null_key_exch_ctx_final
0x00028bc0	32	FUNC	GLOBAL	crypto_sslc_null_key_exch_get_info
0x00028be0	16	FUNC	GLOBAL	crypto_sslc_null_key_exch_set_info
0x00028bf0	8	FUNC	GLOBAL	crypto_sslc_random_ctx_init
0x00028bf8	40	FUNC	GLOBAL	crypto_sslc_random_ctx_final
0x00028c20	40	FUNC	GLOBAL	crypto_sslc_random_get_info
0x00028c48	40	FUNC	GLOBAL	crypto_sslc_random_set_info
0x00028c70	52	FUNC	GLOBAL	crypto_sslc_rsa_ctx_init
0x00028ca8	44	FUNC	GLOBAL	crypto_sslc_rsa_ctx_final
0x00028cd8	16	FUNC	GLOBAL	crypto_sslc_rsa_get_info
0x00028ce8	16	FUNC	GLOBAL	crypto_sslc_rsa_set_info
0x00028cf8	324	FUNC	GLOBAL	d2i_PrivateKey
0x00028e40	932	FUNC	GLOBAL	d2i_DSAPrivateKey
0x000291e8	44	FUNC	GLOBAL	DH_new
0x00029218	12	FUNC	GLOBAL	DH_set_default_meth
0x00029228	132	FUNC	GLOBAL	DH_free
0x000292b0	100	FUNC	GLOBAL	DH_size
0x00029318	52	FUNC	GLOBAL	DH_set
0x00029350	328	FUNC	GLOBAL	DH_get
0x00029498	92	FUNC	GLOBAL	DH_generate_key
0x000294f8	192	FUNC	GLOBAL	DH_compute_key
0x000295b8	136	FUNC	GLOBAL	DH_params_dup
0x00029640	36	FUNC	GLOBAL	SSL_enable_DH
0x00029668	232	FUNC	GLOBAL	EVP_DigestInit
0x00029750	44	FUNC	GLOBAL	EVP_DigestUpdate
0x00029780	96	FUNC	GLOBAL	EVP_DigestFinal
0x000297e0	76	FUNC	GLOBAL	DSA_new
0x00029830	84	FUNC	GLOBAL	DSA_size
0x00029888	132	FUNC	GLOBAL	DSA_sign_setup
0x00029910	164	FUNC	GLOBAL	DSA_sign
0x000299b8	164	FUNC	GLOBAL	DSA_verify
0x00029a60	88	FUNC	GLOBAL	DSA_free
0x00029ab8	84	FUNC	GLOBAL	DSA_params_dup
0x00029b10	92	FUNC	GLOBAL	SSL_enable_DSA
0x00029b70	44	FUNC	GLOBAL	do_DSAparams_dup
0x00029ba0	108	FUNC	GLOBAL	dsa_size_cb
0x00029c10	12	FUNC	GLOBAL	EVP_des_ede_cbc
0x00029c20	12	FUNC	GLOBAL	EVP_des_ede3_cbc
0x00029d98	12	FUNC	GLOBAL	EVP_des_cbc
0x00029e08	12	FUNC	GLOBAL	EVP_rc2_cbc
0x00029e18	12	FUNC	GLOBAL	EVP_rc2_64_cbc
0x00029e28	12	FUNC	GLOBAL	EVP_rc2_40_cbc
0x00029f20	12	FUNC	GLOBAL	EVP_enc_null
0x00029ff0	12	FUNC	GLOBAL	EVP_rc4
0x0002a000	12	FUNC	GLOBAL	EVP_rc4_40
0x0002a010	132	FUNC	GLOBAL	ERR_STATE_free
0x0002a098	116	FUNC	GLOBAL	ERR_free_strings
0x0002a110	36	FUNC	GLOBAL	ERR_clear_error
0x0002a138	44	FUNC	GLOBAL	ERR_get_error
0x0002a168	44	FUNC	GLOBAL	ERR_peek_error
0x0002a198	304	FUNC	GLOBAL	err_get_error_values
0x0002a2c8	200	FUNC	GLOBAL	ERR_remove_state
0x0002a390	268	FUNC	GLOBAL	ERR_add_error_data
0x0002a4a0	244	FUNC	GLOBAL	EVP_CIPHER_CTX_init
0x0002a598	128	FUNC	GLOBAL	EVP_CIPHER_CTX_new
0x0002a618	124	FUNC	GLOBAL	EVP_EncryptInit
0x0002a698	124	FUNC	GLOBAL	EVP_DecryptInit
0x0002a718	344	FUNC	GLOBAL	EVP_EncryptUpdate
0x0002a870	60	FUNC	GLOBAL	EVP_CIPHER_CTX_free
0x0002a8b0	116	FUNC	GLOBAL	EVP_CIPHER_CTX_cleanup
0x0002a928	8	FUNC	GLOBAL	EVP_MD_size
0x0002a930	12	FUNC	GLOBAL	EVP_MD_CTX_size
0x0002a940	8	FUNC	GLOBAL	EVP_CIPHER_key_length
0x0002a948	8	FUNC	GLOBAL	EVP_CIPHER_iv_length
0x0002a950	12	FUNC	GLOBAL	EVP_CIPHER_CTX_block_size
0x0002a960	28	FUNC	GLOBAL	EVP_CIPHER_CTX_key_length
0x0002a980	8	FUNC	GLOBAL	EVP_CIPHER_CTX_set_key_length
0x0002a988	8	FUNC	GLOBAL	EVP_CIPHER_CTX_ex_long
0x0002a990	8	FUNC	GLOBAL	EVP_CIPHER_CTX_set_ex_long
0x0002a998	116	FUNC	GLOBAL	EVP_MD_CTX_new
0x0002aa10	68	FUNC	GLOBAL	EVP_MD_CTX_free
0x0002aa58	104	FUNC	GLOBAL	EVP_OBJ_add_cipher
0x0002aac0	228	FUNC	GLOBAL	EVP_OBJ_add_digest
0x0002aba8	28	FUNC	GLOBAL	EVP_OBJ_get_cipherbyname
0x0002abc8	28	FUNC	GLOBAL	EVP_OBJ_get_digestbyname
0x0002abe8	32	FUNC	GLOBAL	EVP_OBJ_cleanup
0x0002ac08	36	FUNC	GLOBAL	EVP_OBJ_add_cipher_alias
0x0002ac30	36	FUNC	GLOBAL	EVP_OBJ_add_digest_alias
0x0002ac58	28	FUNC	GLOBAL	EVP_OBJ_delete_cipher_alias
0x0002ac78	28	FUNC	GLOBAL	EVP_OBJ_delete_digest_alias
0x0002ac98	24	FUNC	GLOBAL	CRYPTO_EX_DATA_FUNCS_free
0x0002acb0	316	FUNC	GLOBAL	CRYPTO_get_ex_new_index
0x0002adf0	236	FUNC	GLOBAL	CRYPTO_set_ex_data
0x0002aee0	52	FUNC	GLOBAL	CRYPTO_get_ex_data
0x0002af18	224	FUNC	GLOBAL	CRYPTO_dup_ex_data
0x0002aff8	212	FUNC	GLOBAL	CRYPTO_free_ex_data
0x0002b0d0	196	FUNC	GLOBAL	CRYPTO_new_ex_data
0x0002b198	204	FUNC	GLOBAL	HMAC_new
0x0002b268	112	FUNC	GLOBAL	HMAC_free
0x0002b2d8	8	FUNC	GLOBAL	HMAC_digest
0x0002b2e0	264	FUNC	GLOBAL	HMAC_copy
0x0002b3e8	420	FUNC	GLOBAL	HMAC_Init
0x0002b590	8	FUNC	GLOBAL	HMAC_Update
0x0002b598	140	FUNC	GLOBAL	HMAC_Final
0x0002b628	68	FUNC	GLOBAL	HMAC_cleanup
0x0002b670	232	FUNC	GLOBAL	HMAC
0x0002b758	444	FUNC	GLOBAL	i2d_DSAparams
0x0002b918	12	FUNC	GLOBAL	EVP_dss1
0x0002b928	12	FUNC	GLOBAL	EVP_md2
0x0002b938	12	FUNC	GLOBAL	EVP_md5
0x0002b948	12	FUNC	GLOBAL	EVP_md5_digest
0x0002b958	12	FUNC	GLOBAL	EVP_sha1_digest
0x0002b968	12	FUNC	GLOBAL	EVP_sha1
0x0002b978	12	FUNC	GLOBAL	MD2_options
0x0002b988	80	FUNC	GLOBAL	MD2_Init
0x0002b9d8	252	FUNC	GLOBAL	MD2_Update
0x0002bd00	240	FUNC	GLOBAL	MD2_Final
0x0002bdf0	80	FUNC	GLOBAL	MD5_Init
0x0002be40	456	FUNC	GLOBAL	MD5_Update
0x0002c008	884	FUNC	GLOBAL	md5_block_small
0x0002c380	436	FUNC	GLOBAL	MD5_Final
0x0002c538	256	FUNC	GLOBAL	MD5_Transform
0x0002c638	72	FUNC	GLOBAL	OBJ_NAME_init
0x0002c680	392	FUNC	GLOBAL	OBJ_NAME_new_index
0x0002c8f8	216	FUNC	GLOBAL	OBJ_NAME_get
0x0002c9d0	284	FUNC	GLOBAL	OBJ_NAME_add
0x0002caf0	180	FUNC	GLOBAL	OBJ_NAME_remove
0x0002cbd8	176	FUNC	GLOBAL	OBJ_NAME_cleanup
0x0002cf20	104	FUNC	GLOBAL	OBJ_cleanup
0x0002cf88	20	FUNC	GLOBAL	OBJ_new_nid
0x0002cfa0	372	FUNC	GLOBAL	OBJ_add_object
0x0002d118	180	FUNC	GLOBAL	OBJ_nid2obj
0x0002d1d0	184	FUNC	GLOBAL	OBJ_nid2sn
0x0002d288	188	FUNC	GLOBAL	OBJ_nid2ln
0x0002d348	144	FUNC	GLOBAL	OBJ_obj2nid
0x0002d3d8	132	FUNC	GLOBAL	OBJ_ln2nid
0x0002d460	128	FUNC	GLOBAL	OBJ_sn2nid
0x0002d520	212	FUNC	GLOBAL	OBJ_bsearch
0x0002d5f8	540	FUNC	GLOBAL	OBJ_create_objects
0x0002d818	268	FUNC	GLOBAL	OBJ_create
0x0002d978	392	FUNC	GLOBAL	OBJ_dup
0x0002db00	52	FUNC	GLOBAL	OBJ_cmp
0x0002db38	80	FUNC	GLOBAL	EVP_PKEY_bits
0x0002db88	84	FUNC	GLOBAL	EVP_PKEY_size
0x0002dbe0	48	FUNC	GLOBAL	EVP_PKEY_save_parameters
0x0002dc10	312	FUNC	GLOBAL	EVP_PKEY_copy_parameters
0x0002dd48	72	FUNC	GLOBAL	EVP_PKEY_missing_parameters
0x0002dd90	164	FUNC	GLOBAL	EVP_PKEY_cmp_parameters
0x0002de38	96	FUNC	GLOBAL	EVP_PKEY_new
0x0002de98	28	FUNC	GLOBAL	EVP_PKEY_reference_inc
0x0002deb8	108	FUNC	GLOBAL	EVP_PKEY_assign
0x0002df28	28	FUNC	GLOBAL	EVP_PKEY_key_type
0x0002df48	76	FUNC	GLOBAL	EVP_PKEY_get_num_primes
0x0002df98	160	FUNC	GLOBAL	EVP_PKEY_type
0x0002e038	8	FUNC	GLOBAL	EVP_PKEY_save_type
0x0002e040	100	FUNC	GLOBAL	EVP_PKEY_free
0x0002e148	20	FUNC	GLOBAL	EVP_PKEY_get_RSA
0x0002e160	20	FUNC	GLOBAL	EVP_PKEY_get_DSA
0x0002e178	20	FUNC	GLOBAL	EVP_PKEY_get_DH
0x0002e190	344	FUNC	GLOBAL	EVP_SignFinal
0x0002e2e8	348	FUNC	GLOBAL	EVP_VerifyFinal
0x0002e448	56	FUNC	GLOBAL	PEM_read_bio_X509
0x0002e480	676	FUNC	GLOBAL	PEM_ASN1_read_bio
0x0002e728	444	FUNC	GLOBAL	PEM_do_header
0x0002e8e8	572	FUNC	GLOBAL	PEM_get_EVP_CIPHER_CTX
0x0002ec38	1488	FUNC	GLOBAL	PEM_read_bio
0x0002f208	64	FUNC	GLOBAL	_sce_dnas2_symbol135
0x0002f248	104	FUNC	GLOBAL	_sce_dnas2_symbol134
0x0002f2b0	12	FUNC	GLOBAL	PK_METH_dh
0x0002f2c0	104	FUNC	GLOBAL	pk_dh_sslc_cleanup
0x0002f328	764	FUNC	GLOBAL	pk_dh_sslc_init
0x0002f628	256	FUNC	GLOBAL	pk_dh_sslc_generate_key
0x0002f728	476	FUNC	GLOBAL	pk_dh_sslc_compute_key
0x0002f908	228	FUNC	GLOBAL	pk_dh_sslc_final
0x0002f9f0	404	FUNC	GLOBAL	pk_dh_sslc_get
0x0002fb88	8	FUNC	GLOBAL	pk_unimplemented
0x0002fb90	72	FUNC	GLOBAL	PK_CTX_new
0x0002fbd8	104	FUNC	GLOBAL	PK_CTX_free
0x0002fc40	48	FUNC	GLOBAL	PK_CTX_set
0x0002fc70	76	FUNC	GLOBAL	PK_priv_enc
0x0002fcc0	76	FUNC	GLOBAL	PK_pub_dec
0x0002fd10	76	FUNC	GLOBAL	PK_pub_enc
0x0002fd60	76	FUNC	GLOBAL	PK_priv_dec
0x0002fdb0	44	FUNC	GLOBAL	PK_phase1
0x0002fde0	76	FUNC	GLOBAL	PK_phase2
0x0002fe30	60	FUNC	GLOBAL	PK_get_pubkey
0x0002fe70	40	FUNC	GLOBAL	PK_get_eitem
0x0002fe98	36	FUNC	GLOBAL	PK_get_info
0x0002fec0	12	FUNC	GLOBAL	PK_METH_rsa_pkcs1
0x0002fed0	280	FUNC	GLOBAL	pk_rsa_sslc_cleanup
0x0002ffe8	1336	FUNC	GLOBAL	pk_rsa_sslc_init
0x00030520	148	FUNC	GLOBAL	pk_rsa_sslc
0x000305b8	420	FUNC	GLOBAL	pk_rsa_private_encrypt_sslc
0x00030760	628	FUNC	GLOBAL	pk_rsa_crt_sslc
0x000309d8	336	FUNC	GLOBAL	pk_rsa_private_decrypt_sslc
0x00030b28	508	FUNC	GLOBAL	pk_rsa_public_encrypt_sslc
0x00030d28	260	FUNC	GLOBAL	pk_rsa_verify
0x00030e30	416	FUNC	GLOBAL	pk_rsa_public_decrypt_sslc
0x00030fd0	180	FUNC	GLOBAL	rsa_padding_add_pkcs1_type_1
0x00031088	188	FUNC	GLOBAL	rsa_padding_check_pkcs1_type_1
0x00031148	276	FUNC	GLOBAL	rsa_padding_add_pkcs1_type_2
0x00031260	180	FUNC	GLOBAL	rsa_padding_check_pkcs1_type_2
0x00031318	188	FUNC	GLOBAL	pk_rsa_get
0x000313d8	12	FUNC	GLOBAL	R_EITEM_init
0x000313e8	272	FUNC	GLOBAL	R_EITEM_set
0x000314f8	192	FUNC	GLOBAL	R_EITEMS_dup
0x000315b8	96	FUNC	GLOBAL	R_EITEM_free
0x00031618	80	FUNC	GLOBAL	R_EITEMS_new
0x00031668	172	FUNC	GLOBAL	R_EITEMS_free
0x00031718	64	FUNC	GLOBAL	R_EITEMS_add
0x000317e0	224	FUNC	GLOBAL	R_EITEMS_add_item
0x000318c0	152	FUNC	GLOBAL	R_EITEMS_delete
0x00031958	248	FUNC	GLOBAL	R_EITEMS_find_item
0x00031a50	136	FUNC	GLOBAL	R_EITEMS_check_list
0x00031ad8	8	FUNC	GLOBAL	R_time_size
0x00031ae0	52	FUNC	GLOBAL	R_time
0x00031b18	12	FUNC	GLOBAL	R_time_get_func
0x00031b28	12	FUNC	GLOBAL	R_time_set_func
0x00031b38	88	FUNC	GLOBAL	R_mtime
0x00031b90	36	FUNC	GLOBAL	R_mtime_set
0x00031bb8	176	FUNC	GLOBAL	R_mtime_offset
0x00031c68	172	FUNC	GLOBAL	R_mtime_cmp
0x00031d18	92	FUNC	GLOBAL	R_mtime_import
0x00031d78	76	FUNC	GLOBAL	R_mtime_export
0x00031dc8	80	FUNC	GLOBAL	R_mtime_set_all
0x00031e18	100	FUNC	GLOBAL	R_rand_set_default
0x00031e80	52	FUNC	GLOBAL	R_rand_seed
0x00031eb8	52	FUNC	GLOBAL	R_rand_bytes
0x00031ef0	220	FUNC	GLOBAL	R_rand_new
0x00031fd0	80	FUNC	GLOBAL	R_rand_free
0x00032020	40	FUNC	GLOBAL	R_rand_lib_cleanup
0x00032048	56	FUNC	GLOBAL	R_rand_add_entropy
0x00032080	88	FUNC	GLOBAL	R_rand_entropy_count
0x000320d8	120	FUNC	GLOBAL	R_rand_get_default
0x00032150	92	FUNC	GLOBAL	R_time_new
0x000321b0	8	FUNC	GLOBAL	R_time_free
0x000321b8	52	FUNC	GLOBAL	R_time_offset
0x000321f0	12	FUNC	GLOBAL	R_time_get_offset_func
0x00032200	12	FUNC	GLOBAL	R_time_set_offset_func
0x00032210	88	FUNC	GLOBAL	R_time_from_int
0x00032268	88	FUNC	GLOBAL	R_time_to_int
0x000322c0	52	FUNC	GLOBAL	R_time_cmp
0x000322f8	12	FUNC	GLOBAL	R_time_get_cmp_func
0x00032308	12	FUNC	GLOBAL	R_time_set_cmp_func
0x00032318	52	FUNC	GLOBAL	R_time_import
0x00032350	12	FUNC	GLOBAL	R_time_get_import_func
0x00032360	12	FUNC	GLOBAL	R_time_set_import_func
0x00032370	52	FUNC	GLOBAL	R_time_export
0x000323a8	12	FUNC	GLOBAL	R_time_get_export_func
0x000323b8	12	FUNC	GLOBAL	R_time_set_export_func
0x000323c8	3452	FUNC	GLOBAL	RC2_cbc_encrypt
0x00033148	7720	FUNC	GLOBAL	RC2_encrypt
0x00034f70	7184	FUNC	GLOBAL	RC2_decrypt
0x00036b80	420	FUNC	GLOBAL	RC2_set_key
0x00036d28	188	FUNC	GLOBAL	RC4
0x00036de8	148	FUNC	GLOBAL	RC4_set_key
0x00036e80	12	FUNC	GLOBAL	RC4_options
0x00036e90	120	FUNC	GLOBAL	R_rand_meth_sha1
0x000374e8	72	FUNC	GLOBAL	SSL_enable_RSA
0x00037530	152	FUNC	GLOBAL	RSA_free
0x000375c8	44	FUNC	GLOBAL	RSA_new
0x000375f8	12	FUNC	GLOBAL	RSA_set_default_meth
0x00037608	140	FUNC	GLOBAL	RSA_get
0x00037698	56	FUNC	GLOBAL	RSA_set
0x000376d0	104	FUNC	GLOBAL	RSA_size
0x00037738	312	FUNC	GLOBAL	RSA_verify
0x00037870	340	FUNC	GLOBAL	RSA_sign
0x000379c8	148	FUNC	GLOBAL	RSA_public_encrypt
0x00037a60	148	FUNC	GLOBAL	RSA_private_encrypt
0x00037af8	148	FUNC	GLOBAL	RSA_public_decrypt
0x00037b90	204	FUNC	GLOBAL	d2i_RSAPrivateKey
0x00037c60	184	FUNC	GLOBAL	RSA_dup
0x00037d18	20	FUNC	GLOBAL	RSA_flags
0x00037d30	188	FUNC	GLOBAL	rsa_get_pk_ctx
0x00037df0	12	FUNC	GLOBAL	RSA_set_sign_cb
0x00037e00	12	FUNC	GLOBAL	RSA_set_ASN1_OCTET_sign_cb
0x00037e10	12	FUNC	GLOBAL	RSA_set_verify_cb
0x00037e20	12	FUNC	GLOBAL	RSA_set_ASN1_OCTET_verify_cb
0x00037e30	44	FUNC	GLOBAL	RSA_sign_ASN1_OCTET_STRING
0x00037e60	44	FUNC	GLOBAL	RSA_verify_ASN1_OCTET_STRING
0x00037e90	164	FUNC	GLOBAL	ssl2_enc
0x00037f38	276	FUNC	GLOBAL	ssl2_mac
0x00038050	208	FUNC	GLOBAL	ssl3_send_finished
0x00038120	260	FUNC	GLOBAL	ssl3_get_finished
0x00038228	80	FUNC	GLOBAL	ssl3_send_change_cipher_spec
0x00038278	1084	FUNC	GLOBAL	ssl3_output_cert_chain
0x000386b8	596	FUNC	GLOBAL	ssl3_get_message
0x00038910	168	FUNC	GLOBAL	ssl_cert_type
0x000389b8	112	FUNC	GLOBAL	ssl_verify_alarm_type
0x00038c88	868	FUNC	GLOBAL	ssl3_change_cipher_state
0x00038ff0	268	FUNC	GLOBAL	ssl3_setup_key_block
0x00039100	88	FUNC	GLOBAL	ssl3_cleanup_key_block
0x00039158	432	FUNC	GLOBAL	ssl3_enc
0x00039308	36	FUNC	GLOBAL	ssl3_cert_verify_mac
0x00039330	148	FUNC	GLOBAL	ssl3_final_finish_mac
0x000394f0	464	FUNC	GLOBAL	ssl3_mac
0x000396c0	348	FUNC	GLOBAL	ssl3_generate_master_secret
0x00039820	148	FUNC	GLOBAL	ssl3_alert_code
0x000398b8	40	FUNC	GLOBAL	ssl3_part_read
0x000398e0	76	FUNC	GLOBAL	SSL_get_ex_data_X509_STORE_CTX_idx
0x00039930	8	FUNC	GLOBAL	SSL_get_rbio
0x00039938	8	FUNC	GLOBAL	SSL_get_wbio
0x00039940	8	FUNC	GLOBAL	SSL_get_verify_mode
0x00039948	8	FUNC	GLOBAL	SSL_get_verify_depth
0x00039950	8	FUNC	GLOBAL	SSL_get_verify_cb
0x00039958	8	FUNC	GLOBAL	SSL_CTX_get_verify_mode
0x00039960	8	FUNC	GLOBAL	SSL_CTX_get_verify_depth
0x00039968	8	FUNC	GLOBAL	SSL_CTX_get_verify_cb
0x00039970	12	FUNC	GLOBAL	SSL_set_verify
0x00039980	8	FUNC	GLOBAL	SSL_set_verify_depth
0x00039988	8	FUNC	GLOBAL	SSL_set_read_ahead
0x00039990	8	FUNC	GLOBAL	SSL_get_read_ahead
0x00039998	36	FUNC	GLOBAL	SSL_get_default_timeout
0x000399c0	44	FUNC	GLOBAL	SSL_SESSION_hash
0x000399f0	64	FUNC	GLOBAL	SSL_SESSION_cmp
0x00039a30	416	FUNC	GLOBAL	ssl_set_pkey
0x00039bd0	164	FUNC	GLOBAL	sceGetTime
0x00039f40	56	FUNC	GLOBAL	des_set_odd_parity
0x00039f78	72	FUNC	GLOBAL	des_check_parity
0x00039fc0	112	FUNC	GLOBAL	des_is_weak_key
0x0003a030	996	FUNC	GLOBAL	des_set_key
0x0003a418	28	FUNC	GLOBAL	des_key_sched
0x0003a438	844	FUNC	GLOBAL	dsa_verify_cb
0x0003a788	300	FUNC	GLOBAL	rsa_sign_ASN1_OCTET_STRING_cb
0x0003a8b8	360	FUNC	GLOBAL	rsa_verify_ASN1_OCTET_STRING_cb
0x0003aa20	12	FUNC	GLOBAL	SHA1_Setup
0x0003aa30	100	FUNC	GLOBAL	SHA1_Init
0x0003aa98	1476	FUNC	GLOBAL	SHA1_Update
0x0003b060	268	FUNC	GLOBAL	SHA1_Transform
0x0003b170	1312	FUNC	GLOBAL	sha1_block
0x0003b690	756	FUNC	GLOBAL	SHA1_Final
0x0003b988	740	FUNC	GLOBAL	dsa_sign_cb
0x0003bc70	612	FUNC	GLOBAL	dsa_sign_setup_cb
0x0003bed8	404	FUNC	GLOBAL	rsa_sign_cb
0x0003c070	408	FUNC	GLOBAL	rsa_verify_cb
0x0003c208	252	FUNC	GLOBAL	sk_insert
0x0003c308	132	FUNC	GLOBAL	sk_delete
0x0003c760	1196	FUNC	GLOBAL	tls1_change_cipher_state
0x0003cc10	344	FUNC	GLOBAL	tls1_setup_key_block
0x0003cd68	720	FUNC	GLOBAL	tls1_enc
0x0003d038	84	FUNC	GLOBAL	tls1_cert_verify_mac
0x0003d090	276	FUNC	GLOBAL	tls1_final_finish_mac
0x0003d1a8	340	FUNC	GLOBAL	tls1_mac
0x0003d300	252	FUNC	GLOBAL	tls1_generate_master_secret
0x0003d400	236	FUNC	GLOBAL	tls1_alert_code
0x0003d4f0	196	FUNC	GLOBAL	time_mi_cmp
0x0003d5b8	2008	FUNC	GLOBAL	time_mi_export
0x0003dd90	1972	FUNC	GLOBAL	time_mi_import
0x0003e670	316	FUNC	GLOBAL	time_mi_loffset
0x0003e7b0	368	FUNC	GLOBAL	time_mi_offset
0x0003e920	108	FUNC	GLOBAL	time_mi_time
0x0003e990	40	FUNC	GLOBAL	X509_subject_name_cmp
0x0003e9b8	12	FUNC	GLOBAL	X509_get_issuer_name
0x0003e9c8	12	FUNC	GLOBAL	X509_get_serialNumber
0x0003e9d8	320	FUNC	GLOBAL	X509_NAME_cmp
0x0003eb18	192	FUNC	GLOBAL	X509_NAME_hash
0x0003ebd8	52	FUNC	GLOBAL	X509_get_pubkey
0x0003ec10	32	FUNC	GLOBAL	X509_get_version
0x0003ec30	16	FUNC	GLOBAL	X509_get_notBefore
0x0003ec40	16	FUNC	GLOBAL	X509_get_notAfter
0x0003ec50	40	FUNC	GLOBAL	X509_get_signature_type
0x0003ed00	168	FUNC	GLOBAL	X509_STORE_new
0x0003ede8	228	FUNC	GLOBAL	X509_STORE_free
0x0003eed0	232	FUNC	GLOBAL	X509_STORE_get_by_subject
0x0003efb8	60	FUNC	GLOBAL	X509_OBJECT_retrieve_by_subject
0x0003eff8	80	FUNC	GLOBAL	X509_STORE_CTX_get_ex_new_index
0x0003f048	72	FUNC	GLOBAL	X509_STORE_CTX_cleanup_ex_data
0x0003f090	28	FUNC	GLOBAL	X509_STORE_CTX_set_ex_data
0x0003f0b0	28	FUNC	GLOBAL	X509_STORE_CTX_get_ex_data
0x0003f0d0	76	FUNC	GLOBAL	X509_STORE_CTX_new
0x0003f120	124	FUNC	GLOBAL	X509_STORE_CTX_init
0x0003f1a0	56	FUNC	GLOBAL	X509_STORE_CTX_free
0x0003f1d8	100	FUNC	GLOBAL	X509_STORE_CTX_cleanup
0x0003f240	8	FUNC	GLOBAL	X509_STORE_CTX_set_depth
0x0003f248	8	FUNC	GLOBAL	X509_STORE_CTX_get_error
0x0003f250	8	FUNC	GLOBAL	X509_STORE_CTX_set_error
0x0003f258	8	FUNC	GLOBAL	X509_STORE_CTX_get_error_depth
0x0003f260	8	FUNC	GLOBAL	X509_STORE_CTX_get_current_cert
0x0003f268	396	FUNC	GLOBAL	X509_check_private_key
0x0003f3f8	52	FUNC	GLOBAL	X509_verify
0x0003f430	48	FUNC	GLOBAL	d2i_X509_bio
0x0003f460	44	FUNC	GLOBAL	X509_NAME_dup
0x0003f490	52	FUNC	GLOBAL	X509_digest
0x0003f4c8	144	FUNC	GLOBAL	X509_STORE_set_default_paths
0x0003f558	340	FUNC	GLOBAL	X509_STORE_load_locations
0x0003f6b8	1220	FUNC	GLOBAL	X509_verify_cert
0x0003fde0	96	FUNC	GLOBAL	X509_NAME_get_text_by_NID
0x0003fe40	172	FUNC	GLOBAL	X509_NAME_get_text_by_OBJ
0x0003fef0	24	FUNC	GLOBAL	X509_NAME_get_entry_count
0x0003ff08	24	FUNC	GLOBAL	X509_NAME_get_entries
0x0003ff20	80	FUNC	GLOBAL	X509_NAME_get_index_by_NID
0x0003ff70	152	FUNC	GLOBAL	X509_NAME_get_index_by_OBJ
0x00040008	60	FUNC	GLOBAL	X509_NAME_get_entry
0x00040048	260	FUNC	GLOBAL	X509_NAME_delete_entry
0x00040150	404	FUNC	GLOBAL	X509_NAME_add_entry
0x000402e8	136	FUNC	GLOBAL	X509_NAME_ENTRY_create_by_NID
0x00040370	236	FUNC	GLOBAL	X509_NAME_ENTRY_create_by_OBJ
0x00040460	112	FUNC	GLOBAL	X509_NAME_ENTRY_set_object
0x000404d0	196	FUNC	GLOBAL	X509_NAME_ENTRY_set_data
0x00040598	24	FUNC	GLOBAL	X509_NAME_ENTRY_get_object
0x000405b0	24	FUNC	GLOBAL	X509_NAME_ENTRY_get_data
0x000405c8	172	FUNC	GLOBAL	X509_NAME_dup_stack
0x00040678	680	FUNC	GLOBAL	i2d_X509_CINF
0x00040920	1432	FUNC	GLOBAL	d2i_X509_CINF
0x00040eb8	200	FUNC	GLOBAL	X509_CINF_new
0x00040f80	144	FUNC	GLOBAL	X509_CINF_free
0x00041010	248	FUNC	GLOBAL	i2d_X509_EXTENSION
0x00041108	588	FUNC	GLOBAL	d2i_X509_EXTENSION
0x00041358	144	FUNC	GLOBAL	X509_EXTENSION_new
0x000413e8	104	FUNC	GLOBAL	X509_EXTENSION_free
0x00041450	196	FUNC	GLOBAL	i2d_X509_PUBKEY
0x00041518	464	FUNC	GLOBAL	d2i_X509_PUBKEY
0x000416e8	124	FUNC	GLOBAL	X509_PUBKEY_new
0x00041768	92	FUNC	GLOBAL	X509_PUBKEY_free
0x000417c8	564	FUNC	GLOBAL	X509_PUBKEY_set
0x00041a00	288	FUNC	GLOBAL	X509_PUBKEY_get
0x00041b20	196	FUNC	GLOBAL	i2d_X509_SIG
0x00041be8	440	FUNC	GLOBAL	d2i_X509_SIG
0x00041da0	128	FUNC	GLOBAL	X509_SIG_new
0x00041e20	72	FUNC	GLOBAL	X509_SIG_free
0x00041e68	196	FUNC	GLOBAL	i2d_X509_VAL
0x00041f30	440	FUNC	GLOBAL	d2i_X509_VAL
0x000420e8	128	FUNC	GLOBAL	X509_VAL_new
0x00042168	72	FUNC	GLOBAL	X509_VAL_free
0x000421b0	12	FUNC	GLOBAL	X509_asn1_meth
0x000421c0	224	FUNC	GLOBAL	i2d_X509
0x000422a0	544	FUNC	GLOBAL	d2i_X509
0x000424c0	152	FUNC	GLOBAL	X509_new
0x00042558	28	FUNC	GLOBAL	X509_reference_inc
0x00042578	136	FUNC	GLOBAL	X509_free
0x00042600	20	FUNC	GLOBAL	AI_FeedbackCipher
0x000428b0	20	FUNC	GLOBAL	AI_DES
0x000428c8	20	FUNC	GLOBAL	AI_DESX
0x000428e0	20	FUNC	GLOBAL	AI_ECB
0x00042968	20	FUNC	GLOBAL	AI_DES_EDE
0x00042980	20	FUNC	GLOBAL	AI_GenericCrypt
0x00042998	128	FUNC	GLOBAL	AIT_GenericCryptAddInfo
0x00042a18	20	FUNC	GLOBAL	AI_CBC_INTER_LEAVED
0x00042a30	8	FUNC	GLOBAL	B_AlgorithmInfoTypeMakeError
0x00042a38	20	FUNC	GLOBAL	AI_OFB
0x00042a50	20	FUNC	GLOBAL	AI_CFB_PIPELINED
0x00042a68	20	FUNC	GLOBAL	AI_OFB_PIPELINED
0x00042a80	20	FUNC	GLOBAL	AI_RC2
0x00042a98	128	FUNC	GLOBAL	AIT_RC2AddInfo
0x00042b18	20	FUNC	GLOBAL	AI_RC5
0x00042b30	180	FUNC	GLOBAL	AIT_RC5AddInfo
0x00042be8	20	FUNC	GLOBAL	AI_RC6
0x00042c00	120	FUNC	GLOBAL	AIT_RC6AddInfo
0x00042c78	96	FUNC	GLOBAL	B_CreateAlgorithmObject
0x00042cd8	32	FUNC	GLOBAL	B_GetExtendedErrorInfo
0x00042cf8	44	FUNC	GLOBAL	B_ExtendedErrorDestructor
0x00042d28	44	FUNC	GLOBAL	B_ExtendedErrorConstructor
0x00042d58	80	FUNC	GLOBAL	B_DestroyAlgorithmObject
0x00042da8	108	FUNC	GLOBAL	B_SetAlgorithmInfo
0x00042e18	104	FUNC	GLOBAL	B_GetAlgorithmInfo
0x00042e80	52	FUNC	GLOBAL	AlgorithmWrapCheck
0x00042eb8	48	FUNC	GLOBAL	RandomAlgorithmCheck
0x00042ee8	16	FUNC	GLOBAL	CBCQuery
0x00042ef8	176	FUNC	GLOBAL	CBCInit
0x000433e8	44	FUNC	GLOBAL	CBCFinal
0x00043418	20	FUNC	GLOBAL	CBCGetBlockLen
0x00043430	20	FUNC	GLOBAL	CBCSetContextDestructor
0x000434d8	60	FUNC	GLOBAL	CBCResetIV
0x00043b58	56	FUNC	GLOBAL	B_AlgorithmConstructor
0x00043b90	76	FUNC	GLOBAL	B_AlgorithmDestructor
0x00043be0	36	FUNC	GLOBAL	B_AlgorithmCheckType
0x00043c08	60	FUNC	GLOBAL	B_AlgorithmCheckTypeAndInitFlag
0x00043c48	204	FUNC	GLOBAL	B_AlgorithmSetInfo
0x00043d18	152	FUNC	GLOBAL	B_AlgorithmGetInfo
0x00043db0	48	FUNC	GLOBAL	B_InfoCacheConstructor
0x00043de0	148	FUNC	GLOBAL	B_InfoCacheAddInfo
0x00043e78	68	FUNC	GLOBAL	B_InfoCacheFindInfo
0x00043ec0	48	FUNC	GLOBAL	B_InfoCacheReset
0x00043ef0	28	FUNC	GLOBAL	B_MemoryPoolConstructor
0x00043f10	40	FUNC	GLOBAL	B_MemoryPoolDestructor
0x00043f38	152	FUNC	GLOBAL	B_MemoryPoolReset
0x00043fd0	120	FUNC	GLOBAL	B_MemoryPoolAlloc
0x00044048	88	FUNC	GLOBAL	B_MemoryPoolAllocAndCopy
0x000440a0	104	FUNC	GLOBAL	B_MemoryPoolAdoptData
0x00044108	276	FUNC	GLOBAL	B_MemoryPoolAdoptHelper
0x00044220	180	FUNC	GLOBAL	B_MemoryPoolRealloc
0x000442d8	120	FUNC	GLOBAL	B_MemoryPoolFree
0x00044350	76	FUNC	GLOBAL	B_MemoryPoolFindAllocedObject
0x000443a0	104	FUNC	GLOBAL	DESDecryptInit
0x00044408	712	FUNC	GLOBAL	DESEncryptInit
0x000446d0	840	FUNC	GLOBAL	DES
0x00044a18	76	FUNC	GLOBAL	DES_EDE
0x00044a68	140	FUNC	GLOBAL	B_EncryptInit
0x00044af8	220	FUNC	GLOBAL	B_EncryptUpdate
0x00044bd8	180	FUNC	GLOBAL	B_EncryptFinal
0x00044c90	140	FUNC	GLOBAL	B_DecryptInit
0x00044d20	220	FUNC	GLOBAL	B_DecryptUpdate
0x00044e00	180	FUNC	GLOBAL	B_DecryptFinal
0x00044eb8	104	FUNC	GLOBAL	B_CreateKeyObject
0x00044f20	32	FUNC	GLOBAL	B_GetKeyExtendedErrorInfo
0x00044f40	100	FUNC	GLOBAL	B_DestroyKeyObject
0x00044fa8	108	FUNC	GLOBAL	B_SetKeyInfo
0x00045018	108	FUNC	GLOBAL	B_GetKeyInfo
0x00045088	56	FUNC	GLOBAL	KeyWrapCheck
0x000450c0	20	FUNC	GLOBAL	KI_24Byte
0x000450d8	92	FUNC	GLOBAL	KIT_24ByteAddInfo
0x00045138	92	FUNC	GLOBAL	KIT_24ByteMakeInfo
0x00045198	20	FUNC	GLOBAL	KI_8Byte
0x000451b0	92	FUNC	GLOBAL	KIT_8ByteAddInfo
0x00045210	92	FUNC	GLOBAL	KIT_8ByteMakeInfo
0x00045270	20	FUNC	GLOBAL	KI_DES8
0x00045288	104	FUNC	GLOBAL	KIT_DES8AddInfo
0x000452f0	76	FUNC	GLOBAL	KIT_DES8MakeInfo
0x00045340	20	FUNC	GLOBAL	KI_Item
0x00045358	80	FUNC	GLOBAL	KITItemAddInfo
0x000453a8	8	FUNC	GLOBAL	B_KeyInfoTypeMakeError
0x000453b0	204	FUNC	GLOBAL	GetInternalAttributes
0x00045480	32	FUNC	GLOBAL	ResizeContextConstructor
0x000454a0	76	FUNC	GLOBAL	ResizeContextDestructor
0x000454f0	136	FUNC	GLOBAL	ResizeContextMakeNewContext
0x00045578	216	FUNC	GLOBAL	__sce_dnas2_symbol11002
0x00045708	216	FUNC	GLOBAL	__sce_dnas2_symbol11003
0x000457e0	160	FUNC	GLOBAL	__sce_dnas2_symbol11010
0x00045880	160	FUNC	GLOBAL	__sce_dnas2_symbol11011
0x00045920	172	FUNC	GLOBAL	__sce_dnas2_symbol11013
0x000459d0	172	FUNC	GLOBAL	__sce_dnas2_symbol11014
0x00045a80	212	FUNC	GLOBAL	__sce_dnas2_symbol11015
0x00045b58	188	FUNC	GLOBAL	__sce_dnas2_symbol11007
0x00045c18	256	FUNC	GLOBAL	__sce_dnas2_symbol11008
0x00045d18	276	FUNC	GLOBAL	__sce_dnas2_symbol11009
0x00045e30	216	FUNC	GLOBAL	__sce_dnas2_symbol11000
0x00045f08	160	FUNC	GLOBAL	__sce_dnas2_symbol11036
0x00045fa8	160	FUNC	GLOBAL	__sce_dnas2_symbol11037
0x00046048	188	FUNC	GLOBAL	__sce_dnas2_symbol11038
0x00046108	188	FUNC	GLOBAL	__sce_dnas2_symbol11039
0x000461c8	212	FUNC	GLOBAL	__sce_dnas2_symbol11040
0x000462a0	212	FUNC	GLOBAL	__sce_dnas2_symbol11033
0x00046378	268	FUNC	GLOBAL	__sce_dnas2_symbol11034
0x00046488	296	FUNC	GLOBAL	__sce_dnas2_symbol11035
0x000469c8	676	FUNC	GLOBAL	__sce_dnas2_symbol11120
0x00046c70	832	FUNC	GLOBAL	__sce_dnas2_symbol11121
0x00046fb0	428	FUNC	GLOBAL	__sce_dnas2_symbol11122
0x00047160	36	FUNC	GLOBAL	T_memset
0x00047188	36	FUNC	GLOBAL	T_memcpy
0x000471b0	36	FUNC	GLOBAL	T_memmove
0x000471d8	44	FUNC	GLOBAL	T_memcmp
0x00047208	28	FUNC	GLOBAL	T_malloc
0x00047228	112	FUNC	GLOBAL	T_realloc
0x00047298	36	FUNC	GLOBAL	T_free
0x000472c0	20	FUNC	GLOBAL	T_strlen
0x000472d8	20	FUNC	GLOBAL	T_strcpy
0x000472f0	20	FUNC	GLOBAL	T_strcmp
0x00047508	272	FUNC	GLOBAL	i2d_ASN1_BIT_STRING
0x00047618	492	FUNC	GLOBAL	d2i_ASN1_BIT_STRING
0x00047808	132	FUNC	GLOBAL	i2d_ASN1_BOOLEAN
0x00047890	184	FUNC	GLOBAL	d2i_ASN1_BOOLEAN
0x00047948	184	FUNC	GLOBAL	ASN1_d2i_fp
0x00047a00	668	FUNC	GLOBAL	ASN1_d2i_bio
0x00047ca0	284	FUNC	GLOBAL	ASN1_digest
0x00047dc0	196	FUNC	GLOBAL	ASN1_dup
0x00047e88	432	FUNC	GLOBAL	i2d_ASN1_INTEGER
0x00048038	564	FUNC	GLOBAL	d2i_ASN1_INTEGER
0x00048270	148	FUNC	GLOBAL	ASN1_INTEGER_get
0x00048308	168	FUNC	GLOBAL	i2d_ASN1_OBJECT
0x000483b0	604	FUNC	GLOBAL	a2d_ASN1_OBJECT
0x00048610	428	FUNC	GLOBAL	d2i_ASN1_OBJECT
0x000487c0	100	FUNC	GLOBAL	ASN1_OBJECT_new
0x00048828	168	FUNC	GLOBAL	ASN1_OBJECT_free
0x000488d0	60	FUNC	GLOBAL	ASN1_OBJECT_create
0x00048910	328	FUNC	GLOBAL	ASN1_PRINTABLE_type
0x00048a58	32	FUNC	GLOBAL	i2d_ASN1_UTCTIME
0x00048a78	164	FUNC	GLOBAL	d2i_ASN1_UTCTIME
0x00048b20	520	FUNC	GLOBAL	ASN1_UTCTIME_check
0x00048d28	300	FUNC	GLOBAL	ASN1_get_object
0x00048f18	260	FUNC	GLOBAL	ASN1_put_object
0x000490c0	132	FUNC	GLOBAL	ASN1_object_size
0x00049148	128	FUNC	GLOBAL	asn1_Finish
0x000491c8	216	FUNC	GLOBAL	asn1_GetSequence
0x000492a0	220	FUNC	GLOBAL	ASN1_STRING_set
0x00049380	28	FUNC	GLOBAL	ASN1_STRING_new
0x000493a0	100	FUNC	GLOBAL	ASN1_STRING_type_new
0x00049408	76	FUNC	GLOBAL	ASN1_STRING_free
0x00049458	116	FUNC	GLOBAL	asn1_add_error
0x000494d0	136	FUNC	GLOBAL	i2d_X509_NAME
0x00049718	696	FUNC	GLOBAL	d2i_X509_NAME
0x000499d0	148	FUNC	GLOBAL	X509_NAME_new
0x00049a68	60	FUNC	GLOBAL	X509_NAME_free
0x00049aa8	116	FUNC	GLOBAL	X509_NAME_ENTRY_new
0x00049b20	72	FUNC	GLOBAL	X509_NAME_ENTRY_free
0x00049b68	32	FUNC	GLOBAL	i2d_ASN1_OCTET_STRING
0x00049b88	68	FUNC	GLOBAL	d2i_ASN1_OCTET_STRING
0x00049bd0	296	FUNC	GLOBAL	i2d_ASN1_SET
0x00049cf8	628	FUNC	GLOBAL	d2i_ASN1_SET
0x00049f70	588	FUNC	GLOBAL	i2d_ASN1_TYPE
0x0004a1c0	808	FUNC	GLOBAL	d2i_ASN1_TYPE
0x0004a4e8	88	FUNC	GLOBAL	ASN1_TYPE_new
0x0004a540	64	FUNC	GLOBAL	ASN1_TYPE_free
0x0004a580	28	FUNC	GLOBAL	ASN1_TYPE_get
0x0004a5a0	80	FUNC	GLOBAL	ASN1_TYPE_set
0x0004a698	388	FUNC	GLOBAL	ASN1_verify
0x0004a820	260	FUNC	GLOBAL	BIO_gets
0x0004a928	212	FUNC	GLOBAL	BN_add
0x0004aa00	364	FUNC	GLOBAL	BN_uadd
0x0004ab70	440	FUNC	GLOBAL	BN_usub
0x0004ad28	312	FUNC	GLOBAL	BN_sub
0x0004ae60	52	FUNC	GLOBAL	BN_mod
0x0004ae98	584	FUNC	GLOBAL	BN_mod_inverse
0x0004b0e0	72	FUNC	GLOBAL	BN_num_bits
0x0004b128	132	FUNC	GLOBAL	BN_clear_free
0x0004b1b0	96	FUNC	GLOBAL	BN_free
0x0004b210	140	FUNC	GLOBAL	bn_zexpand
0x0004b2a0	84	FUNC	GLOBAL	bn_fix_top
0x0004b2f8	12	FUNC	GLOBAL	BN_init
0x0004b308	68	FUNC	GLOBAL	BN_new
0x0004b350	68	FUNC	GLOBAL	BN_CTX_new
0x0004b398	52	FUNC	GLOBAL	BN_CTX_init
0x0004b3d0	112	FUNC	GLOBAL	BN_CTX_free
0x0004b440	200	FUNC	GLOBAL	bn_expand2
0x0004b508	60	FUNC	GLOBAL	BN_dup
0x0004b548	168	FUNC	GLOBAL	BN_copy
0x0004b5f0	140	FUNC	GLOBAL	BN_get_word
0x0004b680	132	FUNC	GLOBAL	BN_set_word
0x0004b708	320	FUNC	GLOBAL	BN_bin2bn
0x0004b848	160	FUNC	GLOBAL	BN_bn2bin
0x0004b8e8	108	FUNC	GLOBAL	BN_ucmp
0x0004b958	200	FUNC	GLOBAL	BN_cmp
0x0004ba20	144	FUNC	GLOBAL	BN_mask_bits
0x0004bab0	416	FUNC	GLOBAL	BN_lshift
0x0004bc50	100	FUNC	GLOBAL	BN_ME_CTX_new
0x0004bcb8	36	FUNC	GLOBAL	BN_ME_CTX_free
0x0004bce0	212	FUNC	GLOBAL	BN_ME_CTX_set
0x0004bdb8	268	FUNC	GLOBAL	BN_ME_CTX_mod_exp
0x0004bec8	68	FUNC	GLOBAL	BN_MONT_CTX_new
0x0004bf10	68	FUNC	GLOBAL	BN_MONT_CTX_init
0x0004bf58	292	FUNC	GLOBAL	BN_mul
0x0004c080	304	FUNC	GLOBAL	bn_mul_normal
0x0004c1b0	164	FUNC	GLOBAL	BN_mod_word
0x0004c258	224	FUNC	GLOBAL	BN_div_word
0x0004c338	336	FUNC	GLOBAL	BN_add_word
0x0004c488	376	FUNC	GLOBAL	BN_sub_word
0x0004c600	152	FUNC	GLOBAL	BN_mul_word
0x0004c698	884	FUNC	GLOBAL	bn_mul_add_words
0x0004ca10	868	FUNC	GLOBAL	bn_mul_words
0x0004cd78	556	FUNC	GLOBAL	bn_sqr_words
0x0004cfa8	220	FUNC	GLOBAL	bn_add_words
0x0004d088	188	FUNC	GLOBAL	bn_sub_words
0x0004d148	44	FUNC	GLOBAL	BN_bnme_get_info
0x0004d178	136	FUNC	GLOBAL	BN_bnme_delete
0x0004d200	204	FUNC	GLOBAL	BN_bnme_insert
0x0004d2d0	12	FUNC	GLOBAL	BN_bnme_clear
0x0004d2e0	736	FUNC	GLOBAL	BN_bnme_set
0x0004d5c0	168	FUNC	GLOBAL	BN_bnme_get
0x0004d668	116	FUNC	GLOBAL	BN_library_init
0x0004d6e0	1400	FUNC	GLOBAL	BN_mod_exp2_mont
0x0004dc58	1804	FUNC	GLOBAL	BN_mod_exp_mont
0x0004e368	12	FUNC	GLOBAL	BN_ME_METH_word
0x0004e378	128	FUNC	GLOBAL	bn_mont_ctx_new_word
0x0004e3f8	92	FUNC	GLOBAL	bn_mont_ctx_free_word
0x0004e458	256	FUNC	GLOBAL	bn_mont_ctx_set_word
0x0004e558	1360	FUNC	GLOBAL	bn_mod_exp_word
0x0004eaa8	188	FUNC	GLOBAL	BN_mod_mul
0x0004eb68	420	FUNC	GLOBAL	BN_MONT_CTX_set_word
0x0004ed10	388	FUNC	GLOBAL	BN_rand
0x0004ee98	476	FUNC	GLOBAL	bn_div_words
0x0004f078	68	FUNC	GLOBAL	BIO_open_file
0x0004f0c0	108	FUNC	GLOBAL	BIO_new_file
0x0004f130	104	FUNC	GLOBAL	BIO_new_fp
0x0004f198	12	FUNC	GLOBAL	BIO_s_file
0x0004fb48	12	FUNC	GLOBAL	X509_LOOKUP_hash_dir
0x000501f8	12	FUNC	GLOBAL	X509_LOOKUP_file
0x000502c8	468	FUNC	GLOBAL	X509_load_cert_file
0x000504a0	468	FUNC	GLOBAL	X509_load_crl_file
0x00050678	632	FUNC	GLOBAL	d2i_DSAparams
0x000508f0	324	FUNC	GLOBAL	d2i_PublicKey
0x00050a38	872	FUNC	GLOBAL	d2i_DSAPublicKey
0x00050da0	2828	FUNC	GLOBAL	des_encrypt
0x000518b0	2524	FUNC	GLOBAL	des_encrypt2
0x00052290	432	FUNC	GLOBAL	des_encrypt3
0x00052440	436	FUNC	GLOBAL	des_decrypt3
0x000525f8	1980	FUNC	GLOBAL	des_ncbc_encrypt
0x00052db8	2004	FUNC	GLOBAL	des_ede3_cbc_encrypt
0x00053590	280	FUNC	GLOBAL	DH_new_meth
0x000536a8	80	FUNC	GLOBAL	DSA_enable_default_method
0x000536f8	40	FUNC	GLOBAL	DSA_set_default_method_size_cb
0x00053720	40	FUNC	GLOBAL	DSA_set_default_method_sign_cb
0x00053748	40	FUNC	GLOBAL	DSA_set_default_method_setup_cb
0x00053770	40	FUNC	GLOBAL	DSA_set_default_method_verify_cb
0x00053798	40	FUNC	GLOBAL	DSA_set_default_method_p_dup_cb
0x000537c0	96	FUNC	GLOBAL	EVP_ENCODE_CTX_new
0x00053820	8	FUNC	GLOBAL	EVP_ENCODE_CTX_free
0x00053828	20	FUNC	GLOBAL	EVP_EncodeInit
0x00053840	364	FUNC	GLOBAL	EVP_EncodeUpdate
0x000539b0	120	FUNC	GLOBAL	EVP_EncodeFinal
0x00053a28	356	FUNC	GLOBAL	EVP_EncodeBlock
0x00053b90	24	FUNC	GLOBAL	EVP_DecodeInit
0x00053ba8	552	FUNC	GLOBAL	EVP_DecodeUpdate
0x00053dd0	392	FUNC	GLOBAL	EVP_DecodeBlock
0x00053f58	104	FUNC	GLOBAL	EVP_DecodeFinal
0x00053fc0	88	FUNC	GLOBAL	ERR_set_error_data
0x00054018	36	FUNC	GLOBAL	EVP_Cipher
0x00054040	248	FUNC	GLOBAL	EVP_CIPHER_CTX_set_cipher
0x00054138	60	FUNC	GLOBAL	EVP_CipherInit
0x00054178	240	FUNC	GLOBAL	EVP_DecryptUpdate
0x00054268	372	FUNC	GLOBAL	EVP_DecryptFinal
0x000543e0	8	FUNC	GLOBAL	EVP_CIPHER_CTX_iv
0x000543e8	568	FUNC	GLOBAL	EVP_BytesToKey
0x00054620	8	FUNC	GLOBAL	EVP_MD_type
0x00054628	8	FUNC	GLOBAL	EVP_MD_pkey_type
0x00054630	8	FUNC	GLOBAL	EVP_MD_block_size
0x00054638	8	FUNC	GLOBAL	EVP_MD_CTX_digest
0x00054640	8	FUNC	GLOBAL	EVP_CIPHER_nid
0x00054648	8	FUNC	GLOBAL	EVP_CIPHER_CTX_cipher
0x00054650	180	FUNC	GLOBAL	EVP_MD_CTX_init
0x00054708	100	FUNC	GLOBAL	EVP_MD_CTX_copy
0x00054770	36	FUNC	GLOBAL	EVP_OBJ_get_digestbynid
0x00054798	36	FUNC	GLOBAL	EVP_OBJ_get_cipherbynid
0x000547c0	36	FUNC	GLOBAL	EVP_OBJ_get_digestbyobj
0x000547e8	36	FUNC	GLOBAL	EVP_OBJ_get_cipherbyobj
0x00054810	96	FUNC	GLOBAL	i2d_PublicKey
0x00054870	516	FUNC	GLOBAL	i2d_DSAPublicKey
0x00054a78	124	FUNC	GLOBAL	MD5
0x00054af8	56	FUNC	GLOBAL	PEM_read_bio_X509_CRL
0x00054b30	236	FUNC	GLOBAL	pem_pwd_def_cb
0x00054c20	76	FUNC	GLOBAL	PK_sign
0x00054c70	12	FUNC	GLOBAL	PK_METH_rsa_pkcs1_SSLv23
0x00054c80	328	FUNC	GLOBAL	rsa_padding_add_SSLv23
0x00054dc8	276	FUNC	GLOBAL	rsa_padding_check_SSLv23
0x00054ee0	248	FUNC	GLOBAL	PK_encode_pkcs1_digest
0x00054fd8	100	FUNC	GLOBAL	PK_decode_rsa_private_key
0x00055040	80	FUNC	GLOBAL	R_EITEM_new
0x00055090	104	FUNC	GLOBAL	R_EITEM_copy
0x000550f8	316	FUNC	GLOBAL	R_EITEMS_compact
0x00055238	24	FUNC	GLOBAL	R_DIAG_set_stack_datum
0x00055250	12	FUNC	GLOBAL	R_DIAG_get_stack_datum
0x00055260	56	FUNC	GLOBAL	R_DIAG_check_stack
0x00055298	100	FUNC	GLOBAL	R_DIAG_get_stack_low_water_mark
0x00055300	96	FUNC	GLOBAL	R_DIAG_print_stack_depth
0x00055360	296	FUNC	GLOBAL	RSA_new_meth
0x00055488	204	FUNC	GLOBAL	d2i_RSAPublicKey
0x00055558	128	FUNC	GLOBAL	i2d_RSAPublicKey
0x000555d8	12	FUNC	GLOBAL	OP_rsa_pkcs1_private_key_decode
0x000555e8	60	FUNC	GLOBAL	SIO_fd_should_retry
0x00055628	84	FUNC	GLOBAL	SIO_fd_non_fatal_error
0x00055680	92	FUNC	GLOBAL	sk_delete_ptr
0x000556e0	144	FUNC	GLOBAL	X509_find_by_subject
0x00055770	124	FUNC	GLOBAL	X509_LOOKUP_new
0x000557f0	88	FUNC	GLOBAL	X509_LOOKUP_free
0x00055848	64	FUNC	GLOBAL	X509_LOOKUP_shutdown
0x00055888	64	FUNC	GLOBAL	X509_LOOKUP_ctrl
0x000558c8	64	FUNC	GLOBAL	X509_LOOKUP_by_subject
0x00055908	160	FUNC	GLOBAL	X509_STORE_add_lookup
0x000559a8	32	FUNC	GLOBAL	X509_OBJECT_up_ref_count
0x000559c8	32	FUNC	GLOBAL	X509_OBJECT_free_contents
0x000559e8	288	FUNC	GLOBAL	X509_STORE_add_cert
0x00055b08	276	FUNC	GLOBAL	X509_STORE_add_crl
0x00055c20	48	FUNC	GLOBAL	d2i_X509_CRL_bio
0x00055c50	44	FUNC	GLOBAL	X509_NAME_ENTRY_dup
0x00055c80	120	FUNC	GLOBAL	X509_gmtime_adj
0x00055cf8	144	FUNC	GLOBAL	X509_cmp_current_time
0x00055d88	12	FUNC	GLOBAL	X509_get_default_private_dir
0x00055d98	12	FUNC	GLOBAL	X509_get_default_cert_area
0x00055da8	12	FUNC	GLOBAL	X509_get_default_cert_dir
0x00055db8	12	FUNC	GLOBAL	X509_get_default_cert_file
0x00055dc8	12	FUNC	GLOBAL	X509_get_default_cert_dir_env
0x00055dd8	12	FUNC	GLOBAL	X509_get_default_cert_file_env
0x00055de8	296	FUNC	GLOBAL	X509_get_pubkey_parameters
0x00055f10	208	FUNC	GLOBAL	i2d_X509_ALGOR
0x00055fe0	504	FUNC	GLOBAL	d2i_X509_ALGOR
0x000561d8	104	FUNC	GLOBAL	X509_ALGOR_new
0x00056240	72	FUNC	GLOBAL	X509_ALGOR_free
0x00056288	284	FUNC	GLOBAL	i2d_X509_REVOKED
0x000563a8	536	FUNC	GLOBAL	d2i_X509_REVOKED
0x000565c0	628	FUNC	GLOBAL	i2d_X509_CRL_INFO
0x00056838	1212	FUNC	GLOBAL	d2i_X509_CRL_INFO
0x00056cf8	224	FUNC	GLOBAL	i2d_X509_CRL
0x00056dd8	500	FUNC	GLOBAL	d2i_X509_CRL
0x00056fd0	124	FUNC	GLOBAL	X509_REVOKED_new
0x00057050	188	FUNC	GLOBAL	X509_CRL_INFO_new
0x00057110	140	FUNC	GLOBAL	X509_CRL_new
0x000571a0	88	FUNC	GLOBAL	X509_REVOKED_free
0x000571f8	140	FUNC	GLOBAL	X509_CRL_INFO_free
0x00057288	116	FUNC	GLOBAL	X509_CRL_free
0x00057340	236	FUNC	GLOBAL	AHFeedbackCipherConstructor
0x00057430	96	FUNC	GLOBAL	AHFeedbackCipherDestructor
0x00057490	16	FUNC	GLOBAL	AHFeedbackCipherGetBlockLen
0x000574a0	248	FUNC	GLOBAL	AHFeedbackCipherEncryptInit
0x00057598	292	FUNC	GLOBAL	AHFeedbackCipherDecryptInit
0x000576c0	512	FUNC	GLOBAL	AHFeedbackCipherEncryptUpdate
0x000578c0	244	FUNC	GLOBAL	AHFeedbackCipherEncryptFinal
0x000579b8	536	FUNC	GLOBAL	AHFeedbackCipherDecryptUpdate
0x00057bd0	316	FUNC	GLOBAL	AHFeedbackCipherDecryptFinal
0x00057d10	84	FUNC	GLOBAL	AHFeedbackCipherReInitIV
0x00057d68	136	FUNC	GLOBAL	AHChooseBlockCryptorConstructor
0x00057df0	24	FUNC	GLOBAL	AHChooseBlockCryptorDestructor
0x00057e08	60	FUNC	GLOBAL	AHChooseBlockCryptorGetBlockLen
0x00057e48	48	FUNC	GLOBAL	AHChooseBlockCryptorEncryptInit
0x00057e78	48	FUNC	GLOBAL	AHChooseBlockCryptorDecryptInit
0x00057fb8	140	FUNC	GLOBAL	AHChooseFeedbackConstructor
0x00058048	24	FUNC	GLOBAL	AHChooseFeedbackDestructor
0x00058060	60	FUNC	GLOBAL	AHChooseFeedbackGetBlockLen
0x000580a0	44	FUNC	GLOBAL	AHChooseFeedbackEncryptInit
0x000580d0	44	FUNC	GLOBAL	AHChooseFeedbackDecryptInit
0x00058100	60	FUNC	GLOBAL	AHChooseFeedbackUpdate
0x00058140	12	FUNC	GLOBAL	AHChooseFeedbackSetNewIVFlag
0x00058150	192	FUNC	GLOBAL	AHChooseFeedbackFinal
0x00058320	20	FUNC	GLOBAL	AHEncryptDecryptConstructor
0x00058338	192	FUNC	GLOBAL	B_AlgorithmEncryptInit
0x000583f8	192	FUNC	GLOBAL	B_AlgorithmDecryptInit
0x000584b8	184	FUNC	GLOBAL	B_AlgorithmEncryptUpdate
0x00058570	184	FUNC	GLOBAL	B_AlgorithmDecryptUpdate
0x00058628	152	FUNC	GLOBAL	B_AlgorithmEncryptFinal
0x000586c0	152	FUNC	GLOBAL	B_AlgorithmDecryptFinal
0x00058780	20	FUNC	GLOBAL	AI_RC5_64
0x00058798	180	FUNC	GLOBAL	AIT_RC5_64AddInfo
0x00058850	20	FUNC	GLOBAL	AI_AES_ECB
0x00058868	20	FUNC	GLOBAL	AI_AES128_ECB
0x00058880	20	FUNC	GLOBAL	AI_AES192_ECB
0x00058898	20	FUNC	GLOBAL	AI_AES256_ECB
0x000588b0	92	FUNC	GLOBAL	AIT_AESAddInfo
0x00058988	20	FUNC	GLOBAL	AI_CBC
0x000589a0	200	FUNC	GLOBAL	AIT_CBCAddInfo
0x00058a68	20	FUNC	GLOBAL	AI_CBC_IV8
0x00058a80	80	FUNC	GLOBAL	AIT_CBC_IV8AddInfo
0x00058ad0	20	FUNC	GLOBAL	AI_CFB
0x00058ae8	212	FUNC	GLOBAL	AIT_CFBAddInfo
0x00058bc0	92	FUNC	GLOBAL	AITChooseEncryptNewHandler
0x00058c20	20	FUNC	GLOBAL	AI_ECAcceleratorTable
0x00058c38	212	FUNC	GLOBAL	AIT_ECAcceleratorTableAddInfo
0x00058d10	36	FUNC	GLOBAL	AITNullAddInfo
0x00058d38	20	FUNC	GLOBAL	AI_PKCS_RSAPublic
0x00058d50	48	FUNC	GLOBAL	AIT_PKCS_RSAPublicNewHandler
0x00058d80	20	FUNC	GLOBAL	AI_RESET_IV
0x00058d98	108	FUNC	GLOBAL	AIT_RESET_IVAddInfo
0x00058e08	332	FUNC	GLOBAL	AlgaChoiceChoose
0x00058f58	200	FUNC	GLOBAL	ConvertAlgaeError
0x00059150	56	FUNC	GLOBAL	B_KeySetInfo
0x00059188	152	FUNC	GLOBAL	B_KeyGetInfo
0x00059220	108	FUNC	GLOBAL	B_KeyAddItemInfo
0x00059290	152	FUNC	GLOBAL	B_IntegerBits
0x00059328	112	FUNC	GLOBAL	DESIsWeakKey
0x00059398	112	FUNC	GLOBAL	SetDESParity
0x00059408	100	FUNC	GLOBAL	CheckDESParity
0x00059470	412	FUNC	GLOBAL	InstallNewAM
0x00059928	772	FUNC	GLOBAL	B_CreateHardwareChooser
0x00059c30	200	FUNC	GLOBAL	B_DestroyHardwareChooser
0x00059cf8	232	FUNC	GLOBAL	SetDeviceName
0x00059de0	104	FUNC	GLOBAL	B_GetDevice
0x00059e48	152	FUNC	GLOBAL	A_IntegerBits
0x00059ee0	20	FUNC	GLOBAL	KI_RSAPublicBER
0x00059ef8	220	FUNC	GLOBAL	KIT_RSAPublicBERAddInfo
0x00059fd8	272	FUNC	GLOBAL	KIT_RSAPublicBERMakeInfo
0x0005a0e8	20	FUNC	GLOBAL	KI_RSAPublic
0x0005a100	124	FUNC	GLOBAL	KIT_RSAPublicAddInfo
0x0005a180	148	FUNC	GLOBAL	KIT_RSAPublicMakeInfo
0x0005a218	172	FUNC	GLOBAL	A_SetModularOperations
0x0005a2c8	188	FUNC	GLOBAL	DecodePublicKeyInfo
0x0005a388	148	FUNC	GLOBAL	DecodePrivateKeyInfo
0x0005a420	160	FUNC	GLOBAL	EncodePublicKeyInfoAlloc
0x0005a4c0	140	FUNC	GLOBAL	EncodePrivateKeyInfoAlloc
0x0005a550	60	FUNC	GLOBAL	B_ItemEqual
0x0005a590	304	FUNC	GLOBAL	ALG_RSAInit
0x0005a6c0	416	FUNC	GLOBAL	ALG_RSAUpdate
0x0005a860	28	FUNC	GLOBAL	ALG_RSAFinal
0x0005a9d0	96	FUNC	GLOBAL	ALG_RSAContextDestroy
0x0005aa30	0	OBJECT	GLOBAL	__sce_dnas2_symbol11001
0x0005b4d0	64	FUNC	GLOBAL	__sce_dnas2_symbol11005
0x0005b510	104	FUNC	GLOBAL	__sce_dnas2_symbol11004
0x0005b578	500	FUNC	GLOBAL	d2i_ASN1_type_bytes
0x0005b770	224	FUNC	GLOBAL	i2d_ASN1_bytes
0x0005b850	592	FUNC	GLOBAL	d2i_ASN1_bytes
0x0005bc58	28	FUNC	GLOBAL	d2i_ASN1_PRINTABLESTRING
0x0005bc78	208	FUNC	GLOBAL	ASN1_UTCTIME_set
0x0005bd48	72	FUNC	GLOBAL	ASN1_check_infinite_end
0x0005bd90	92	FUNC	GLOBAL	ASN1_STRING_cmp
0x0005bdf0	196	FUNC	GLOBAL	i2d_X509_NAME_ENTRY
0x0005beb8	444	FUNC	GLOBAL	d2i_X509_NAME_ENTRY
0x0005c078	148	FUNC	GLOBAL	BIO_printf
0x0005c110	1672	FUNC	GLOBAL	BN_div
0x0005c798	236	FUNC	GLOBAL	BN_mod_inverse_word
0x0005c888	12	FUNC	GLOBAL	BN_value_one
0x0005c898	224	FUNC	GLOBAL	BN_num_bits_word
0x0005c978	276	FUNC	GLOBAL	BN_set_bit
0x0005ca90	88	FUNC	GLOBAL	BN_is_bit_set
0x0005cae8	8	FUNC	GLOBAL	bn_mont_ctx_useit
0x0005caf0	516	FUNC	GLOBAL	BN_mod_mul_montgomery
0x0005ccf8	556	FUNC	GLOBAL	BN_from_montgomery
0x0005cf28	84	FUNC	GLOBAL	BN_MONT_CTX_free
0x0005cf80	380	FUNC	GLOBAL	BN_rshift
0x0005d100	400	FUNC	GLOBAL	BN_sqr
0x0005d290	304	FUNC	GLOBAL	bn_sqr_normal
0x0005d3c0	388	FUNC	GLOBAL	BN_gen_exp_bits
0x0005d548	464	FUNC	GLOBAL	BN_gen_exp_string
0x0005d718	468	FUNC	GLOBAL	bn_from_montgomery_words
0x0005d8f0	88	FUNC	GLOBAL	DSA_new_internal
0x0005d948	252	FUNC	GLOBAL	DSA_free_internal
0x0005da48	36	FUNC	GLOBAL	EVP_set_pw_prompt
0x0005da70	20	FUNC	GLOBAL	EVP_get_pw_prompt
0x0005da88	48	FUNC	GLOBAL	EVP_read_pw_string
0x0005dab8	212	FUNC	GLOBAL	EVP_MD_CTX_set_digest
0x0005db90	240	FUNC	GLOBAL	OP_decode
0x0005dc80	100	FUNC	GLOBAL	PK_encode_rsa_public_key
0x0005dce8	100	FUNC	GLOBAL	PK_decode_rsa_public_key
0x0005dd50	12	FUNC	GLOBAL	OP_rsa_pkcs1_public_key_decode
0x0005dd60	12	FUNC	GLOBAL	OP_rsa_pkcs1_public_key_encode
0x0005dd70	156	FUNC	GLOBAL	AHChooseEncryptConstructor2
0x0005de10	24	FUNC	GLOBAL	AHChooseEncryptDestructor
0x0005de28	60	FUNC	GLOBAL	AHChooseEncryptGetBlockLen
0x0005de68	80	FUNC	GLOBAL	AHChooseEncryptEncryptInit
0x0005deb8	80	FUNC	GLOBAL	AHChooseEncryptDecryptInit
0x0005df08	68	FUNC	GLOBAL	AHChooseEncryptEncryptUpdate
0x0005df50	68	FUNC	GLOBAL	AHChooseEncryptDecryptUpdate
0x0005df98	68	FUNC	GLOBAL	AHChooseEncryptEncryptFinal
0x0005dfe0	68	FUNC	GLOBAL	AHChooseEncryptDecryptFinal
0x0005e138	108	FUNC	GLOBAL	AH_RSAEncrypPublicConstructor
0x0005e338	20	FUNC	GLOBAL	AI_RSAPublic
0x0005e350	384	FUNC	GLOBAL	ALG_ErrorCode
0x0005e4d0	140	FUNC	GLOBAL	ASN_AddElement
0x0005e560	432	FUNC	GLOBAL	ASN_AddElementPointer
0x0005e710	140	FUNC	GLOBAL	ASN_GetSubTemplate
0x0005e7a0	148	FUNC	GLOBAL	ASN_IsPrintableString
0x0005e838	140	FUNC	GLOBAL	_A_GetElementEntryCount
0x0005e8c8	480	FUNC	GLOBAL	_A_GetElementLen
0x0005eaa8	788	FUNC	GLOBAL	_A_ConstructElement
0x0005edc0	232	FUNC	GLOBAL	_A_FindPositionInSet
0x0005eea8	224	FUNC	GLOBAL	_A_GetIndefiniteElementLen
0x0005ef88	68	FUNC	GLOBAL	ASN_SetEncodeFieldName
0x0005efd0	68	FUNC	GLOBAL	ASN_SetDecodeFieldName
0x0005f018	460	FUNC	GLOBAL	_A_ConstructFieldName
0x0005f1e8	184	FUNC	GLOBAL	_A_StripFirstField
0x0005f2a0	88	FUNC	GLOBAL	_A_AlgaError
0x0005f2f8	168	FUNC	GLOBAL	_A_BSafeError
0x0005f3a0	32	FUNC	GLOBAL	OldBERConstrainUINT2
0x0005f3c0	32	FUNC	GLOBAL	OldBERGetBitString
0x0005f3e0	32	FUNC	GLOBAL	OldBERGetContents
0x0005f400	32	FUNC	GLOBAL	OldBERGetNonNegativeInteger
0x0005f420	32	FUNC	GLOBAL	OldBERGetCanonicalInteger
0x0005f440	32	FUNC	GLOBAL	OldBERGetUINT2
0x0005f460	32	FUNC	GLOBAL	OldBERGetUINT4
0x0005f480	32	FUNC	GLOBAL	OldBERGetUTCTime
0x0005f4a0	32	FUNC	GLOBAL	OldBERSetBitString
0x0005f4c0	32	FUNC	GLOBAL	OldBERSetNamedBitString
0x0005f4e0	32	FUNC	GLOBAL	OldBERSetContents
0x0005f500	32	FUNC	GLOBAL	OldBERSetEncoding
0x0005f520	32	FUNC	GLOBAL	OldBERSetNonNegativeInteger
0x0005f540	32	FUNC	GLOBAL	OldBERSetUINT2
0x0005f560	32	FUNC	GLOBAL	OldBERSetUINT4
0x0005f580	32	FUNC	GLOBAL	OldBERSetUTCTime
0x0005f5a0	208	FUNC	GLOBAL	ASN_EncodeAlloc
0x0005f670	200	FUNC	GLOBAL	ASN_EncodeAllocX
0x0005f738	28	FUNC	GLOBAL	ASN_AllocStreamConstructor
0x0005f758	132	FUNC	GLOBAL	ASN_AllocStreamWrite
0x0005f7e0	24	FUNC	GLOBAL	BERDecodeItem
0x0005f7f8	64	FUNC	GLOBAL	DEREncodeItem
0x0005f838	120	FUNC	GLOBAL	BERDecodeBitString
0x0005f8b0	460	FUNC	GLOBAL	DEREncodeNamedBitString
0x0005fa80	316	FUNC	GLOBAL	DEREncodeBitString
0x0005fbc0	84	FUNC	GLOBAL	BERDecodeUint2
0x0005fc18	76	FUNC	GLOBAL	DEREncodeUint2
0x0005fc68	132	FUNC	GLOBAL	BERDecodeUint
0x0005fcf0	104	FUNC	GLOBAL	DEREncodeUint
0x0005fd58	68	FUNC	GLOBAL	BERConstraintUint2
0x0005fda0	104	FUNC	GLOBAL	BERDecodeUint4
0x0005fe08	88	FUNC	GLOBAL	DEREncodeUint4
0x0005fe60	120	FUNC	GLOBAL	BERDecodeUnsignedInt
0x0005fed8	104	FUNC	GLOBAL	BERDecodeUnsignedIntPointer
0x0005ff40	224	FUNC	GLOBAL	DEREncodeUnsignedInt
0x00060020	36	FUNC	GLOBAL	BERDecodeUTCTime
0x00060048	108	FUNC	GLOBAL	DEREncodeUTCTime
0x000600b8	64	FUNC	GLOBAL	BERDecodeGeneralizedTime
0x000600f8	112	FUNC	GLOBAL	DEREncodeGeneralizedTime
0x00060168	32	FUNC	GLOBAL	DEREncodeFull
0x00060188	276	FUNC	GLOBAL	BERDecodeDirectoryString
0x000602a0	320	FUNC	GLOBAL	DEREncodeDirectoryString
0x000603e0	44	FUNC	GLOBAL	BERDecodeSequence
0x00060410	124	FUNC	GLOBAL	DEREncodeSequence
0x00060490	292	FUNC	GLOBAL	BERDecodeInt
0x000605b8	232	FUNC	GLOBAL	DEREncodeInt
0x000606a0	164	FUNC	GLOBAL	BERDecodeLargeInt
0x00060748	192	FUNC	GLOBAL	DEREncodeLargeInt
0x00060808	32	FUNC	GLOBAL	BERDecodeOptionalInt
0x00060828	32	FUNC	GLOBAL	BERDecodeOptionalUint2
0x00060848	32	FUNC	GLOBAL	BERDecodeOptionalUint4
0x00060868	16	FUNC	GLOBAL	BERIndicatePresent
0x00060878	44	FUNC	GLOBAL	BERDecodeChar
0x000608a8	60	FUNC	GLOBAL	DEREncodeChar
0x000608e8	48	FUNC	GLOBAL	BERDecodeBool
0x00060918	72	FUNC	GLOBAL	DEREncodeBool
0x00061dc8	196	FUNC	GLOBAL	ConvertBitStringToUINT4
0x00061e90	112	FUNC	GLOBAL	ASN_Decode
0x00061f00	76	FUNC	GLOBAL	ASN_DecodeX
0x00061f50	92	FUNC	GLOBAL	ASN_DecodeAny
0x00061fb0	2064	FUNC	GLOBAL	_A_DecodeElement
0x000627c0	572	FUNC	GLOBAL	_A_DecodeType
0x00062c90	76	FUNC	GLOBAL	ASN_EncodeCtxConstructor
0x00062ce0	172	FUNC	GLOBAL	ASN_EncodeCtxDestructor
0x00062d90	176	FUNC	GLOBAL	ASN_EncodeAnyAlloc
0x00062e40	188	FUNC	GLOBAL	ASN_EncodeAnyExtendedAlloc
0x00062f00	1276	FUNC	GLOBAL	_A_EncodeElement
0x00063400	472	FUNC	GLOBAL	_A_EncodeType
0x000637e8	64	FUNC	GLOBAL	ASN_FlushStreamConstructor
0x00063828	80	FUNC	GLOBAL	ASN_FlushStreamDestructor
0x00063878	140	FUNC	GLOBAL	ASN_EncodeToStream
0x00063908	124	FUNC	GLOBAL	ASN_EncodeToStreamX
0x00063988	144	FUNC	GLOBAL	ASN_DecodeFromStream
0x00063a18	132	FUNC	GLOBAL	ASN_DecodeFromStreamX
0x00063aa0	276	FUNC	GLOBAL	ASN_FlushStreamFlush
0x00063bb8	244	FUNC	GLOBAL	_A_FlushStreamFlushExtended
0x00063cb0	64	FUNC	GLOBAL	CMP_SwapContents
0x00063cf0	112	FUNC	GLOBAL	CMP_Move
0x00063d60	144	FUNC	GLOBAL	CMP_Compare
0x00063df0	404	FUNC	GLOBAL	CMP_Add
0x00063f88	224	FUNC	GLOBAL	CMP_AddCMPWord
0x00064068	532	FUNC	GLOBAL	CMP_Subtract
0x00064280	188	FUNC	GLOBAL	CMP_SubtractCMPWord
0x00064340	96	FUNC	GLOBAL	CMP_BitLengthOfCMPInt
0x000643a0	100	FUNC	GLOBAL	CMP_GetBit
0x00064408	116	FUNC	GLOBAL	CMP_ClearBit
0x00064480	244	FUNC	GLOBAL	CMP_SetBit
0x00064578	408	FUNC	GLOBAL	CMP_OctetStringToCMPInt
0x00064710	248	FUNC	GLOBAL	CMP_CMPIntToFixedLenOctetStr
0x00064808	424	FUNC	GLOBAL	CMP_CMPIntToOctetString
0x000649b0	92	FUNC	GLOBAL	CMP_CMPWordToCMPInt
0x00064a10	160	FUNC	GLOBAL	CMP_PowerOfTwo
0x00064ab0	340	FUNC	GLOBAL	CMP_ModExp
0x00064c08	520	FUNC	GLOBAL	CMP_ModExpPrecomp1
0x00064e10	616	FUNC	GLOBAL	CMP_ModExpPrecomp2
0x00065078	148	FUNC	GLOBAL	CMP_ModExpCRT
0x00065110	980	FUNC	GLOBAL	CMP_ModExpMultiPrimeCRT
0x000654e8	132	FUNC	GLOBAL	CMP_ModExpSpecialExponent
0x00065570	268	FUNC	GLOBAL	CMP_ModCube
0x00065680	344	FUNC	GLOBAL	CMP_ComputeWindowTable
0x000657d8	60	FUNC	GLOBAL	CMP_GetWindowSize
0x00065818	304	FUNC	GLOBAL	CMP_GetBitsAtIndex
0x00065948	16	FUNC	GLOBAL	CMP_Constructor
0x00065958	80	FUNC	GLOBAL	CMP_Destructor
0x000659a8	248	FUNC	GLOBAL	CMP_realloc
0x00065aa0	224	FUNC	GLOBAL	CMP_reallocNoCopy
0x00065b80	80	FUNC	GLOBAL	CMP_free
0x00065bd0	232	FUNC	GLOBAL	CMP_ModAdd
0x00065cb8	376	FUNC	GLOBAL	CMP_ModSubtract
0x00065e30	136	FUNC	GLOBAL	CMP_ModMultiply
0x00065eb8	260	FUNC	GLOBAL	CMP_ModInvert
0x00065fc0	356	FUNC	GLOBAL	CMP_ConvertToMont
0x00066128	164	FUNC	GLOBAL	CMP_ConvertFromMont
0x000661d0	184	FUNC	GLOBAL	CMP_ComputeMontCoeff
0x00066288	508	FUNC	GLOBAL	CMP_MontSquare
0x00066488	468	FUNC	GLOBAL	CMP_MontProduct
0x00066660	284	FUNC	GLOBAL	CMP_Multiply
0x00066780	920	FUNC	GLOBAL	CMP_Divide
0x00066b18	720	FUNC	GLOBAL	CMP_ModularReduce
0x00066de8	184	FUNC	GLOBAL	CMP_AppendWord
0x00066ea0	444	FUNC	GLOBAL	CMP_EstimateMSWQuotient
0x00067060	160	FUNC	GLOBAL	CMP_DivideTwoWordsByWord
0x00067100	428	FUNC	GLOBAL	CMP_DivOneAndHalfWordsByWord
0x000672b0	424	FUNC	GLOBAL	CMP_CMPWordModularReduce
0x00067458	504	FUNC	GLOBAL	CMP_FullCMPWordModReduce
0x00067650	524	FUNC	GLOBAL	CMP_ComputeGCD
0x00067860	1440	FUNC	GLOBAL	CMP_ComputeExtendedGCD
0x00067e00	276	FUNC	GLOBAL	CMP_UpdateCoefficients
0x00067f18	140	FUNC	GLOBAL	CMP_AbsDifference
0x00067fa8	420	FUNC	GLOBAL	CMP_AddInPlace
0x00068150	320	FUNC	GLOBAL	CMP_SubtractInPlace
0x00068290	280	FUNC	GLOBAL	CMP_SubtractSigned
0x000683a8	444	FUNC	GLOBAL	CMP_ShiftLeftByCMPWords
0x00068568	372	FUNC	GLOBAL	CMP_ShiftLeftByBits
0x000686e0	88	FUNC	GLOBAL	CMP_ShiftRightByCMPWords
0x00068738	244	FUNC	GLOBAL	CMP_ShiftRightByBits
0x00068830	100	FUNC	GLOBAL	CMP_RecomputeLength
0x00068898	104	FUNC	GLOBAL	CMP_GetOffsetOfMSB
0x00068900	112	FUNC	GLOBAL	CMP_ShiftRight1Bit
0x00068970	224	FUNC	GLOBAL	CMP_ShiftRight1BitNotInPlace
0x00068a50	28	FUNC	GLOBAL	CMP_IsCMPEven
0x00068a70	24	FUNC	GLOBAL	CMP_IsCMPOdd
0x00068a88	480	FUNC	GLOBAL	CMP_VectorMultiply
0x00068c68	432	FUNC	GLOBAL	CMP_AddInTrace
0x00068e18	268	FUNC	GLOBAL	AllocAndCopyIntegerItems
0x00068f28	20	FUNC	GLOBAL	KI_PKCS_RSAPrivate
0x00068f40	20	FUNC	GLOBAL	KI_PKCS_RSAMultiPrimePrivate
0x00068f58	112	FUNC	GLOBAL	KIT_PKCS_RSAPrivateAddInfo
0x00068fc8	760	FUNC	GLOBAL	KIT_PKCS_RSAMultiPrimeAddInfo
0x000692c0	348	FUNC	GLOBAL	KIT_PKCS_RSAPrivateMakeInfo
0x00069420	8	FUNC	GLOBAL	KIT_PKCS_RSAMultiPrimeMakeInfo
0x00069428	76	FUNC	GLOBAL	U_MemPoolCreate
0x00069478	72	FUNC	GLOBAL	U_MemPoolDestroy
0x000694c0	72	FUNC	GLOBAL	U_MemPoolZeroAndDestroy
0x00069508	180	FUNC	GLOBAL	U_MemPoolReset
0x000695c0	124	FUNC	GLOBAL	U_MemPoolMalloc
0x00069640	72	FUNC	GLOBAL	U_MemPoolMallocAndZero
0x00069688	88	FUNC	GLOBAL	U_MemPoolMallocAndCopy
0x000696e0	24	FUNC	GLOBAL	U_MemPoolAdoptBuffer
0x00069810	216	FUNC	GLOBAL	U_MemPoolRealloc
0x000698e8	124	FUNC	GLOBAL	U_MemPoolZeroAndFree
0x00069968	112	FUNC	GLOBAL	U_MemPoolFree
0x00069a28	36	FUNC	GLOBAL	U_MemPoolAdoptObject
0x00069a50	48	FUNC	GLOBAL	CheckSurrender
0x00069a80	32	FUNC	GLOBAL	i2d_ASN1_PRINTABLE
0x00069aa0	28	FUNC	GLOBAL	d2i_ASN1_PRINTABLE
0x00069ac0	8	FUNC	GLOBAL	passwd_read_pw_string
0x00069ac8	8	FUNC	GLOBAL	passwd_read_pw
0x00069ad0	496	FUNC	GLOBAL	OP_default_callback
0x00069cc0	44	FUNC	GLOBAL	OP_CTX_init_read
0x00069cf0	12	FUNC	GLOBAL	OP_CTX_set_function
0x00069d00	608	FUNC	GLOBAL	OP_CTX_code
0x00069f60	80	FUNC	GLOBAL	OP_CTX_init_meth
0x00069fb0	136	FUNC	GLOBAL	OP_CTX_free
0x0006a038	96	FUNC	GLOBAL	OP_CTX_reset
0x0006a098	80	FUNC	GLOBAL	OP_CTX_decode
0x0006a0e8	12	FUNC	GLOBAL	OP_read_funcs
0x0006a0f8	44	FUNC	GLOBAL	op_finish
0x0006a128	460	FUNC	GLOBAL	op_mark
0x0006a2f8	8	FUNC	GLOBAL	op_label
0x0006a300	292	FUNC	GLOBAL	op_call
0x0006a428	292	FUNC	GLOBAL	op_asn1_get
0x0006a550	300	FUNC	GLOBAL	op_asn1_check
0x0006a680	256	FUNC	GLOBAL	op_if
0x0006a780	268	FUNC	GLOBAL	op_maths
0x0006a890	164	FUNC	GLOBAL	op_load
0x0006a938	8	FUNC	GLOBAL	op_undef
0x0006a940	332	FUNC	GLOBAL	OP_CTX_run
0x0006aa90	240	FUNC	GLOBAL	OP_encode
0x0006ab80	20	FUNC	GLOBAL	AHRandomConstructor
0x0006ab98	124	FUNC	GLOBAL	B_AlgorithmRandomInit
0x0006ac18	136	FUNC	GLOBAL	B_AlgorithmRandomUpdate
0x0006aca0	144	FUNC	GLOBAL	B_AlgorithmGenerateRandomBytes
0x0006ad58	68	FUNC	GLOBAL	AH_RSAEncryptionConstructor1
0x0006ada0	60	FUNC	GLOBAL	AH_RSAEncryptionDestructor
0x0006ade0	8	FUNC	GLOBAL	AH_RSAEncryptionGetBlockLen
0x0006ade8	96	FUNC	GLOBAL	AH_RSAEncryptionEncryptInit
0x0006ae48	96	FUNC	GLOBAL	AH_RSAEncryptionDecryptInit
0x0006aea8	108	FUNC	GLOBAL	AH_RSAEncryptionUpdate
0x0006af18	184	FUNC	GLOBAL	AH_RSAEncryptionEncryptFinal
0x0006afd0	252	FUNC	GLOBAL	AH_RSAEncryptionDecryptFinal
0x0006b0d0	260	FUNC	GLOBAL	AH_RSASignatureDecryptFinal
0x0006b278	16	FUNC	GLOBAL	AH_RSAEncrypSignatureConstructor2
0x0006b288	196	FUNC	GLOBAL	BER_ITEM_get_long
0x0006b350	36	FUNC	GLOBAL	BER_ITEMS_SK_init
0x0006b378	220	FUNC	GLOBAL	BER_ITEMS_SK_free
0x0006b458	60	FUNC	GLOBAL	BER_ITEM_cmp_tag
0x0006b498	104	FUNC	GLOBAL	BER_ITEM_set_all
0x0006b500	60	FUNC	GLOBAL	BER_ITEM_set_header
0x0006b540	32	FUNC	GLOBAL	BER_ITEM_set_data
0x0006b560	732	FUNC	GLOBAL	BER_parse
0x0006b840	44	FUNC	GLOBAL	OP_CTX_init
0x0006b870	116	FUNC	GLOBAL	OP_CTX_encode
0x0006b8e8	12	FUNC	GLOBAL	OP_all_funcs
0x0006b8f8	724	FUNC	GLOBAL	op_asn1_encode
0x0006bd30	100	FUNC	GLOBAL	op_push_pop
0x0006bd98	376	FUNC	GLOBAL	BER_ITEMS_encode
0x0006c040	136	FUNC	GLOBAL	BER_ITEMS_SK_get
0x0006c0c8	40	FUNC	GLOBAL	BER_ITEMS_append
0x0006c0f0	64	FUNC	GLOBAL	BER_ITEMS_under
0x0006c130	508	FUNC	GLOBAL	BER_ITEMS_SK_grow
0x0006c330	40	FUNC	GLOBAL	BER_ITEM_set_prefix_byte
0x0006c358	352	FUNC	GLOBAL	BER_read_item
0x0006c4b8	284	FUNC	GLOBAL	BER_ITEMS_recalc_length
0x0006c678	348	FUNC	GLOBAL	BER_ITEM_set_long
0x0006c7d8	0	NOTYPE	LOCAL	__gnu_compiled_c
0x0006c7d8	52	FUNC	GLOBAL	__sceNetGlueErrnoLoc
0x0006c7d8	0	NOTYPE	LOCAL	gcc2_compiled.
0x0006c810	52	FUNC	GLOBAL	__sceNetGlueHErrnoLoc
0x0006c848	64	FUNC	GLOBAL	sceNetGlueAbort
0x0006c888	72	FUNC	GLOBAL	sceNetGlueAbortResolver
0x0006c8d0	40	FUNC	GLOBAL	sceNetGlueThreadInit
0x0006c8f8	60	FUNC	GLOBAL	sceNetGlueThreadTerminate
0x0006c938	76	FUNC	GLOBAL	sceNetGlueGethostbyaddr
0x0006c988	60	FUNC	GLOBAL	sceNetGlueGethostbyname
0x0006c9c8	60	FUNC	GLOBAL	sceNetGlueInetAddr
0x0006ca08	68	FUNC	GLOBAL	sceNetGlueInetAton
0x0006ca50	68	FUNC	GLOBAL	sceNetGlueInetLnaof
0x0006ca98	80	FUNC	GLOBAL	sceNetGlueInetMakeaddr
0x0006cae8	68	FUNC	GLOBAL	sceNetGlueInetNetof
0x0006cb30	60	FUNC	GLOBAL	sceNetGlueInetNetwork
0x0006cb70	68	FUNC	GLOBAL	sceNetGlueInetNtoa
0x0006cbb8	60	FUNC	GLOBAL	sceNetGlueHtonl
0x0006cbf8	68	FUNC	GLOBAL	sceNetGlueHtons
0x0006cc40	60	FUNC	GLOBAL	sceNetGlueNtohl
0x0006cc80	68	FUNC	GLOBAL	sceNetGlueNtohs
0x0006ccc8	76	FUNC	GLOBAL	sceNetGlueAccept
0x0006cd18	76	FUNC	GLOBAL	sceNetGlueBind
0x0006cd68	76	FUNC	GLOBAL	sceNetGlueConnect
0x0006cdb8	76	FUNC	GLOBAL	sceNetGlueGetpeername
0x0006ce08	76	FUNC	GLOBAL	sceNetGlueGetsockname
0x0006ce58	92	FUNC	GLOBAL	sceNetGlueGetsockopt
0x0006ceb8	68	FUNC	GLOBAL	sceNetGlueListen
0x0006cf00	100	FUNC	GLOBAL	sceNetGlueRecv
0x0006cf68	116	FUNC	GLOBAL	sceNetGlueRecvfrom
0x0006cfe0	84	FUNC	GLOBAL	sceNetGlueSend
0x0006d038	100	FUNC	GLOBAL	sceNetGlueSendto
0x0006d0a0	92	FUNC	GLOBAL	sceNetGlueSetsockopt
0x0006d100	68	FUNC	GLOBAL	sceNetGlueShutdown
0x0006d148	76	FUNC	GLOBAL	sceNetGlueSocket
0x0006d198	0	OBJECT	GLOBAL	sceInsockHtonl
0x0006d198	0	OBJECT	GLOBAL	sceInsockNtohl
0x0006d1c0	0	OBJECT	GLOBAL	sceInsockHtons
0x0006d1c0	0	OBJECT	GLOBAL	sceInsockNtohs
0x0006d1d8	0	NOTYPE	LOCAL	__gnu_compiled_c
0x0006d1d8	0	NOTYPE	LOCAL	gcc2_compiled.
0x0006d1d8	44	FUNC	GLOBAL	sceInsockInetAddr
0x0006d208	536	FUNC	GLOBAL	sceInsockInetAton
0x0006d420	0	NOTYPE	LOCAL	__gnu_compiled_c
0x0006d420	0	NOTYPE	LOCAL	gcc2_compiled.
0x0006d420	76	FUNC	GLOBAL	sceInsockInetLnaof
0x0006d470	0	NOTYPE	LOCAL	__gnu_compiled_c
0x0006d470	0	NOTYPE	LOCAL	gcc2_compiled.
0x0006d470	120	FUNC	GLOBAL	sceInsockInetMakeaddr
0x0006d4e8	0	NOTYPE	LOCAL	__gnu_compiled_c
0x0006d4e8	0	NOTYPE	LOCAL	gcc2_compiled.
0x0006d4e8	64	FUNC	GLOBAL	sceInsockInetNetof
0x0006d528	0	NOTYPE	LOCAL	__gnu_compiled_c
0x0006d528	0	NOTYPE	LOCAL	gcc2_compiled.
0x0006d528	444	FUNC	GLOBAL	sceInsockInetNetwork
0x0006d6e8	0	NOTYPE	LOCAL	__gnu_compiled_c
0x0006d6e8	0	NOTYPE	LOCAL	gcc2_compiled.
0x0006d6e8	96	FUNC	GLOBAL	sceInsockInetNtoa
0x0006d748	0	NOTYPE	LOCAL	__gnu_compiled_c
0x0006d748	0	NOTYPE	LOCAL	gcc2_compiled.
0x0006d748	100	FUNC	GLOBAL	sceInsockInetNtop
0x0006d7b0	124	FUNC	LOCAL	inet_ntop4
0x0006d830	816	FUNC	LOCAL	inet_ntop6
0x0006db60	0	NOTYPE	LOCAL	__gnu_compiled_c
0x0006db60	0	NOTYPE	LOCAL	gcc2_compiled.
0x0006db60	56	FUNC	LOCAL	my_malloc
0x0006db98	52	FUNC	LOCAL	my_free
0x0006dbd0	336	FUNC	LOCAL	mem_alloc
0x0006dd20	408	FUNC	LOCAL	mem_free
0x0006deb8	140	FUNC	GLOBAL	sceInsockInitMemory
0x0006df48	16	FUNC	GLOBAL	sceInsockSetMallocFunction
0x0006df58	16	FUNC	GLOBAL	sceInsockSetFreeFunction
0x0006df68	104	FUNC	LOCAL	block
0x0006dfd0	32	FUNC	LOCAL	unblock
0x0006dff0	428	FUNC	LOCAL	thread_enter
0x0006e1a0	56	FUNC	LOCAL	thread_leave
0x0006e1d8	68	FUNC	GLOBAL	__sceInsockErrnoLoc
0x0006e220	68	FUNC	GLOBAL	__sceInsockHErrnoLoc
0x0006e268	56	FUNC	LOCAL	socket_info
0x0006e2a0	68	FUNC	LOCAL	conv_addr_to_inet
0x0006e2e8	44	FUNC	LOCAL	conv_addr_from_inet
0x0006e318	40	FUNC	LOCAL	conv_port_to_inet
0x0006e340	28	FUNC	LOCAL	conv_port_from_inet
0x0006e360	256	FUNC	LOCAL	conv_errno
0x0006e460	116	FUNC	LOCAL	unused_socket_id
0x0006e4d8	300	FUNC	GLOBAL	sceInsockSetSifMBindRpcValue
0x0006e608	124	FUNC	GLOBAL	sceInsockSetRecvTimeout
0x0006e688	124	FUNC	GLOBAL	sceInsockSetSendTimeout
0x0006e708	124	FUNC	GLOBAL	sceInsockSetShutdownTimeout
0x0006e788	412	FUNC	GLOBAL	sceInsockAbort
0x0006e928	248	FUNC	GLOBAL	sceInsockTerminate
0x0006ea20	328	FUNC	GLOBAL	sceInsockSocket
0x0006eb68	244	FUNC	GLOBAL	sceInsockBind
0x0006ec60	356	FUNC	GLOBAL	sceInsockConnect
0x0006edc8	488	FUNC	LOCAL	add_listen
0x0006efb0	392	FUNC	GLOBAL	sceInsockListen
0x0006f138	756	FUNC	GLOBAL	sceInsockAccept
0x0006f430	192	FUNC	LOCAL	connect_check
0x0006f4f0	428	FUNC	GLOBAL	sceInsockSend
0x0006f6a0	416	FUNC	GLOBAL	sceInsockRecv
0x0006f840	364	FUNC	GLOBAL	sceInsockSendto
0x0006f9b0	456	FUNC	GLOBAL	sceInsockRecvfrom
0x0006fb78	376	FUNC	GLOBAL	sceInsockShutdown
0x0006fcf0	548	FUNC	GLOBAL	sceInsockPoll
0x0006ff18	184	FUNC	GLOBAL	sceInsockSendFin
0x0006ffd0	656	FUNC	GLOBAL	sceInsockGetsockopt
0x00070260	768	FUNC	GLOBAL	sceInsockSetsockopt
0x00070560	396	FUNC	LOCAL	_get_peer_or_sock_name
0x000706f0	28	FUNC	GLOBAL	sceInsockGetsockname
0x00070710	28	FUNC	GLOBAL	sceInsockGetpeername
0x00070730	384	FUNC	GLOBAL	sceInsockGethostbyname
0x000708b0	508	FUNC	GLOBAL	sceInsockGethostbyaddr
0x00070ab0	116	FUNC	GLOBAL	sceInsockAbortGethostbyname
0x00070b28	28	FUNC	GLOBAL	sceInsockAbortGethostbyaddr
0x00070b48	124	FUNC	LOCAL	CallRpc
0x00070b48	0	NOTYPE	LOCAL	__gnu_compiled_c
0x00070b48	0	NOTYPE	LOCAL	gcc2_compiled.
0x00070bc8	84	FUNC	LOCAL	MemcpyD
0x00070c20	84	FUNC	LOCAL	MemcpyS
0x00070c78	140	FUNC	LOCAL	StrcpyD
0x00070d08	44	FUNC	LOCAL	StrcpyS
0x00070d38	164	FUNC	GLOBAL	sceInetPoll
0x00070de0	188	FUNC	GLOBAL	sceInetName2Address
0x00070ea0	156	FUNC	GLOBAL	sceInetAddress2String
0x00070f40	204	FUNC	GLOBAL	sceInetAddress2Name
0x00071010	112	FUNC	GLOBAL	sceInetCreate
0x00071080	72	FUNC	GLOBAL	sceInetOpen
0x000710c8	72	FUNC	GLOBAL	sceInetClose
0x00071110	200	FUNC	GLOBAL	sceInetRecv
0x000711d8	272	FUNC	GLOBAL	sceInetRecvFrom
0x000712e8	176	FUNC	GLOBAL	sceInetSend
0x00071398	228	FUNC	GLOBAL	sceInetSendTo
0x00071480	72	FUNC	GLOBAL	sceInetAbort
0x000714c8	168	FUNC	GLOBAL	sceInetControl
0x00071570	136	FUNC	GLOBAL	sceInetGetInterfaceList
0x000715f8	168	FUNC	GLOBAL	sceInetInterfaceControl
0x000716a0	152	FUNC	GLOBAL	sceInetGetRoutingTable
0x00071738	136	FUNC	GLOBAL	sceInetGetNameServers
0x000717c0	68	FUNC	GLOBAL	sceInetChangeThreadPriority
0x00071808	140	FUNC	GLOBAL	sceInetGetLog
0x00071898	64	FUNC	GLOBAL	sceInetAbortLog
0x000718d8	68	FUNC	GLOBAL	sceInetCtlUpInterface
0x00071920	68	FUNC	GLOBAL	sceInetCtlDownInterface
0x00071968	68	FUNC	GLOBAL	sceInetCtlSetAutoMode
0x000719b0	116	FUNC	GLOBAL	sceInetCtlGetState
0x00071a28	216	FUNC	GLOBAL	sceLibnetInitialize
0x00071b00	128	FUNC	GLOBAL	sceLibnetTerminate
0x00071b80	64	FUNC	GLOBAL	sceLibnetRegisterHandler
0x00071bc0	64	FUNC	GLOBAL	sceLibnetUnregisterHandler
0x00071c00	68	FUNC	GLOBAL	sceLibnetSetConfiguration
0x00071c48	144	FUNC	LOCAL	WaitInterface
0x00071cd8	28	FUNC	LOCAL	WaitInterfaceAttached
0x00071cf8	28	FUNC	LOCAL	WaitInterfaceStarted
0x00071d18	224	FUNC	LOCAL	GetInterfaceID
0x00071df8	36	FUNC	LOCAL	GetMyAddress
0x00071e20	152	FUNC	LOCAL	WaitGetAddressAutoUpIf
0x00071eb8	108	FUNC	LOCAL	WaitGetAddressNoAutoUpIf
0x00071f28	140	FUNC	GLOBAL	sceLibnetWaitGetInterfaceID
0x00071fb8	52	FUNC	GLOBAL	sceLibnetWaitGetAddress
0x00071ff0	120	FUNC	GLOBAL	sceLibnetWaitGetInterfaceEvent
0x00072068	1772	FUNC	GLOBAL	__divdi3
0x00072068	0	NOTYPE	LOCAL	__gnu_compiled_c
0x00072068	0	NOTYPE	LOCAL	gcc2_compiled.
0x00072758	0	NOTYPE	LOCAL	__gnu_compiled_c
0x00072758	1640	FUNC	GLOBAL	__moddi3
0x00072758	0	NOTYPE	LOCAL	gcc2_compiled.
0x00072dc0	0	NOTYPE	LOCAL	__gnu_compiled_c
0x00072dc0	96	FUNC	GLOBAL	__muldi3
0x00072dc0	0	NOTYPE	LOCAL	gcc2_compiled.
0x00072e20	0	NOTYPE	LOCAL	__gnu_compiled_c
0x00072e20	1488	FUNC	GLOBAL	__udivdi3
0x00072e20	0	NOTYPE	LOCAL	gcc2_compiled.
0x000733f0	0	NOTYPE	LOCAL	__gnu_compiled_c
0x000733f0	1344	FUNC	GLOBAL	__umoddi3
0x000733f0	0	NOTYPE	LOCAL	gcc2_compiled.
0x00073930	0	NOTYPE	LOCAL	__gnu_compiled_c
0x00073930	300	FUNC	GLOBAL	__pack_d
0x00073930	0	NOTYPE	LOCAL	gcc2_compiled.
0x00073a60	156	FUNC	GLOBAL	__unpack_d
0x00073b00	576	FUNC	LOCAL	_fpadd_parts
0x00073d40	88	FUNC	GLOBAL	dpadd
0x00073d98	100	FUNC	GLOBAL	dpsub
0x00073e00	680	FUNC	GLOBAL	dpmul
0x000740a8	360	FUNC	GLOBAL	dpdiv
0x00074210	276	FUNC	GLOBAL	__fpcmp_parts_d
0x00074328	76	FUNC	GLOBAL	dpcmp
0x00074378	184	FUNC	GLOBAL	litodp
0x00074430	148	FUNC	GLOBAL	dptoli
0x000744c8	160	FUNC	GLOBAL	dptoul
0x00074568	56	FUNC	GLOBAL	__negdf2
0x000745a0	44	FUNC	GLOBAL	__make_dp
0x000745d0	84	FUNC	GLOBAL	dptofp
0x00074628	0	NOTYPE	LOCAL	__gnu_compiled_c
0x00074628	268	FUNC	GLOBAL	__pack_f
0x00074628	0	NOTYPE	LOCAL	gcc2_compiled.
0x00074738	144	FUNC	GLOBAL	__unpack_f
0x000747c8	564	FUNC	LOCAL	_fpadd_parts
0x00074a00	88	FUNC	GLOBAL	fpadd
0x00074a58	100	FUNC	GLOBAL	fpsub
0x00074ac0	500	FUNC	GLOBAL	fpmul
0x00074cb8	352	FUNC	GLOBAL	fpdiv
0x00074e18	276	FUNC	GLOBAL	__fpcmp_parts_f
0x00074f30	76	FUNC	GLOBAL	fpcmp
0x00074f80	184	FUNC	GLOBAL	sitofp
0x00075038	140	FUNC	GLOBAL	fptosi
0x000750c8	152	FUNC	GLOBAL	fptoui
0x00075160	56	FUNC	GLOBAL	__negsf2
0x00075198	44	FUNC	GLOBAL	__make_fp
0x000751c8	64	FUNC	GLOBAL	fptodp
0x00075208	0	NOTYPE	LOCAL	__gnu_compiled_c
0x00075208	0	NOTYPE	LOCAL	gcc2_compiled.
0x00075208	400	FUNC	GLOBAL	sceGsResetGraph
0x00075398	12	FUNC	GLOBAL	sceGsGetGParam
0x000753a8	12	FUNC	GLOBAL	__errno
0x000753a8	0	NOTYPE	LOCAL	__gnu_compiled_c
0x000753a8	0	NOTYPE	LOCAL	gcc2_compiled.
0x000753b8	148	FUNC	GLOBAL	memcmp
0x0007544c	176	FUNC	GLOBAL	memcpy
0x000754fc	192	FUNC	GLOBAL	memset
0x000755bc	308	FUNC	GLOBAL	strcat
0x000756f0	420	FUNC	GLOBAL	strchr
0x00075894	332	FUNC	GLOBAL	strcmp
0x000759e0	284	FUNC	GLOBAL	strcpy
0x00075afc	328	FUNC	GLOBAL	strlen
0x00075c48	444	FUNC	GLOBAL	strncat
0x00075e08	456	FUNC	GLOBAL	strncmp
0x00075fd0	460	FUNC	GLOBAL	strncpy
0x000761a0	0	NOTYPE	LOCAL	__gnu_compiled_c
0x000761a0	180	FUNC	GLOBAL	fclose
0x000761a0	0	NOTYPE	LOCAL	gcc2_compiled.
0x00076258	0	NOTYPE	LOCAL	__gnu_compiled_c
0x00076258	268	FUNC	GLOBAL	fflush
0x00076258	0	NOTYPE	LOCAL	gcc2_compiled.
0x00076368	0	NOTYPE	LOCAL	__gnu_compiled_c
0x00076368	296	FUNC	GLOBAL	fgets
0x00076368	0	NOTYPE	LOCAL	gcc2_compiled.
0x00076490	0	NOTYPE	LOCAL	__gnu_compiled_c
0x00076490	0	NOTYPE	LOCAL	gcc2_compiled.
0x00076490	88	FUNC	LOCAL	std
0x000764e8	116	FUNC	GLOBAL	__sfmoreglue
0x00076560	224	FUNC	GLOBAL	__sfp
0x00076640	140	FUNC	GLOBAL	__sinit
0x000766d0	0	NOTYPE	LOCAL	__gnu_compiled_c
0x000766d0	220	FUNC	GLOBAL	_fopen_r
0x000766d0	0	NOTYPE	LOCAL	gcc2_compiled.
0x000767b0	44	FUNC	GLOBAL	fopen
0x000767e0	32	FUNC	GLOBAL	_cleanup_r
0x00076800	36	FUNC	GLOBAL	_cleanup
0x00076828	0	NOTYPE	LOCAL	__gnu_compiled_c
0x00076828	68	FUNC	GLOBAL	fprintf
0x00076828	0	NOTYPE	LOCAL	gcc2_compiled.
0x00076870	0	NOTYPE	LOCAL	__gnu_compiled_c
0x00076870	0	NOTYPE	LOCAL	gcc2_compiled.
0x00076870	52	FUNC	GLOBAL	memcpyalpha
0x000768a8	276	FUNC	GLOBAL	fread
0x000769c0	0	NOTYPE	LOCAL	__gnu_compiled_c
0x000769c0	1036	FUNC	GLOBAL	fseek
0x000769c0	0	NOTYPE	LOCAL	gcc2_compiled.
0x00076dd0	0	NOTYPE	LOCAL	__gnu_compiled_c
0x00076dd0	260	FUNC	GLOBAL	ftell
0x00076dd0	0	NOTYPE	LOCAL	gcc2_compiled.
0x00076ed8	0	NOTYPE	LOCAL	__gnu_compiled_c
0x00076ed8	148	FUNC	GLOBAL	_fwalk
0x00076ed8	0	NOTYPE	LOCAL	gcc2_compiled.
0x00076f70	0	NOTYPE	LOCAL	__gnu_compiled_c
0x00076f70	136	FUNC	GLOBAL	fwrite
0x00076f70	0	NOTYPE	LOCAL	gcc2_compiled.
0x00076ff8	0	NOTYPE	LOCAL	__gnu_compiled_c
0x00076ff8	196	FUNC	GLOBAL	__smakebuf
0x00076ff8	0	NOTYPE	LOCAL	gcc2_compiled.
0x000770c0	0	NOTYPE	LOCAL	__gnu_compiled_c
0x000770c0	0	NOTYPE	LOCAL	gcc2_compiled.
0x000770c0	28	FUNC	LOCAL	lflush
0x000770e0	360	FUNC	GLOBAL	__srefill
0x00077248	0	NOTYPE	LOCAL	__gnu_compiled_c
0x00077248	120	FUNC	GLOBAL	_sprintf_r
0x00077248	0	NOTYPE	LOCAL	gcc2_compiled.
0x000772c0	128	FUNC	GLOBAL	sprintf
0x00077340	0	NOTYPE	LOCAL	__gnu_compiled_c
0x00077340	100	FUNC	GLOBAL	__sread
0x00077340	0	NOTYPE	LOCAL	gcc2_compiled.
0x000773a8	128	FUNC	GLOBAL	__swrite
0x00077428	104	FUNC	GLOBAL	__sseek
0x00077490	32	FUNC	GLOBAL	__sclose
0x000774b0	0	NOTYPE	LOCAL	__gnu_compiled_c
0x000774b0	0	NOTYPE	LOCAL	gcc2_compiled.
0x000774b0	84	FUNC	GLOBAL	vsprintf
0x00077508	108	FUNC	GLOBAL	vsnprintf
0x00077578	0	NOTYPE	LOCAL	__gnu_compiled_c
0x00077578	212	FUNC	GLOBAL	bsearch
0x00077578	0	NOTYPE	LOCAL	gcc2_compiled.
0x00077650	0	NOTYPE	LOCAL	__gnu_compiled_c
0x00077650	44	FUNC	GLOBAL	_findenv
0x00077650	0	NOTYPE	LOCAL	gcc2_compiled.
0x00077680	40	FUNC	GLOBAL	getenv
0x000776a8	0	NOTYPE	LOCAL	__gnu_compiled_c
0x000776a8	304	FUNC	GLOBAL	_findenv_r
0x000776a8	0	NOTYPE	LOCAL	gcc2_compiled.
0x000777d8	28	FUNC	GLOBAL	_getenv_r
0x000777f8	0	NOTYPE	LOCAL	__gnu_compiled_c
0x000777f8	0	NOTYPE	LOCAL	gcc2_compiled.
0x000777f8	80	FUNC	GLOBAL	malloc
0x00077848	72	FUNC	GLOBAL	free
0x00077890	0	NOTYPE	LOCAL	__gnu_compiled_c
0x00077890	96	FUNC	GLOBAL	__malloc_lock
0x00077890	0	NOTYPE	LOCAL	gcc2_compiled.
0x000778f0	64	FUNC	GLOBAL	__malloc_unlock
0x00077930	0	NOTYPE	LOCAL	__gnu_compiled_c
0x00077930	0	NOTYPE	LOCAL	gcc2_compiled.
0x00077930	2524	FUNC	GLOBAL	qsort
0x00078310	0	NOTYPE	LOCAL	__gnu_compiled_c
0x00078310	0	NOTYPE	LOCAL	gcc2_compiled.
0x00078310	96	FUNC	GLOBAL	realloc
0x00078370	0	NOTYPE	LOCAL	__gnu_compiled_c
0x00078370	528	FUNC	GLOBAL	_strtoul_r
0x00078370	0	NOTYPE	LOCAL	gcc2_compiled.
0x00078580	52	FUNC	GLOBAL	strtoul
0x000785b8	0	NOTYPE	LOCAL	__gnu_compiled_c
0x000785b8	36	FUNC	GLOBAL	bcopy
0x000785b8	0	NOTYPE	LOCAL	gcc2_compiled.
0x000785e0	0	NOTYPE	LOCAL	__gnu_compiled_c
0x000785e0	0	NOTYPE	LOCAL	gcc2_compiled.
0x000785e0	112	FUNC	GLOBAL	strcspn
0x00078650	0	NOTYPE	LOCAL	__gnu_compiled_c
0x00078650	0	NOTYPE	LOCAL	gcc2_compiled.
0x00078650	124	FUNC	GLOBAL	strstr
0x000786d0	0	NOTYPE	LOCAL	__gnu_compiled_c
0x000786d0	0	NOTYPE	LOCAL	gcc2_compiled.
0x000786d0	612	FUNC	LOCAL	malloc_extend_top
0x00078938	1860	FUNC	GLOBAL	_malloc_r
0x00079080	0	NOTYPE	LOCAL	__gnu_compiled_c
0x00079080	756	FUNC	GLOBAL	_free_r
0x00079080	0	NOTYPE	LOCAL	gcc2_compiled.
0x00079378	364	FUNC	GLOBAL	_malloc_trim_r
0x000794e8	0	NOTYPE	LOCAL	__gnu_compiled_c
0x000794e8	1404	FUNC	GLOBAL	_realloc_r
0x000794e8	0	NOTYPE	LOCAL	gcc2_compiled.
0x00079a68	0	NOTYPE	LOCAL	__gnu_compiled_c
0x00079a68	884	FUNC	GLOBAL	_strtol_r
0x00079a68	0	NOTYPE	LOCAL	gcc2_compiled.
0x00079de0	96	FUNC	GLOBAL	strtol
0x00079e40	0	NOTYPE	LOCAL	__gnu_compiled_c
0x00079e40	0	NOTYPE	LOCAL	gcc2_compiled.
0x00079e40	112	FUNC	GLOBAL	strround
0x00079eb0	120	FUNC	GLOBAL	strrev
0x00079f28	156	FUNC	GLOBAL	itoa
0x00079fc8	1496	FUNC	GLOBAL	fftoa
0x0007a5a0	40	FUNC	GLOBAL	_vfflush
0x0007a5c8	264	FUNC	LOCAL	_vfwrite
0x0007a6d0	204	FUNC	GLOBAL	vfprintf
0x0007a7a0	3368	FUNC	GLOBAL	_vfprintf_r
0x0007b4c8	0	NOTYPE	LOCAL	__gnu_compiled_c
0x0007b4c8	264	FUNC	LOCAL	_vfwrite
0x0007b4c8	0	NOTYPE	LOCAL	gcc2_compiled.
0x0007b5d0	48	FUNC	GLOBAL	vfiprintf
0x0007b600	3072	FUNC	GLOBAL	_vfiprintf_r
0x0007c200	0	NOTYPE	LOCAL	__gnu_compiled_c
0x0007c200	464	FUNC	GLOBAL	_setlocale_r
0x0007c200	0	NOTYPE	LOCAL	gcc2_compiled.
0x0007c3d0	12	FUNC	GLOBAL	_localeconv_r
0x0007c3e0	44	FUNC	GLOBAL	setlocale
0x0007c410	36	FUNC	GLOBAL	localeconv
0x0007c438	240	FUNC	GLOBAL	memchr
0x0007c528	260	FUNC	GLOBAL	memmove
0x0007c630	0	NOTYPE	LOCAL	__gnu_compiled_c
0x0007c630	88	FUNC	GLOBAL	_close_r
0x0007c630	0	NOTYPE	LOCAL	gcc2_compiled.
0x0007c688	0	NOTYPE	LOCAL	__gnu_compiled_c
0x0007c688	92	FUNC	GLOBAL	_fstat_r
0x0007c688	0	NOTYPE	LOCAL	gcc2_compiled.
0x0007c6e8	0	NOTYPE	LOCAL	__gnu_compiled_c
0x0007c6e8	96	FUNC	GLOBAL	_lseek_r
0x0007c6e8	0	NOTYPE	LOCAL	gcc2_compiled.
0x0007c748	0	NOTYPE	LOCAL	__gnu_compiled_c
0x0007c748	96	FUNC	GLOBAL	_open_r
0x0007c748	0	NOTYPE	LOCAL	gcc2_compiled.
0x0007c7a8	0	NOTYPE	LOCAL	__gnu_compiled_c
0x0007c7a8	96	FUNC	GLOBAL	_read_r
0x0007c7a8	0	NOTYPE	LOCAL	gcc2_compiled.
0x0007c808	0	NOTYPE	LOCAL	__gnu_compiled_c
0x0007c808	92	FUNC	GLOBAL	_sbrk_r
0x0007c808	0	NOTYPE	LOCAL	gcc2_compiled.
0x0007c868	0	NOTYPE	LOCAL	__gnu_compiled_c
0x0007c868	96	FUNC	GLOBAL	_write_r
0x0007c868	0	NOTYPE	LOCAL	gcc2_compiled.
0x0007c8c8	0	NOTYPE	LOCAL	__gnu_compiled_c
0x0007c8c8	168	FUNC	GLOBAL	__sflags
0x0007c8c8	0	NOTYPE	LOCAL	gcc2_compiled.
0x0007c970	0	NOTYPE	LOCAL	__gnu_compiled_c
0x0007c970	968	FUNC	GLOBAL	__sfvwrite
0x0007c970	0	NOTYPE	LOCAL	gcc2_compiled.
0x0007cd38	0	NOTYPE	LOCAL	__gnu_compiled_c
0x0007cd38	232	FUNC	GLOBAL	__swsetup
0x0007cd38	0	NOTYPE	LOCAL	gcc2_compiled.
0x0007ce20	8	FUNC	GLOBAL	__env_lock
0x0007ce20	0	NOTYPE	LOCAL	__gnu_compiled_c
0x0007ce20	0	NOTYPE	LOCAL	gcc2_compiled.
0x0007ce28	8	FUNC	GLOBAL	__env_unlock
0x0007ce30	0	NOTYPE	LOCAL	__gnu_compiled_c
0x0007ce30	828	FUNC	GLOBAL	_mbtowc_r
0x0007ce30	0	NOTYPE	LOCAL	gcc2_compiled.
0x0007d170	0	NOTYPE	LOCAL	__gnu_compiled_c
0x0007d170	0	NOTYPE	LOCAL	gcc2_compiled.
0x0007d170	500	FUNC	GLOBAL	sn_floor
0x0007d368	1108	FUNC	GLOBAL	sn_fmod
0x0007d7c0	1556	FUNC	GLOBAL	sn_log
0x0007ddd8	424	FUNC	GLOBAL	sn_log10
0x0009abb0	0	NOTYPE	LOCAL	ret.3
0x0009abc8	0	NOTYPE	LOCAL	sceInsockMallocFunction
0x0009abcc	0	NOTYPE	LOCAL	sceInsockFreeFunction
0x0009abd0	0	NOTYPE	LOCAL	busy_head
0x0009abd4	0	NOTYPE	LOCAL	busy_tail
0x0009abd8	0	NOTYPE	LOCAL	free_head
0x0009abdc	0	NOTYPE	LOCAL	free_tail
0x0009abe0	0	NOTYPE	LOCAL	cell_lo
0x0009abe4	0	NOTYPE	LOCAL	cell_hi
0x0009abe8	0	NOTYPE	LOCAL	static_in_addr
0x0009abf0	0	NOTYPE	LOCAL	static_h_name
0x0009acf0	0	NOTYPE	LOCAL	static_hostent
0x0009ad08	0	NOTYPE	LOCAL	thenan.3
0x0009ad20	0	NOTYPE	LOCAL	thenan.3
0x0009ad30	0	NOTYPE	LOCAL	str.13
0x0009adb0	0	NOTYPE	LOCAL	pch.20
0x0009ae30	0	NOTYPE	LOCAL	pch.3
0x0009aeb0	0	OBJECT	GLOBAL	_fbss_end
0x00228170	0	OBJECT	GLOBAL	_gp
0x00248180	0	OBJECT	GLOBAL	_end
